Real_Future_Timestamp,Actual_Electrode_V_Abs,Actual_Electrode_V_Delta,TFT_Prediction_V_Abs,TFT_Prediction_V_Delta
2026-05-31 20:30:00,2.4013166666666663,0.000883333333332903,2.39526471918706,-0.005168614146273237
2026-05-31 20:35:00,2.399733333333333,-0.001583333333333492,2.3952127082075036,-5.201097955653544e-05
2026-05-31 20:40:00,2.4044833333333337,0.00475000000000092,2.395197537919639,-1.5170287864655932e-05
2026-05-31 20:45:00,2.4001333333333332,-0.00435000000000052,2.3945613835551685,-0.0006361543644705791
2026-05-31 20:50:00,2.4067118644067804,0.006578531073447191,2.3942514876236096,-0.00030989593155875513
2026-05-31 20:55:00,2.4121666666666655,0.005454802259885039,2.4003602795838708,-0.006351584822909831
2026-05-31 21:00:00,2.426283333333333,0.014116666666667665,2.4002317735540886,-0.00012850602978181917
2026-05-31 21:05:00,2.412016666666667,-0.014266666666665984,2.400164732076836,-6.70414772528266e-05
2026-05-31 21:10:00,2.4069666666666674,-0.005049999999999777,2.3997707613888557,-0.00039397068798045705
2026-05-31 21:15:00,2.4079833333333336,0.0010166666666662216,2.4002167245898667,0.0004459632010113722
2026-05-31 21:20:00,2.411983333333334,0.004000000000000448,2.4075552319318514,-0.0004281014014819856
2026-05-31 21:25:00,2.409616666666667,-0.002366666666667072,2.4070178232452677,-0.0005374086865839857
2026-05-31 21:30:00,2.4205932203389833,0.010976553672316314,2.4071173097572376,9.948651196981897e-05
2026-05-31 21:35:00,2.426800000000001,0.006206779661017681,2.4068129635515727,-0.0003043462056648142
2026-05-31 21:40:00,2.4213500000000012,-0.005449999999999733,2.406764896468272,-4.806708330056866e-05
2026-05-31 21:45:00,2.4246333333333334,0.0032833333333321946,2.417597181102439,-0.00375281889756209
2026-05-31 21:50:00,2.4255000000000004,0.0008666666666670153,2.418681118571771,0.0010839374693319987
2026-05-31 21:55:00,2.421933333333334,-0.003566666666666496,2.4181470590979894,-0.0005340594737818478
2026-05-31 22:00:00,2.4218833333333345,-4.999999999943938e-05,2.417560723440757,-0.000586335657232198
2026-05-31 22:05:00,2.4230500000000004,0.001166666666665872,2.417570101472796,9.37803203883471e-06
2026-05-31 22:10:00,2.4252542372881347,0.0022042372881343475,2.4191747296519357,-0.0038752703480644628
2026-05-31 22:15:00,2.4231166666666666,-0.0021375706214681323,2.4197332135950553,0.0005584839431193619
2026-05-31 22:20:00,2.4216,-0.0015166666666663886,2.4194350640984252,-0.0002981494966298415
2026-05-31 22:25:00,2.423800000000001,0.002200000000000646,2.4188088539371697,-0.0006262101612555555
2026-05-31 22:30:00,2.4223000000000003,-0.001500000000000501,2.418582239738335,-0.00022661419883477708
2026-05-31 22:35:00,2.4237333333333333,0.0014333333333329534,2.419949422153305,-0.002350577846695048
2026-05-31 22:40:00,2.4219000000000013,-0.0018333333333320212,2.419885047942679,-6.43742106263951e-05
2026-05-31 22:45:00,2.425266666666667,0.0033666666666656297,2.420101608101756,0.00021656015907706679
2026-05-31 22:50:00,2.422813559322034,-0.0024531073446327767,2.4194143394682275,-0.0006872686335283568
2026-05-31 22:55:00,2.4254166666666674,0.0026031073446333153,2.419566761274695,0.00015242180646724457
2026-05-31 23:00:00,2.4236500000000003,-0.0017666666666671382,2.421148799531648,-0.004267867135019287
2026-05-31 23:05:00,2.4250000000000003,0.0013499999999999623,2.4212316409122416,8.284138059337073e-05
2026-05-31 23:10:00,2.4236999999999993,-0.001300000000000967,2.4212835490704454,5.190815820400478e-05
2026-05-31 23:15:00,2.424700000000001,0.0010000000000016662,2.4214889089915927,0.00020535992114715254
2026-05-31 23:20:00,2.4248833333333337,0.00018333333333275803,2.4211160459815306,-0.0003728630100618933
2026-05-31 23:25:00,2.424516666666667,-0.00036666666666684833,2.4216005277819197,-0.003282805551414065
2026-05-31 23:30:00,2.4237457627118646,-0.0007709039548022822,2.4210552795637796,-0.0005452482181401298
2026-05-31 23:35:00,2.41265,-0.01109576271186441,2.420973955887713,-8.132367606653394e-05
2026-05-31 23:40:00,2.4048500000000006,-0.007799999999999585,2.420743959613084,-0.00022999627462919682
2026-05-31 23:45:00,2.4079666666666677,0.0031166666666671006,2.420909715886338,0.00016575627325431883
2026-05-31 23:50:00,2.409516666666667,0.0015499999999994962,2.409091854866722,0.0011251882000542256
2026-05-31 23:55:00,2.4089500000000017,-0.000566666666665494,2.4092512112358,0.0001593563690781309
2026-06-01 00:00:00,2.4093666666666675,0.0004166666666658436,2.4094237908063425,0.00017257957054248797
2026-06-01 00:05:00,2.4088813559322033,-0.00048531073446422823,2.4094473441032056,2.3553296863187024e-05
2026-06-01 00:10:00,2.408650000000001,-0.00023135593220224848,2.4094908998374067,4.355573420092953e-05
2026-06-01 00:15:00,2.4083166666666673,-0.0003333333333337407,2.4076172019942605,-0.0010327980057404614
2026-06-01 00:20:00,2.4125833333333326,0.004266666666665309,2.4072779204110035,-0.000339281583257252
2026-06-01 00:25:00,2.407683333333334,-0.004899999999998794,2.4070822893371013,-0.000195631073902005
2026-06-01 00:30:00,2.411200000000001,0.0035166666666670565,2.406706293180144,-0.00037599615695759235
2026-06-01 00:35:00,2.41455,0.003349999999999298,2.406486200074256,-0.0002200931058878208
2026-06-01 00:40:00,2.4128333333333334,-0.0017166666666668107,2.4086858987600963,-0.005864101239903918
2026-06-01 00:45:00,2.406033898305085,-0.006799435028248535,2.4085669612099654,-0.00011893755013100481
2026-06-01 00:50:00,2.4092833333333337,0.003249435028248815,2.4086014103853866,3.444917542126808e-05
2026-06-01 00:55:00,2.402666666666667,-0.006616666666666493,2.4081389214636197,-0.00046248892176674127
2026-06-01 01:00:00,2.4049500000000004,0.002283333333333193,2.408025061782556,-0.0001138596810638754
2026-06-01 01:05:00,2.406883333333333,0.0019333333333326763,2.4034358988605344,-0.0015141011394658012
2026-06-01 01:10:00,2.4111499999999997,0.004266666666666641,2.403738057781874,0.00030215892133948996
2026-06-01 01:15:00,2.4202500000000002,0.009100000000000552,2.404277955872413,0.000539898090539241
2026-06-01 01:20:00,2.421491525423729,0.0012415254237287954,2.4038226532435893,-0.0004553026288238857
2026-06-01 01:25:00,2.410066666666668,-0.011424858757060896,2.403604131119524,-0.00021852212406541475
2026-06-01 01:30:00,2.4190333333333336,0.008966666666665457,2.4098498169811764,-0.00021684968549182451
2026-06-01 01:35:00,2.4090000000000007,-0.010033333333332894,2.4103793111088687,0.0005294941276923625
2026-06-01 01:40:00,2.4056833333333336,-0.0033166666666670785,2.4104736592952927,9.43481864238292e-05
2026-06-01 01:45:00,2.4129833333333335,0.007299999999999862,2.410554102302501,8.044300720835861e-05
2026-06-01 01:50:00,2.407783333333334,-0.005199999999999427,2.410384609383891,-0.00016949291860974088
2026-06-01 01:55:00,2.408183333333334,0.00039999999999995595,2.4069251903190985,-0.0008581430142353788
2026-06-01 02:00:00,2.408491525423729,0.00030819209039512074,2.4074064335552308,0.00048124323613213074
2026-06-01 02:05:00,2.409116666666668,0.000625141242938998,2.4074301653924643,2.3731837233366247e-05
2026-06-01 02:10:00,2.4074500000000016,-0.0016666666666664831,2.407403624990104,-2.6540402359920596e-05
2026-06-01 02:15:00,2.40725,-0.00020000000000175433,2.407863297575399,0.00045967258529446367
2026-06-01 02:20:00,2.4086666666666674,0.0014166666666675098,2.4055824592823,-0.0016675407176998077
2026-06-01 02:25:00,2.411283333333333,0.0026166666666656013,2.405227315758453,-0.0003551435238468161
2026-06-01 02:30:00,2.415183333333334,0.003900000000001125,2.405109894286324,-0.00011742147212927708
2026-06-01 02:35:00,2.4077,-0.0074833333333339525,2.4048417111611085,-0.00026818312521552156
2026-06-01 02:40:00,2.406576271186442,-0.0011237288135581558,2.404874067147092,3.235598598327122e-05
2026-06-01 02:45:00,2.421333333333334,0.014757062146891986,2.406460217162441,-0.00011605402400123324
2026-06-01 02:50:00,2.4147999999999996,-0.00653333333333439,2.4063442281601457,-0.00011598900229501702
2026-06-01 02:55:00,2.4072000000000005,-0.007599999999999163,2.4064838525717924,0.0001396244116465263
2026-06-01 03:00:00,2.404933333333334,-0.002266666666666417,2.406289932360748,-0.00019392021104450955
2026-06-01 03:05:00,2.4070166666666677,0.002083333333333659,2.4062220895145137,-6.784284623415956e-05
2026-06-01 03:10:00,2.405883333333334,-0.0011333333333336526,2.4053770703426083,-0.0016395963240595508
2026-06-01 03:15:00,2.4087333333333336,0.002849999999999575,2.4061066001360962,0.0007295297934881161
2026-06-01 03:20:00,2.4057288135593224,-0.0030045197740111718,2.4059750001688354,-0.00013159996726108458
2026-06-01 03:25:00,2.4097166666666676,0.003987853107345174,2.4056453818854453,-0.00032961828338983336
2026-06-01 03:30:00,2.404600000000001,-0.005116666666666436,2.4054701279744175,-0.00017525391102794248
2026-06-01 03:35:00,2.4099333333333335,0.005333333333332302,2.4036852508178557,-0.0009147491821455167
2026-06-01 03:40:00,2.4142333333333337,0.0043000000000001926,2.404095750773619,0.0004104999557635424
2026-06-01 03:45:00,2.4198666666666666,0.005633333333332935,2.4043494436312494,0.000253692857630124
2026-06-01 03:50:00,2.421750000000001,0.0018833333333345692,2.4040491284981336,-0.0003003151331156655
2026-06-01 03:55:00,2.4248644067796605,0.003114406779659351,2.404149247424315,0.00010011892618128556
2026-06-01 04:00:00,2.4141833333333333,-0.010681073446327183,2.414650946504803,-0.010213460274857426
2026-06-01 04:05:00,2.406983333333334,-0.007199999999999207,2.4152914255984097,0.0006404790936068062
2026-06-01 04:10:00,2.4050166666666675,-0.001966666666666672,2.415248539503708,-4.288609470212369e-05
2026-06-01 04:15:00,2.4050666666666674,4.999999999988347e-05,2.415127008010214,-0.00012153149349416043
2026-06-01 04:20:00,2.411483333333334,0.006416666666666515,2.41498559855468,-0.00014140945553364775
2026-06-01 04:25:00,2.403750000000001,-0.007733333333332926,2.4073154646220796,-0.004167868711254156
2026-06-01 04:30:00,2.4068666666666667,0.0031166666666657683,2.407024132146196,-0.0002913324758838498
2026-06-01 04:35:00,2.40985,0.002983333333333338,2.4070510632585624,2.6931112366523994e-05
2026-06-01 04:40:00,2.406050847457627,-0.003799152542372841,2.4069219352167512,-0.0001291280418110242
2026-06-01 04:45:00,2.403950000000001,-0.002100847457626287,2.407201247847674,0.0002793126309227644
2026-06-01 04:50:00,2.3991500000000006,-0.0048000000000003595,2.4031598473582636,-0.0007901526417371005
2026-06-01 04:55:00,2.4020833333333345,0.0029333333333338985,2.403473157180897,0.0003133098226331982
2026-06-01 05:00:00,2.4062666666666668,0.0041833333333323175,2.403376106179615,-9.705100128187996e-05
2026-06-01 05:05:00,2.402783333333333,-0.003483333333333949,2.4032951563161764,-8.09498634388832e-05
2026-06-01 05:10:00,2.4101500000000007,0.007366666666667854,2.4033080120402537,1.28557240773605e-05
2026-06-01 05:15:00,2.4110500000000012,0.000900000000000567,2.4036776249282243,-0.006472375071776488
2026-06-01 05:20:00,2.4083050847457623,-0.002744915254238922,2.4037317224379358,5.409750971166909e-05
2026-06-01 05:25:00,2.406566666666667,-0.0017384180790953607,2.403658677813606,-7.304462432962257e-05
2026-06-01 05:30:00,2.4027333333333334,-0.0038333333333335773,2.4030909553295867,-0.000567722484019605
2026-06-01 05:35:00,2.4003333333333337,-0.0023999999999997357,2.402992351809901,-9.860351968574584e-05
2026-06-01 05:40:00,2.395,-0.005333333333333634,2.400124465009866,-0.00020886832346747234
2026-06-01 05:45:00,2.3961666666666672,0.0011666666666672043,2.4006743304472224,0.0005498654373561113
2026-06-01 05:50:00,2.397683333333333,0.0015166666666659445,2.400472732995279,-0.00020159745194331364
2026-06-01 05:55:00,2.398249999999999,0.0005666666666659381,2.4005277970194947,5.506402421570789e-05
2026-06-01 06:00:00,2.398066666666667,-0.00018333333333231394,2.4004108064920175,-0.00011699052747705234
2026-06-01 06:05:00,2.4014576271186443,0.0033909604519775094,2.3954022054118194,-0.002664461254847572
2026-06-01 06:10:00,2.401683333333334,0.00022570621468975816,2.395803763816266,0.00040155840444697666
2026-06-01 06:15:00,2.4020333333333337,0.0003499999999996284,2.396278177480862,0.00047441366459606994
2026-06-01 06:20:00,2.403483333333333,0.0014499999999992852,2.3959148612676087,-0.00036331621325352365
2026-06-01 06:25:00,2.3984,-0.0050833333333328845,2.3957758495072063,-0.00013901176040218515
2026-06-01 06:30:00,2.398883333333333,0.00048333333333294703,2.396994908693441,-0.0014050913065593394
2026-06-01 06:35:00,2.4008000000000007,0.0019166666666676768,2.3972813656467804,0.00028645695333948866
2026-06-01 06:40:00,2.4006,-0.00020000000000086615,2.397370544557342,8.91789105614781e-05
2026-06-01 06:45:00,2.401186440677967,0.0005864406779672038,2.3975764163986275,0.00020587184128557267
2026-06-01 06:50:00,2.399683333333333,-0.0015031073446341026,2.397488270666079,-8.814573254830502e-05
2026-06-01 06:55:00,2.4011166666666672,0.0014333333333342857,2.397278643541504,-0.0024046897918287755
2026-06-01 07:00:00,2.4020000000000006,0.0008833333333333471,2.397636751679983,0.0003581081384788579
2026-06-01 07:05:00,2.4028166666666664,0.0008166666666657996,2.3975231996302626,-0.00011355204972047149
2026-06-01 07:10:00,2.402566666666666,-0.00025000000000030553,2.3974964139981796,-2.6785632083140408e-05
2026-06-01 07:15:00,2.4091333333333336,0.006566666666667498,2.397972143312474,0.0004757293142946891
2026-06-01 07:20:00,2.4017333333333344,-0.007399999999999185,2.399918528541915,-0.009214804791418615
2026-06-01 07:25:00,2.404500000000001,0.002766666666666584,2.3999515933131996,3.3064771284891295e-05
2026-06-01 07:30:00,2.4087457627118645,0.004245762711863499,2.399955085021131,3.491707931031055e-06
2026-06-01 07:35:00,2.4088666666666665,0.00012090395480202076,2.399328968270885,-0.0006261167502458045
2026-06-01 07:40:00,2.4070000000000005,-0.001866666666666017,2.3995192105604266,0.00019024228954146982
2026-06-01 07:45:00,2.4036166666666667,-0.003383333333333738,2.4038580378083383,-0.003141962191662382
2026-06-01 07:50:00,2.409,0.0053833333333330735,2.4044286163024986,0.0005705784941602993
2026-06-01 07:55:00,2.403866666666667,-0.005133333333332768,2.4042661988084886,-0.00016241749401001973
2026-06-01 08:00:00,2.4105500000000006,0.0066833333333335965,2.404121286010771,-0.00014491279771727296
2026-06-01 08:05:00,2.406333333333334,-0.004216666666666757,2.4041047331260494,-1.6552884721574606e-05
2026-06-01 08:10:00,2.404220338983051,-0.002112994350282893,2.4037806063246823,-0.002552727008651798
2026-06-01 08:15:00,2.4059,0.0016796610169489412,2.4049591343262717,0.001178528001589629
2026-06-01 08:20:00,2.4063666666666674,0.00046666666666750345,2.4047403245908407,-0.0002188097354308274
2026-06-01 08:25:00,2.4066166666666664,0.00024999999999897327,2.4044866694488034,-0.00025365514203756724
2026-06-01 08:30:00,2.4022666666666663,-0.004350000000000076,2.404398915277212,-8.775417159150334e-05
2026-06-01 08:35:00,2.401950000000001,-0.0003166666666651885,2.4012679774551375,-0.000998689211528724
2026-06-01 08:40:00,2.4067166666666666,0.0047666666666654756,2.4016984654602345,0.0004304880050968276
2026-06-01 08:45:00,2.405766666666667,-0.0009499999999995623,2.4020601608916836,0.0003616954314493927
2026-06-01 08:50:00,2.406016666666667,0.00024999999999986144,2.4018863456929234,-0.00017381519876058342
2026-06-01 08:55:00,2.406050847457628,3.418079096118021e-05,2.4020173352015535,0.0001309895086304166
2026-06-01 09:00:00,2.4062333333333332,0.00018248587570512953,2.4024509720427942,-0.00359987541483382
2026-06-01 09:05:00,2.4037999999999995,-0.0024333333333337315,2.402880855075994,0.0004298830332000709
2026-06-01 09:10:00,2.4033500000000014,-0.00044999999999806306,2.4028636330249133,-1.7222051081149854e-05
2026-06-01 09:15:00,2.400183333333333,-0.0031666666666683163,2.403293801226438,0.00043016820152510724
2026-06-01 09:20:00,2.4021166666666676,0.0019333333333344527,2.4031726765177073,-0.0001211247087308707
2026-06-01 09:25:00,2.399016666666667,-0.003100000000000769,2.399574398330628,-0.0025422683360397987
2026-06-01 09:30:00,2.4027000000000007,0.003683333333333927,2.399487036109448,-8.73622211798399e-05
2026-06-01 09:35:00,2.4013389830508474,-0.0013610169491533597,2.3994486640223593,-3.83720870887742e-05
2026-06-01 09:40:00,2.4033166666666674,0.0019776836158200695,2.3995003714446503,5.170742229138671e-05
2026-06-01 09:45:00,2.404066666666667,0.0007499999999995843,2.399907205945649,0.0004068345009986878
2026-06-01 09:50:00,2.397916666666667,-0.006149999999999878,2.3997572621376113,-0.004309404529055519
2026-06-01 09:55:00,2.400083333333334,0.00216666666666665,2.4003360782812253,0.0005788161436138175
2026-06-01 10:00:00,2.4174666666666673,0.017383333333333528,2.4001551389640756,-0.00018093931714958342
2026-06-01 10:05:00,2.3989500000000006,-0.018516666666666737,2.400009302352818,-0.00014583661125758523
2026-06-01 10:10:00,2.3964333333333334,-0.0025166666666671667,2.4000946934234646,8.539107064640138e-05
2026-06-01 10:15:00,2.396083333333334,-0.0003499999999996284,2.39915248994847,0.0027191566151366403
2026-06-01 10:20:00,2.399338983050848,0.003255649717514242,2.3996976696816974,0.0005451797332273121
2026-06-01 10:25:00,2.397316666666667,-0.0020223163841808223,2.4001057859308,0.00040811624910241326
2026-06-01 10:30:00,2.397249999999999,-6.666666666799159e-05,2.4001471546281747,4.136869737502497e-05
2026-06-01 10:35:00,2.397516666666667,0.00026666666666796957,2.400174297652613,2.7143024438354397e-05
2026-06-01 10:40:00,2.3949666666666665,-0.0025500000000007184,2.3953103111762815,-0.002206355490385867
2026-06-01 10:45:00,2.3972833333333337,0.0023166666666671887,2.395972000388519,0.0006616892122376524
2026-06-01 10:50:00,2.3938333333333337,-0.003449999999999953,2.395830279290264,-0.0001417210982551978
2026-06-01 10:55:00,2.3917499999999996,-0.002083333333334103,2.395898352014499,6.807272423526727e-05
2026-06-01 11:00:00,2.3958500000000007,0.004100000000001103,2.395866193261578,-3.2158752920943175e-05
2026-06-01 11:05:00,2.394389830508475,-0.0014601694915254981,2.392090483059777,-0.003759516940223604
2026-06-01 11:10:00,2.3919500000000005,-0.0024398305084747385,2.392534540534824,0.0004440574750470668
2026-06-01 11:15:00,2.389666666666666,-0.002283333333334525,2.3931165638156666,0.0005820232808425227
2026-06-01 11:20:00,2.3924499999999997,0.002783333333333804,2.392717543966213,-0.00039901984945338965
2026-06-01 11:25:00,2.3971500000000003,0.004700000000000593,2.392659508530635,-5.803543557838279e-05
2026-06-01 11:30:00,2.3961499999999996,-0.001000000000000778,2.38981663168667,-0.007333368313330722
2026-06-01 11:35:00,2.3947166666666666,-0.0014333333333329534,2.389870590027799,5.3958341129357415e-05
2026-06-01 11:40:00,2.3956333333333335,0.0009166666666668988,2.390167470244301,0.00029688021650233675
2026-06-01 11:45:00,2.395616666666667,-1.6666666666331764e-05,2.389922828727488,-0.00024464151681361114
2026-06-01 11:50:00,2.3922372881355933,-0.00337937853107384,2.389923239266082,4.105385942664128e-07
2026-06-01 11:55:00,2.3898500000000005,-0.0023872881355928577,2.390616470911521,-0.0016208172240724846
2026-06-01 12:00:00,2.3929833333333335,0.0031333333333329882,2.391136546529193,0.0005200756176719254
2026-06-01 12:05:00,2.395633333333334,0.0026500000000004853,2.39100219342947,-0.00013435309972273726
2026-06-01 12:10:00,2.3952166666666677,-0.0004166666666662877,2.391045876564223,4.368313475314589e-05
2026-06-01 12:15:00,2.389933333333334,-0.005283333333333751,2.3916309428552873,0.0005850662910642955
2026-06-01 12:20:00,2.3896833333333345,-0.00024999999999941735,2.389101185799471,-0.0008321475338627819
2026-06-01 12:25:00,2.3918500000000003,0.002166666666665762,2.389161310992058,6.012519258663894e-05
2026-06-01 12:30:00,2.3884,-0.003450000000000397,2.3890406660297434,-0.00012064496231455118
2026-06-01 12:35:00,2.390559322033898,0.0021593220338980146,2.3889008594876984,-0.00013980654204462888
2026-06-01 12:40:00,2.386850000000001,-0.0037093220338970667,2.389057683417007,0.00015682392930838656
2026-06-01 12:45:00,2.3871166666666666,0.0002666666666657491,2.3863036031824865,-0.0005463968175145157
2026-06-01 12:50:00,2.3847666666666667,-0.002349999999999852,2.3864266045471885,0.00012300136470236634
2026-06-01 12:55:00,2.3885500000000004,0.003783333333333694,2.386503327069512,7.672252232372378e-05
2026-06-01 13:00:00,2.3903666666666674,0.0018166666666670217,2.386430802512478,-7.252455703436269e-05
2026-06-01 13:05:00,2.387516666666667,-0.0028500000000004633,2.38636258016599,-6.822234648815876e-05
2026-06-01 13:10:00,2.386866666666667,-0.0006499999999998174,2.385006287145947,-0.002510379520719686
2026-06-01 13:15:00,2.3857796610169495,-0.0010870056497176428,2.386183925864018,0.0011776387180704132
2026-06-01 13:20:00,2.388499999999999,0.002720338983049686,2.3856738464413945,-0.0005100794226233227
2026-06-01 13:25:00,2.391633333333334,0.0031333333333347646,2.3854758280915584,-0.0001980183498357365
2026-06-01 13:30:00,2.3886999999999996,-0.0029333333333343425,2.3853395538611153,-0.00013627423044354552
2026-06-01 13:35:00,2.3908,0.002100000000000435,2.385491824612877,-0.0032081753871223773
2026-06-01 13:40:00,2.389700000000001,-0.0010999999999992127,2.3861271283897136,0.0006353037768366317
2026-06-01 13:45:00,2.3889,-0.0008000000000008001,2.386224667739687,9.75393499731975e-05
2026-06-01 13:50:00,2.3915833333333327,0.0026833333333327047,2.385689535889066,-0.0005351318506210189
2026-06-01 13:55:00,2.3935666666666657,0.001983333333333004,2.385917906594958,0.00022837070589170567
2026-06-01 14:00:00,2.38406779661017,-0.009498870056495523,2.387822286391033,-0.0057443802756326195
2026-06-01 14:05:00,2.3827333333333334,-0.0013344632768368392,2.3884196280519046,0.0005973416608712677
2026-06-01 14:10:00,2.384666666666668,0.0019333333333344527,2.3882893793372086,-0.00013024871469568698
2026-06-01 14:15:00,2.3863333333333334,0.001666666666665595,2.388486018863841,0.00019663952663235353
2026-06-01 14:20:00,2.3860000000000006,-0.00033333333333285253,2.388216250568114,-0.00026976829572692497
2026-06-01 14:25:00,2.384366666666667,-0.0016333333333333755,2.382916269283288,-0.003083730716712622
2026-06-01 14:30:00,2.3873833333333345,0.0030166666666673336,2.3828357679052043,-8.050137808367711e-05
2026-06-01 14:35:00,2.3867166666666666,-0.0006666666666679255,2.3827407491406998,-9.501876450463709e-05
2026-06-01 14:40:00,2.3867457627118647,2.909604519807374e-05,2.382660566579854,-8.018256084566597e-05
2026-06-01 14:45:00,2.3872666666666675,0.0005209039548028649,2.3829307806328166,0.000270214052962851
2026-06-01 14:50:00,2.3866500000000017,-0.0006166666666658216,2.3837936930777754,-0.0034729735888922655
2026-06-01 14:55:00,2.3845666666666667,-0.0020833333333349913,2.384303822397667,0.0005101293198914813
2026-06-01 15:00:00,2.3858833333333327,0.0013166666666659665,2.3841241384647254,-0.00017968393294159164
2026-06-01 15:05:00,2.385266666666667,-0.0006166666666658216,2.3839007483675685,-0.00022339009715687658
2026-06-01 15:10:00,2.386683333333333,0.0014166666666661776,2.383969173268078,6.842490050961012e-05
2026-06-01 15:15:00,2.3870500000000003,0.0003666666666672924,2.3837414434190167,-0.0029418899143165388
2026-06-01 15:20:00,2.388033333333333,0.00098333333333267,2.38350394403797,-0.0002374993810464926
2026-06-01 15:25:00,2.3855254237288137,-0.0025079096045192983,2.3832772981448898,-0.00022664589308029926
2026-06-01 15:30:00,2.3843666666666667,-0.0011587570621469645,2.3828885098403525,-0.0003887883045374136
2026-06-01 15:35:00,2.3875999999999995,0.003233333333332755,2.38274125433019,-0.00014725551016219504
2026-06-01 15:40:00,2.3876333333333335,3.3333333333995796e-05,2.3839168367293047,-0.0036831632706947376
2026-06-01 15:45:00,2.3860333333333332,-0.0016000000000002679,2.3840738380689133,0.00015700133960869537
2026-06-01 15:50:00,2.388733333333333,0.0026999999999999247,2.383616919387689,-0.000456918681224258
2026-06-01 15:55:00,2.3871500000000005,-0.0015833333333326038,2.3836284703198136,1.1550932124620311e-05
2026-06-01 16:00:00,2.3890499999999997,0.0018999999999991246,2.383553937827015,-7.453249279848111e-05
2026-06-01 16:05:00,2.388416666666666,-0.0006333333333334856,2.3848288615295004,-0.004221138470499476
2026-06-01 16:10:00,2.3932033898305085,0.004786723163842321,2.385335367628528,0.0005065060990276279
2026-06-01 16:15:00,2.3852166666666674,-0.00798672316384108,2.385812530123005,0.0004771624944774519
2026-06-01 16:20:00,2.3961500000000004,0.010933333333333017,2.3849592213139106,-0.0008533088090946815
2026-06-01 16:25:00,2.392266666666666,-0.003883333333334349,2.3849469386564883,-1.228265742209135e-05
2026-06-01 16:30:00,2.3930500000000006,0.0007833333333344683,2.388338420262992,-0.003928246403674232
2026-06-01 16:35:00,2.3951333333333342,0.002083333333333659,2.388824591357509,0.0004861710945171247
2026-06-01 16:40:00,2.3942333333333337,-0.000900000000000567,2.388804003768961,-2.0587588547739364e-05
2026-06-01 16:45:00,2.4029,0.008666666666666156,2.3884835651575123,-0.00032043861144882385
2026-06-01 16:50:00,3.1006969696969695,0.6977969696969697,2.3880570836897195,-0.0004264814677930739
2026-06-01 16:55:00,1.8664,-1.2342969696969694,3.182216239533175,0.08151926983620564
2026-06-01 17:00:00,1.8314,-0.03500000000000014,3.183520471449564,0.0013042319163888312
2026-06-01 17:05:00,1.7852000000000001,-0.0461999999999998,3.1817733340535863,-0.0017471373959776918
2026-06-01 17:10:00,1.8821999999999997,0.09699999999999953,3.181028854470753,-0.0007444795828336261
2026-06-01 17:15:00,2.1147,0.23250000000000037,3.1812686586229906,0.00023980415223780188
2026-06-01 17:20:00,2.1331999999999995,0.018499999999999517,2.0892586056302482,-0.025441394369751933
2026-06-01 17:25:00,2.1183,-0.01489999999999947,2.063201827872407,-0.026056777757841102
2026-06-01 17:30:00,2.1176000000000004,-0.0006999999999997009,2.053667659032165,-0.009534168840241719
2026-06-01 17:35:00,2.1148999999999996,-0.002700000000000813,2.0412243655785987,-0.012443293453566779
2026-06-01 17:40:00,2.1111000000000004,-0.0037999999999991374,2.03463339490497,-0.006590970673628579
2026-06-01 17:45:00,1.6756,-0.43550000000000044,2.10913905928379,-0.0019609407162101866
2026-06-01 17:50:00,1.7346000000000004,0.059000000000000385,2.1086582272004875,-0.00048083208330295806
2026-06-01 17:55:00,2.0843999999999996,0.3497999999999992,2.10843908679168,-0.00021914040880762582
2026-06-01 18:00:00,2.0749,-0.00949999999999962,2.1082261301722545,-0.00021295661942540727
2026-06-01 18:05:00,2.0773,0.0024000000000001798,2.1080242111906458,-0.00020191898160841747
2026-06-01 18:10:00,2.0687,-0.008599999999999941,2.056785795859911,-0.02051420414008922
2026-06-01 18:15:00,2.0632,-0.00550000000000006,2.0517190702631702,-0.005066725596740623
2026-06-01 18:20:00,2.0711,0.007899999999999796,2.045598294663398,-0.006120775599772047
2026-06-01 18:25:00,2.0588,-0.012299999999999756,2.04169285518395,-0.003905439479448068
2026-06-01 18:30:00,2.0581000000000005,-0.0006999999999997009,2.0400736107090416,-0.00161924447490845
2026-06-01 18:35:00,2.0445,-0.013600000000000279,2.052149854758873,-0.00595014524112727
2026-06-01 18:40:00,2.0385,-0.006000000000000227,2.0505316743041537,-0.0016181804547196115
2026-06-01 18:45:00,2.0341,-0.0043999999999999595,2.050423706126319,-0.00010796817783439128
2026-06-01 18:50:00,2.0378000000000003,0.0037000000000002586,2.049115174354874,-0.0013085317714451388
2026-06-01 18:55:00,2.0447,0.006899999999999906,2.049415041537931,0.00029986718305686675
2026-06-01 19:00:00,2.0473000000000003,0.0026000000000001577,2.040632674162988,-0.004067325837012229
2026-06-01 19:05:00,2.0411,-0.006200000000000205,2.0410836323498867,0.0004509581868986888
2026-06-01 19:10:00,2.041375000000001,0.00027500000000069136,2.0414308207151235,0.0003471883652368954
2026-06-01 19:15:00,2.040716666666668,-0.0006583333333329833,2.041656116437843,0.00022529572271955833
2026-06-01 19:20:00,2.0364500000000003,-0.004266666666667529,2.0412804813660155,-0.000375635071827825
2026-06-01 19:25:00,2.0404500000000008,0.004000000000000448,2.0365097810419166,5.978104191637959e-05
2026-06-01 19:30:00,2.0378,-0.0026500000000009294,2.0362310785801725,-0.00027870246174440674
2026-06-01 19:35:00,2.0414000000000008,0.003600000000000936,2.0360964874222254,-0.00013459115794702225
2026-06-01 19:40:00,2.0410500000000007,-0.0003500000000000725,2.036070470735212,-2.6016687012881483e-05
2026-06-01 19:45:00,2.0404576271186445,-0.0005923728813561624,2.036082993612032,1.2522876819821624e-05
2026-06-01 19:50:00,2.0362166666666672,-0.004240960451977305,2.0372361905850513,-0.0032214365335930953
2026-06-01 19:55:00,2.0423999999999998,0.006183333333332541,2.0375010124925304,0.0002648219074787542
2026-06-01 20:00:00,2.0396500000000004,-0.002749999999999364,2.0374579809667934,-4.303152573654908e-05
2026-06-01 20:05:00,2.0430000000000006,0.003350000000000186,2.037134702162227,-0.00032327880456650546
2026-06-01 20:10:00,2.0427500000000003,-0.00025000000000030553,2.037175500442511,4.0798280283752e-05
2026-06-01 20:15:00,2.0439166666666675,0.0011666666666672043,2.038695379706124,-0.00405462029387626
2026-06-01 20:20:00,2.0406101694915257,-0.003306497175141754,2.0380687941016364,-0.0006265856044875779
2026-06-01 20:25:00,2.0349500000000007,-0.005660169491525036,2.0379164185507492,-0.00015237555088725384
2026-06-01 20:30:00,2.0367833333333336,0.0018333333333329094,2.0371100953749046,-0.0008063231758444299
2026-06-01 20:35:00,2.0336666666666674,-0.0031166666666662124,2.0367782560648626,-0.00033183931004224807
2026-06-01 20:40:00,2.0345500000000003,0.000883333333332903,2.0337218932209677,5.522655430029287e-05
2026-06-01 20:45:00,2.0359333333333343,0.0013833333333339581,2.033755771286046,3.3878065078219184e-05
2026-06-01 20:50:00,2.0390338983050857,0.003100564971751485,2.0332657280554907,-0.0004900432305550313
2026-06-01 20:55:00,2.0334333333333334,-0.00560056497175232,2.0334302482366224,0.00016452018113135718
2026-06-01 21:00:00,2.032916666666666,-0.0005166666666673869,2.0332288833190897,-0.00020136491753258522
2026-06-01 21:05:00,2.0335333333333336,0.000616666666667598,2.0318392615991696,-0.001077405067496608
2026-06-01 21:10:00,2.0375000000000005,0.003966666666666896,2.032172333384681,0.000333071785511363
2026-06-01 21:15:00,2.0401333333333334,0.0026333333333328213,2.032662164063614,0.0004898306789331374
2026-06-01 21:20:00,2.0399333333333334,-0.00019999999999997797,2.0321021802476587,-0.000559983815955198
2026-06-01 21:25:00,1.9957333333333327,-0.04420000000000068,2.031876436972662,-0.00022574327499684917
2026-06-01 21:30:00,1.995864406779661,0.0001310734463282337,2.0170808794473167,0.021347546113984147
2026-06-01 21:35:00,2.011600000000001,0.015735593220340016,2.016722882786893,-0.0003579966604235738
2026-06-01 21:40:00,2.01385,0.002249999999999197,2.010783112891259,-0.005939769895634415
2026-06-01 21:45:00,1.9807999999999997,-0.03305000000000047,2.015635226696214,0.004852113804954966
2026-06-01 21:50:00,1.9843,0.0035000000000002807,2.012977447705459,-0.002657778990754615
2026-06-01 21:55:00,1.984516666666667,0.00021666666666697587,1.9944009740497608,0.010100974049760807
2026-06-01 22:00:00,1.9853833333333335,0.0008666666666665712,1.9940656611793093,-0.0003353128704514215
2026-06-01 22:05:00,1.9902333333333329,0.004849999999999355,1.9946864032362313,0.000620742056921807
2026-06-01 22:10:00,2.0828833333333328,0.0926499999999999,1.99550626897385,0.0008198657376189737
2026-06-01 22:15:00,2.0876610169491516,0.004777683615818873,1.9957626186436113,0.00025634966976104253
2026-06-01 22:20:00,2.0826999999999996,-0.004961016949152075,2.053352349119367,-0.03430866782978469
2026-06-01 22:25:00,2.0789499999999994,-0.003750000000000142,2.0492472755647166,-0.0041050735546501755
2026-06-01 22:30:00,2.082966666666666,0.004016666666666779,2.042820822241148,-0.0064264533235688865
2026-06-01 22:35:00,2.0882833333333326,0.005316666666666414,2.0291425777224146,-0.013678244518733153
2026-06-01 22:40:00,2.0207833333333327,-0.0674999999999999,2.030661646718183,0.0015190689957680788
2026-06-01 22:45:00,1.949833333333333,-0.07094999999999962,2.0441691472933594,0.023385813960026633
2026-06-01 22:50:00,1.9556440677966094,0.00581073446327629,2.0445436051510346,0.0003744578576751989
2026-06-01 22:55:00,1.947183333333333,-0.008460734463276331,2.037134441077788,-0.007409164073246454
2026-06-01 23:00:00,1.9474499999999995,0.00026666666666641525,2.041374115838791,0.004239674761002713
2026-06-01 23:05:00,1.9516333333333336,0.004183333333334094,2.0395642818634334,-0.0018098339753575496
2026-06-01 23:10:00,1.9590333333333325,0.007399999999998963,1.9541270238934287,0.0024936905600952426
2026-06-01 23:15:00,1.9704666666666661,0.011433333333333628,1.954763436268399,0.0006364123749701958
2026-06-01 23:20:00,1.974033333333333,0.00356666666666694,1.9551116804969224,0.00034824422852340934
2026-06-01 23:25:00,1.9798983050847456,0.00586497175141254,1.9548467295837433,-0.0002649509131792242
2026-06-01 23:30:00,1.9838928571428573,0.003994552058111722,1.9545500492119665,-0.0002966803717767758
2026-06-01 23:35:00,1.985783333333333,0.001890476190475665,1.9636647366957578,-0.02022812044709951
2026-06-01 23:40:00,1.9841166666666663,-0.0016666666666667052,1.9655093223102709,0.0018445856145131356
2026-06-01 23:45:00,1.985816666666666,0.0016999999999995907,1.966821114048846,0.0013117917385751941
2026-06-01 23:50:00,1.984566666666666,-0.0012499999999999734,1.9592672687878587,-0.007553845260987325
2026-06-01 23:55:00,1.9853999999999996,0.0008333333333336856,1.961588386165614,0.0023211173777551533
2026-06-02 00:00:00,1.9862166666666667,0.0008166666666671318,1.9748369385237636,-0.010563061476235897
2026-06-02 00:05:00,1.978783333333333,-0.007433333333333847,1.975847032055904,0.0010100935321402877
2026-06-02 00:10:00,1.9803333333333326,0.0015499999999997183,1.9760371132773786,0.00019008122147465777
2026-06-02 00:15:00,1.9803898305084744,5.6497175141778655e-05,1.9755757988714036,-0.0004613144059749993
2026-06-02 00:20:00,1.9763666666666666,-0.004023163841807786,1.9753313385779143,-0.0002444602934894383
2026-06-02 00:25:00,1.9771333333333325,0.0007666666666659161,1.975099581868085,-0.0012670847985816525
2026-06-02 00:30:00,1.973766666666666,-0.003366666666666518,1.975139265879834,3.9684011749062235e-05
2026-06-02 00:35:00,1.977566666666666,0.0038000000000000256,1.975076003294541,-6.326258529313574e-05
2026-06-02 00:40:00,2.0726999999999984,0.0951333333333324,1.9749178975245132,-0.0001581057700277711
2026-06-02 00:45:00,2.0722666666666667,-0.0004333333333317313,1.975125046788475,0.00020714926396175323
2026-06-02 00:50:00,1.994033333333333,-0.0782333333333336,2.046708662532866,-0.025558004133800726
2026-06-02 00:55:00,2.025016949152543,0.030983615819210053,2.0437372349068714,-0.0029714276259944737
2026-06-02 01:00:00,2.017233333333333,-0.007783615819210166,2.0380438695920287,-0.005693365314842893
2026-06-02 01:05:00,2.0061333333333335,-0.011099999999999444,2.0350556719681947,-0.00298819762383407
2026-06-02 01:10:00,1.9989000000000003,-0.007233333333333203,2.034825055000035,-0.00023061696815966399
2026-06-02 01:15:00,1.9384500000000002,-0.060450000000000115,2.0080397661639475,0.009139766163947172
2026-06-02 01:20:00,1.8947666666666676,-0.04368333333333263,2.0075734390816327,-0.00046632708231489237
2026-06-02 01:25:00,1.943583333333333,0.0488166666666654,2.0070005905596555,-0.0005728485219772505
2026-06-02 01:30:00,2.01065,0.06706666666666705,2.0079635471389907,0.0009629565793351397
2026-06-02 01:35:00,1.9565423728813558,-0.05410762711864425,2.0074695890422367,-0.0004939580967537881
2026-06-02 01:40:00,1.867916666666666,-0.08862570621468979,1.9682001759776269,0.011657803096271045
2026-06-02 01:45:00,1.8586833333333321,-0.00923333333333387,1.9710379445412691,0.002837768563642374
2026-06-02 01:50:00,1.8628833333333332,0.004200000000001092,1.959458439861967,-0.011579504679302164
2026-06-02 01:55:00,1.8819166666666665,0.019033333333333236,1.9639559899284493,0.004497550066482263
2026-06-02 02:00:00,1.8766833333333328,-0.005233333333333645,1.9619822892315855,-0.0019737006968637595
2026-06-02 02:05:00,1.8390333333333329,-0.03764999999999996,1.8704230199559937,-0.00626031337733903
2026-06-02 02:10:00,1.831599999999999,-0.007433333333333847,1.873276418968499,0.0028533990125052377
2026-06-02 02:15:00,1.8265454545454538,-0.005054545454545201,1.8740144040994737,0.0007379851309747798
2026-06-02 02:20:00,1.8179166666666673,-0.008628787878786515,1.8718694742872282,-0.0021449298122455393
2026-06-02 02:25:00,1.6258166666666667,-0.1921000000000006,1.8724322592283662,0.0005627849411379257
2026-06-02 02:30:00,1.6339666666666663,0.008149999999999658,1.6602828694513083,0.034466202784641665
2026-06-02 02:35:00,1.6387,0.0047333333333337,1.6607762542941003,0.0004933848427919992
2026-06-02 02:40:00,1.6299333333333335,-0.00876666666666659,1.6527035632769023,-0.008072691017198073
2026-06-02 02:45:00,1.6182999999999998,-0.011633333333333606,1.6587282908927687,0.006024727615866503
2026-06-02 02:50:00,1.6304067796610173,0.012106779661017475,1.6570080585417444,-0.0017202323510243144
2026-06-02 02:55:00,2.391366666666667,0.7609598870056495,1.629989621178198,-0.00041715848281951776
2026-06-02 03:00:00,2.371,-0.020366666666666866,1.6299166606050755,-7.296057312234612e-05
2026-06-02 03:05:00,2.363116666666666,-0.007883333333333908,1.6303383540093068,0.00042169340423141744
2026-06-02 03:10:00,2.3607,-0.0024166666666660674,1.6303168694132995,-2.1484596007370098e-05
2026-06-02 03:15:00,2.3619333333333334,0.0012333333333334195,1.630745548141453,0.0004286787281534998
2026-06-02 03:20:00,2.3646333333333343,0.002700000000000813,2.362627059284536,0.0006937259512028792
2026-06-02 03:25:00,2.3573666666666666,-0.007266666666667643,2.3623790141104157,-0.00024804517412040404
2026-06-02 03:30:00,2.3520847457627116,-0.005281920903954962,2.3623864839459294,7.469835513345432e-06
2026-06-02 03:35:00,2.3465666666666665,-0.005518079096045181,2.3622674479522234,-0.00011903599370603728
2026-06-02 03:40:00,2.350933333333333,0.004366666666666408,2.3623183048289826,5.0856876759535676e-05
2026-06-02 03:45:00,2.348533333333333,-0.0023999999999997357,2.3509627402744617,2.9406941129012405e-05
2026-06-02 03:50:00,2.348433333333333,-0.00010000000000021103,2.35072754919878,-0.00023519107568198297
2026-06-02 03:55:00,2.349649999999999,0.0012166666666661996,2.35093749334056,0.00020994414178016665
2026-06-02 04:00:00,2.3531666666666666,0.0035166666666675006,2.350746024899696,-0.0001914684408638279
2026-06-02 04:05:00,2.342933333333333,-0.01023333333333376,2.3506765694186873,-6.945548100873349e-05
2026-06-02 04:10:00,2.345166666666666,0.0022333333333333094,2.343962223498517,0.001028890165183826
2026-06-02 04:15:00,2.3456271186440674,0.00046045197740118837,2.3450851289793913,0.001122905480874569
2026-06-02 04:20:00,2.3513,0.005672881355932802,2.344806220179809,-0.00027890879958191144
2026-06-02 04:25:00,2.343433333333333,-0.007866666666667133,2.344757664728872,-4.855545093750679e-05
2026-06-02 04:30:00,2.3450666666666664,0.0016333333333333755,2.3445932885799086,-0.00016437614896335108
2026-06-02 04:35:00,2.2974999999999994,-0.04756666666666698,2.343346023134076,-0.0017206435325903772
2026-06-02 04:40:00,2.2516333333333334,-0.045866666666666056,2.3435373698118345,0.00019134667775840025
2026-06-02 04:45:00,2.248516666666667,-0.0031166666666662124,2.343921898906608,0.00038452909477364004
2026-06-02 04:50:00,2.2453389830508477,-0.003177683615819493,2.343587153783343,-0.0003347451232651485
2026-06-02 04:55:00,2.2405666666666666,-0.0047723163841810745,2.3436721984110434,8.504462770063616e-05
2026-06-02 05:00:00,2.2374166666666664,-0.003150000000000208,2.2551941288249338,0.0146274621582671
2026-06-02 05:05:00,2.065683333333334,-0.17173333333333218,2.255867809874109,0.0006736810491753634
2026-06-02 05:10:00,2.0242000000000004,-0.04148333333333376,2.2559704782351298,0.00010266836102064201
2026-06-02 05:15:00,2.0197500000000006,-0.004449999999999843,2.2577750697935595,0.0018045915584299305
2026-06-02 05:20:00,2.0153499999999998,-0.004400000000000848,2.2574473182025865,-0.0003277515909730401
2026-06-02 05:25:00,2.0084,-0.00694999999999979,2.038571725822729,0.023221725822729505
2026-06-02 05:30:00,1.9997,-0.00869999999999993,2.039045374157549,0.00047364833481968377
2026-06-02 05:35:00,1.99571186440678,-0.003988135593220088,2.037164019783415,-0.0018813543741338663
2026-06-02 05:40:00,2.011333333333333,0.015621468926553028,2.039818068278538,0.0026540484951229704
2026-06-02 05:45:00,2.0048500000000002,-0.00648333333333273,2.039786590270626,-3.147800791192589e-05
2026-06-02 05:50:00,1.976849999999999,-0.028000000000001135,2.0039609792217217,-0.0008890207782787288
2026-06-02 05:55:00,1.9594166666666666,-0.017433333333332524,2.005560691713729,0.0015997124920073397
2026-06-02 06:00:00,1.957783333333333,-0.0016333333333335975,2.0056119429750754,5.125126134639044e-05
2026-06-02 06:05:00,1.9513333333333331,-0.006449999999999845,2.005551574095554,-6.03688795215411e-05
2026-06-02 06:10:00,1.9343999999999997,-0.016933333333333467,2.005682812423294,0.00013123832774065565
2026-06-02 06:15:00,1.9289999999999998,-0.005399999999999849,1.9571990455911188,0.022799045591119144
2026-06-02 06:20:00,1.9256333333333338,-0.003366666666666074,1.9591354520417468,0.0019364064506279966
2026-06-02 06:25:00,1.921483333333334,-0.004149999999999654,1.956404338551359,-0.0027311134903877246
2026-06-02 06:30:00,1.918266666666667,-0.0032166666666670896,1.9592785929960956,0.0028742544447364436
2026-06-02 06:35:00,1.9095333333333337,-0.00873333333333326,1.9592552396717045,-2.335332439098321e-05
2026-06-02 06:40:00,1.9072333333333338,-0.0022999999999999687,1.9207373024623389,0.011203969129005018
2026-06-02 06:45:00,1.9075500000000005,0.0003166666666667428,1.9222141305206975,0.001476828058358582
2026-06-02 06:50:00,1.903650000000001,-0.0038999999999995705,1.921780847506549,-0.0004332830141484542
2026-06-02 06:55:00,1.9448833333333335,0.04123333333333257,1.9230980479696846,0.0013172004631357038
2026-06-02 07:00:00,1.9840508474576273,0.039167514124293756,1.9228750937427344,-0.0002229542269503205
2026-06-02 07:05:00,1.9625666666666672,-0.02148418079096004,1.948403305122443,-0.03564754233518436
2026-06-02 07:10:00,1.9568999999999999,-0.005666666666667375,1.9475097055862693,-0.0008935995361736053
2026-06-02 07:15:00,1.9549833333333337,-0.0019166666666661225,1.9489329925872523,0.0014232870009830713
2026-06-02 07:20:00,1.955466666666667,0.0004833333333331691,1.938812468763471,-0.010120523823781568
2026-06-02 07:25:00,1.9512833333333326,-0.004183333333334316,1.9415597681002623,0.0027472993367915776
2026-06-02 07:30:00,1.9494166666666657,-0.0018666666666669052,1.942725283899919,-0.008558049433413624
2026-06-02 07:35:00,1.947666666666666,-0.0017499999999996962,1.9440561736850919,0.0013308897851728573
2026-06-02 07:40:00,1.94857627118644,0.0009096045197740654,1.9439530309811444,-0.00010314270394755057
2026-06-02 07:45:00,1.94325,-0.005326271186440135,1.9437140940553717,-0.00023893692577251494
2026-06-02 07:50:00,1.9405999999999999,-0.002650000000000041,1.9438788055647906,0.00016471150941881546
2026-06-02 07:55:00,1.9394500000000001,-0.0011499999999997623,1.9405856364941154,-1.4363505884365727e-05
2026-06-02 08:00:00,1.9381166666666672,-0.0013333333333329644,1.9410466086108806,0.0004609721167650625
2026-06-02 08:05:00,1.9206000000000005,-0.017516666666666625,1.9410936195172226,4.701090634203712e-05
2026-06-02 08:10:00,1.9188833333333337,-0.0017166666666668107,1.941184018336594,9.039881937134532e-05
2026-06-02 08:15:00,1.9202333333333341,0.0013500000000004064,1.941727468908787,0.0005434505721929477
2026-06-02 08:20:00,1.919915254237289,-0.00031807909604508744,1.9221870198386208,0.001953686505286821
2026-06-02 08:25:00,1.9760999999999995,0.056184745762710486,1.9222302652979932,4.324545937221118e-05
2026-06-02 08:30:00,2.098216666666666,0.12211666666666665,1.9223646626760496,0.00013439737805647878
2026-06-02 08:35:00,2.0940166666666653,-0.00420000000000087,1.922375085818823,1.0423142773438991e-05
2026-06-02 08:40:00,2.0927166666666657,-0.0012999999999996348,1.9225292775775658,0.00015419175874257376
2026-06-02 08:45:00,2.092383333333333,-0.00033333333333285253,2.0855102780175074,-0.007206388649158109
2026-06-02 08:50:00,2.0870499999999996,-0.00533333333333319,2.083115722749716,-0.0023945552677917766
2026-06-02 08:55:00,2.0841355932203385,-0.0029144067796611495,2.081658772530635,-0.0014569502190807263
2026-06-02 09:00:00,2.076249999999999,-0.007885593220339437,2.0810518831508684,-0.0006068893797668538
2026-06-02 09:05:00,2.072533333333334,-0.003716666666665258,2.080782922054956,-0.000268961095911941
2026-06-02 09:10:00,2.0710166666666656,-0.001516666666668165,2.0713530023852496,-0.0011803309480843383
2026-06-02 09:15:00,2.0672,-0.003816666666665469,2.0725159797845687,0.0011629773993194405
2026-06-02 09:20:00,2.033616666666667,-0.033583333333333076,2.072055995613065,-0.0004599841715039351
2026-06-02 09:25:00,2.006866666666667,-0.026750000000000274,2.0719680793411532,-8.791627191159062e-05
2026-06-02 09:30:00,1.9908813559322036,-0.015985310734463187,2.0718725568158813,-9.552252527202807e-05
2026-06-02 09:35:00,1.939733333333335,-0.051148022598868526,2.017004536921051,0.026123180988847364
2026-06-02 09:40:00,1.8882166666666662,-0.051516666666668876,2.0190391828302445,0.0020346459091934114
2026-06-02 09:45:00,1.854233333333333,-0.033983333333333254,2.015443770078218,-0.0035954127520264473
2026-06-02 09:50:00,1.8348166666666665,-0.019416666666666416,2.019967550909592,0.004523780831373891
2026-06-02 09:55:00,1.8195333333333328,-0.01528333333333376,2.0195086587481024,-0.0004588921614896271
2026-06-02 10:00:00,1.8122833333333344,-0.007249999999998424,1.8495468431119184,0.030013509778585596
2026-06-02 10:05:00,1.8011333333333335,-0.011150000000000881,1.854984284988939,0.005437441877020611
2026-06-02 10:10:00,1.790866666666667,-0.010266666666666424,1.8549671543754402,-1.7130613498781975e-05
2026-06-02 10:15:00,1.7861525423728812,-0.004714124293785815,1.8611532573190113,0.006186102943570998
2026-06-02 10:20:00,1.7817000000000007,-0.004452542372880508,1.8626934644935813,0.0015402071745700633
2026-06-02 10:25:00,1.7708333333333333,-0.010866666666667468,1.8033034978199844,0.02160349781998371
2026-06-02 10:30:00,1.7724666666666669,0.0016333333333335975,1.8063241051939745,0.0030206073739899885
2026-06-02 10:35:00,1.766316666666667,-0.006149999999999878,1.806191698688447,-0.0001324065055275247
2026-06-02 10:40:00,1.7666000000000002,0.0002833333333331911,1.809907632656971,0.00371593396852408
2026-06-02 10:45:00,1.7668666666666673,0.0002666666666670814,1.8111723845538277,0.0012647518968566212
2026-06-02 10:50:00,1.7670000000000006,0.00013333333333331865,1.7736588489360905,0.006792182269423278
2026-06-02 10:55:00,1.766566666666667,-0.00043333333333350765,1.7752346597791857,0.0015758108430952555
2026-06-02 11:00:00,1.7672203389830512,0.0006536723163841351,1.7762847335618108,0.001050073782625092
2026-06-02 11:05:00,1.768783333333334,0.0015629943502828425,1.7770557427481624,0.0007710091863514003
2026-06-02 11:10:00,1.7694833333333337,0.0006999999999997009,1.777488300277465,0.00043255752930278744
2026-06-02 11:15:00,1.7669666666666661,-0.0025166666666676107,1.76584642747665,-0.0036369058566835966
2026-06-02 11:20:00,1.7638166666666673,-0.003149999999998876,1.7665423422788815,0.0006959148022312661
2026-06-02 11:25:00,1.7657166666666673,0.0019000000000000128,1.766492560265316,-4.978201356529859e-05
2026-06-02 11:30:00,1.7645833333333338,-0.0011333333333334306,1.7660720859045405,-0.0004204743607755578
2026-06-02 11:35:00,1.7604166666666672,-0.004166666666666652,1.7660777854996002,5.699595059680432e-06
2026-06-02 11:40:00,1.7564576271186443,-0.003959039548022902,1.7599249320409167,-0.0004917346257504227
2026-06-02 11:45:00,1.7545666666666668,-0.0018909604519774525,1.7607353590048327,0.0008104269639158867
2026-06-02 11:50:00,1.740716666666667,-0.013849999999999918,1.7604644741062119,-0.00027088489862067347
2026-06-02 11:55:00,1.741466666666666,0.0007499999999991402,1.7606326767722742,0.0001682026660622777
2026-06-02 12:00:00,1.7398,-0.001666666666666039,1.7605448733970297,-8.78033752446411e-05
2026-06-02 12:05:00,1.7378166666666663,-0.00198333333333367,1.7412660229470533,0.001466022947053339
2026-06-02 12:10:00,1.733830508474576,-0.003986158192090361,1.742130218947154,0.0008641960001005409
2026-06-02 12:15:00,1.7266000000000001,-0.0072305084745758474,1.7430277555212355,0.0008975365740815265
2026-06-02 12:20:00,1.7264000000000002,-0.00019999999999997797,1.7429838834495919,-4.387207164346318e-05
2026-06-02 12:25:00,1.716783333333333,-0.00961666666666705,1.742981775870728,-2.1075788640488835e-06
2026-06-02 12:30:00,1.7192833333333328,0.0024999999999997247,1.7210640129651669,0.0042806796318338395
2026-06-02 12:35:00,1.7167499999999996,-0.0025333333333332764,1.7215679010503824,0.0005038880852154799
2026-06-02 12:40:00,1.7200508474576266,0.003300847457627043,1.7218783756710876,0.0003104746207051381
2026-06-02 12:45:00,1.7176499999999997,-0.00240084745762692,1.7227391349736167,0.0008607593025291146
2026-06-02 12:50:00,1.7184666666666664,0.0008166666666666877,1.7224487231428651,-0.00029041183075144644
2026-06-02 12:55:00,1.7133333333333332,-0.005133333333333212,1.7163160969091615,-0.0021505697575048403
2026-06-02 13:00:00,1.7203499999999996,0.007016666666666449,1.7168426405080779,0.0005265435989163821
2026-06-02 13:05:00,1.7205999999999995,0.00024999999999986144,1.716730890800791,-0.0001117497072869617
2026-06-02 13:10:00,1.7167966101694905,-0.0038033898305089853,1.716754136365797,2.3245565006103995e-05
2026-06-02 13:15:00,1.7178833333333325,0.0010867231638420627,1.7173303524671866,0.0005762161013895413
2026-06-02 13:20:00,1.713749999999999,-0.004133333333333544,1.7148106766670368,-0.003072656666295731
2026-06-02 13:25:00,1.7196666666666665,0.005916666666667458,1.7145661113849275,-0.0002445652821092786
2026-06-02 13:30:00,1.7169499999999986,-0.0027166666666678108,1.714466885265604,-9.922611932352018e-05
2026-06-02 13:35:00,1.7188499999999998,0.001900000000001123,1.714188962800727,-0.0002779224648769727
2026-06-02 13:40:00,1.7164745762711855,-0.0023754237288142743,1.7143135156623006,0.00012455286157367855
2026-06-02 13:45:00,1.7132166666666664,-0.0032579096045191047,1.7143280792025641,-0.002146497068621456
2026-06-02 13:50:00,1.7153999999999987,0.0021833333333323157,1.7145837757911597,0.0002556965885957528
2026-06-02 13:55:00,1.7114499999999997,-0.00394999999999901,1.7145126438666498,-7.113192450991747e-05
2026-06-02 14:00:00,1.711649999999999,0.00019999999999931184,1.7143842670951788,-0.00012837677147099302
2026-06-02 14:05:00,1.7097166666666654,-0.0019333333333335645,1.7142839023634802,-0.00010036473169882793
2026-06-02 14:10:00,1.7103728813559322,0.0006562146892667986,1.70864972538926,-0.001066941277405447
2026-06-02 14:15:00,1.710299999999999,-7.288135593319645e-05,1.7096103301720638,0.0009606047828036713
2026-06-02 14:20:00,1.7101333333333324,-0.0001666666666666483,1.709128977453869,-0.0004813527181947716
2026-06-02 14:25:00,1.7076666666666662,-0.002466666666666173,1.709033480362878,-9.549709099088061e-05
2026-06-02 14:30:00,1.6781500000000007,-0.029516666666665525,1.7088454132266584,-0.00018806713621960421
2026-06-02 14:35:00,1.6622166666666667,-0.01593333333333402,1.6920948684226895,0.013944868422688926
2026-06-02 14:40:00,1.6634406779661015,0.0012240112994348351,1.6935179614178668,0.0014230929951772992
2026-06-02 14:45:00,1.6691333333333342,0.005692655367232735,1.6907718582110645,-0.002746103206802488
2026-06-02 14:50:00,1.6681166666666665,-0.001016666666667776,1.6937461244395715,0.002974266228507126
2026-06-02 14:55:00,1.6686166666666673,0.0005000000000008331,1.692854463279347,-0.0008916611602245108
2026-06-02 15:00:00,1.67345,0.004833333333332801,1.6676064505212507,-0.0010102161454166867
2026-06-02 15:05:00,1.668683333333333,-0.00476666666666703,1.6686919215233427,0.0010854710020920986
2026-06-02 15:10:00,1.666779661016949,-0.0019036723163841085,1.6691354606249487,0.000443539101605931
2026-06-02 15:15:00,1.6671833333333343,0.0004036723163853839,1.6697163487024165,0.0005808880774679151
2026-06-02 15:20:00,1.6664,-0.0007833333333342463,1.6694952811250232,-0.00022106757739344857
2026-06-02 15:25:00,1.6654499999999997,-0.0009500000000004505,1.6641654349697492,-0.0022345650302508383
2026-06-02 15:30:00,1.6708333333333338,0.005383333333334184,1.6641707290171306,5.2940473813547335e-06
2026-06-02 15:35:00,1.6670666666666674,-0.003766666666666474,1.6641330353699941,-3.7693647136463184e-05
2026-06-02 15:40:00,1.6659833333333338,-0.001083333333333547,1.6640452365461162,-8.779882387783583e-05
2026-06-02 15:45:00,1.657084745762713,-0.008898587570620897,1.6642665773654461,0.00022134081932971626
2026-06-02 15:50:00,1.6563500000000002,-0.0007347457627127074,1.6583695161577299,0.0012847703950170492
2026-06-02 15:55:00,1.6260666666666668,-0.03028333333333344,1.6588599390858185,0.0004904229280885974
2026-06-02 16:00:00,1.6276500000000003,0.001583333333333492,1.6591751319207153,0.00031519283489672543
2026-06-02 16:05:00,1.631633333333334,0.003983333333333672,1.6592385554928628,6.34235721475361e-05
2026-06-02 16:10:00,1.6355000000000002,0.003866666666666241,1.6593757695824014,0.00013721408953861353
2026-06-02 16:15:00,1.6300833333333342,-0.005416666666665959,1.6340110975995983,-0.0014889024004018472
2026-06-02 16:20:00,1.6310500000000003,0.0009666666666661161,1.633691558870868,-0.00031953872873021724
2026-06-02 16:25:00,1.630933333333334,-0.00011666666666632075,1.6341923791740003,0.0005008203031321715
2026-06-02 16:30:00,1.634,0.003066666666665885,1.6336685574166019,-0.0005238217573984129
2026-06-02 16:35:00,1.6375932203389836,0.0035932203389836825,1.6335240976743657,-0.00014445974223609512
2026-06-02 16:40:00,1.6396833333333334,0.002090112994349802,1.6295945161118668,-0.00799870422711687
2026-06-02 16:45:00,1.6408666666666671,0.0011833333333337581,1.6298846666194142,0.00029015050754750205
2026-06-02 16:50:00,1.6404500000000006,-0.00041666666666650976,1.6298262782658846,-5.838835352964105e-05
2026-06-02 16:55:00,1.642233333333333,0.0017833333333323598,1.628944812151552,-0.0008814661143325585
2026-06-02 17:00:00,1.6412999999999995,-0.0009333333333334526,1.6290616530836992,0.00011684093214713375
2026-06-02 17:05:00,1.639833333333334,-0.001466666666665617,1.6350281816604506,-0.006271818339548828
2026-06-02 17:10:00,1.64345,0.0036166666666661573,1.6362280048556086,0.0011998231951578977
2026-06-02 17:15:00,1.6413166666666674,-0.0021333333333326543,1.6367892169946276,0.0005612121390190779
2026-06-02 17:20:00,1.6405166666666673,-0.0008000000000001339,1.6352276782652897,-0.001561538729337983
2026-06-02 17:25:00,1.6371333333333333,-0.00338333333333396,1.635442061334486,0.00021438306919628207
2026-06-02 17:30:00,1.6297999999999997,-0.007333333333333636,1.6355519618927852,-0.001581371440548257
2026-06-02 17:35:00,1.6147288135593216,-0.015071186440678064,1.6355704318063857,1.846991360057162e-05
2026-06-02 17:40:00,1.6099333333333334,-0.004795480225988191,1.635642572969212,7.214116282635132e-05
2026-06-02 17:45:00,1.6067499999999995,-0.003183333333333982,1.6355518365807211,-9.073638849078083e-05
2026-06-02 17:50:00,1.5864333333333334,-0.020316666666666094,1.635128870811256,-0.0004229657694652561
2026-06-02 17:55:00,1.5829499999999994,-0.003483333333333949,1.6030508550997664,0.016617521766432972
2026-06-02 18:00:00,1.579616666666667,-0.003333333333332522,1.604803321026039,0.0017524659262728112
2026-06-02 18:05:00,1.5804333333333331,0.0008166666666662437,1.6039231936464502,-0.0008801273795890089
2026-06-02 18:10:00,1.5793666666666661,-0.0010666666666669933,1.607247244304576,0.003324050658125869
2026-06-02 18:15:00,1.5833559322033897,0.003989265536723519,1.6081356119264594,0.0008883676218832761
2026-06-02 18:20:00,1.5829999999999997,-0.00035593220338991927,1.5826954061375682,-0.0006605260658213646
2026-06-02 18:25:00,1.57885,-0.004149999999999654,1.5820968926681125,-0.0005985134694557801
2026-06-02 18:30:00,1.6027666666666665,0.023916666666666364,1.5821433733269439,4.64806588313742e-05
2026-06-02 18:35:00,1.6103333333333332,0.0075666666666667215,1.5819053043598446,-0.0002380689670993249
2026-06-02 18:40:00,1.5957499999999998,-0.014583333333333393,1.581907946195128,2.6418352834635075e-06
2026-06-02 18:45:00,1.5719833333333326,-0.023766666666667158,1.5931664029931945,-0.002583597006805352
2026-06-02 18:50:00,1.5743833333333328,0.0024000000000001798,1.5952134517227383,0.002047048729543912
2026-06-02 18:55:00,1.54593220338983,-0.02845112994350285,1.5938147272471468,-0.0013987244755914576
2026-06-02 19:00:00,1.857916666666666,0.31198446327683604,1.592865843880317,-0.0009488833668299003
2026-06-02 19:05:00,1.8342166666666668,-0.023699999999999166,1.5931015742775776,0.00023573039726060936
2026-06-02 19:10:00,1.824949999999999,-0.009266666666667867,1.8375030232805811,0.003286356613914402
2026-06-02 19:15:00,1.8179000000000007,-0.007049999999998224,1.8398308736246922,0.002327850344111043
2026-06-02 19:20:00,1.8154499999999996,-0.0024500000000011735,1.833680016237643,-0.006150857387049335
2026-06-02 19:25:00,1.808766666666667,-0.006683333333332486,1.8356511188918652,0.0019711026542222993
2026-06-02 19:30:00,1.8079322033898308,-0.0008344632768362281,1.8348320817510322,-0.0008190371408330223
2026-06-02 19:35:00,1.80805,0.00011779661016908527,1.8143307577141763,0.006398554324345468
2026-06-02 19:40:00,1.8123666666666665,0.004316666666666524,1.8152495649938665,0.0009188072796902395
2026-06-02 19:45:00,1.8109166666666667,-0.0014499999999997293,1.8148687487042883,-0.0003808162895783936
2026-06-02 19:50:00,1.8108166666666667,-9.999999999998899e-05,1.8158650770008529,0.000996328296564771
2026-06-02 19:55:00,1.8104500000000006,-0.0003666666666661822,1.8157824723891882,-8.260461166462338e-05
2026-06-02 20:00:00,1.8106500000000003,0.00019999999999975593,1.8093266660030622,-0.0011233339969383463
2026-06-02 20:05:00,1.808683333333334,-0.001966666666666228,1.8096008510709911,0.00027418506792884466
2026-06-02 20:10:00,1.8123050847457627,0.0036217514124285977,1.8096798311164837,7.898004549250564e-05
2026-06-02 20:15:00,1.8156166666666669,0.003311581920904194,1.8100873395020631,0.0004075083855794849
2026-06-02 20:20:00,1.8100500000000004,-0.005566666666666498,1.8096875241804677,-0.00039981532159538317
2026-06-02 20:25:00,1.8105499999999997,0.0004999999999992788,1.8090342362812277,-0.0010157637187726662
2026-06-02 20:30:00,1.8086999999999998,-0.0018499999999999073,1.8088035358633308,-0.00023070041789688178
2026-06-02 20:35:00,1.8089999999999997,0.00029999999999996696,1.808545098066512,-0.00025843779681869575
2026-06-02 20:40:00,1.8065833333333334,-0.0024166666666662895,1.808389705434007,-0.00015539263250519012
2026-06-02 20:45:00,1.8054333333333328,-0.0011500000000006505,1.8084275258159275,3.782038192046762e-05
2026-06-02 20:50:00,1.8060000000000005,0.0005666666666677145,1.804950638765196,-0.0004826945681369262
2026-06-02 20:55:00,1.8062033898305083,0.00020338983050782744,1.8049835743390317,3.2935573835852515e-05
2026-06-02 21:00:00,1.8012499999999994,-0.00495338983050897,1.8049623355364088,-2.1238802622813415e-05
2026-06-02 21:05:00,1.8012666666666663,1.6666666666997898e-05,1.80486934655829,-9.298897811898137e-05
2026-06-02 21:10:00,1.8057333333333334,0.004466666666667063,1.804883627747672,1.4281189382111224e-05
2026-06-02 21:15:00,1.8021666666666671,-0.003566666666666274,1.8030696619733109,-0.002663671360022645
2026-06-02 21:20:00,1.7982166666666675,-0.003949999999999676,1.80212923137433,-0.0009404305989807769
2026-06-02 21:25:00,1.7998833333333342,0.0016666666666667052,1.801973601549272,-0.00015562982505797654
2026-06-02 21:30:00,1.799366666666667,-0.0005166666666671649,1.8014369922223263,-0.0005366093269457694
2026-06-02 21:35:00,1.7986833333333334,-0.0006833333333335911,1.8011079823714122,-0.00032900985091392125
2026-06-02 21:40:00,1.7985254237288135,-0.00015790960451989022,1.797674575251327,-0.0010087580820064594
2026-06-02 21:45:00,1.7975333333333343,-0.000992090395479206,1.7975824603282478,-9.211492307918089e-05
2026-06-02 21:50:00,1.7949666666666675,-0.002566666666666828,1.7971629137377865,-0.00041954659046128867
2026-06-02 21:55:00,1.7937833333333335,-0.0011833333333339802,1.7971865481328901,2.3634395103690865e-05
2026-06-02 22:00:00,1.7900833333333332,-0.0037000000000002586,1.7969969991542847,-0.0001895489786054066
2026-06-02 22:05:00,1.7930166666666671,0.0029333333333338985,1.7904255599326464,0.0003422265993130483
2026-06-02 22:10:00,1.7900666666666667,-0.0029500000000004523,1.7907485711227045,0.0003230111900582205
2026-06-02 22:15:00,1.7852500000000004,-0.004816666666666247,1.7911861453054605,0.0004375741827559387
2026-06-02 22:20:00,1.7844166666666677,-0.0008333333333327975,1.7907998223022934,-0.00038632300316714785
2026-06-02 22:25:00,1.7859500000000006,0.0015333333333329424,1.7905578472024637,-0.00024197509982961724
2026-06-02 22:30:00,1.7882711864406784,0.0023211864406778027,1.7846726508460369,-0.001277349153963674
2026-06-02 22:35:00,1.7839333333333334,-0.004337853107345024,1.784294548610746,-0.0003781022352909274
2026-06-02 22:40:00,1.7884333333333338,0.004500000000000393,1.784349711176063,5.516256531696908e-05
2026-06-02 22:45:00,1.7853333333333332,-0.0031000000000005468,1.7844123599614665,6.264878540352767e-05
2026-06-02 22:50:00,1.788033333333334,0.002700000000000813,1.7840413574203309,-0.00037100254113560914
2026-06-02 22:55:00,1.7870500000000005,-0.000983333333333558,1.784258952684152,-0.0037743806491821546
2026-06-02 23:00:00,1.7843000000000002,-0.0027500000000002522,1.7843360289382446,7.707625409276308e-05
2026-06-02 23:05:00,1.7879333333333343,0.0036333333333340434,1.7842921472282214,-4.388171002322649e-05
2026-06-02 23:10:00,1.7839666666666676,-0.003966666666666674,1.7840986856116536,-0.0001934616165678646
2026-06-02 23:15:00,1.7914000000000005,0.007433333333332959,1.7845261606857445,0.00042747507409090363
2026-06-02 23:20:00,1.7892833333333342,-0.0021166666666663225,1.7854451888622593,-0.005954811137741106
2026-06-02 23:25:00,1.7946440677966111,0.005360734463276895,1.7841500764604772,-0.0012951124017822801
2026-06-02 23:30:00,1.7852833333333338,-0.009360734463277343,1.784254963574243,0.00010488711376598033
2026-06-02 23:35:00,1.7762333333333336,-0.009050000000000225,1.783601349952725,-0.0006536136215182036
2026-06-02 23:40:00,1.7784833333333332,0.002249999999999641,1.7835041027650393,-9.72471876856634e-05
2026-06-02 23:45:00,1.7756666666666674,-0.0028166666666658013,1.7797728480407082,0.0012895147073751325
2026-06-02 23:50:00,1.7649000000000006,-0.010766666666666813,1.7792200250460453,-0.0005528229946630847
2026-06-02 23:55:00,1.767033333333334,0.0021333333333333204,1.7796782057544895,0.00045818070844431865
2026-06-03 00:00:00,1.7709833333333338,0.003949999999999898,1.7795595491227054,-0.00011865663178423263
2026-06-03 00:05:00,1.7694333333333334,-0.0015500000000003844,1.779464472917462,-9.507620524324357e-05
2026-06-03 00:10:00,1.7716666666666676,0.0022333333333341976,1.7682920348451283,-0.0011412984882050899
2026-06-03 00:15:00,1.7733559322033896,0.0016892655367219955,1.7690897804681642,0.0007977456230359239
2026-06-03 00:20:00,1.773433333333334,7.740112994447657e-05,1.7688321947436154,-0.0002575857245488009
2026-06-03 00:25:00,1.7697500000000004,-0.003683333333333705,1.7684713719211067,-0.00036082282250868937
2026-06-03 00:30:00,1.7690666666666675,-0.000683333333332925,1.7682650035381198,-0.0002063683829869801
2026-06-03 00:35:00,1.761883333333333,-0.00718333333333443,1.767896887611341,-0.0011697790553263647
2026-06-03 00:40:00,1.7562666666666662,-0.005616666666666825,1.7679490484146423,5.216080330117832e-05
2026-06-03 00:45:00,1.7482666666666666,-0.007999999999999563,1.7682323904574315,0.0002833420427891976
2026-06-03 00:50:00,1.7434915254237293,-0.00477514124293732,1.7677944943891506,-0.000437896068280976
2026-06-03 00:55:00,1.7414999999999994,-0.001991525423729934,1.7678951309997168,0.00010063661056642322
2026-06-03 01:00:00,1.7310666666666665,-0.01043333333333285,1.7441461056819483,0.0026461056819489523
2026-06-03 01:05:00,1.7261333333333335,-0.004933333333333012,1.7446242970916808,0.0004781914097323436
2026-06-03 01:10:00,1.7422333333333333,0.01609999999999978,1.744781793271008,0.00015749617932728883
2026-06-03 01:15:00,1.7354166666666662,-0.006816666666667137,1.7454304934791283,0.0006487002081202405
2026-06-03 01:20:00,1.7067457627118638,-0.028670903954802318,1.7451547057767967,-0.0002757877023314823
2026-06-03 01:25:00,1.6915333333333333,-0.015212429378530512,1.7217950455027813,0.015049282790917462
2026-06-03 01:30:00,1.6615833333333339,-0.029949999999999477,1.722397845827833,0.0006028003250517971
2026-06-03 01:35:00,1.6411833333333337,-0.020400000000000196,1.7185749451989198,-0.003822900628913364
2026-06-03 01:40:00,1.586383333333333,-0.054800000000000626,1.7210980391613382,0.0025230939624185443
2026-06-03 01:45:00,1.6346166666666662,0.04823333333333313,1.7209375377709881,-0.00016050139035027024
2026-06-03 01:50:00,1.7229833333333333,0.08836666666666715,1.630941210939171,-0.0036754557274951386
2026-06-03 01:55:00,1.7202542372881349,-0.0027290960451984425,1.6253865815046524,-0.005554629434518637
2026-06-03 02:00:00,1.7169333333333325,-0.0033209039548023345,1.6260621742278247,0.0006755927231724549
2026-06-03 02:05:00,1.7229333333333325,0.006000000000000005,1.6254231882924888,-0.0006389859353361335
2026-06-03 02:10:00,1.7206166666666658,-0.0023166666666667446,1.6251187926819755,-0.00030439561051316466
2026-06-03 02:15:00,1.7175833333333332,-0.003033333333332555,1.692015323296356,-0.02860134337030985
2026-06-03 02:20:00,1.7159499999999994,-0.0016333333333338196,1.690589359926956,-0.0014259633694000925
2026-06-03 02:25:00,1.7174745762711863,0.0015245762711868505,1.6845366406861921,-0.006052719240763609
2026-06-03 02:30:00,1.7194999999999996,0.0020254237288133137,1.6797630547464437,-0.004773585939748621
2026-06-03 02:35:00,1.7142833333333327,-0.005216666666666869,1.6791504845352214,-0.0006125702112222192
2026-06-03 02:40:00,1.715849999999999,0.001566666666666272,1.7007129369517926,-0.013570396381540034
2026-06-03 02:45:00,1.7121500000000003,-0.0036999999999987043,1.7020787832586206,0.0013658463068279222
2026-06-03 02:50:00,1.6939999999999997,-0.018150000000000555,1.6999908110641417,-0.0020879721944788315
2026-06-03 02:55:00,1.682101694915255,-0.011898305084744765,1.6993336865903363,-0.0006571244738053286
2026-06-03 03:00:00,1.6654166666666668,-0.016685028248588196,1.6991399582263411,-0.00019372836399542473
2026-06-03 03:05:00,1.664266666666667,-0.0011499999999997623,1.6820367690685485,0.016620102401881633
2026-06-03 03:10:00,1.6660333333333333,0.00176666666666625,1.6832822374053176,0.00124546833676923
2026-06-03 03:15:00,1.6665500000000006,0.0005166666666673869,1.6819055256503186,-0.0013767117549991334
2026-06-03 03:20:00,1.6537833333333336,-0.012766666666667037,1.6849144122879731,0.0030088866376545655
2026-06-03 03:25:00,1.647816666666667,-0.005966666666666676,1.6845364211623974,-0.0003779911255756872
2026-06-03 03:30:00,1.6337966101694916,-0.014020056497175304,1.6561581578900595,0.008341491223392613
2026-06-03 03:35:00,1.622783333333333,-0.011013276836158603,1.6567100001714483,0.0005518422813888691
2026-06-03 03:40:00,1.6200999999999994,-0.002683333333333593,1.656373773778758,-0.00033622639269043596
2026-06-03 03:45:00,1.5866666666666664,-0.03343333333333298,1.6577762417733497,0.001402467994591753
2026-06-03 03:50:00,1.5817,-0.004966666666666342,1.657283667605477,-0.0004925741678727929
2026-06-03 03:55:00,1.5772166666666665,-0.004483333333333617,1.6026707383454686,0.02097073834546846
2026-06-03 04:00:00,1.5757166666666669,-0.0014999999999996128,1.6044009103477277,0.001730172002259104
2026-06-03 04:05:00,1.572466666666667,-0.003249999999999975,1.6036416881367421,-0.000759222210985436
2026-06-03 04:10:00,1.5815932203389833,0.009126553672316406,1.6062536541464478,0.0026119660097055778
2026-06-03 04:15:00,1.6103166666666655,0.0287234463276822,1.6070243047698178,0.0007706506233700252
2026-06-03 04:20:00,1.6760499999999996,0.06573333333333409,1.5807186941691815,-0.029597972497483912
2026-06-03 04:25:00,1.6814,0.00535000000000041,1.5838166718641264,0.003097977694944903
2026-06-03 04:30:00,1.674800000000001,-0.006599999999999051,1.5833588980203352,-0.000457773843791166
2026-06-03 04:35:00,1.6682372881355936,-0.006562711864407378,1.5776461877143977,-0.0057127103059377415
2026-06-03 04:40:00,1.6653666666666664,-0.002870621468927137,1.579653366069348,0.002007178354950429
2026-06-03 04:45:00,1.6717500000000003,0.0063833333333338516,1.6409828626967906,-0.024383803969875932
2026-06-03 04:50:00,1.6655833333333334,-0.006166666666666876,1.6408077859406698,-0.0001750767561207098
2026-06-03 04:55:00,1.6564833333333338,-0.009099999999999664,1.636868985377827,-0.00393880056284267
2026-06-03 05:00:00,1.6557500000000003,-0.0007333333333334746,1.6347776115780024,-0.0020913737998247504
2026-06-03 05:05:00,1.6445666666666672,-0.011183333333333101,1.633981431692433,-0.000796179885569266
2026-06-03 05:10:00,1.6389666666666673,-0.005599999999999827,1.64369083028004,-0.0008758363866272751
2026-06-03 05:15:00,1.6358813559322039,-0.003085310734463498,1.6453251534091884,0.001634323129148546
2026-06-03 05:20:00,1.6295333333333326,-0.006348022598871239,1.6449285095093877,-0.00039664389980069355
2026-06-03 05:25:00,1.6274166666666658,-0.0021166666666667666,1.6448378786691624,-9.063084022538485e-05
2026-06-03 05:30:00,1.6214333333333326,-0.0059833333333332295,1.6447770540285769,-6.082464058551958e-05
2026-06-03 05:35:00,1.6146833333333328,-0.006749999999999812,1.6254655893816232,0.0040322560482906255
2026-06-03 05:40:00,1.6056333333333335,-0.009049999999999336,1.6259230927045338,0.00045750332291053875
2026-06-03 05:45:00,1.598749999999999,-0.006883333333334463,1.6261996222708464,0.0002765295663125555
2026-06-03 05:50:00,1.6013333333333326,0.002583333333333604,1.626451295100926,0.00025167283007959294
2026-06-03 05:55:00,1.59885,-0.0024833333333325047,1.6264466657336665,-4.629367259440076e-06
2026-06-03 06:00:00,1.6045999999999991,0.005749999999999034,1.6010971029547685,0.0022471029547683334
2026-06-03 06:05:00,1.5996271186440674,-0.004972881355931769,1.6016802370246852,0.0005831340699166612
2026-06-03 06:10:00,1.60415,0.004522881355932595,1.6019799778248565,0.0002997408001713187
2026-06-03 06:15:00,1.599283333333333,-0.004866666666667019,1.6026183352061527,0.0006383573812963523
2026-06-03 06:20:00,1.603233333333334,0.003950000000001008,1.6024786705426055,-0.00013966466354729356
2026-06-03 06:25:00,1.6078166666666667,0.0045833333333327175,1.5992528217041833,-0.003980511629150638
2026-06-03 06:30:00,1.6111500000000005,0.0033333333333338544,1.5990898749584848,-0.00016294674569847814
2026-06-03 06:35:00,1.6064666666666665,-0.004683333333334039,1.599082946043391,-6.928915093799536e-06
2026-06-03 06:40:00,1.606133333333333,-0.00033333333333351867,1.598996397392681,-8.654865070989927e-05
2026-06-03 06:45:00,1.6067333333333336,0.0006000000000006,1.5993180512891239,0.00032165389644274337
2026-06-03 06:50:00,1.6072666666666668,0.0005333333333332746,1.6032033452140517,-0.003529988119281861
2026-06-03 06:55:00,1.613152542372881,0.005885875706214128,1.6036486176490377,0.00044527243498596747
2026-06-03 07:00:00,1.6146166666666661,0.001464124293785174,1.6035000163133195,-0.00014860133571824302
2026-06-03 07:05:00,1.6177999999999997,0.003183333333333538,1.6033634735241624,-0.0001365427891569585
2026-06-03 07:10:00,1.6179999999999997,0.00019999999999997797,1.6034022812814623,3.880775729980442e-05
2026-06-03 07:15:00,1.6140666666666659,-0.003933333333333788,1.6098547692791272,-0.00814523072087241
2026-06-03 07:20:00,1.6172333333333329,0.003166666666666984,1.6108426801184272,0.0009879108392999798
2026-06-03 07:25:00,1.6159333333333339,-0.0012999999999989686,1.6105435374277277,-0.0002991426906995353
2026-06-03 07:30:00,1.5891333333333328,-0.026800000000001045,1.6098516102987461,-0.0006919271289815198
2026-06-03 07:35:00,2.5868305084745775,0.9976971751412447,1.6098825935102294,3.0983211483316195e-05
2026-06-03 07:40:00,2.6412000000000004,0.05436949152542292,2.578266453440803,-0.0085640550337748
2026-06-03 07:45:00,2.600383333333333,-0.04081666666666761,2.5820014241267755,0.003734970685972708
2026-06-03 07:50:00,2.6809166666666675,0.08053333333333468,2.577953867034995,-0.004047557091780414
2026-06-03 07:55:00,1.0341833333333335,-1.646733333333334,2.5784361903187554,0.00048232328376051665
2026-06-03 08:00:00,1.8953220338983046,0.8611387005649711,2.5779446435992903,-0.0004915467194652315
2026-06-03 08:05:00,2.6883333333333326,0.793011299435028,1.8744867129288132,-0.020835320969491464
2026-06-03 08:10:00,2.6754166666666674,-0.012916666666665133,1.877618267827793,0.0031315548989798957
2026-06-03 08:15:00,2.684516666666667,0.009099999999999664,1.875714637580973,-0.0019036302468199103
2026-06-03 08:20:00,2.686233333333334,0.0017166666666668107,1.8705462523150458,-0.005168385265927288
2026-06-03 08:25:00,2.6917499999999994,0.005516666666665504,1.8723395759866113,0.0017933236715654863
2026-06-03 08:30:00,2.6919333333333335,0.0001833333333340903,2.6682554777067784,-0.02349452229322101
2026-06-03 08:35:00,2.689266666666667,-0.002666666666666373,2.665601546472219,-0.002653931234559449
2026-06-03 08:40:00,2.691516666666667,0.002249999999999641,2.6645689070022844,-0.0010326394699346046
2026-06-03 08:45:00,2.6929830508474577,0.001466384180790925,2.6637039906400015,-0.0008649163622829206
2026-06-03 08:50:00,2.6822999999999992,-0.010683050847458464,2.6636342546603893,-6.97359796123029e-05
2026-06-03 08:55:00,2.680666666666666,-0.0016333333333333755,2.6802113097955726,-0.0020886902044264595
2026-06-03 09:00:00,2.6805666666666665,-9.999999999932285e-05,2.681194532912848,0.0009832231172752378
2026-06-03 09:05:00,2.6832833333333332,0.0027166666666667005,2.680797070999927,-0.0003974619129209016
2026-06-03 09:10:00,2.6883333333333317,0.005049999999998445,2.680843511253663,4.6440253735509135e-05
2026-06-03 09:15:00,2.7171999999999996,0.02886666666666793,2.6814919277344975,0.0006484164808347436
2026-06-03 09:20:00,2.723166666666667,0.005966666666667564,2.6842463155119263,-0.03295368448807328
2026-06-03 09:25:00,2.725266666666666,0.0020999999999986585,2.686320465055516,0.002074149543589904
2026-06-03 09:30:00,2.7178813559322035,-0.007385310734462358,2.686659371075278,0.0003389060197619286
2026-06-03 09:35:00,2.717949999999999,6.864406779572008e-05,2.680313249268048,-0.006346121807230381
2026-06-03 09:40:00,2.717516666666666,-0.00043333333333306356,2.6824182317736844,0.0021049825056367578
2026-06-03 09:45:00,2.7146166666666653,-0.002900000000000791,2.7078721978660805,-0.009644468800585506
2026-06-03 09:50:00,2.7146333333333326,1.6666666667219943e-05,2.708537439849176,0.0006652419830952888
2026-06-03 09:55:00,2.7146666666666666,3.3333333333995796e-05,2.707900676810006,-0.0006367630391699588
2026-06-03 10:00:00,2.7121333333333317,-0.0025333333333348307,2.7076236109030076,-0.00027706590699829776
2026-06-03 10:05:00,2.7127666666666665,0.0006333333333348179,2.7075922038876623,-3.140701534548562e-05
2026-06-03 10:10:00,2.71365,0.0008833333333333471,2.70921957799906,-0.0035470886676063043
2026-06-03 10:15:00,2.708372881355931,-0.005277118644068768,2.710040994799639,0.0008214168005788118
2026-06-03 10:20:00,2.709116666666666,0.0007437853107350456,2.7098521788620293,-0.00018881593760987998
2026-06-03 10:25:00,2.6971499999999997,-0.011966666666666459,2.7095679323112405,-0.00028424655078876235
2026-06-03 10:30:00,2.704933333333332,0.007783333333332365,2.7094622720849544,-0.0001056602262861097
2026-06-03 10:35:00,2.7045833333333325,-0.0003499999999996284,2.702447060592237,-0.00248627274109522
2026-06-03 10:40:00,2.7015999999999996,-0.0029833333333328937,2.7024819398695707,3.4879277333966125e-05
2026-06-03 10:45:00,2.6992166666666666,-0.00238333333333296,2.7032411491863373,0.000759209316766438
2026-06-03 10:50:00,2.6972333333333323,-0.001983333333334336,2.702938518635668,-0.0003026305506696567
2026-06-03 10:55:00,2.698183333333333,0.0009500000000008946,2.703166802981688,0.0002282843460206456
2026-06-03 11:00:00,2.702135593220339,0.003952259887005649,2.6967075245993377,-0.0014758087339954038
2026-06-03 11:05:00,2.6931333333333334,-0.009002259887005426,2.6970881885000666,0.0003806639007290211
2026-06-03 11:10:00,2.6987333333333345,0.00560000000000116,2.69713640934012,4.822084005344664e-05
2026-06-03 11:15:00,2.696516666666667,-0.0022166666666674217,2.697692036078668,0.0005556267385479961
2026-06-03 11:20:00,2.694616666666666,-0.001900000000000901,2.697530586491935,-0.00016144958673339394
2026-06-03 11:25:00,2.695783333333334,0.0011666666666676484,2.693060439689314,-0.001556226977352352
2026-06-03 11:30:00,2.6947333333333336,-0.0010500000000002174,2.693121254656907,6.081496759336037e-05
2026-06-03 11:35:00,2.6935166666666666,-0.0012166666666670878,2.693106495992809,-1.4758664098598985e-05
2026-06-03 11:40:00,2.691416666666667,-0.0020999999999995467,2.693181747403362,7.525141055332006e-05
2026-06-03 11:45:00,2.6958644067796604,0.004447740112993426,2.6935724973304582,0.0003907499270962262
2026-06-03 11:50:00,2.6976333333333327,0.0017689265536722232,2.6919236275026743,-0.003940779276986244
2026-06-03 11:55:00,2.6870666666666665,-0.010566666666666169,2.692345068315007,0.00042144081233267034
2026-06-03 12:00:00,2.687133333333334,6.66666666675475e-05,2.692188855723771,-0.0001562125912358544
2026-06-03 12:05:00,2.68855,0.0014166666666661776,2.692042212631436,-0.00014664309233530657
2026-06-03 12:10:00,2.6873666666666676,-0.001183333333332648,2.6921108242695815,6.861163814594305e-05
2026-06-03 12:15:00,2.687733333333334,0.00036666666666640424,2.686354178419426,-0.001012488247241326
2026-06-03 12:20:00,2.686166666666667,-0.0015666666666671603,2.68651902905348,0.00016485063405386092
2026-06-03 12:25:00,2.683866666666667,-0.0022999999999999687,2.686366537150953,-0.00015249190252721175
2026-06-03 12:30:00,2.6868983050847453,0.0030316384180784084,2.6861585084046786,-0.0002080287462743769
2026-06-03 12:35:00,2.6864333333333335,-0.00046497175141180236,2.686085256577861,-7.325182681764912e-05
2026-06-03 12:40:00,2.687466666666667,0.0010333333333334416,2.683579659408013,-0.0028536739253202693
2026-06-03 12:45:00,2.6833666666666662,-0.004100000000000659,2.6841633837699814,0.0005837243619684033
2026-06-03 12:50:00,2.683033333333334,-0.00033333333333240844,2.683771797033438,-0.0003915867365435512
2026-06-03 12:55:00,2.6837,0.0006666666666661492,2.6838497492430706,7.795220963276769e-05
2026-06-03 13:00:00,2.69185,0.008150000000000102,2.6837475993902182,-0.00010214985285261886
2026-06-03 13:05:00,2.685733333333334,-0.006116666666665882,2.6840890519469287,-0.007760948053071325
2026-06-03 13:10:00,2.6908166666666675,0.005083333333333329,2.6847406195877004,0.0006515676407715913
2026-06-03 13:15:00,2.694271186440678,0.003454519774010567,2.6853692637961593,0.0006286442084590496
2026-06-03 13:20:00,2.684833333333332,-0.009437853107346239,2.6840703016729734,-0.0012989621231858709
2026-06-03 13:25:00,2.686066666666667,0.001233333333335196,2.6842679244553906,0.00019762278241716412
2026-06-03 13:30:00,2.686799999999999,0.0007333333333319203,2.6841362228982355,-0.00193044376843142
2026-06-03 13:35:00,2.68785,0.0010500000000011056,2.68425269324373,0.0001164703454944067
2026-06-03 13:40:00,2.6859000000000006,-0.0019499999999994522,2.6845138728955957,0.0002611796518655944
2026-06-03 13:45:00,2.6907,0.004799999999999471,2.6846765332789375,0.00016266038334190031
2026-06-03 13:50:00,2.6937666666666673,0.003066666666667217,2.684496491207093,-0.00018004207184455667
2026-06-03 13:55:00,2.6888166666666673,-0.00495000000000001,2.6865925364390497,-0.007174130227617701
2026-06-03 14:00:00,2.6904237288135593,0.001607062146891991,2.687355748666774,0.000763212227724413
2026-06-03 14:05:00,2.6879500000000003,-0.0024737288135590063,2.687006887300978,-0.0003488613657960188
2026-06-03 14:10:00,2.6888833333333335,0.0009333333333332305,2.686611071713818,-0.000395815587159812
2026-06-03 14:15:00,2.6922666666666664,0.0033833333333328497,2.68722870214018,0.0006176304263617809
2026-06-03 14:20:00,2.6922333333333337,-3.333333333266353e-05,2.6870148341353075,-0.00525183253135866
2026-06-03 14:25:00,2.693383333333333,0.0011499999999990962,2.6865628007395728,-0.0004520333957349904
2026-06-03 14:30:00,2.691,-0.00238333333333296,2.6864741362032745,-8.866453629830658e-05
2026-06-03 14:35:00,2.6871166666666664,-0.0038833333333334608,2.6859922324928407,-0.0004819037104337905
2026-06-03 14:40:00,2.690266666666666,0.003149999999999764,2.6861037987521974,0.00011156625935660246
2026-06-03 14:45:00,2.686881355932202,-0.003385310734464131,2.6879073650012106,-0.0023593016654555937
2026-06-03 14:50:00,2.694916666666667,0.00803531073446484,2.687659927929226,-0.00024743707198457806
2026-06-03 14:55:00,2.69455,-0.00036666666666684833,2.6877395520688974,7.962413967128464e-05
2026-06-03 15:00:00,2.6966833333333327,0.0021333333333326543,2.687580514288796,-0.00015903778010119122
2026-06-03 15:05:00,2.6837833333333334,-0.012899999999999245,2.687474992651546,-0.00010552163724980813
2026-06-03 15:10:00,2.692266666666666,0.00848333333333251,2.6852712056232795,0.0014878722899460087
2026-06-03 15:15:00,2.698066666666667,0.005800000000001138,2.6870264436991316,0.0017552380758521387
2026-06-03 15:20:00,2.692683333333333,-0.005383333333333962,2.6865115258665004,-0.0005149178326312372
2026-06-03 15:25:00,2.693016666666667,0.0003333333333337407,2.686879754083216,0.0003682282167159216
2026-06-03 15:30:00,2.6906440677966095,-0.002372598870057363,2.6867956331383844,-8.4120944831724e-05
2026-06-03 15:35:00,2.2108000000000008,-0.4798440677966087,2.689313954427878,-0.001330113368731628
2026-06-03 15:40:00,2.113783333333333,-0.09701666666666764,2.690854879937663,0.0015409255097852948
2026-06-03 15:45:00,2.1145499999999995,0.0007666666666663602,2.691764094268942,0.000909214331278991
2026-06-03 15:50:00,2.1161333333333334,0.0015833333333339361,2.6906133095169,-0.0011507847520422485
2026-06-03 15:55:00,2.113466666666666,-0.002666666666667261,2.6910671394202046,0.0004538299033047815
2026-06-03 16:00:00,2.1163,0.0028333333333336874,2.117505528683078,0.004038862016411927
2026-06-03 16:05:00,2.117316666666666,0.0010166666666662216,2.11802658537766,0.0005210566945821517
2026-06-03 16:10:00,2.1161499999999998,-0.0011666666666663161,2.1184977376223584,0.0004711522446983144
2026-06-03 16:15:00,2.1198644067796604,0.0037144067796606173,2.11940549789333,0.0009077602709713603
2026-06-03 16:20:00,2.120816666666667,0.0009522598870064236,2.118936451843686,-0.00046904604964358734
2026-06-03 16:25:00,2.1148666666666665,-0.005950000000000344,2.114481581667423,-0.006335084999243473
2026-06-03 16:30:00,2.1201333333333334,0.005266666666666975,2.1144863694661717,4.787798748567959e-06
2026-06-03 16:35:00,2.115366666666666,-0.004766666666667252,2.1145382337188114,5.186425263962976e-05
2026-06-03 16:40:00,2.1227833333333335,0.007416666666667293,2.1137542147644175,-0.0007840189543940929
2026-06-03 16:45:00,2.129733333333333,0.006949999999999346,2.113962880926763,0.00020866616234567926
2026-06-03 16:50:00,2.1298,6.666666666710341e-05,2.1182911241543887,-0.011442209178944111
2026-06-03 16:55:00,2.1257166666666674,-0.0040833333333325506,2.119259910691721,0.0009687865373326062
2026-06-03 17:00:00,2.1271016949152535,0.0013850282485861065,2.1190254777146253,-0.00023443297709608841
2026-06-03 17:05:00,2.126016666666666,-0.0010850282485872498,2.1174614020859095,-0.0015640756287157087
2026-06-03 17:10:00,2.1249333333333333,-0.001083333333332881,2.1177159713456177,0.000254569259708299
2026-06-03 17:15:00,2.1268999999999996,0.001966666666666228,2.121995515453248,-0.0029378178800854005
2026-06-03 17:20:00,2.12615,-0.0007499999999995843,2.12171610718319,-0.00027940827005789914
2026-06-03 17:25:00,2.1278333333333337,0.001683333333333703,2.1215171084004134,-0.00019899878277664356
2026-06-03 17:30:00,2.1274833333333336,-0.0003500000000000725,2.1209925795219724,-0.0005245288784409168
2026-06-03 17:35:00,2.1247,-0.002783333333333804,2.1207852242237264,-0.00020735529824592763
2026-06-03 17:40:00,2.1291833333333328,0.004483333333332951,2.1229471166511567,-0.0017528833488432425
2026-06-03 17:45:00,2.127,-0.002183333333332982,2.1231966847320147,0.00024956808085808746
2026-06-03 17:50:00,2.129783333333333,0.00278333333333336,2.1225959500411915,-0.0006007346908231213
2026-06-03 17:55:00,2.1233666666666666,-0.006416666666666515,2.122762344505284,0.00016639446409238715
2026-06-03 18:00:00,2.126683333333333,0.0033166666666661904,2.122636993315314,-0.00012535118996999573
2026-06-03 18:05:00,2.1272333333333333,0.0005500000000004945,2.1233887763950454,-0.003294556938287204
2026-06-03 18:10:00,2.1245499999999997,-0.002683333333333593,2.1237377796443107,0.0003490032492652449
2026-06-03 18:15:00,2.1239166666666676,-0.0006333333333321534,2.1242987954258417,0.0005610157815308847
2026-06-03 18:20:00,2.1258,0.0018833333333323488,2.1235096856613653,-0.0007891097644764274
2026-06-03 18:25:00,2.1246271186440673,-0.0011728813559326312,2.123389245073528,-0.00012044058783703685
2026-06-03 18:30:00,2.1217999999999995,-0.0028271186440678164,2.122119317112779,-0.0025078015312886208
2026-06-03 18:35:00,2.1223666666666667,0.0005666666666672704,2.121846098314816,-0.0002732187979628765
2026-06-03 18:40:00,2.1237166666666663,0.0013499999999995183,2.1218921514016915,4.6053086875876394e-05
2026-06-03 18:45:00,2.1213,-0.0024166666666660674,2.121707460825534,-0.0001846905761578521
2026-06-03 18:50:00,2.1221499999999995,0.0008499999999993513,2.121246528393292,-0.00046093243224200326
2026-06-03 18:55:00,2.1253,0.0031500000000006523,2.1198045913262686,-0.0023454086737306878
2026-06-03 19:00:00,2.1250166666666668,-0.00028333333333341315,2.1200939214146692,0.0002893300884002136
2026-06-03 19:05:00,2.1210333333333335,-0.003983333333333228,2.119975499389011,-0.00011842202565808556
2026-06-03 19:10:00,2.1233050847457626,0.0022717514124290794,2.1198704382959908,-0.00010506109302012709
2026-06-03 19:15:00,2.1213999999999995,-0.0019050847457631193,2.1203733021650155,0.0005028638690246855
2026-06-03 19:20:00,2.1231999999999998,0.0018000000000002458,2.119903566120651,-0.001496433879348274
2026-06-03 19:25:00,2.122883333333333,-0.00031666666666696486,2.119126741821441,-0.0007768242992106681
2026-06-03 19:30:00,2.1232166666666665,0.0003333333333337407,2.1189489121694782,-0.00017782965196243538
2026-06-03 19:35:00,2.1214833333333334,-0.0017333333333331424,2.1185599373494455,-0.0003889748200324421
2026-06-03 19:40:00,2.119666666666666,-0.0018166666666674658,2.1184674463333284,-9.249101611715373e-05
2026-06-03 19:45:00,2.123599999999999,0.0039333333333329,2.1193867711394385,-0.00027989552722745744
2026-06-03 19:50:00,2.1277,0.004100000000001103,2.118549128481934,-0.0008376426575044126
2026-06-03 19:55:00,2.123220338983051,-0.004479661016949077,2.1188515101476293,0.0003023816656950521
2026-06-03 20:00:00,2.1294333333333335,0.0062129943502826634,2.1186502781489573,-0.00020123199867193444
2026-06-03 20:05:00,2.125316666666666,-0.0041166666666674345,2.1184853617403,-0.0001649164086569918
2026-06-03 20:10:00,2.1281,0.002783333333333804,2.1227171932972637,-0.0025994733694023253
2026-06-03 20:15:00,2.1295666666666664,0.0014666666666665051,2.1238049593638824,0.0010877660666187166
2026-06-03 20:20:00,2.125233333333333,-0.0043333333333333,2.1230841385868104,-0.0007208207770720609
2026-06-03 20:25:00,2.130566666666667,0.005333333333334078,2.12256894670776,-0.0005151918790505745
2026-06-03 20:30:00,2.1350333333333333,0.004466666666666175,2.122382324520022,-0.00018662218773808187
2026-06-03 20:35:00,2.132833333333333,-0.002200000000000202,2.126426928763225,-0.00860640457010845
2026-06-03 20:40:00,2.133677966101695,0.000844632768361997,2.1258478977246815,-0.0005790310385431846
2026-06-03 20:45:00,2.13585,0.0021720338983048926,2.126431542412972,0.0005836446882904159
2026-06-03 20:50:00,2.131866666666667,-0.003983333333333228,2.12431619616892,-0.002115346244051968
2026-06-03 20:55:00,2.1291333333333338,-0.0027333333333330323,2.124900857807019,0.0005846616380987895
2026-06-03 21:00:00,2.1301666666666668,0.0010333333333329975,2.128168692721583,-0.0009646406117511177
2026-06-03 21:05:00,2.14875,0.018583333333333396,2.1284017451900272,0.0002330524684446561
2026-06-03 21:10:00,2.13555,-0.013200000000000323,2.1284364925789614,3.4747388934146335e-05
2026-06-03 21:15:00,2.113599999999999,-0.021950000000000802,2.1288330389193466,0.0003965463403851346
2026-06-03 21:20:00,2.132406779661018,0.018806779661018957,2.128434688482932,-0.00039835043641462845
2026-06-03 21:25:00,2.1346333333333334,0.00222655367231539,2.1300049219276542,-0.0024018577333636175
2026-06-03 21:30:00,2.1370166666666672,0.002383333333333848,2.1274793918656405,-0.002525530062013982
2026-06-03 21:35:00,2.131166666666667,-0.005850000000000133,2.128067691313329,0.0005882994476886915
2026-06-03 21:40:00,2.13145,0.00028333333333296906,2.1278548851377637,-0.00021280617556547888
2026-06-03 21:45:00,2.132283333333334,0.0008333333333339077,2.1277939325184883,-6.09526192753023e-05
2026-06-03 21:50:00,2.134133333333333,0.0018499999999992411,2.129864808401548,-0.00241852493178591
2026-06-03 21:55:00,2.1399833333333333,0.005850000000000133,2.1301536314952716,0.000288823093723455
2026-06-03 22:00:00,2.1337666666666673,-0.006216666666666093,2.1302542265407602,0.00010059504548857778
2026-06-03 22:05:00,2.1450000000000005,0.011233333333333206,2.130038362947337,-0.00021586359342297
2026-06-03 22:10:00,2.1382833333333333,-0.006716666666667148,2.130073919659312,3.555671197494964e-05
2026-06-03 22:15:00,2.134533333333334,-0.003749999999999254,2.135952085724627,-0.0023312476087064713
2026-06-03 22:20:00,2.133333333333333,-0.0012000000000012,2.136933732044463,0.0009816463198359202
2026-06-03 22:25:00,2.135100000000001,0.0017666666666680264,2.1362547197806836,-0.000679012263779149
2026-06-03 22:30:00,2.1336333333333335,-0.0014666666666673933,2.1355342594065463,-0.000720460374137404
2026-06-03 22:35:00,2.1365166666666666,0.002883333333333127,2.135427871086351,-0.00010638832019531454
2026-06-03 22:40:00,2.1353166666666668,-0.0011999999999998678,2.1330050435643515,-0.003511623102315089
2026-06-03 22:45:00,2.135593220338983,0.00027655367231638195,2.1326288798913113,-0.0003761636730400749
2026-06-03 22:50:00,2.138183333333333,0.002590112994349969,2.1325136908788664,-0.00011518901244518384
2026-06-03 22:55:00,2.1349666666666662,-0.0032166666666668675,2.1322643006546755,-0.0002493902241907088
2026-06-03 23:00:00,2.136183333333333,0.0012166666666666437,2.1321095512735018,-0.0001547493811736471
2026-06-03 23:05:00,2.1379333333333337,0.0017500000000008065,2.132960333546273,-0.003222999787059677
2026-06-03 23:10:00,2.1383500000000004,0.0004166666666667318,2.13320898832395,0.0002486547776769668
2026-06-03 23:15:00,2.1354,-0.00295000000000023,2.1337405792056257,0.0005315908816755384
2026-06-03 23:20:00,2.1378166666666676,0.0024166666666673997,2.1330422738987056,-0.0006983053069200422
2026-06-03 23:25:00,2.136416666666667,-0.001400000000000734,2.132805113458785,-0.0002371604399206549
2026-06-03 23:30:00,2.137203389830509,0.0007867231638423178,2.1337370275155396,-0.002679639151127086
2026-06-03 23:35:00,2.1403333333333334,0.0031299435028242506,2.133493526386458,-0.00024350112908150408
2026-06-03 23:40:00,2.135483333333333,-0.004850000000000243,2.1336005549726322,0.00010702858617413861
2026-06-03 23:45:00,2.1375,0.0020166666666669997,2.1335185585497203,-8.19964229122578e-05
2026-06-03 23:50:00,2.1347666666666663,-0.0027333333333339205,2.133226919418361,-0.00029163913135898814
2026-06-03 23:55:00,2.1385333333333336,0.003766666666667362,2.1334118695309794,-0.0013547971356867494
2026-06-04 00:00:00,2.139433333333334,0.000900000000000567,2.1336429964231742,0.00023112689219466462
2026-06-04 00:05:00,2.1364000000000005,-0.0030333333333336654,2.1335800554562887,-6.294096688539846e-05
2026-06-04 00:10:00,2.135999999999999,-0.0004000000000017323,2.133522445105308,-5.7610350980709854e-05
2026-06-04 00:15:00,2.1377627118644065,0.0017627118644076845,2.133962151456079,0.00043970635077086775
2026-06-04 00:20:00,2.1401499999999998,0.0023872881355933018,2.1347583458360524,-0.0030043660283541997
2026-06-04 00:25:00,2.1384333333333334,-0.0017166666666663666,2.1340135678520236,-0.0007447779840285456
2026-06-04 00:30:00,2.1361833333333333,-0.0022500000000000853,2.133931301718883,-8.226613314085963e-05
2026-06-04 00:35:00,2.13775,0.0015666666666667162,2.1335300652551035,-0.00040123646377955054
2026-06-04 00:40:00,2.1412666666666667,0.0035166666666666124,2.1335047024189358,-2.53628361677061e-05
2026-06-04 00:45:00,2.1404,-0.0008666666666665712,2.1368956313281218,-0.004371035338544871
2026-06-04 00:50:00,2.1391833333333334,-0.0012166666666666437,2.136322152648108,-0.0005734786800136026
2026-06-04 00:55:00,2.1425666666666667,0.0033833333333332938,2.13652021866901,0.00019806602090162914
2026-06-04 01:00:00,2.1395084745762714,-0.003058192090395373,2.1360648429796125,-0.0004553756893972653
2026-06-04 01:05:00,2.1389333333333336,-0.0005751412429377822,2.1359601620317377,-0.00010468094787490025
2026-06-04 01:10:00,2.1421333333333337,0.0032000000000000917,2.136892809184691,-0.0020405241486428985
2026-06-04 01:15:00,2.1398166666666665,-0.0023166666666671887,2.137557403290458,0.000664594105767309
2026-06-04 01:20:00,2.137983333333333,-0.0018333333333333535,2.137244274051032,-0.00031312923942599367
2026-06-04 01:25:00,2.143716666666667,0.005733333333334034,2.136856599865235,-0.0003876741857968417
2026-06-04 01:30:00,2.141666666666667,-0.0020500000000001073,2.1366547657531734,-0.0002018341120616171
2026-06-04 01:35:00,2.141466666666667,-0.00019999999999997797,2.138353872058504,-0.0033127946081628647
2026-06-04 01:40:00,2.1421500000000004,0.0006833333333333691,2.1386399484202796,0.00028607636177519754
2026-06-04 01:45:00,2.142169491525423,1.9491525422576927e-05,2.1389336769640077,0.000293728543728229
2026-06-04 01:50:00,2.1395,-0.0026694915254230622,2.138289686400386,-0.0006439905636215698
2026-06-04 01:55:00,2.1389833333333343,-0.0005166666666656106,2.1384653643266343,0.00017567792624837455
2026-06-04 02:00:00,2.1397833333333334,0.0007999999999990237,2.1373496602689452,-0.0016336730643889416
2026-06-04 02:05:00,2.145616666666667,0.005833333333333801,2.1375435671113716,0.0001939068424260033
2026-06-04 02:10:00,2.14255,-0.003066666666667217,2.1375676617109662,2.40945995948832e-05
2026-06-04 02:15:00,2.149416666666667,0.006866666666667243,2.137915987813829,0.00034832610286285434
2026-06-04 02:20:00,2.149016666666666,-0.0004000000000012882,2.137637509387513,-0.00027847842631643823
2026-06-04 02:25:00,2.151133333333333,0.0021166666666672107,2.142429691124251,-0.006586975542414819
2026-06-04 02:30:00,2.146949152542373,-0.004184180790959946,2.142530079566426,0.00010038844217524079
2026-06-04 02:35:00,2.144716666666666,-0.002232485875707013,2.1425159084972747,-1.4171069151837343e-05
2026-06-04 02:40:00,2.1451166666666674,0.0004000000000012882,2.1420663125770503,-0.00044959592022419335
2026-06-04 02:45:00,2.1511166666666672,0.005999999999999783,2.1423848531580134,0.00031854058096323837
2026-06-04 02:50:00,2.1496666666666666,-0.0014500000000006175,2.1453216610610704,-0.005795005605596927
2026-06-04 02:55:00,2.1520666666666672,0.002400000000000624,2.145525850327034,0.00020418926596338962
2026-06-04 03:00:00,2.152200000000001,0.00013333333333376274,2.145392461038749,-0.00013338928828441428
2026-06-04 03:05:00,2.1495333333333337,-0.002666666666667261,2.1450596627013785,-0.0003327983373709305
2026-06-04 03:10:00,2.153389830508475,0.00385649717514136,2.1450744357322047,1.4773030826310623e-05
2026-06-04 03:15:00,2.1509666666666662,-0.002423163841808851,2.148987130535724,-0.004402699972750988
2026-06-04 03:20:00,2.149866666666667,-0.0010999999999992127,2.148782891588594,-0.00020423894713038338
2026-06-04 03:25:00,2.1498666666666666,-4.440892098500626e-16,2.1486771294264497,-0.00010576216214395775
2026-06-04 03:30:00,2.1516166666666674,0.0017500000000008065,2.148185176685908,-0.0004919527405420419
2026-06-04 03:35:00,2.1524333333333336,0.0008166666666662437,2.14803534295116,-0.00014983373474781894
2026-06-04 03:40:00,2.1513000000000004,-0.0011333333333332085,2.1487861703738687,-0.003647162959464784
2026-06-04 03:45:00,2.1472333333333333,-0.004066666666667107,2.1491608875703303,0.0003747171964616084
2026-06-04 03:50:00,2.1488000000000005,0.0015666666666671603,2.1489804567112465,-0.00018043085908402118
2026-06-04 03:55:00,2.151508474576272,0.0027084745762713247,2.148840172919909,-0.00014028379133756774
2026-06-04 04:00:00,2.1523333333333334,0.0008248587570616195,2.1486993304881903,-0.00014084243171868214
2026-06-04 04:05:00,2.1502499999999993,-0.002083333333334103,2.147985376840592,-0.004347956492741379
2026-06-04 04:10:00,2.1487666666666665,-0.001483333333332837,2.148451033316215,0.00046565647562262706
2026-06-04 04:15:00,2.1490000000000005,0.00023333333333397377,2.148943614006415,0.0004925806902005811
2026-06-04 04:20:00,2.1486499999999995,-0.00035000000000096065,2.1483451233778994,-0.0005984906285159285
2026-06-04 04:25:00,2.1510517241379308,0.0024017241379312715,2.1482321885019044,-0.00011293487599469818
2026-06-04 04:30:00,2.149551724137932,-0.0014999999999987246,2.1470883566677545,-0.003963367470176207
2026-06-04 04:35:00,2.1495762711864406,2.454704850851641e-05,2.146988331292011,-0.00010002537574356036
2026-06-04 04:40:00,2.1496333333333335,5.706214689293887e-05,2.1471463045224244,0.00015797323041325607
2026-06-04 04:45:00,2.1501500000000004,0.0005166666666669428,2.1471907500748575,4.444555243318764e-05
2026-06-04 04:50:00,2.1481666666666674,-0.001983333333333004,2.147065384294292,-0.00012536578056568322
2026-06-04 04:55:00,2.1479090909090917,-0.00025757575757578977,2.146391936054212,-0.0017747306124554153
2026-06-04 05:00:00,2.1513000000000004,0.003390909090908778,2.146631781640636,0.0002398455864239723
2026-06-04 05:05:00,2.1494000000000004,-0.0019000000000000128,2.1465213981554845,-0.00011038348515171128
2026-06-04 05:10:00,2.150950000000001,0.0015500000000003844,2.1464741730120878,-4.7225143396677436e-05
2026-06-04 05:15:00,2.151203389830509,0.000253389830508155,2.146896540563152,0.00042236755106453156
2026-06-04 05:20:00,2.1512833333333337,7.994350282469753e-05,2.147434032219489,-0.0037693576110201413
2026-06-04 05:25:00,2.151666666666666,0.0003833333333322919,2.1473668921733786,-6.714004611020674e-05
2026-06-04 05:30:00,2.1491833333333337,-0.0024833333333322827,2.1472104815692608,-0.00015641060411807864
2026-06-04 05:35:00,2.155616666666667,0.006433333333333291,2.1469010700298536,-0.00030941153940710584
2026-06-04 05:40:00,2.1521000000000003,-0.0035166666666666124,2.1469816401253814,8.057009552795523e-05
2026-06-04 05:45:00,2.156616666666667,0.004516666666666502,2.149662573893982,-0.0024374261060184734
2026-06-04 05:50:00,2.153166666666668,-0.003449999999999065,2.1502519246352203,0.0005893507412384372
2026-06-04 05:55:00,2.1492333333333344,-0.003933333333333344,2.1500329477872824,-0.000218976847937966
2026-06-04 06:00:00,2.15335593220339,0.004122598870055505,2.1498304389985132,-0.00020250878876919607
2026-06-04 06:05:00,2.155072727272727,0.0017167950693370848,2.1497861273397607,-4.431165875226627e-05
2026-06-04 06:10:00,2.1517500000000003,-0.0033227272727267554,2.1502471568676733,-0.004825570405053669
2026-06-04 06:15:00,2.154033333333333,0.002283333333332749,2.151084105459773,0.0008369485920994151
2026-06-04 06:20:00,2.153633333333333,-0.00039999999999995595,2.151002151985268,-8.19534745046896e-05
2026-06-04 06:25:00,2.154633333333334,0.001000000000000778,2.1505251567214634,-0.0004769952638046232
2026-06-04 06:30:00,2.1610500000000012,0.006416666666667403,2.1504067218527587,-0.00011843486870484985
2026-06-04 06:35:00,2.161086206896552,3.6206896550705636e-05,2.1521513240081087,-0.008898675991892518
2026-06-04 06:40:00,2.1612692307692316,0.00018302387267965514,2.1525267140405546,0.00037539003244573113
2026-06-04 06:45:00,2.1606000000000005,-0.0006692307692310884,2.153189840503252,0.0006631264626977615
2026-06-04 06:50:00,2.156316666666667,-0.004283333333333417,2.1521650487282487,-0.001024791775003406
2026-06-04 06:55:00,2.1567857142857148,0.0004690476190476467,2.152485128652852,0.00032007992460327884
2026-06-04 07:00:00,2.1591875000000003,0.0024017857142855092,2.1545506718006875,-0.0022350424850273143
2026-06-04 07:05:00,2.1589666666666667,-0.0002208333333335588,2.154840162447195,0.00028949064650754205
2026-06-04 07:10:00,2.161716666666666,0.002749999999999364,2.154850387951379,1.0225504184271106e-05
2026-06-04 07:15:00,2.16255,0.0008333333333339077,2.1552667411913227,0.00041635323994359554
2026-06-04 07:20:00,2.1650169491525424,0.002466949152542419,2.155111347962849,-0.00015539322847379471
2026-06-04 07:25:00,2.163000000000001,-0.0020169491525412475,2.1579085546336585,-0.0071083945188841
2026-06-04 07:30:00,2.163733333333334,0.0007333333333328085,2.157929064578402,2.0509944743714564e-05
2026-06-04 07:35:00,2.1649833333333333,0.0012499999999993072,2.157930898358379,1.8337799772179253e-06
2026-06-04 07:40:00,2.1673833333333334,0.0024000000000001798,2.157693813732963,-0.00023708462541619576
2026-06-04 07:45:00,2.16935,0.001966666666666672,2.1580854141573846,0.0003916004244214904
2026-06-04 07:50:00,2.167766666666668,-0.0015833333333321598,2.1628250328792316,-0.006524967120768747
2026-06-04 07:55:00,2.166416666666667,-0.0013500000000008505,2.163485670539348,0.0006606376601169923
2026-06-04 08:00:00,2.167677966101696,0.0012612994350287288,2.1632405910916415,-0.00024507944770711096
2026-06-04 08:05:00,2.167816666666667,0.00013870056497111705,2.162966302353787,-0.0002742887378542579
2026-06-04 08:10:00,2.1638333333333346,-0.0039833333333323395,2.1630432957093912,7.69933556041475e-05
2026-06-04 08:15:00,2.1645666666666665,0.0007333333333319203,2.1628670818868097,-0.0009662514465250096
2026-06-04 08:20:00,2.169583333333334,0.0050166666666675575,2.1632729213713473,0.0004058394845377251
2026-06-04 08:25:00,2.1649333333333334,-0.004650000000000709,2.163036952412369,-0.00023596895897849083
2026-06-04 08:30:00,2.162850000000001,-0.0020833333333323267,2.16283964234527,-0.00019731006709901598
2026-06-04 08:35:00,2.1653000000000007,0.002449999999999619,2.162784993224041,-5.46491212289378e-05
2026-06-04 08:40:00,2.165118644067798,-0.0001813559322028091,2.1624981625898525,-0.002801837410148132
2026-06-04 08:45:00,2.165966666666667,0.0008480225988689583,2.162994145352935,0.0004959827630821386
2026-06-04 08:50:00,2.1601833333333342,-0.005783333333332585,2.1628824013635284,-0.0001117439894064077
2026-06-04 08:55:00,2.156116666666667,-0.004066666666667107,2.1628923684697483,9.967106220183184e-06
2026-06-04 09:00:00,2.159300000000001,0.00318333333333376,2.1628708251370354,-2.154333271315097e-05
2026-06-04 09:05:00,2.1581500000000005,-0.0011500000000004285,2.157315074450661,-0.0019849255493402163
2026-06-04 09:10:00,2.157716666666667,-0.00043333333333350765,2.1577015395806094,0.00038646512994885485
2026-06-04 09:15:00,2.157533333333333,-0.0001833333333340903,2.158279286423844,0.0005777468432346855
2026-06-04 09:20:00,2.158677966101695,0.001144632768362186,2.1580638206830733,-0.00021546574077077
2026-06-04 09:25:00,2.159933333333334,0.001255367231638882,2.1579680555340643,-9.576514900905889e-05
2026-06-04 09:30:00,2.1572666666666667,-0.002666666666667261,2.1556642295268755,-0.004269103806458305
2026-06-04 09:35:00,2.1579833333333336,0.0007166666666669208,2.155732756113737,6.852658686111603e-05
2026-06-04 09:40:00,2.157733333333333,-0.0002500000000007496,2.155933276062679,0.00020051994894214613
2026-06-04 09:45:00,2.1570499999999995,-0.0006833333333333691,2.156072350493549,0.00013907443086996752
2026-06-04 09:50:00,2.1580833333333334,0.0010333333333338857,2.1560443869328774,-2.7963560671358085e-05
2026-06-04 09:55:00,2.15745,-0.0006333333333334856,2.154955070236557,-0.0031282630967759584
2026-06-04 10:00:00,2.1559999999999997,-0.0014500000000001734,2.1553413201600518,0.00038624992349432465
2026-06-04 10:05:00,2.1549666666666667,-0.0010333333333329975,2.155218244675908,-0.00012307548414387418
2026-06-04 10:10:00,2.1554666666666673,0.0005000000000006111,2.1552242576223746,6.012946466584383e-06
2026-06-04 10:15:00,2.1546833333333333,-0.0007833333333340242,2.1557850126796283,0.0005607550572538679
2026-06-04 10:20:00,2.1556500000000005,0.0009666666666672263,2.152507937557107,-0.0021753957762264734
2026-06-04 10:25:00,2.1529166666666675,-0.0027333333333330323,2.152447405076791,-6.0532480315765144e-05
2026-06-04 10:30:00,2.154283333333334,0.0013666666666667382,2.1523130193950837,-0.00013438568170741388
2026-06-04 10:35:00,2.1581000000000006,0.0038166666666663573,2.1521574487621327,-0.00015557063295112576
2026-06-04 10:40:00,2.1581355932203397,3.5593220339080744e-05,2.1523185334636894,0.0001610847015569333
2026-06-04 10:45:00,2.153666666666667,-0.004468926553672592,2.1533817837989564,-0.004753809421383265
2026-06-04 10:50:00,2.1548666666666665,0.0011999999999994237,2.15399393541872,0.0006121516197639125
2026-06-04 10:55:00,2.1550333333333347,0.00016666666666820262,2.1537917311225048,-0.00020220429621571525
2026-06-04 11:00:00,2.1537833333333336,-0.0012500000000010836,2.1535806585138473,-0.0002110726086574844
2026-06-04 11:05:00,2.1550166666666675,0.0012333333333338636,2.1535397973674533,-4.086114639365093e-05
2026-06-04 11:10:00,2.1546500000000015,-0.00036666666666596015,2.1517332342767426,-0.003283432389924813
2026-06-04 11:15:00,2.153300000000001,-0.0013500000000004064,2.1525999262685764,0.0008666919918337634
2026-06-04 11:20:00,2.154152542372882,0.0008525423728809045,2.1523696560626866,-0.00023027020588974273
2026-06-04 11:25:00,2.1493666666666673,-0.004785875706214693,2.1521183888537174,-0.00025126720896908054
2026-06-04 11:30:00,2.151450000000001,0.002083333333333659,2.152010244349404,-0.00010814450431355134
2026-06-04 11:35:00,2.1532333333333336,0.0017833333333325818,2.149092907149884,-0.0023570928501169077
2026-06-04 11:40:00,2.1534000000000004,0.00016666666666687036,2.149351991589524,0.0002590844396398191
2026-06-04 11:45:00,2.1524500000000004,-0.0009500000000000064,2.149735848872495,0.000383857282971348
2026-06-04 11:50:00,2.15615,0.0036999999999993705,2.1494542689647442,-0.00028157990775078584
2026-06-04 11:55:00,2.1538500000000007,-0.0022999999999990806,2.1496270876698693,0.00017281870512484728
2026-06-04 12:00:00,2.154266666666667,0.0004166666666662877,2.1505878292452594,-0.003262170754741229
2026-06-04 12:05:00,2.150898305084746,-0.0033683615819208867,2.1512249677261623,0.0006371384809027221
2026-06-04 12:10:00,2.152183333333334,0.0012850282485876718,2.1511290784318127,-9.588929434960237e-05
2026-06-04 12:15:00,2.148216666666667,-0.003966666666666896,2.151558413053719,0.0004293346219063337
2026-06-04 12:20:00,2.1491,0.000883333333332903,2.1513672921951548,-0.00019112085856434692
2026-06-04 12:25:00,2.1418166666666663,-0.00728333333333353,2.147180243333396,-0.0019197566666036073
2026-06-04 12:30:00,2.1432333333333338,0.0014166666666675098,2.1471015341790403,-7.870915435570675e-05
2026-06-04 12:35:00,2.1447999999999996,0.001566666666665828,2.147028847688699,-7.268649034159891e-05
2026-06-04 12:40:00,2.1428000000000007,-0.0019999999999988916,2.1470923017087653,6.345402006657387e-05
2026-06-04 12:45:00,2.1449322033898315,0.002132203389830778,2.1474471670767623,0.00035486536799668743
2026-06-04 12:50:00,2.144083333333333,-0.0008488700564983631,2.1420369558992127,-0.002895247490618965
2026-06-04 12:55:00,2.1402666666666668,-0.0038166666666663573,2.1424823786699467,0.00044542277073408084
2026-06-04 13:00:00,2.1428333333333334,0.002566666666666606,2.142348798475453,-0.00013358019449368418
2026-06-04 13:05:00,2.1419333333333332,-0.0009000000000001229,2.1422247151497,-0.00012408332575274199
2026-06-04 13:10:00,2.1387166666666673,-0.0032166666666659793,2.1422936012668954,6.888611719535736e-05
2026-06-04 13:15:00,2.139716666666667,0.0009999999999998899,2.1383278098881213,-0.0003888567785458251
2026-06-04 13:20:00,2.1407,0.00098333333333267,2.13842306926894,9.525938081830077e-05
2026-06-04 13:25:00,2.1436166666666674,0.0029166666666675667,2.138202949818349,-0.0002201194505905807
2026-06-04 13:30:00,2.1396949152542373,-0.003921751412430119,2.1380199718506026,-0.0001829779677466888
2026-06-04 13:35:00,2.1397000000000004,5.0847457631064685e-06,2.1379105272423464,-0.00010944460825601755
2026-06-04 13:40:00,2.137750000000001,-0.0019499999999994522,2.137741733312405,-0.0019582666875954196
2026-06-04 13:45:00,2.138183333333333,0.0004333333333321754,2.1382163442373776,0.00047461092497277175
2026-06-04 13:50:00,2.1370500000000003,-0.0011333333333327644,2.1378152630417913,-0.000401081195586478
2026-06-04 13:55:00,2.1355500000000003,-0.0015000000000000568,2.1379392495567084,0.00012398651491718398
2026-06-04 14:00:00,2.13615,0.0005999999999999339,2.13783592643268,-0.00010332312402838485
2026-06-04 14:05:00,2.133566666666667,-0.002583333333333382,2.133973970704038,-0.0021760292959620156
2026-06-04 14:10:00,2.1325000000000003,-0.0010666666666665492,2.1344658991188923,0.000491928414854249
2026-06-04 14:15:00,2.1350338983050854,0.0025338983050851027,2.134946407444305,0.0004805083254125643
2026-06-04 14:20:00,2.13625,0.0012161016949145953,2.134464668144295,-0.00048173930001006146
2026-06-04 14:25:00,2.1349333333333336,-0.0013166666666664106,2.134400360431921,-6.4307712373982e-05
2026-06-04 14:30:00,2.13385,-0.0010833333333337691,2.1319244302654807,-0.0030089030678529284
2026-06-04 14:35:00,2.133266666666666,-0.0005833333333336022,2.1320249363457155,0.00010050608023472394
2026-06-04 14:40:00,2.131783333333333,-0.001483333333333281,2.132085548253041,6.061190732603042e-05
2026-06-04 14:45:00,2.1315999999999997,-0.00018333333333320212,2.132086925936911,1.3776838696594662e-06
2026-06-04 14:50:00,2.1330999999999998,0.0015000000000000568,2.131827885946679,-0.00025903999023214116
2026-06-04 14:55:00,2.1328135593220336,-0.0002864406779661266,2.1300614335228563,-0.00303856647714367
2026-06-04 15:00:00,2.12925,-0.0035635593220337825,2.1305400689331293,0.00047863541027310763
2026-06-04 15:05:00,2.1306666666666674,0.0014166666666675098,2.130311910627114,-0.00022815830601532246
2026-06-04 15:10:00,2.1242666666666663,-0.0064000000000010715,2.1302483262344984,-6.358439261547388e-05
2026-06-04 15:15:00,2.12695,0.002683333333333593,2.1307962101362543,0.000547883901755953
2026-06-04 15:20:00,2.1260999999999997,-0.0008500000000002395,2.1254512730642734,-0.0014987269357265875
2026-06-04 15:25:00,2.1275166666666663,0.0014166666666666217,2.125029367657899,-0.0004219054063743539
2026-06-04 15:30:00,2.1257,-0.0018166666666661335,2.1249552618373135,-7.410582058562492e-05
2026-06-04 15:35:00,2.1286271186440677,0.0029271186440675834,2.1247355171305577,-0.00021974470675537034
2026-06-04 15:40:00,2.1233999999999993,-0.00522711864406844,2.124824426748154,8.89096175958544e-05
2026-06-04 15:45:00,2.123866666666666,0.00046666666666661527,2.1232863670513216,-0.00011363294867759205
2026-06-04 15:50:00,2.1287999999999996,0.004933333333333678,2.1230798309762884,-0.00020653607503350843
2026-06-04 15:55:00,2.1304833333333333,0.001683333333333703,2.1233029231811393,0.00022309220485108438
2026-06-04 16:00:00,2.126533333333333,-0.00395000000000012,2.1232382753315986,-6.464784954071162e-05
2026-06-04 16:05:00,2.1275833333333334,0.0010500000000002174,2.1231278116472407,-0.00011046368435800771
2026-06-04 16:10:00,2.1272500000000005,-0.00033333333333285253,2.1246486468033554,-0.002934686529978007
2026-06-04 16:15:00,2.1301525423728815,0.002902542372881012,2.125508389762444,0.0008597429590888755
2026-06-04 16:20:00,2.1276,-0.0025525423728813834,2.1250164851376763,-0.0004919046247680021
2026-06-04 16:25:00,2.1291500000000005,0.0015500000000003844,2.1247007539950125,-0.00031573114266393793
2026-06-04 16:30:00,2.1383999999999994,0.00924999999999887,2.124553911331178,-0.00014684266383409967
2026-06-04 16:35:00,2.1292333333333344,-0.009166666666664991,2.128073078457234,-0.010326921542765108
2026-06-04 16:40:00,2.119333333333333,-0.009900000000001352,2.1282185942507184,0.00014551579348410433
2026-06-04 16:45:00,2.1238499999999996,0.004516666666666502,2.128667706652046,0.00044911240132739156
2026-06-04 16:50:00,2.124783333333333,0.0009333333333332305,2.126350225297096,-0.002317481354949864
2026-06-04 16:55:00,2.1345641025641022,0.009780769230769426,2.127248376726865,0.0008981514297690945
2026-06-04 17:00:00,2.1455319148936174,0.010967812329515159,2.1265015566365286,-0.008062545927573423
2026-06-04 17:05:00,2.143533333333333,-0.001998581560284318,2.127065796235382,0.0005642395988533002
2026-06-04 17:10:00,2.145716666666667,0.00218333333333387,2.127120200931382,5.4404695999737826e-05
2026-06-04 17:15:00,2.1450588235294124,-0.0006578431372545879,2.12685705520642,-0.00026314572496153346
2026-06-04 17:20:00,2.157666666666666,0.012607843137253827,2.1265124071217985,-0.00034464808462165644
2026-06-04 17:25:00,2.146083333333334,-0.01158333333333239,2.142628392631427,-0.01503827403523887
2026-06-04 17:30:00,2.1482666666666663,0.0021833333333325378,2.141497302913363,-0.0011310897180643034
2026-06-04 17:35:00,2.1421186440677973,-0.006148022598869041,2.141868340436035,0.0003710375226720163
2026-06-04 17:40:00,2.1465500000000004,0.004431355932203118,2.1394207234502596,-0.0024476169857755685
2026-06-04 17:45:00,2.1484499999999995,0.0018999999999991246,2.1395442484789746,0.00012352502871517703
2026-06-04 17:50:00,2.1464,-0.002049999999999663,2.143708855852148,-0.004741144147851608
2026-06-04 17:55:00,2.1475999999999997,0.0011999999999998678,2.1441635772289085,0.00045472137676062796
2026-06-04 18:00:00,2.1465166666666664,-0.001083333333333325,2.1441653567904644,1.7795615558720995e-06
2026-06-04 18:05:00,2.14935,0.0028333333333336874,2.1437240527322916,-0.0004413040581726417
2026-06-04 18:10:00,2.1475166666666676,-0.0018333333333324653,2.1438385270890685,0.00011447435677672283
2026-06-04 18:15:00,2.145,-0.0025166666666676107,2.1452748143215756,-0.002241852345092149
2026-06-04 18:20:00,2.152683333333334,0.00768333333333393,2.144884651852895,-0.0003901624686805546
2026-06-04 18:25:00,2.154966666666667,0.002283333333333193,2.1446343062592863,-0.00025034559360867775
2026-06-04 18:30:00,2.1525166666666675,-0.002449999999999619,2.1441368462567785,-0.0004974600025076349
2026-06-04 18:35:00,2.1567833333333337,0.004266666666666197,2.1438716836659872,-0.00026516259079130026
2026-06-04 18:40:00,2.176366666666667,0.019583333333333286,2.1506263781611485,-0.006156955172185316
2026-06-04 18:45:00,2.172533333333334,-0.003833333333333133,2.1500315875558624,-0.0005947906052858849
2026-06-04 18:50:00,2.1466166666666666,-0.025916666666667254,2.149735308824337,-0.00029627873152540484
2026-06-04 18:55:00,2.1760169491525425,0.029400282485875895,2.1493719682206054,-0.0003633406037317558
2026-06-04 19:00:00,2.2022833333333334,0.026266384180790858,2.149289020408243,-8.294781236225405e-05
2026-06-04 19:05:00,2.192383333333334,-0.009899999999999576,2.174788861527258,-0.027494471806075248
2026-06-04 19:10:00,2.1739833333333336,-0.018400000000000194,2.174618555833903,-0.00017030569335487264
2026-06-04 19:15:00,2.173383333333334,-0.0005999999999994898,2.174159186066976,-0.00045936976692727787
2026-06-04 19:20:00,2.1670833333333346,-0.006299999999999528,2.1641299168921653,-0.010029269174810765
2026-06-04 19:25:00,2.2047499999999993,0.03766666666666474,2.166141058572004,0.0020111416798385103
2026-06-04 19:30:00,2.230199999999999,0.02544999999999975,2.178660383865181,-0.02608961613481832
2026-06-04 19:35:00,2.309372881355933,0.07917288135593381,2.1767806213055443,-0.001879762559636716
2026-06-04 19:40:00,2.3145000000000007,0.005127118644067785,2.1771324247585593,0.0003518034530147819
2026-06-04 19:45:00,2.233916666666666,-0.08058333333333456,2.169993739809444,-0.007138684949114692
2026-06-04 19:50:00,2.203866666666666,-0.030050000000000132,2.170784447572607,0.0007907077631622851
2026-06-04 19:55:00,2.1922833333333336,-0.01158333333333239,2.2203766889656604,0.016510022298994644
2026-06-04 20:00:00,2.1818166666666676,-0.010466666666665958,2.218691662989883,-0.0016850259757772313
2026-06-04 20:05:00,2.19995,0.018133333333332224,2.2137020008960437,-0.004989662093839568
2026-06-04 20:10:00,2.1802166666666674,-0.019733333333332492,2.218124647353398,0.00442264645735428
2026-06-04 20:15:00,2.1849152542372883,0.004698587570620916,2.2173202396000007,-0.0008044077533976006
2026-06-04 20:20:00,2.1787833333333335,-0.006131920903954757,2.1905673137091752,0.00565205947188676
2026-06-04 20:25:00,2.1742833333333333,-0.0045000000000001705,2.1899760070647925,-0.0005913066443826615
2026-06-04 20:30:00,2.1903166666666674,0.01603333333333401,2.19082696098556,0.0008509539207677759
2026-06-04 20:35:00,2.2544333333333335,0.06411666666666616,2.191329368549201,0.000502407563640835
2026-06-04 20:40:00,2.2762499999999997,0.02181666666666615,2.191122939387072,-0.00020642916212894872
2026-06-04 20:45:00,2.2883166666666677,0.012066666666668002,2.2430995700886314,-0.033150429911368406
2026-06-04 20:50:00,2.25265,-0.035666666666667624,2.2388569906271565,-0.004242579461474739
2026-06-04 20:55:00,2.2731694915254246,0.020519491525424538,2.2352571881549568,-0.0035998024721995625
2026-06-04 21:00:00,2.2551333333333323,-0.018036158192092255,2.2249638740833526,-0.010293314071604559
2026-06-04 21:05:00,2.258816666666667,0.003683333333334815,2.225234063713613,0.0002701896302604401
2026-06-04 21:10:00,2.261116666666666,0.0022999999999990806,2.2627373607112173,0.003920694044550141
2026-06-04 21:15:00,2.2666000000000013,0.005483333333335061,2.2637036010541145,0.0009662403428972501
2026-06-04 21:20:00,2.2513500000000004,-0.015250000000000874,2.264953112523944,0.0012495114698294354
2026-06-04 21:25:00,2.1917999999999997,-0.05955000000000066,2.2649266870241225,-2.64254998212793e-05
2026-06-04 21:30:00,2.2052999999999994,0.013499999999999623,2.264617887693646,-0.0003087993304768429
2026-06-04 21:35:00,2.1903220338983056,-0.014977966101693774,2.2115222441917157,0.006222244191716242
2026-06-04 21:40:00,2.2102500000000003,0.019927966101694672,2.2085831517825554,-0.0029390924091601232
2026-06-04 21:45:00,2.2174499999999995,0.007199999999999207,2.2104329528706415,0.0018498010880858573
2026-06-04 21:50:00,2.2110333333333334,-0.006416666666666071,2.2096083489426674,-0.0008246039279740592
2026-06-04 21:55:00,2.21085,-0.00018333333333320212,2.2094685053410927,-0.0001398436015743518
2026-06-04 22:00:00,2.2073499999999995,-0.0035000000000007248,2.206519552664485,-0.0043304473355153875
2026-06-04 22:05:00,2.226766666666667,0.019416666666667304,2.207303196341565,0.0007836436770799491
2026-06-04 22:10:00,2.2311333333333327,0.004366666666665964,2.207814247493236,0.0005110511516711411
2026-06-04 22:15:00,2.2593389830508475,0.028205649717514714,2.207851600726264,3.735323302822384e-05
2026-06-04 22:20:00,2.273400000000001,0.014061016949153515,2.2074776235011115,-0.00037397722515272524
2026-06-04 22:25:00,2.2423166666666656,-0.03108333333333535,2.241534843223578,-0.03186515677642266
2026-06-04 22:30:00,2.234766666666666,-0.007549999999999724,2.2389184514271676,-0.0026163917964108375
2026-06-04 22:35:00,2.2440666666666664,0.00930000000000053,2.23776868294622,-0.0011497684809473566
2026-06-04 22:40:00,2.24045,-0.0036166666666663794,2.2267946352776633,-0.010974047668556924
2026-06-04 22:45:00,2.2196833333333332,-0.020766666666666822,2.2288139857805334,0.0020193505028703123
2026-06-04 22:50:00,2.21593220338983,-0.0037511299435033507,2.23299121070955,0.013307877376216935
2026-06-04 22:55:00,2.2307499999999996,0.014817796610169687,2.233559679890563,0.0005684691810127843
2026-06-04 23:00:00,2.2407333333333326,0.009983333333333011,2.2329206824878693,-0.0006389974026934353
2026-06-04 23:05:00,2.2192666666666674,-0.02146666666666519,2.2348517598986617,0.001931077410792147
2026-06-04 23:10:00,2.2133833333333333,-0.005883333333334129,2.234745150228108,-0.00010660967055368724
2026-06-04 23:15:00,2.2154499999999997,0.002066666666666439,2.222655414431942,0.00927208109860891
2026-06-04 23:20:00,2.2319499999999994,0.016499999999999737,2.222275319200829,-0.0003800952311129357
2026-06-04 23:25:00,2.2258833333333325,-0.006066666666666887,2.221740741008985,-0.0005345781918442366
2026-06-04 23:30:00,2.239254237288135,0.013370903954802671,2.2228231175578195,0.0010823765488345842
2026-06-04 23:35:00,2.2338666666666662,-0.005387570621468996,2.222158510395213,-0.0006646071626064693
2026-06-04 23:40:00,2.2013166666666666,-0.032549999999999635,2.2263812403428083,-0.0074854263238577695
2026-06-04 23:45:00,2.1993999999999994,-0.0019166666666672327,2.228992997711516,0.002611757368707683
2026-06-04 23:50:00,2.196983333333333,-0.0024166666666665115,2.227913051635831,-0.001079946075684774
2026-06-04 23:55:00,2.1915833333333326,-0.0054000000000002935,2.2270350400322303,-0.0008780116036008692
2026-06-05 00:00:00,2.2101333333333333,0.018550000000000733,2.2271979864789917,0.00016294644676128267
2026-06-05 00:05:00,2.2027833333333344,-0.0073499999999988574,2.2026543966203507,-0.007478936712982522
2026-06-05 00:10:00,2.217644067796609,0.014860734463274738,2.2026793305034453,2.4933883094704554e-05
2026-06-05 00:15:00,2.1919500000000003,-0.025694067796608877,2.203698218121411,0.0010188876179655995
2026-06-05 00:20:00,2.190150000000001,-0.0017999999999993577,2.2024165643819873,-0.001281653739423719
2026-06-05 00:25:00,2.2187333333333323,0.028583333333331407,2.2022366654160304,-0.0001798989659570806
2026-06-05 00:30:00,2.1899166666666674,-0.028816666666664936,2.202303116811998,-0.016430216521334157
2026-06-05 00:35:00,2.1861666666666655,-0.0037500000000019185,2.201349334890668,-0.0009537819213300394
2026-06-05 00:40:00,2.221816666666667,0.035650000000001736,2.2023215563316527,0.0009722214409844238
2026-06-05 00:45:00,2.191457627118645,-0.030359039548022437,2.2000778393427742,-0.0022437169888782867
2026-06-05 00:50:00,2.190066666666667,-0.0013909604519777297,2.2002170136585706,0.00013917431579649393
2026-06-05 00:55:00,2.1984166666666662,0.008349999999999191,2.1967538312022596,0.006687164535592452
2026-06-05 01:00:00,2.195399999999999,-0.0030166666666673336,2.1946687093733606,-0.002085121828898723
2026-06-05 01:05:00,2.1909166666666673,-0.004483333333331618,2.1955420032258184,0.0008732938524575523
2026-06-05 01:10:00,2.1812666666666667,-0.009650000000000603,2.195844378105934,0.0003023748801152563
2026-06-05 01:15:00,2.160766666666667,-0.02049999999999974,2.1959395995576547,9.522145172095601e-05
2026-06-05 01:20:00,2.160433333333333,-0.0003333333333337407,2.1793770071492786,0.018610340482611835
2026-06-05 01:25:00,2.1705254237288143,0.01009209039548109,2.179702314605072,0.0003253074557930563
2026-06-05 01:30:00,2.1716833333333336,0.001157909604519336,2.176321052559195,-0.003381262045876703
2026-06-05 01:35:00,2.188933333333334,0.01725000000000021,2.1790176488451496,0.0026965962859546574
2026-06-05 01:40:00,2.167216666666667,-0.02171666666666683,2.1788012333907036,-0.00021641545444633746
2026-06-05 01:45:00,2.14625,-0.0209666666666668,2.171003906817514,0.0037872401508473007
2026-06-05 01:50:00,2.403416666666666,0.25716666666666566,2.1739855379917623,0.002981631174248185
2026-06-05 01:55:00,2.3871833333333337,-0.01623333333333221,2.172079692384998,-0.001905845606764575
2026-06-05 02:00:00,2.338083333333334,-0.0490999999999997,2.1722228254774305,0.0001431330924326519
2026-06-05 02:05:00,2.2819830508474572,-0.05610028248587673,2.172317238391359,9.44129139287748e-05
2026-06-05 02:10:00,2.2408333333333332,-0.041149717514123996,2.3144625117306448,0.0324794608831875
2026-06-05 02:15:00,2.1976166666666677,-0.04321666666666557,2.314766813105084,0.0003043013744391664
2026-06-05 02:20:00,2.1983500000000005,0.0007333333333328085,2.30609767916943,-0.008669133935653892
2026-06-05 02:25:00,2.1916166666666665,-0.006733333333333924,2.3110470696540157,0.004949390484585727
2026-06-05 02:30:00,2.15585,-0.0357666666666665,2.3100381059679207,-0.0010089636860950962
2026-06-05 02:35:00,2.1711166666666677,0.01526666666666765,2.189118044440909,0.03326804444090863
2026-06-05 02:40:00,2.1623499999999996,-0.008766666666668144,2.191004357986763,0.0018863135458543911
2026-06-05 02:45:00,2.1380338983050855,-0.02431610169491405,2.1840750809252167,-0.0069292770615461225
2026-06-05 02:50:00,2.1710166666666666,0.032982768361581094,2.189641988013911,0.005566907088693926
2026-06-05 02:55:00,2.137883333333334,-0.03313333333333279,2.1887344498612116,-0.0009075381526991259
2026-06-05 03:00:00,2.1292999999999997,-0.008583333333334053,2.153889978971012,0.016006645637678337
2026-06-05 03:05:00,2.1452999999999998,0.016000000000000014,2.1548311988677438,0.000941219896731561
2026-06-05 03:10:00,2.1457,0.00040000000000040004,2.1529392601908937,-0.00189193867684991
2026-06-05 03:15:00,2.1438833333333345,-0.0018166666666656894,2.1549915626003844,0.0020523024094907033
2026-06-05 03:20:00,2.1448644067796607,0.0009810734463262527,2.1547810105368597,-0.0002105520635248905
2026-06-05 03:25:00,2.1417500000000005,-0.0031144067796602393,2.138567694741886,-0.006296712037774801
2026-06-05 03:30:00,2.1344666666666665,-0.0072833333333339745,2.139019956077515,0.00045226133562924664
2026-06-05 03:35:00,2.1299833333333336,-0.004483333333332951,2.139553282333102,0.0005333262555867767
2026-06-05 03:40:00,2.1285833333333337,-0.0013999999999998458,2.1388210664019973,-0.0007322159311047751
2026-06-05 03:45:00,2.1275,-0.0010833333333337691,2.1391946814989553,0.0003736150969579658
2026-06-05 03:50:00,2.128266666666667,0.0007666666666672484,2.1279830972019216,0.00048309720192172954
2026-06-05 03:55:00,2.1429833333333335,0.014716666666666267,2.128398301584753,0.00041520438283143004
2026-06-05 04:00:00,2.2594915254237287,0.1165081920903952,2.1284132171599968,1.491557524386223e-05
2026-06-05 04:05:00,2.1457333333333337,-0.11375819209039495,2.1283660573641088,-4.715979588808699e-05
2026-06-05 04:10:00,2.15025,0.004516666666666502,2.1283765140961375,1.0456732028411001e-05
2026-06-05 04:15:00,2.1554333333333338,0.00518333333333354,2.1542461886648265,0.003996188664826223
2026-06-05 04:20:00,2.151150000000001,-0.004283333333332973,2.1492204760380647,-0.00502571262676198
2026-06-05 04:25:00,2.1529166666666675,0.0017666666666666941,2.1503872369315506,0.001166760893485999
2026-06-05 04:30:00,2.1564999999999994,0.0035833333333319395,2.1497342657154017,-0.0006529712161487453
2026-06-05 04:35:00,2.1508500000000006,-0.005649999999998823,2.149225171606092,-0.0005090941093097028
2026-06-05 04:40:00,2.152728813559322,0.0018788135593212907,2.1510008499715076,0.00015084997150690765
2026-06-05 04:45:00,2.1524833333333344,-0.0002454802259874711,2.1521149225961973,0.0011140726246896297
2026-06-05 04:50:00,2.14695,-0.0055333333333345,2.1516226787200394,-0.0004922438761576619
2026-06-05 04:55:00,2.1500166666666676,0.003066666666667661,2.1517193074030727,9.662868303302826e-05
2026-06-05 05:00:00,2.146433333333334,-0.003583333333333716,2.1515177440219677,-0.00020156338110489876
2026-06-05 05:05:00,2.1461666666666663,-0.0002666666666675255,2.1454390156910383,-0.0009943176422956765
2026-06-05 05:10:00,2.1464333333333343,0.00026666666666796957,2.146014313221168,0.0005752975301298683
2026-06-05 05:15:00,2.1456166666666667,-0.0008166666666675759,2.1465047629772016,0.0004904497560333443
2026-06-05 05:20:00,2.1484745762711865,0.002857909604519815,2.14618407454835,-0.00032068842885121676
2026-06-05 05:25:00,2.1497000000000006,0.001225423728814068,2.1460323194612103,-0.00015175508713999308
2026-06-05 05:30:00,2.1474166666666665,-0.002283333333334081,2.1438933793559407,-0.005806620644059762
2026-06-05 05:35:00,2.1464666666666674,-0.0009499999999991182,2.1441178274610446,0.0002244481051036837
2026-06-05 05:40:00,2.1461500000000004,-0.00031666666666696486,2.1443352264480215,0.00021739898697723165
2026-06-05 05:45:00,2.145800000000001,-0.0003499999999996284,2.1441795339780927,-0.00015569246992917438
2026-06-05 05:50:00,2.1437166666666667,-0.002083333333334103,2.144131649191144,-4.788478694818262e-05
2026-06-05 05:55:00,2.1549661016949164,0.01124943502824971,2.1421794817363082,-0.0015371849303585225
2026-06-05 06:00:00,2.1522,-0.002766101694916312,2.142484810586497,0.00030532885018890176
2026-06-05 06:05:00,2.1451666666666673,-0.007033333333332781,2.1423889142295467,-9.589635695054915e-05
2026-06-05 06:10:00,2.150066666666667,0.004899999999999682,2.142359939870781,-2.8974358765586315e-05
2026-06-05 06:15:00,2.1503500000000004,0.00028333333333341315,2.1427948064362043,0.00043486656542356697
2026-06-05 06:20:00,2.147800000000001,-0.002549999999999386,2.1455610098941915,-0.00478899010580901
2026-06-05 06:25:00,2.151150000000001,0.003349999999999742,2.1456455420350498,8.453214085835228e-05
2026-06-05 06:30:00,2.1527833333333337,0.0016333333333329314,2.145534664466381,-0.00011087756866851336
2026-06-05 06:35:00,2.1505084745762715,-0.002274858757062237,2.1451741822560884,-0.0003604822102929647
2026-06-05 06:40:00,2.151033333333334,0.0005248587570623187,2.145281179608376,0.0001069973522875066
2026-06-05 06:45:00,2.1529833333333332,0.0019499999999994522,2.1478311962669987,-0.003202137066335115
2026-06-05 06:50:00,2.153533333333334,0.0005500000000009386,2.148093770939021,0.00026257467202221154
2026-06-05 06:55:00,2.1535833333333345,5.000000000032756e-05,2.1480106931848884,-8.307775413257387e-05
2026-06-05 07:00:00,2.1558500000000005,0.002266666666665973,2.147815794400281,-0.00019489878460729378
2026-06-05 07:05:00,2.1534333333333335,-0.0024166666666669556,2.1477721537745142,-4.364062576683803e-05
2026-06-05 07:10:00,2.154150000000001,0.0007166666666673649,2.150194757366439,-0.0032385759668946508
2026-06-05 07:15:00,2.156559322033899,0.00240932203389832,2.151251312571695,0.0010565552052561947
2026-06-05 07:20:00,2.1606166666666673,0.0040573446327680784,2.1510126923422797,-0.00023862022941545223
2026-06-05 07:25:00,2.1586166666666675,-0.0019999999999997797,2.1506837386656157,-0.0003289536766637283
2026-06-05 07:30:00,2.160316666666667,0.0016999999999995907,2.150563295320334,-0.00012044334528192115
2026-06-05 07:35:00,2.1614333333333335,0.0011166666666664327,2.1545043146695395,-0.005812351997127522
2026-06-05 07:40:00,2.1614166666666677,-1.6666666665887675e-05,2.1547637200098717,0.00025940534033217264
2026-06-05 07:45:00,2.1624000000000003,0.00098333333333267,2.155220960899587,0.0004572408897151472
2026-06-05 07:50:00,2.16225,-0.0001500000000005386,2.1547148891981673,-0.0005060717014193552
2026-06-05 07:55:00,2.1638644067796613,0.0016144067796615147,2.154883649178329,0.00016875998016156315
2026-06-05 08:00:00,2.161583333333333,-0.002281073446328108,2.1584492921211638,-0.005415114658497334
2026-06-05 08:05:00,2.1606833333333335,-0.0008999999999996788,2.1588681425037564,0.0004188503825924483
2026-06-05 08:10:00,2.160566666666667,-0.0001166666666665428,2.1588187993648242,-4.934313893206791e-05
2026-06-05 08:15:00,2.1632500000000006,0.002683333333333593,2.1591343563751257,0.00031555701030155984
2026-06-05 08:20:00,2.158516666666667,-0.0047333333333337,2.1590026270071703,-0.00013172936795544077
2026-06-05 08:25:00,2.1621333333333337,0.0036166666666668235,2.157055791300056,-0.0014608753666109687
2026-06-05 08:30:00,2.16255,0.0004166666666662877,2.1572165830624264,0.0001607917623703085
2026-06-05 08:35:00,2.1628305084745767,0.0002805084745767239,2.157125576465695,-9.100659673137448e-05
2026-06-05 08:40:00,2.161233333333334,-0.0015971751412426904,2.157182043852722,5.646738702723052e-05
2026-06-05 08:45:00,2.160333333333334,-0.0009000000000001229,2.157566596756826,0.0003845529041037416
2026-06-05 08:50:00,2.1599833333333343,-0.0003499999999996284,2.1583124946778858,-0.0020208386554482097
2026-06-05 08:55:00,2.1562666666666668,-0.0037166666666674786,2.1587261871349765,0.0004136924570908713
2026-06-05 09:00:00,2.159733333333334,0.003466666666667173,2.1586214309797156,-0.00010475615526115872
2026-06-05 09:05:00,2.159633333333334,-9.999999999976694e-05,2.158566800865422,-5.4630114293255765e-05
2026-06-05 09:10:00,2.154133333333334,-0.00550000000000006,2.1586382205159955,7.141965057346657e-05
2026-06-05 09:15:00,2.155016949152543,0.0008836158192089272,2.154190145045819,5.681171248489541e-05
2026-06-05 09:20:00,2.1569999999999996,0.0019830508474565356,2.1545569284090296,0.0003667833632107196
2026-06-05 09:25:00,2.146116666666667,-0.01088333333333269,2.1543819004201494,-0.00017502798888052083
2026-06-05 09:30:00,2.1445333333333334,-0.001583333333333492,2.1542344018323343,-0.00014749858781500167
2026-06-05 09:35:00,2.1437666666666666,-0.0007666666666668043,2.154182365235261,-5.20365970729616e-05
2026-06-05 09:40:00,2.1434,-0.00036666666666640424,2.1442186452972334,0.0004519786305665717
2026-06-05 09:45:00,2.1413333333333346,-0.002066666666665551,2.144907914759698,0.0006892694624648462
2026-06-05 09:50:00,2.144283333333334,0.002949999999999342,2.1448479163145455,-5.9998445152701705e-05
2026-06-05 09:55:00,2.1443559322033905,7.259887005650612e-05,2.145014270788555,0.00016635447400978917
2026-06-05 10:00:00,2.1451000000000007,0.0007440677966101816,2.144992489969331,-2.178081922398166e-05
2026-06-05 10:05:00,2.1451666666666673,6.666666666665932e-05,2.141680662192334,-0.0034193378076670007
2026-06-05 10:10:00,2.1422833333333338,-0.002883333333333571,2.1421825701882407,0.0005019079959071083
2026-06-05 10:15:00,2.1422000000000008,-8.333333333299109e-05,2.1427448158643783,0.0005622456761374262
2026-06-05 10:20:00,2.1429666666666667,0.0007666666666659161,2.142366554401063,-0.00037826146331544104
2026-06-05 10:25:00,2.146766666666667,0.0038000000000004697,2.142313633871347,-5.292052971555418e-05
2026-06-05 10:30:00,2.1455500000000005,-0.0012166666666666437,2.1406825651725025,-0.006084101494164604
2026-06-05 10:35:00,2.146152542372882,0.0006025423728814872,2.14068638686156,3.821689057800391e-06
2026-06-05 10:40:00,2.1399,-0.006252542372882086,2.140944425412942,0.0002580385513817208
2026-06-05 10:45:00,2.1451666666666673,0.005266666666667419,2.140927308271725,-1.7117141216794788e-05
2026-06-05 10:50:00,2.1448500000000004,-0.00031666666666696486,2.140907673253693,-1.9635018032225463e-05
2026-06-05 10:55:00,2.144566666666667,-0.00028333333333341315,2.1410046318030798,-0.00384536819692044
2026-06-05 11:00:00,2.147033333333334,0.002466666666666839,2.141563219439966,0.0005585876368859249
2026-06-05 11:05:00,2.1455666666666673,-0.0014666666666665051,2.141399485693626,-0.00016373374633991397
2026-06-05 11:10:00,2.1491525423728817,0.003585875706214381,2.1413513172304666,-4.8168463159388396e-05
2026-06-05 11:15:00,2.144483333333334,-0.004669209039547706,2.14193828019271,0.0005869629622434345
2026-06-05 11:20:00,2.1443333333333334,-0.0001500000000005386,2.142442586720316,-0.0020407466130180603
2026-06-05 11:25:00,2.1439333333333335,-0.00039999999999995595,2.1427462365750114,0.0003036498546953889
2026-06-05 11:30:00,2.142533333333333,-0.00140000000000029,2.142509824418044,-0.0002364121569673551
2026-06-05 11:35:00,2.147500000000001,0.004966666666667674,2.1423278034210607,-0.0001820209969834691
2026-06-05 11:40:00,2.1461333333333337,-0.0013666666666671823,2.142507476614606,0.00017967319354550873
2026-06-05 11:45:00,2.147600000000001,0.0014666666666673933,2.142659579409504,-0.003473753923829822
2026-06-05 11:50:00,2.1479999999999997,0.0003999999999986237,2.1431993384124586,0.0005397590029546845
2026-06-05 11:55:00,2.144983333333334,-0.0030166666666655573,2.143013844329093,-0.00018549408336541692
2026-06-05 12:00:00,2.144616666666667,-0.0003666666666672924,2.142860215987203,-0.00015362834188992045
2026-06-05 12:05:00,2.1473666666666675,0.0027500000000006963,2.1427959771189387,-6.423886826462272e-05
2026-06-05 12:10:00,2.14455,-0.0028166666666673557,2.143283000321422,-0.004083666345245858
2026-06-05 12:15:00,2.1468666666666674,0.0023166666666671887,2.144132372686635,0.000849372365213169
2026-06-05 12:20:00,2.1460333333333343,-0.0008333333333330195,2.143869920030375,-0.00026245265625993326
2026-06-05 12:25:00,2.1480666666666672,0.0020333333333328873,2.1435466958081384,-0.0003232242222364562
2026-06-05 12:30:00,2.1480500000000005,-1.6666666666775853e-05,2.143437223592135,-0.00010947221600333879
2026-06-05 12:35:00,2.145966101694916,-0.002083898305084375,2.1436750433930465,-0.00437495660695414
2026-06-05 12:40:00,2.141466666666667,-0.00449943502824901,2.144081778631132,0.00040673523808547134
2026-06-05 12:45:00,2.1285500000000006,-0.012916666666666465,2.1443628541129938,0.00028107548186208825
2026-06-05 12:50:00,2.12545,-0.003100000000000769,2.143808691997239,-0.000554162115755077
2026-06-05 12:55:00,2.1220000000000003,-0.003449999999999509,2.1440433891062924,0.00023469710905370806
2026-06-05 13:00:00,2.1229999999999998,0.0009999999999994458,2.125073142408435,0.0030731424084343433
2026-06-05 13:05:00,2.1235166666666667,0.0005166666666669428,2.125892385547064,0.0008192431386293256
2026-06-05 13:10:00,2.1250000000000004,0.001483333333333725,2.126366958783859,0.00047457323679507226
2026-06-05 13:15:00,2.1455833333333336,0.020583333333333176,2.127382794970979,0.0010158361871200315
2026-06-05 13:20:00,2.143766666666667,-0.0018166666666665776,2.1272246013576894,-0.00015819361328988166
2026-06-05 13:25:00,2.1453833333333336,0.0016166666666665996,2.129603500033912,-0.0141631666327549
2026-06-05 13:30:00,2.1417166666666674,-0.003666666666666263,2.1311089177923694,0.0015054177584572206
2026-06-05 13:35:00,2.1442833333333335,0.002566666666666162,2.1300816276441745,-0.0010272901481948049
2026-06-05 13:40:00,2.144566666666667,0.00028333333333341315,2.12854177085334,-0.0015398567908345843
2026-06-05 13:45:00,2.1441833333333333,-0.0003833333333336242,2.1293307321292687,0.0007889612759288903
2026-06-05 13:50:00,2.140932203389831,-0.0032511299435022956,2.13811845440937,-0.0060648789239632055
2026-06-05 13:55:00,2.1468833333333337,0.005951129943502664,2.138815963103116,0.000697508693746004
2026-06-05 14:00:00,2.147816666666667,0.0009333333333332305,2.1384251993001278,-0.00039076380298855485
2026-06-05 14:05:00,2.146633333333334,-0.001183333333333092,2.1380930739892494,-0.00033212531087812414
2026-06-05 14:10:00,2.1435000000000004,-0.0031333333333334323,2.1381692682001847,7.619421093529473e-05
2026-06-05 14:15:00,2.1423666666666668,-0.0011333333333336526,2.1417204326764434,-0.0017795673235568806
2026-06-05 14:20:00,2.1461333333333332,0.003766666666666474,2.1419374946906133,0.0002170620141697523
2026-06-05 14:25:00,2.138616666666666,-0.00751666666666706,2.1416113849202283,-0.0003261097703847874
2026-06-05 14:30:00,2.1369322033898306,-0.0016844632768355794,2.1413338747651176,-0.00027751015511107624
2026-06-05 14:35:00,2.1355166666666667,-0.0014155367231638571,2.1412179491544565,-0.00011592561066092458
2026-06-05 14:40:00,2.1334666666666666,-0.0020500000000001073,2.1354320796725714,-8.45869940950904e-05
2026-06-05 14:45:00,2.131883333333334,-0.0015833333333326038,2.1358761008207603,0.0004440211481885787
2026-06-05 14:50:00,2.1328333333333327,0.0009499999999986741,2.1355029498698785,-0.00037315095088181794
2026-06-05 14:55:00,2.133166666666667,0.0003333333333341848,2.135734144914273,0.00023119504439442868
2026-06-05 15:00:00,2.1355999999999997,0.0024333333333328433,2.1356379308599447,-9.62140543280751e-05
2026-06-05 15:05:00,2.1362166666666673,0.000616666666667598,2.1318467451763627,-0.003753254823637161
2026-06-05 15:10:00,2.1380847457627126,0.0018680790960452498,2.1323690952176233,0.0005223500412605654
2026-06-05 15:15:00,2.1343666666666667,-0.003718079096045823,2.1328554484612425,0.0004863532436194852
2026-06-05 15:20:00,2.1358166666666674,0.0014500000000006175,2.132124799055204,-0.0007306494060388934
2026-06-05 15:25:00,2.1345500000000004,-0.0012666666666669713,2.1321061223282496,-1.867672695411616e-05
2026-06-05 15:30:00,2.1353,0.0007499999999995843,2.132024673038826,-0.0025253269611745796
2026-06-05 15:35:00,2.1290333333333336,-0.006266666666666421,2.1320405772872997,1.590424847375301e-05
2026-06-05 15:40:00,2.1063999999999994,-0.02263333333333417,2.1321073128836203,6.67355963206338e-05
2026-06-05 15:45:00,2.1266000000000003,0.020200000000000884,2.1321113788023096,4.065918689418819e-06
2026-06-05 15:50:00,2.1318474576271185,0.005247457627118202,2.131795067360662,-0.0003163114416479585
2026-06-05 15:55:00,2.133566666666667,0.001719209039548364,2.1254582173033367,-0.006389240323781536
2026-06-05 16:00:00,2.131500000000001,-0.002066666666665995,2.126779208408601,0.0013209911052640098
2026-06-05 16:05:00,2.1324,0.0008999999999992347,2.126876765653126,9.755724452504868e-05
2026-06-05 16:10:00,2.12105,-0.011350000000000193,2.1264111104492445,-0.00046565520388139255
2026-06-05 16:15:00,2.118016666666667,-0.003033333333332777,2.1271559070266086,0.0007447965773639888
2026-06-05 16:20:00,2.115183333333333,-0.0028333333333341315,2.1200033108528564,0.0019866441861894997
2026-06-05 16:25:00,2.1212033898305083,0.006020056497175297,2.119868601052208,-0.00013470980064870928
2026-06-05 16:30:00,2.1239500000000002,0.0027466101694919587,2.1200553817044083,0.00018678065220021148
2026-06-05 16:35:00,2.1231000000000004,-0.0008499999999997954,2.1201010208736837,4.5639169275544375e-05
2026-06-05 16:40:00,2.102933333333332,-0.02016666666666822,2.120175138745996,7.411787231262004e-05
2026-06-05 16:45:00,2.096616666666667,-0.006316666666665416,2.110617721912672,0.007684388579339698
2026-06-05 16:50:00,2.1079999999999997,0.011383333333332857,2.1104913383789157,-0.00012638353375608
2026-06-05 16:55:00,2.1121666666666656,0.004166666666665986,2.110806179488915,0.0003148411099989972
2026-06-05 17:00:00,2.112399999999999,0.00023333333333352968,2.1121832616229574,0.001377082134042667
2026-06-05 17:05:00,2.114423728813559,0.002023728813559611,2.111889799732999,-0.0002934618899582636
2026-06-05 17:10:00,2.1142499999999997,-0.00017372881355903758,2.1086885276472542,-0.005735201166304719
2026-06-05 17:15:00,2.114066666666667,-0.00018333333333275803,2.109854877435663,0.0011663497884089676
2026-06-05 17:20:00,2.1203999999999996,0.006333333333332636,2.10964520825541,-0.00020966918025336361
2026-06-05 17:25:00,2.1300499999999998,0.009650000000000158,2.1087902041315116,-0.0008550041238979536
2026-06-05 17:30:00,2.1294333333333335,-0.0006166666666662657,2.10879256116052,2.3570290085566563e-06
2026-06-05 17:35:00,2.12525,-0.00418333333333365,2.1185740668510564,-0.010859266482277303
2026-06-05 17:40:00,2.1229166666666663,-0.0023333333333335204,2.119910256299465,0.0013361894484090584
2026-06-05 17:45:00,2.119813559322034,-0.00310310734463215,2.119749404963798,-0.00016085133566713297
2026-06-05 17:50:00,2.1199999999999997,0.00018644067796547148,2.1171374511776464,-0.002611953786151914
2026-06-05 17:55:00,2.115983333333333,-0.004016666666666779,2.1182497271850993,0.001112276007453284
2026-06-05 18:00:00,2.1176499999999994,0.0016666666666664831,2.115314105174736,-0.0006692281585967985
2026-06-05 18:05:00,2.119416666666666,0.0017666666666666941,2.1157375408780204,0.000423435703284314
2026-06-05 18:10:00,2.1384500000000006,0.019033333333334568,2.115830146676266,9.260579824562997e-05
2026-06-05 18:15:00,2.1447833333333333,0.006333333333332636,2.116302872465714,0.00047272578944803273
2026-06-05 18:20:00,2.146300000000001,0.0015166666666677209,2.1159148466067874,-0.0003880258589268111
2026-06-05 18:25:00,2.1507796610169496,0.004479661016948633,2.131226391810978,-0.015073608189022657
2026-06-05 18:30:00,2.1519500000000003,0.0011703389830506339,2.1306084256684037,-0.0006179661425745966
2026-06-05 18:35:00,2.151516666666667,-0.00043333333333306356,2.1295060477759837,-0.0011023778924201908
2026-06-05 18:40:00,2.14805,-0.003466666666667173,2.1274765112101077,-0.002029536565875957
2026-06-05 18:45:00,2.1414,-0.006650000000000045,2.12773384158058,0.0002573303704722224
2026-06-05 18:50:00,2.144316666666666,0.0029166666666662344,2.1400746661598813,-0.0013253338401185543
2026-06-05 18:55:00,2.13695,-0.007366666666666077,2.1404984923522683,0.0004238261923868678
2026-06-05 19:00:00,2.1460500000000007,0.009100000000000552,2.140471719439414,-2.6772912854202148e-05
2026-06-05 19:05:00,2.133440677966102,-0.012609322033898529,2.1402620514448554,-0.000209667994558683
2026-06-05 19:10:00,2.139966666666667,0.0065259887005648665,2.140353165257426,9.111381257073015e-05
2026-06-05 19:15:00,2.141966666666667,0.0019999999999997797,2.1382852236639818,-0.0016814430026852382
2026-06-05 19:20:00,2.1410333333333336,-0.0009333333333332305,2.1373469142985755,-0.0009383093654063748
2026-06-05 19:25:00,2.1426333333333343,0.001600000000000712,2.13755070770313,0.00020379340455439445
2026-06-05 19:30:00,2.1405833333333333,-0.0020500000000009955,2.1371199548192803,-0.0004307528838494059
2026-06-05 19:35:00,2.14305,0.002466666666666839,2.136832905996626,-0.0002870488226548118
2026-06-05 19:40:00,2.1413166666666665,-0.0017333333333335865,2.1393950622540956,-0.00365493774590454
2026-06-05 19:45:00,2.1386779661016946,-0.002638700564971952,2.1389888764870757,-0.0004061857670199474
2026-06-05 19:50:00,2.143733333333333,0.0050553672316384635,2.138680788564561,-0.00030808792251436326
2026-06-05 19:55:00,2.1369499999999997,-0.006783333333333363,2.1385207298241036,-0.0001600587404578165
2026-06-05 20:00:00,2.1440499999999996,0.007099999999999884,2.1383829876061773,-0.00013774221792624898
2026-06-05 20:05:00,2.136633333333334,-0.007416666666665517,2.138998501111702,-0.005051498888297646
2026-06-05 20:10:00,2.143416666666667,0.006783333333332919,2.1390902876988545,9.178658715260996e-05
2026-06-05 20:15:00,2.136366666666667,-0.007050000000000001,2.139716455165769,0.0006261674669145098
2026-06-05 20:20:00,2.1491499999999997,0.012783333333332703,2.1387687380108846,-0.0009477171548845726
2026-06-05 20:25:00,2.1431186440677967,-0.006031355932202942,2.138552217066542,-0.00021652094434267328
2026-06-05 20:30:00,2.1415833333333327,-0.0015353107344640016,2.140208216224493,-0.002910427843303731
2026-06-05 20:35:00,2.1425499999999995,0.0009666666666667822,2.140687180554519,0.0004789643300260348
2026-06-05 20:40:00,2.1364500000000004,-0.006099999999999106,2.1406002461480957,-8.69344064233074e-05
2026-06-05 20:45:00,2.1373000000000006,0.0008500000000002395,2.1401243883346392,-0.00047585781345659315
2026-06-05 20:50:00,2.137149999999999,-0.00015000000000142677,2.13984517510459,-0.00027921323004879273
2026-06-05 20:55:00,2.1452,0.008050000000000779,2.135606501990289,-0.001543498009710386
2026-06-05 21:00:00,2.13565,-0.009549999999999947,2.135834976134191,0.0002284741439019074
2026-06-05 21:05:00,2.1392711864406784,0.0036211864406783256,2.135817753303171,-1.7222831020147003e-05
2026-06-05 21:10:00,2.147333333333334,0.008062146892655608,2.135756499435461,-6.125386770927672e-05
2026-06-05 21:15:00,2.1467666666666663,-0.0005666666666677145,2.1362347276448252,0.0004782282093638281
2026-06-05 21:20:00,2.136316666666667,-0.010449999999999182,2.140360233243931,-0.006406433422735293
2026-06-05 21:25:00,2.1361833333333333,-0.00013333333333376274,2.139954733352361,-0.000405499891569918
2026-06-05 21:30:00,2.140716666666667,0.004533333333333722,2.1399014302933486,-5.330305901263552e-05
2026-06-05 21:35:00,2.1389333333333327,-0.0017833333333343582,2.1388092824252882,-0.001092147868060213
2026-06-05 21:40:00,2.1411666666666673,0.0022333333333346417,2.138799691684906,-9.590740382458827e-06
2026-06-05 21:45:00,2.1423220338983056,0.0011553672316382269,2.1384368620637164,-0.0027298046029510074
2026-06-05 21:50:00,2.140250000000001,-0.0020720338983046815,2.137462160662499,-0.0009747014012171717
2026-06-05 21:55:00,2.1389000000000005,-0.0013500000000004064,2.1378069314585773,0.00034477079607822227
2026-06-05 22:00:00,2.1376666666666675,-0.0012333333333329755,2.1374237235255253,-0.00038320793305193936
2026-06-05 22:05:00,2.142700000000001,0.005033333333333445,2.137277196213547,-0.00014652731197846674
2026-06-05 22:10:00,2.141648148148149,-0.0010518518518520814,2.1379056729395614,-0.004794327060439676
2026-06-05 22:15:00,2.1470166666666675,0.005368518518518606,2.138315354995063,0.0004096820555019085
2026-06-05 22:20:00,2.132116666666667,-0.014900000000000357,2.1380849788281093,-0.0002303761669537532
2026-06-05 22:25:00,2.1400833333333336,0.007966666666666455,2.137373027039602,-0.0007119517885076934
2026-06-05 22:30:00,2.1352833333333328,-0.004800000000000804,2.1371351040499786,-0.00023792298962322853
2026-06-05 22:35:00,2.138915254237288,0.0036319209039552547,2.1348409552650778,-0.00044237806825501356
2026-06-05 22:40:00,2.1382833333333338,-0.0006319209039542528,2.1352119737782567,0.0003710185131787384
2026-06-05 22:45:00,2.1392,0.0009166666666664547,2.135501242061086,0.00028926828282944733
2026-06-05 22:50:00,2.1371166666666666,-0.002083333333333659,2.1349900534899713,-0.0005111885711146287
2026-06-05 22:55:00,2.1401,0.002983333333333338,2.13517252584174,0.0001824723517691006
2026-06-05 23:00:00,2.1322666666666668,-0.007833333333333137,2.135894512271568,-0.004205487728431974
2026-06-05 23:05:00,2.137916666666667,0.005650000000000155,2.136037216580996,0.00014270430942828034
2026-06-05 23:10:00,2.13935593220339,0.0014392655367232443,2.1361350152380747,9.779865707830923e-05
2026-06-05 23:15:00,2.1466,0.007244067796609688,2.136340182334404,0.00020516709632945464
2026-06-05 23:20:00,2.143783333333333,-0.0028166666666669116,2.1359681036195877,-0.0003720787148163255
2026-06-05 23:25:00,2.1374166666666676,-0.006366666666665299,2.1385602195399613,-0.005223113793371648
2026-06-05 23:30:00,2.1389333333333336,0.0015166666666659445,2.138857826779187,0.00029760723922585535
2026-06-05 23:35:00,2.141566666666667,0.0026333333333332654,2.1386847651024317,-0.00017306167675553786
2026-06-05 23:40:00,2.1417500000000005,0.0001833333333336462,2.138068428058462,-0.0006163370439693813
2026-06-05 23:45:00,2.145566666666667,0.0038166666666663573,2.1383447450757034,0.0002763170172412866
2026-06-05 23:50:00,2.1357966101694914,-0.009770056497175439,2.1394275513077354,-0.006139115358931506
2026-06-05 23:55:00,2.146083333333334,0.010286723163842382,2.139519511238015,9.195993027986286e-05
2026-06-06 00:00:00,2.1403166666666666,-0.005766666666667142,2.1394848383435883,-3.467289442679357e-05
2026-06-06 00:05:00,2.143966666666666,0.003649999999999487,2.1390281360628154,-0.0004567022807731409
2026-06-06 00:10:00,2.149716666666667,0.00575000000000081,2.1390417844533958,1.364839058054988e-05
2026-06-06 00:15:00,2.1481166666666667,-0.0016000000000002679,2.1420732869382193,-0.007643379728447445
2026-06-06 00:20:00,2.1458000000000004,-0.0023166666666663005,2.1416038513673397,-0.0004694355708796374
2026-06-06 00:25:00,2.145383333333333,-0.0004166666666671759,2.141849370009813,0.00024551864247341135
2026-06-06 00:30:00,2.1488644067796616,0.00348107344632842,2.1407022343633986,-0.001147135646414491
2026-06-06 00:35:00,2.14905,0.00018559322033828707,2.1404980011128183,-0.0002042332505806262
2026-06-06 00:40:00,2.14725,-0.0017999999999998018,2.1445305486994277,-0.004519451300572316
2026-06-06 00:45:00,2.1456666666666675,-0.0015833333333326038,2.144708618145548,0.0001780694461203351
2026-06-06 00:50:00,2.1458999999999997,0.0002333333333321974,2.1445482381565406,-0.00016037998900724848
2026-06-06 00:55:00,2.1456666666666675,-0.0002333333333321974,2.1442552165829287,-0.00029302157361215596
2026-06-06 01:00:00,2.1456500000000007,-1.6666666666775853e-05,2.1441364243087815,-0.00011879227414702145
2026-06-06 01:05:00,2.147516666666667,0.001866666666666461,2.143119584814533,-0.002530415185467733
2026-06-06 01:10:00,2.1474237288135596,-9.293785310759972e-05,2.143420293223998,0.00030070840946507427
2026-06-06 01:15:00,2.148816666666667,0.0013929378531072345,2.143913315697582,0.000493022473583767
2026-06-06 01:20:00,2.1465166666666673,-0.0022999999999995246,2.143360247879138,-0.0005530678184439053
2026-06-06 01:25:00,2.1469666666666662,0.00044999999999895124,2.1431542434202973,-0.00020600445884046646
2026-06-06 01:30:00,2.1399,-0.0070666666666663325,2.1442807648194826,-0.0026859018471834892
2026-06-06 01:35:00,2.136983333333334,-0.0029166666666657903,2.1440359168899072,-0.00024484792957552877
2026-06-06 01:40:00,2.1386499999999997,0.001666666666665595,2.1441754526134447,0.00013953572353764387
2026-06-06 01:45:00,2.1341525423728815,-0.004497457627118173,2.1442109365295985,3.5483916153448026e-05
2026-06-06 01:50:00,2.1370833333333334,0.002930790960451901,2.143998339876986,-0.00021259665261227526
2026-06-06 01:55:00,2.137733333333333,0.0006499999999993733,2.1353842301174146,-0.0016991032159189205
2026-06-06 02:00:00,2.1354333333333333,-0.0022999999999995246,2.1354967440003865,0.00011251388297214883
2026-06-06 02:05:00,2.1351833333333334,-0.00024999999999986144,2.1354584237948813,-3.8320205505512766e-05
2026-06-06 02:10:00,2.134866666666667,-0.00031666666666652077,2.135402598721842,-5.582507303943748e-05
2026-06-06 02:15:00,2.1316333333333333,-0.0032333333333336434,2.1358151462161277,0.00041254749428614053
2026-06-06 02:20:00,2.1293833333333327,-0.0022500000000005294,2.1314363869985935,-0.00019694633473965264
2026-06-06 02:25:00,2.135186440677966,0.005803107344633407,2.131156394298443,-0.00027999270015074084
2026-06-06 02:30:00,2.135866666666667,0.0006802259887006556,2.130983938784329,-0.0001724555141138574
2026-06-06 02:35:00,2.13565,-0.00021666666666675383,2.1308077755408337,-0.00017616324349536343
2026-06-06 02:40:00,2.1340333333333334,-0.0016166666666665996,2.13084522224484,3.744670400660091e-05
2026-06-06 02:45:00,2.134333333333333,0.0002999999999997449,2.1323191402110737,-0.0017141931222597506
2026-06-06 02:50:00,2.1339,-0.00043333333333306356,2.1323064429112426,-1.2697299830958324e-05
2026-06-06 02:55:00,2.136583333333334,0.002683333333334037,2.13233809052377,3.1647612527312946e-05
2026-06-06 03:00:00,2.1364666666666667,-0.00011666666666743097,2.13208099744792,-0.0002570930758500057
2026-06-06 03:05:00,2.1369661016949153,0.0004994350282485627,2.1320122094059504,-6.878804196988214e-05
2026-06-06 03:10:00,2.140116666666667,0.0031505649717518125,2.1329660240559236,-0.004000077638991481
2026-06-06 03:15:00,2.1366000000000005,-0.0035166666666666124,2.1337676142007447,0.0008015901448209925
2026-06-06 03:20:00,2.134116666666667,-0.002483333333333615,2.133569304298438,-0.00019830990230657427
2026-06-06 03:25:00,2.1310666666666664,-0.0030500000000004412,2.133079668451747,-0.0004896358466915341
2026-06-06 03:30:00,2.1278,-0.003266666666666307,2.132927789897358,-0.0001518785543884919
2026-06-06 03:35:00,2.1350333333333333,0.007233333333333203,2.1279993829190467,0.00019938291904639705
2026-06-06 03:40:00,2.1291166666666665,-0.005916666666666792,2.1282641027679903,0.0002647198489436522
2026-06-06 03:45:00,2.1188813559322033,-0.010235310734463265,2.128505521908786,0.00024141914079600928
2026-06-06 03:50:00,2.1211999999999995,0.0023186440677962494,2.1283238520373,-0.0001816698714865173
2026-06-06 03:55:00,2.1510166666666675,0.029816666666667935,2.1283865400897626,6.268805246305412e-05
2026-06-06 04:00:00,2.1594500000000005,0.00843333333333307,2.1290589319942645,-0.021957734672403136
2026-06-06 04:05:00,2.1602333333333337,0.000783333333333136,2.1302656973526863,0.001206765358422095
2026-06-06 04:10:00,2.157133333333334,-0.0030999999999998806,2.1298620114474125,-0.00040368590527399274
2026-06-06 04:15:00,2.1610166666666677,0.003883333333333905,2.1272031107419562,-0.002658900705456074
2026-06-06 04:20:00,2.1605000000000003,-0.0005166666666673869,2.127995801401035,0.0007926906590788195
2026-06-06 04:25:00,2.1656440677966113,0.005144067796611029,2.146894307375689,-0.013605692624311149
2026-06-06 04:30:00,2.1637,-0.0019440677966113817,2.1467572301108877,-0.00013707726480167846
2026-06-06 04:35:00,2.21145,0.04775000000000018,2.1462548789758467,-0.0005023511350408227
2026-06-06 04:40:00,2.251733333333334,0.04028333333333389,2.1456177723930976,-0.0006371065827492713
2026-06-06 04:45:00,2.263383333333334,0.011649999999999938,2.1459697702080462,0.000351997814949059
2026-06-06 04:50:00,2.284036363636364,0.020653030303030118,2.232020504311953,-0.031362829021381
2026-06-06 04:55:00,2.2887333333333335,0.004696969696969422,2.2280746557895728,-0.0039458485223799935
2026-06-06 05:00:00,2.2657166666666675,-0.02301666666666602,2.225301056340207,-0.0027735994493656544
2026-06-06 05:05:00,2.263983333333333,-0.0017333333333344747,2.2211343193637845,-0.004166736976422688
2026-06-06 05:10:00,2.224118644067797,-0.03986468926553588,2.221607461566071,0.00047314220228626984
2026-06-06 05:15:00,2.2143833333333327,-0.00973531073446443,2.2464197181272323,0.022301074059434968
2026-06-06 05:20:00,2.2037833333333334,-0.010599999999999277,2.247360100634204,0.000940382506972156
2026-06-06 05:25:00,2.2364,0.03261666666666674,2.241980276985003,-0.005379823649201613
2026-06-06 05:30:00,2.2172833333333335,-0.01911666666666667,2.2448360471187176,0.002855770133714887
2026-06-06 05:35:00,2.226733333333333,0.009449999999999292,2.244444954223765,-0.00039109289495249867
2026-06-06 05:40:00,2.2298166666666663,0.003083333333333549,2.2254020620161854,-0.001331271317147501
2026-06-06 05:45:00,2.2268166666666667,-0.0029999999999996696,2.224357278428727,-0.0010447835874579866
2026-06-06 05:50:00,2.2349830508474575,0.008166384180790853,2.2254425909492084,0.0010853125204809363
2026-06-06 05:55:00,2.2663166666666665,0.031333615819209015,2.2250765447212517,-0.00036604622795659227
2026-06-06 06:00:00,2.2528833333333336,-0.013433333333332964,2.2250304481701817,-4.609655107012745e-05
2026-06-06 06:05:00,2.2844666666666664,0.03158333333333285,2.2356241117550164,-0.01725922157831729
2026-06-06 06:10:00,2.259366666666666,-0.025100000000000566,2.2395435267263712,0.0039194149713548485
2026-06-06 06:15:00,2.2605,0.0011333333333340967,2.2388540256679534,-0.0006895010584177834
2026-06-06 06:20:00,2.246,-0.014499999999999957,2.2332458821440992,-0.005608143523853934
2026-06-06 06:25:00,2.251016666666666,0.005016666666666225,2.2355653504165502,0.0023194682724509796
2026-06-06 06:30:00,2.249745762711864,-0.0012709039548020051,2.2535007393528588,0.002484072686192742
2026-06-06 06:35:00,2.2230500000000006,-0.02669576271186358,2.253095522182893,-0.00040521716996597986
2026-06-06 06:40:00,2.224783333333333,0.0017333333333322543,2.2540924792719452,0.0009969570890523381
2026-06-06 06:45:00,2.211066666666666,-0.013716666666666821,2.2544986023030753,0.0004061230311298404
2026-06-06 06:50:00,2.24045,0.029383333333333983,2.2543860185387574,-0.00011258376431763885
2026-06-06 06:55:00,2.274816666666667,0.0343666666666671,2.2336661874468473,-0.00678381255315255
2026-06-06 07:00:00,2.24495,-0.029866666666667374,2.2332517538804075,-0.0004144335664401431
2026-06-06 07:05:00,2.272372881355932,0.027422881355932294,2.233314683963016,6.293008260848651e-05
2026-06-06 07:10:00,2.2195833333333335,-0.05278954802259861,2.233146035901028,-0.0001686480619879188
2026-06-06 07:15:00,2.2292500000000004,0.009666666666666934,2.2335997058345005,0.0004536699334725801
2026-06-06 07:20:00,2.2136666666666662,-0.01558333333333417,2.237253107008121,0.008003107008120382
2026-06-06 07:25:00,2.202033333333333,-0.011633333333333162,2.2336619748340754,-0.0035911321740453098
2026-06-06 07:30:00,2.188383333333334,-0.013649999999999274,2.235007908033181,0.0013459331991055126
2026-06-06 07:35:00,2.2100833333333325,0.02169999999999872,2.2349116305464487,-9.627748673232752e-05
2026-06-06 07:40:00,2.2117833333333334,0.001700000000000923,2.2347990474812383,-0.00011258306521036352
2026-06-06 07:45:00,2.215593220338982,0.003809887005648438,2.2050581690904085,-0.006725164242924815
2026-06-06 07:50:00,2.210283333333332,-0.005309887005649827,2.20666992862707,0.0016117595366613455
2026-06-06 07:55:00,2.1984500000000002,-0.011833333333331808,2.206719724958748,4.97963316778453e-05
2026-06-06 08:00:00,2.206866666666667,0.008416666666666739,2.2062756606425205,-0.0004440643162271879
2026-06-06 08:05:00,2.18665,-0.02021666666666677,2.2063980943102512,0.0001224336677305634
2026-06-06 08:10:00,2.1886999999999994,0.002049999999999219,2.194617119021304,0.007967119021303832
2026-06-06 08:15:00,2.1943166666666656,0.005616666666666159,2.197633859823847,0.0030167408025427037
2026-06-06 08:20:00,2.1854166666666663,-0.008899999999999242,2.1969612621923704,-0.0006725976314765175
2026-06-06 08:25:00,2.190101694915254,0.0046850282485877415,2.1979649936390464,0.0010037314466760142
2026-06-06 08:30:00,2.1955833333333334,0.00548163841807936,2.1979473246173478,-1.7669021698404585e-05
2026-06-06 08:35:00,2.1910999999999996,-0.004483333333333839,2.1877854973267845,-0.007797836006548797
2026-06-06 08:40:00,2.1772666666666667,-0.01383333333333292,2.188412465559445,0.0006269682326599472
2026-06-06 08:45:00,2.1753833333333343,-0.0018833333333323488,2.1892697235388234,0.0008572579793787257
2026-06-06 08:50:00,2.1763666666666674,0.000983333333333114,2.1883222350185196,-0.0009474885203034949
2026-06-06 08:55:00,2.1842333333333337,0.007866666666666244,2.188709626875945,0.00038739185742537485
2026-06-06 09:00:00,2.1741333333333333,-0.010100000000000442,2.1790874696386258,-0.00514586369470796
2026-06-06 09:05:00,2.172898305084747,-0.001235028248586456,2.1795839532755226,0.0004964836368969153
2026-06-06 09:10:00,2.17695,0.004051694915253368,2.1797085301890675,0.00012457691354484336
2026-06-06 09:15:00,2.17615,-0.000800000000000356,2.1801035263858632,0.00039499619679590693
2026-06-06 09:20:00,2.1729166666666666,-0.0032333333333331993,2.179997635845493,-0.00010589054037069089
2026-06-06 09:25:00,2.1774833333333334,0.00456666666666683,2.1715558883748174,-0.001360778291849276
2026-06-06 09:30:00,2.1769666666666665,-0.0005166666666669428,2.171764595806235,0.00020870743141760347
2026-06-06 09:35:00,2.1769166666666675,-4.999999999899529e-05,2.1717744303817654,9.834575530305896e-06
2026-06-06 09:40:00,2.1759999999999993,-0.000916666666668231,2.171843932373887,6.95019921217228e-05
2026-06-06 09:45:00,2.1758166666666674,-0.00018333333333186985,2.1722549843739904,0.00041105200010366065
2026-06-06 09:50:00,2.176305084745763,0.0004884180790956094,2.172509036479618,-0.0033076301870495557
2026-06-06 09:55:00,2.1660666666666675,-0.010238418079095535,2.17310182713128,0.0005927906516621565
2026-06-06 10:00:00,2.173500000000001,0.007433333333333625,2.1729672360931764,-0.00013459103810356478
2026-06-06 10:05:00,2.174383333333334,0.000883333333332903,2.1728700109113843,-9.722518179208752e-05
2026-06-06 10:10:00,2.1775500000000005,0.00316666666666654,2.1729513600038155,8.134909243103457e-05
2026-06-06 10:15:00,2.169583333333334,-0.007966666666666455,2.1704863510653922,-0.00706364893460818
2026-06-06 10:20:00,2.1709333333333336,0.0013499999999995183,2.1709651579970632,0.00047880693167100334
2026-06-06 10:25:00,2.1723500000000007,0.0014166666666670658,2.1708987654777023,-6.639251936084525e-05
2026-06-06 10:30:00,2.173762711864408,0.001412711864407168,2.170278826497855,-0.0006199389798473578
2026-06-06 10:35:00,2.171516666666667,-0.0022460451977406315,2.1703008594008177,2.2032902962361724e-05
2026-06-06 10:40:00,2.1697500000000005,-0.0017666666666666941,2.1689318500056483,-0.002584816661019113
2026-06-06 10:45:00,2.1718666666666673,0.0021166666666667666,2.169785587174794,0.0008537371691459487
2026-06-06 10:50:00,2.17035,-0.0015166666666672768,2.169470759273823,-0.0003148279009711641
2026-06-06 10:55:00,2.171716666666667,0.0013666666666671823,2.169553591591727,8.283231790371412e-05
2026-06-06 11:00:00,2.1696166666666667,-0.002100000000000435,2.1694876019598475,-6.598963187919936e-05
2026-06-06 11:05:00,2.1713333333333336,0.0017166666666668107,2.1672896848289764,-0.0023269818376904184
2026-06-06 11:10:00,2.1716271186440683,0.0002937853107347621,2.167871560011566,0.000581875182589651
2026-06-06 11:15:00,2.1720500000000005,0.0004228813559321587,2.1684048475571727,0.0005332875456068781
2026-06-06 11:20:00,2.170900000000001,-0.0011499999999995403,2.1680490357031275,-0.0003558118540452421
2026-06-06 11:25:00,2.170733333333334,-0.00016666666666687036,2.167999049609556,-4.9986093571602674e-05
2026-06-06 11:30:00,2.170133333333334,-0.0005999999999999339,2.1674617608267908,-0.003271572506543493
2026-06-06 11:35:00,2.1698166666666676,-0.00031666666666652077,2.1675579515287566,9.619070196584888e-05
2026-06-06 11:40:00,2.172116666666668,0.002300000000000413,2.167703348461464,0.00014539693270744372
2026-06-06 11:45:00,2.1746949152542374,0.0025782485875693872,2.1678647888985054,0.0001614404370414713
2026-06-06 11:50:00,2.1746666666666674,-2.824858757000115e-05,2.1677577432806614,-0.00010704561784382297
2026-06-06 11:55:00,2.174466666666667,-0.00020000000000042206,2.1695292854753947,-0.005137381191272667
2026-06-06 12:00:00,2.1714333333333338,-0.0030333333333332213,2.170219387449413,0.0006901019740182022
2026-06-06 12:05:00,2.168666666666668,-0.002766666666665696,2.1699214163255083,-0.0002979711239045808
2026-06-06 12:10:00,2.1679000000000013,-0.0007666666666668043,2.169764870630644,-0.0001565456948646554
2026-06-06 12:15:00,2.174550000000001,0.006649999999999601,2.1703544937510095,0.0005896231203656399
2026-06-06 12:20:00,2.175033333333334,0.00048333333333294703,2.1687328729193287,-0.0058171270806723265
2026-06-06 12:25:00,2.174101694915255,-0.0009316384180788617,2.1683463240744203,-0.0003865488449080531
2026-06-06 12:30:00,2.1754500000000005,0.0013483050847455935,2.1682718168455133,-7.450722890733047e-05
2026-06-06 12:35:00,2.1717666666666675,-0.0036833333333330387,2.1678735575336914,-0.0003982593118219549
2026-06-06 12:40:00,2.172233333333334,0.00046666666666661527,2.168021094206728,0.0001475366730369875
2026-06-06 12:45:00,2.1716,-0.0006333333333339297,2.1701217898023137,-0.0021115435310204572
2026-06-06 12:50:00,2.1719166666666663,0.0003166666666660767,2.1702002936065217,7.850380420785198e-05
2026-06-06 12:55:00,2.173816666666667,0.001900000000000901,2.1702015474116725,1.2538051509876667e-06
2026-06-06 13:00:00,2.174183333333334,0.00036666666666684833,2.1700780276966722,-0.00012351971500023908
2026-06-06 13:05:00,2.172101694915255,-0.002081638418078846,2.1699974414565943,-8.058624007796244e-05
2026-06-06 13:10:00,2.1755333333333344,0.0034316384180792525,2.169575991973524,-0.002525702941731468
2026-06-06 13:15:00,2.169383333333334,-0.006150000000000322,2.1706490286134543,0.0010730366399305667
2026-06-06 13:20:00,2.1702666666666675,0.0008833333333333471,2.1701507879140256,-0.0004982406994286831
2026-06-06 13:25:00,2.172816666666667,0.002549999999999386,2.1699516797432152,-0.00019910817081018775
2026-06-06 13:30:00,2.178866666666667,0.006050000000000111,2.169798218430403,-0.00015346131281214926
2026-06-06 13:35:00,2.1759166666666663,-0.0029500000000006743,2.170256239862639,-0.008610426804028225
2026-06-06 13:40:00,2.1835166666666663,0.007600000000000051,2.1705905457973205,0.00033430593468161376
2026-06-06 13:45:00,2.1858833333333334,0.002366666666667072,2.1710616415136013,0.00047109571628086664
2026-06-06 13:50:00,2.132305084745763,-0.05357824858757043,2.169678249461872,-0.0013833920517295829
2026-06-06 13:55:00,2.1248333333333336,-0.007471751412429395,2.1702042522937277,0.000526002831856161
2026-06-06 14:00:00,2.1199166666666667,-0.004916666666666902,2.144639984598879,0.01980665126554546
2026-06-06 14:05:00,2.119249999999999,-0.0006666666666674814,2.145297037131152,0.000657052532273316
2026-06-06 14:10:00,2.1167499999999992,-0.0024999999999999467,2.1444241238208304,-0.0008729133103218403
2026-06-06 14:15:00,2.11295,-0.0037999999999991374,2.148428683816604,0.004004559995773482
2026-06-06 14:20:00,2.113883333333333,0.0009333333333327865,2.1476373163847327,-0.0007913674318715036
2026-06-06 14:25:00,2.10965,-0.004233333333333089,2.1156170083727757,0.001733675039442884
2026-06-06 14:30:00,2.110033898305085,0.0003838983050852285,2.1156409324557566,2.3924082980597244e-05
2026-06-06 14:35:00,2.1136166666666663,0.0035827683615812234,2.1158863534387478,0.0002454209829915136
2026-06-06 14:40:00,2.1116833333333327,-0.0019333333333335645,2.116104164046761,0.00021781060801327523
2026-06-06 14:45:00,2.11385,0.002166666666667094,2.1163775833845184,0.000273419337757481
2026-06-06 14:50:00,2.1093999999999995,-0.004450000000000287,2.1093361183003156,-0.0045138816996840615
2026-06-06 14:55:00,2.1107499999999995,0.0013499999999999623,2.110060129616328,0.0007240113160123982
2026-06-06 15:00:00,2.1112166666666674,0.00046666666666794754,2.1099545092736443,-0.00010562034268403552
2026-06-06 15:05:00,2.1115333333333335,0.0003166666666660767,2.1096565969623677,-0.00029791231127624366
2026-06-06 15:10:00,2.112033333333333,0.0004999999999997229,2.1097524368496225,9.583988725455523e-05
2026-06-06 15:15:00,2.1130847457627118,0.001051412429378562,2.1080109349674956,-0.004022398365837434
2026-06-06 15:20:00,2.111483333333333,-0.0016014124293786125,2.1080669468657587,5.601189826286656e-05
2026-06-06 15:25:00,2.1103333333333327,-0.0011500000000004285,2.1078591364540946,-0.00020781041166406775
2026-06-06 15:30:00,2.109683333333334,-0.0006499999999989292,2.107306930000128,-0.000552206453966477
2026-06-06 15:35:00,2.1117,0.0020166666666661115,2.1071896835569692,-0.00011724644315900359
2026-06-06 15:40:00,2.109683333333333,-0.0020166666666669997,2.1076425215866434,-0.0040574784133564565
2026-06-06 15:45:00,2.1097000000000006,1.6666666667664032e-05,2.107875937026853,0.00023341544020927038
2026-06-06 15:50:00,2.109516666666666,-0.0001833333333345344,2.1074403514610545,-0.0004355855657982646
2026-06-06 15:55:00,2.1130847457627113,0.0035680790960452846,2.107405490254248,-3.486120680668165e-05
2026-06-06 16:00:00,2.110066666666667,-0.003018079096044346,2.107336149383547,-6.934087070099302e-05
2026-06-06 16:05:00,2.107366666666666,-0.002700000000000813,2.107188073313885,-0.0028785933527819304
2026-06-06 16:10:00,2.108649999999999,0.001283333333332859,2.1080540398366177,0.0008659665227326424
2026-06-06 16:15:00,2.1108,0.0021500000000007624,2.1084947782112144,0.00044073837459686544
2026-06-06 16:20:00,2.113183333333333,0.002383333333333404,2.107649038967732,-0.0008457392434825985
2026-06-06 16:25:00,2.1136,0.0004166666666667318,2.107702646750973,5.360778324101445e-05
2026-06-06 16:30:00,2.1121499999999997,-0.0014500000000001734,2.107886499057682,-0.005713500942317851
2026-06-06 16:35:00,2.112610169491525,0.0004601694915251642,2.107930128507369,4.362944968680622e-05
2026-06-06 16:40:00,2.111199999999999,-0.0014101694915260587,2.1080167411773045,8.661266993568705e-05
2026-06-06 16:45:00,2.110933333333333,-0.0002666666666657491,2.1075222591954987,-0.0004944819818058671
2026-06-06 16:50:00,2.1096166666666667,-0.0013166666666664106,2.10728029383098,-0.00024196536451910687
2026-06-06 16:55:00,2.1113999999999993,0.0017833333333325818,2.107560198666753,-0.002056467999913424
2026-06-06 17:00:00,2.1113499999999994,-4.999999999988347e-05,2.108070624223713,0.0005104255569595248
2026-06-06 17:05:00,2.1117666666666666,0.0004166666666671759,2.1078999045983977,-0.00017071962531496675
2026-06-06 17:10:00,2.109933333333333,-0.0018333333333333535,2.1078474652807926,-5.243931760537977e-05
2026-06-06 17:15:00,2.1115999999999997,0.0016666666666664831,2.108389839043207,0.0005423737624146044
2026-06-06 17:20:00,2.1120677966101686,0.0004677966101689357,2.1085648947720825,-0.003035105227917294
2026-06-06 17:25:00,2.110333333333333,-0.0017344632768354629,2.1077821182934047,-0.0007827764786778481
2026-06-06 17:30:00,2.109716666666667,-0.0006166666666662657,2.1076714793724345,-0.00011063892097015416
2026-06-06 17:35:00,2.109199999999999,-0.000516666666667831,2.107252313607345,-0.00041916576508964023
2026-06-06 17:40:00,2.1088333333333327,-0.00036666666666640424,2.1072482500459038,-4.063561441176473e-06
2026-06-06 17:45:00,2.108416666666666,-0.0004166666666667318,2.107674641195788,-0.0011586921375448306
2026-06-06 17:50:00,2.108116666666666,-0.0002999999999997449,2.1070142445770506,-0.0006603966187374087
2026-06-06 17:55:00,2.1088999999999993,0.000783333333333136,2.1072594980936907,0.0002452535166405051
2026-06-06 18:00:00,2.112542372881355,0.0036423728813557155,2.107092968045833,-0.00016653004785775229
2026-06-06 18:05:00,2.112083333333333,-0.00045903954802195557,2.1069356849924517,-0.00015728305338131681
