time,actual_delta,predicted_delta,actual_absolute,predicted_abs_1step,predicted_abs_cumsum
2026-05-31 14:44:00+00:00,0.0024999999999999467,0.0003685095816229258,2.3922916666666665,2.3901601762482896,2.3901601762482896
2026-05-31 14:46:00+00:00,0.00020833333333403203,0.00011903057515153838,2.3925000000000005,2.392410697241818,2.390279206823441
2026-05-31 14:48:00+00:00,-0.001791666666666192,0.0002880451465025136,2.3907083333333343,2.392788045146503,2.3905672519699435
2026-05-31 14:50:00+00:00,-0.0003333333333337407,0.00014132255509804174,2.3903750000000006,2.3908496558884322,2.3907085745250414
2026-05-31 14:52:00+00:00,-0.0035000000000002807,0.00020653998300740673,2.3868750000000003,2.390581539983008,2.390915114508049
2026-05-31 14:54:00+00:00,0.00954166666666678,0.000455109291709895,2.396416666666667,2.3873301092917103,2.391370223799759
2026-05-31 14:56:00+00:00,-0.007503623188406028,0.0001946593070557686,2.388913043478261,2.3966113259737227,2.3915648831068146
2026-05-31 14:58:00+00:00,0.0038369565217388772,0.00022525393411824393,2.39275,2.389138297412379,2.3917901370409327
2026-05-31 15:00:00+00:00,-0.003000000000000114,0.00024452859108953684,2.38975,2.3929945285910894,2.3920346656320226
2026-05-31 15:02:00+00:00,-0.003291666666666249,0.00020083440785914297,2.3864583333333336,2.389950834407859,2.3922355000398814
2026-05-31 15:04:00+00:00,0.003291666666666249,0.00021321343079516746,2.38975,2.386671546764129,2.3924487134706767
2026-05-31 15:06:00+00:00,0.0027500000000002522,0.0003626986776167634,2.3925,2.3901126986776164,2.3928114121482933
2026-05-31 15:08:00+00:00,-0.0006666666666661492,0.00020393139069586585,2.391833333333334,2.392703931390696,2.3930153435389894
2026-05-31 15:10:00+00:00,0.0006249999999994316,0.00021546516264785753,2.3924583333333334,2.3920487984959817,2.393230808701637
2026-05-31 15:12:00+00:00,0.001000000000000334,8.953377872238529e-05,2.3934583333333337,2.392547867112056,2.3933203424803597
2026-05-31 15:14:00+00:00,-0.008458333333333012,0.00023363884484081633,2.3850000000000007,2.3936919721781744,2.3935539813252005
2026-05-31 15:16:00+00:00,0.006416666666666071,0.00028023089809960127,2.3914166666666667,2.3852802308981005,2.3938342122233
2026-05-31 15:18:00+00:00,-0.002333333333333521,0.00020681247557510486,2.3890833333333332,2.391623479142242,2.394041024698875
2026-05-31 15:20:00+00:00,0.001500000000000057,0.00028188891056921063,2.3905833333333333,2.3893652222439026,2.3943229136094444
2026-05-31 15:22:00+00:00,-4.166666666671759e-05,0.00034831159406647117,2.3905416666666666,2.3909316449273996,2.3946712252035107
2026-05-31 15:24:00+00:00,0.0012083333333330337,0.0001724810321659847,2.3917499999999996,2.3907141476988327,2.394843706235677
2026-05-31 15:26:00+00:00,-0.001666666666666039,0.00012481160978008776,2.3900833333333336,2.39187481160978,2.3949685178454567
2026-05-31 15:28:00+00:00,-4.166666666671759e-05,0.00043948341502491364,2.390041666666667,2.3905228167483585,2.3954080012604817
2026-05-31 15:30:00+00:00,0.00037500000000001427,7.360239594708085e-05,2.390416666666667,2.3901152690626137,2.395481603656429
2026-05-31 15:32:00+00:00,0.0019583333333335062,0.0002800836473082106,2.3923750000000004,2.390696750313975,2.3957616873037373
2026-05-31 15:34:00+00:00,-0.0006793478260869179,0.0002951540583744227,2.3916956521739134,2.392670154058375,2.3960568413621113
2026-05-31 15:36:00+00:00,-0.00048731884057984237,0.00028501576278354657,2.3912083333333336,2.391980667936697,2.396341857124895
2026-05-31 15:38:00+00:00,-0.0022083333333338118,0.000370885507203586,2.389,2.3915792188405374,2.3967127426320984
2026-05-31 15:40:00+00:00,0.003458333333334007,2.7131928577239194e-05,2.392458333333334,2.389027131928577,2.396739874560676
2026-05-31 15:42:00+00:00,-0.0015416666666667744,0.0002213803474635814,2.390916666666667,2.3926797136807973,2.3969612549081396
2026-05-31 15:44:00+00:00,-0.001000000000000334,0.0002952908286824404,2.3899166666666667,2.3912119574953494,2.397256545736822
2026-05-31 15:46:00+00:00,-0.0012083333333334778,0.0001820895393223554,2.388708333333333,2.390098756205989,2.3974386352761443
2026-05-31 15:48:00+00:00,0.004041666666667165,0.00026282541896212845,2.3927500000000004,2.3889711587522955,2.3977014606951066
2026-05-31 15:50:00+00:00,-0.002291666666666803,0.0002629087388049439,2.3904583333333336,2.3930129087388052,2.3979643694339114
2026-05-31 15:52:00+00:00,-0.0019166666666667886,0.0002090254296393148,2.388541666666667,2.3906673587629728,2.3981733948635506
2026-05-31 15:54:00+00:00,-4.166666666671759e-05,0.0003230976471676965,2.3885,2.3888647643138343,2.398496492510718
2026-05-31 15:56:00+00:00,0.00029166666666657903,0.00020890018786300739,2.3887916666666666,2.388708900187863,2.3987053926985813
2026-05-31 15:58:00+00:00,-0.0016249999999997655,0.0003198565576845948,2.387166666666667,2.389111523224351,2.399025249256266
2026-05-31 16:00:00+00:00,0.0006666666666665932,0.0001591933513215207,2.3878333333333335,2.3873258600179885,2.3991844426075875
2026-05-31 16:02:00+00:00,0.0027916666666660817,0.00017374131029158853,2.3906249999999996,2.388007074643625,2.399358183917879
2026-05-31 16:04:00+00:00,-0.004833333333333023,0.000244481952938527,2.3857916666666665,2.390869481952938,2.3996026658708174
2026-05-31 16:06:00+00:00,0.0008333333333334636,0.00034938898775721604,2.386625,2.3861410556544236,2.399952054858575
2026-05-31 16:08:00+00:00,0.0024166666666669556,0.0002124169140588191,2.389041666666667,2.3868374169140587,2.4001644717726336
2026-05-31 16:10:00+00:00,-0.002291666666667247,0.00015588047052731392,2.3867499999999997,2.3891975471371945,2.400320352243161
2026-05-31 16:12:00+00:00,0.002000000000000668,0.00021843113944241787,2.3887500000000004,2.386968431139442,2.4005387833826033
2026-05-31 16:14:00+00:00,-0.0018804347826089085,0.0003412309794996692,2.3868695652173915,2.3890912309795,2.400880014362103
2026-05-31 16:16:00+00:00,0.0002971014492754165,0.00027400704667278716,2.387166666666667,2.387143572264064,2.4011540214087757
2026-05-31 16:18:00+00:00,-0.0022083333333333677,0.00028728426340963347,2.3849583333333335,2.3874539509300767,2.4014413056721855
2026-05-31 16:20:00+00:00,0.003375000000000128,0.0001566523581277357,2.3883333333333336,2.385114985691461,2.401597958030313
2026-05-31 16:22:00+00:00,-0.002375000000000238,0.000293698843258081,2.3859583333333334,2.3886270321765917,2.401891656873571
2026-05-31 16:24:00+00:00,-0.003750000000000142,0.00014046996777564781,2.3822083333333333,2.3860988033011092,2.402032126841347
2026-05-31 16:26:00+00:00,0.0006249999999998757,0.0002891319726282942,2.382833333333333,2.3824974653059616,2.4023212588139753
2026-05-31 16:28:00+00:00,0.004875000000000629,0.0002458014457951883,2.3877083333333338,2.3830791347791282,2.4025670602597704
2026-05-31 16:30:00+00:00,-0.0032083333333332575,0.00022106278881737934,2.3845000000000005,2.3879293961221513,2.402788123048588
2026-05-31 16:32:00+00:00,0.0032500000000004192,0.0002263302797606515,2.387750000000001,2.384726330279761,2.4030144533283484
2026-05-31 16:34:00+00:00,-0.004666666666667486,0.00019914705003608923,2.3830833333333334,2.387949147050037,2.4032136003783844
2026-05-31 16:36:00+00:00,0.003249999999999975,0.0002948637489849905,2.3863333333333334,2.3833781970823185,2.4035084641273694
2026-05-31 16:38:00+00:00,-0.0018749999999991829,0.00020319461271474363,2.3844583333333342,2.386536527946048,2.403711658740084
2026-05-31 16:40:00+00:00,0.0007083333333319786,0.00022979303146709225,2.385166666666666,2.3846881263648014,2.4039414517715514
2026-05-31 16:42:00+00:00,-0.001666666666666039,0.00024899118090976227,2.3835,2.385415657847576,2.404190442952461
2026-05-31 16:44:00+00:00,-4.166666666716168e-05,0.00028281800542022753,2.383458333333333,2.3837828180054204,2.4044732609578814
2026-05-31 16:46:00+00:00,0.005958333333333954,0.000301756238875247,2.389416666666667,2.3837600895722084,2.4047750171967563
2026-05-31 16:48:00+00:00,-0.006041666666666501,0.00012786300251413807,2.3833750000000005,2.3895445296691813,2.4049028801992707
2026-05-31 16:50:00+00:00,0.0017083333333327566,0.0002587474628816923,2.385083333333333,2.3836337474628824,2.4051616276621526
2026-05-31 16:52:00+00:00,-0.0007083333333328669,0.00021345919813026444,2.3843750000000004,2.3852967925314634,2.405375086860283
2026-05-31 16:54:00+00:00,-0.0037663043478266545,0.00028241398278619815,2.3806086956521737,2.3846574139827865,2.405657500843069
2026-05-31 16:56:00+00:00,0.004307971014493095,0.00019279587711204836,2.384916666666667,2.3808014915292857,2.405850296720181
2026-05-31 16:58:00+00:00,-0.0029166666666671226,0.00034111569418256616,2.3819999999999997,2.385257782360849,2.4061914124143633
2026-05-31 17:00:00+00:00,0.0025416666666675525,0.00024512493059346084,2.3845416666666672,2.382245124930593,2.4064365373449568
2026-05-31 17:02:00+00:00,-0.0032083333333337016,0.00015404586191286945,2.3813333333333335,2.38469571252858,2.40659058320687
2026-05-31 17:04:00+00:00,0.0013333333333331865,0.0003025354628140299,2.3826666666666667,2.3816358687961476,2.406893118669684
2026-05-31 17:06:00+00:00,-0.0004166666666667318,0.00019042571579724334,2.38225,2.382857092382464,2.407083544385481
2026-05-31 17:08:00+00:00,0.004375000000000018,7.850935826232165e-05,2.386625,2.3823285093582625,2.4071620537437433
2026-05-31 17:10:00+00:00,-0.0007916666666671901,0.00029960145149375724,2.385833333333333,2.3869246014514935,2.4074616551952372
2026-05-31 17:12:00+00:00,-0.004374999999999574,0.00034450089031204666,2.3814583333333332,2.386177834223645,2.4078061560855493
2026-05-31 17:14:00+00:00,-0.0016666666666669272,0.00013610066244531976,2.3797916666666663,2.3815944339957786,2.4079422567479947
2026-05-31 17:16:00+00:00,0.0014583333333337833,0.0002390273853670467,2.38125,2.3800306940520333,2.4081812841333616
2026-05-31 17:18:00+00:00,-0.004999999999999893,0.00023108213092197183,2.37625,2.381481082130922,2.4084123662642836
2026-05-31 17:20:00+00:00,0.0007916666666663019,0.00026657533591298955,2.3770416666666665,2.376516575335913,2.4086789416001966
2026-05-31 17:22:00+00:00,0.004999999999999893,0.00016106726174861395,2.3820416666666664,2.377202733928415,2.408840008861945
2026-05-31 17:24:00+00:00,-0.001666666666666039,0.0003068403213594916,2.3803750000000004,2.3823485069880257,2.409146849183305
2026-05-31 17:26:00+00:00,-0.0032083333333341457,0.00016930282558312102,2.377166666666666,2.3805443028255833,2.4093161520088877
2026-05-31 17:28:00+00:00,0.001000000000000778,0.0001823719883492579,2.378166666666667,2.3773490386550153,2.409498523997237
2026-05-31 17:30:00+00:00,0.0067499999999989235,0.00047851273510598314,2.384916666666666,2.378645179401773,2.409977036732343
2026-05-31 17:32:00+00:00,-0.008041666666665837,0.00017739061460206876,2.376875,2.3850940572812678,2.410154427346945
2026-05-31 17:34:00+00:00,0.0012119565217387773,0.00020734645620295943,2.378086956521739,2.377082346456203,2.410361773803148
2026-05-31 17:36:00+00:00,0.004913043478260715,0.0002685299460620549,2.3829999999999996,2.3783554864678007,2.41063030374921
2026-05-31 17:38:00+00:00,-0.004208333333332703,0.00021661277557720153,2.378791666666667,2.383216612775577,2.4108469165247874
2026-05-31 17:40:00+00:00,0.004083333333332995,0.0002638084883025163,2.382875,2.3790554751549693,2.41111072501309
2026-05-31 17:42:00+00:00,-0.0006666666666665932,0.00013647062350838685,2.3822083333333333,2.3830114706235084,2.411247195636598
2026-05-31 17:44:00+00:00,-0.001291666666666469,0.00033886239025737014,2.380916666666667,2.3825471957235904,2.4115860580268556
2026-05-31 17:46:00+00:00,-0.002000000000000224,0.00017127472852975187,2.3789166666666666,2.3810879413951964,2.411757332755385
2026-05-31 17:48:00+00:00,-0.002583333333333382,0.0002827535504474835,2.376333333333333,2.379199420217114,2.412040086305833
2026-05-31 17:50:00+00:00,0.002958333333333396,0.00022404343828866187,2.3792916666666666,2.376557376771622,2.4122641297441216
2026-05-31 17:52:00+00:00,0.0008333333333334636,0.0001654648725719267,2.380125,2.3794571315392385,2.412429594616693
2026-05-31 17:54:00+00:00,-0.0012499999999997513,0.0003546250372503692,2.3788750000000003,2.3804796250372506,2.4127842196539437
2026-05-31 17:56:00+00:00,0.0034166666666664014,0.00024078286633202498,2.3822916666666667,2.3791157828663323,2.4130250025202757
2026-05-31 17:58:00+00:00,-0.005958333333333066,0.00025438496167767914,2.3763333333333336,2.3825460516283443,2.4132793874819534
2026-05-31 18:00:00+00:00,0.004666666666666153,7.3693576152426e-05,2.381,2.376407026909486,2.413353081058106
2026-05-31 18:02:00+00:00,-0.0009166666666664547,0.000396472035286271,2.3800833333333333,2.381396472035286,2.413749553093392
2026-05-31 18:04:00+00:00,0.0012499999999997513,0.0001466964229475499,2.381333333333333,2.380230029756281,2.41389624951634
2026-05-31 18:06:00+00:00,-0.008500000000000174,0.0002868267903104018,2.372833333333333,2.3816201601236435,2.4141830763066503
2026-05-31 18:08:00+00:00,-0.0008749999999997371,0.0001009155836654684,2.371958333333333,2.3729342489169984,2.4142839918903154
2026-05-31 18:10:00+00:00,0.0013750000000003482,0.0004922982389106649,2.3733333333333335,2.372450631572244,2.4147762901292262
2026-05-31 18:12:00+00:00,-0.0024166666666669556,3.0496163739973705e-05,2.3709166666666666,2.3733638294970736,2.4148067862929663
2026-05-31 18:14:00+00:00,0.006431159420289934,0.00036032537215694647,2.3773478260869565,2.3712769920388235,2.415167111665123
2026-05-31 18:16:00+00:00,0.004360507246376599,0.00024767273610143826,2.381708333333333,2.377595498823058,2.4154147844012246
2026-05-31 18:18:00+00:00,-0.004291666666666583,0.0003140225966150117,2.3774166666666665,2.3820223559299483,2.4157288069978398
2026-05-31 18:20:00+00:00,-0.003750000000000142,0.00019784851814617392,2.3736666666666664,2.3776145151848125,2.4159266555159857
2026-05-31 18:22:00+00:00,0.005708333333333648,0.0002765496283148334,2.379375,2.373943216294981,2.4162032051443005
2026-05-31 18:24:00+00:00,0.0011250000000000426,0.0001223324514382035,2.3805,2.379497332451438,2.4163255375957386
2026-05-31 18:26:00+00:00,-8.333333333343518e-05,0.0002550981585712121,2.3804166666666666,2.3807550981585712,2.41658063575431
2026-05-31 18:28:00+00:00,-0.0034166666666664014,0.0002433490126859052,2.3770000000000002,2.3806600156793527,2.416823984766996
2026-05-31 18:30:00+00:00,0.0024166666666660674,0.0002837402879570519,2.3794166666666663,2.3772837402879574,2.417107725054953
2026-05-31 18:32:00+00:00,0.008708333333333762,0.00011404238909015679,2.388125,2.3795307090557563,2.417221767444043
2026-05-31 18:34:00+00:00,-0.005208333333333037,0.00031161732568090714,2.382916666666667,2.388436617325681,2.4175333847697242
2026-05-31 18:36:00+00:00,-0.003166666666666984,0.00015792678490589307,2.37975,2.383074593451573,2.41769131155463
2026-05-31 18:38:00+00:00,0.010083333333333222,-2.9357876803256136e-05,2.3898333333333333,2.3797206421231967,2.4176619536778268
2026-05-31 18:40:00+00:00,-0.008000000000000007,0.0003652255221579948,2.3818333333333332,2.390198558855491,2.4180271791999846
2026-05-31 18:42:00+00:00,0.004125000000000156,0.00014041546926210817,2.3859583333333334,2.3819737488025954,2.4181675946692467
2026-05-31 18:44:00+00:00,-0.0022083333333329236,0.0003191768983378554,2.3837500000000005,2.3862775102316713,2.4184867715675846
2026-05-31 18:46:00+00:00,0.00024999999999941735,0.0002757483953609672,2.384,2.3840257483953615,2.4187625199629457
2026-05-31 18:48:00+00:00,-0.004999999999999893,0.00038648832682514674,2.379,2.384386488326825,2.4191490082897706
2026-05-31 18:50:00+00:00,0.006086956521738961,0.0002629538048834478,2.385086956521739,2.3792629538048833,2.4194119620946544
2026-05-31 18:52:00+00:00,-0.005670289855071786,0.00038024510287984785,2.379416666666667,2.385467201624619,2.419792207197534
2026-05-31 18:54:00+00:00,-0.0017083333333340889,0.00023161611154982642,2.377708333333333,2.379648282778217,2.420023823309084
2026-05-31 18:56:00+00:00,0.004541666666667332,9.23325918071462e-05,2.3822500000000004,2.37780066592514,2.420116155900891
2026-05-31 18:58:00+00:00,-0.0014166666666666217,0.00044254790836318025,2.380833333333334,2.3826925479083636,2.420558703809254
2026-05-31 19:00:00+00:00,0.00812500000000016,0.00014446355596493124,2.388958333333334,2.3809777968892987,2.420703167365219
2026-05-31 19:02:00+00:00,-0.0055000000000005045,0.0002704918925494814,2.3834583333333335,2.3892288252258833,2.4209736592577684
2026-05-31 19:04:00+00:00,0.0027083333333330906,0.0002039277225266853,2.3861666666666665,2.38366226105586,2.421177586980295
2026-05-31 19:06:00+00:00,-0.007624999999999993,0.00017378952051510434,2.3785416666666666,2.3863404561871815,2.4213513765008106
2026-05-31 19:08:00+00:00,0.007458333333333567,0.0004544243921214692,2.386,2.378996091058788,2.421805800892932
2026-05-31 19:10:00+00:00,-0.0026250000000005436,0.00015600676035195862,2.3833749999999996,2.386156006760352,2.421961807653284
2026-05-31 19:12:00+00:00,0.0007916666666671901,0.0003201075652613782,2.3841666666666668,2.383695107565261,2.4222819152185453
2026-05-31 19:14:00+00:00,-0.002083333333333215,0.00018044305538445637,2.3820833333333336,2.3843471097220514,2.4224623582739295
2026-05-31 19:16:00+00:00,0.002458333333333229,0.0002967916339014547,2.384541666666667,2.382380124967235,2.422759149907831
2026-05-31 19:18:00+00:00,-0.00179166666666708,0.00037983479195579474,2.3827499999999997,2.3849215014586225,2.423138984699787
2026-05-31 19:20:00+00:00,0.005625000000000656,3.288414187651282e-05,2.3883750000000004,2.3827828841418763,2.4231718688416635
2026-05-31 19:22:00+00:00,-0.007000000000000561,0.0003250024750207401,2.381375,2.388700002475021,2.4234968713166842
2026-05-31 19:24:00+00:00,0.0014583333333337833,0.00012644708921044515,2.3828333333333336,2.38150144708921,2.4236233184058946
2026-05-31 19:26:00+00:00,-0.0022083333333333677,0.00027036298260399346,2.380625,2.3831036963159375,2.4238936813884986
2026-05-31 19:28:00+00:00,0.005791666666666639,0.00011610599626630142,2.386416666666667,2.3807411059962664,2.424009787384765
2026-05-31 19:30:00+00:00,-0.005721014492753973,0.00039344789180899054,2.380695652173913,2.3868101145584757,2.424403235276574
2026-05-31 19:32:00+00:00,0.0008460144927537883,0.00022339888856122208,2.3815416666666667,2.3809190510624743,2.424626634165135
2026-05-31 19:34:00+00:00,0.0016250000000002096,0.0004261805374795588,2.383166666666667,2.3819678472041463,2.4250528147026147
2026-05-31 19:36:00+00:00,-0.0004166666666667318,0.00012948642938861651,2.38275,2.3832961530960555,2.4251823011320033
2026-05-31 19:38:00+00:00,0.0013333333333336306,0.0001498479042978124,2.3840833333333338,2.382899847904298,2.425332149036301
2026-05-31 19:40:00+00:00,0.010874999999999968,0.0004265531186634691,2.3949583333333337,2.384509886451997,2.4257587021549645
2026-05-31 19:42:00+00:00,0.0024166666666665115,0.00025860388025948216,2.3973750000000003,2.3952169372135934,2.426017306035224
2026-05-31 19:44:00+00:00,-0.015166666666666995,0.00026237790232210115,2.3822083333333333,2.3976373779023223,2.4262796839375462
2026-05-31 19:46:00+00:00,-8.333333333343518e-05,0.00017329431767572988,2.382125,2.382381627651009,2.426452978255222
2026-05-31 19:48:00+00:00,0.005583333333333496,0.00025596961076367747,2.3877083333333333,2.3823809696107636,2.4267089478659853
2026-05-31 19:50:00+00:00,4.440892098500626e-16,0.00013835500623097545,2.3877083333333338,2.387846688339564,2.4268473028722166
2026-05-31 19:52:00+00:00,-0.0022500000000005294,0.0001794657503099237,2.3854583333333332,2.387887799083644,2.4270267686225266
2026-05-31 19:54:00+00:00,0.013666666666666938,0.0004761834476763329,2.399125,2.3859345167810098,2.4275029520702027
2026-05-31 19:56:00+00:00,0.004083333333332995,0.00017175001845071763,2.403208333333333,2.399296750018451,2.4276747020886535
2026-05-31 19:58:00+00:00,-0.009583333333333055,0.0002933639918143135,2.393625,2.4035016973251473,2.4279680660804677
2026-05-31 20:00:00+00:00,0.002625000000000099,0.00019078572040110608,2.39625,2.393815785720401,2.4281588518008688
2026-05-31 20:02:00+00:00,-4.166666666671759e-05,0.00017931063915600323,2.3962083333333335,2.396429310639156,2.428338162440025
2026-05-31 20:04:00+00:00,0.0027500000000002522,0.00042024439169708895,2.3989583333333337,2.3966285777250307,2.428758406831722
2026-05-31 20:06:00+00:00,0.000791666666666746,0.0001672811403404684,2.3997500000000005,2.3991256144736743,2.4289256879720624
2026-05-31 20:08:00+00:00,-0.007532608695651977,0.00036901054872815544,2.3922173913043485,2.4001190105487287,2.4292946985207906
2026-05-31 20:10:00+00:00,0.011490942028985263,0.0004990073203418938,2.403708333333334,2.39271639862469,2.4297937058411327
2026-05-31 20:12:00+00:00,-0.0032500000000004192,0.0004581203345829593,2.4004583333333334,2.4041664536679166,2.4302518261757156
2026-05-31 20:14:00+00:00,-0.0029999999999992255,-0.0002740022322007377,2.397458333333334,2.4001843311011326,2.429977823943515
2026-05-31 20:16:00+00:00,0.0022916666666659147,0.00024098933185447317,2.39975,2.3976993226651886,2.4302188132753693
2026-05-31 20:18:00+00:00,0.0002916666666670231,0.00015704694832672933,2.400041666666667,2.399907046948327,2.430375860223696
2026-05-31 20:20:00+00:00,0.006041666666666057,0.000310887884038146,2.406083333333333,2.400352554550705,2.430686748107734
2026-05-31 20:22:00+00:00,-0.004666666666666598,0.00021571040595878585,2.4014166666666665,2.406299043739292,2.430902458513693
2026-05-31 20:24:00+00:00,-0.0014583333333333393,0.0005607562322789629,2.399958333333333,2.4019774228989457,2.431463214745972
2026-05-31 20:26:00+00:00,-0.0008750000000001812,0.0005196465362483521,2.399083333333333,2.4004779798695814,2.4319828612822203
2026-05-31 20:28:00+00:00,-0.0012499999999997513,-0.00032875540511057087,2.3978333333333333,2.3987545779282224,2.4316541058771097
2026-05-31 20:30:00+00:00,0.008250000000000313,0.0002435921599001589,2.4060833333333336,2.3980769254932333,2.4318976980370097
2026-05-31 20:32:00+00:00,-0.004041666666666721,0.0004342054435982685,2.402041666666667,2.406517538776932,2.432331903480608
2026-05-31 20:34:00+00:00,-0.0019166666666663446,3.731162207743866e-05,2.4001250000000005,2.402078978288744,2.4323692151026854
2026-05-31 20:36:00+00:00,-0.005416666666667069,0.00012588900347083266,2.3947083333333334,2.4002508890034715,2.4324951041061564
2026-05-31 20:38:00+00:00,0.01329166666666648,0.0005149177421504522,2.408,2.395223251075484,2.4330100218483066
2026-05-31 20:40:00+00:00,-0.0023333333333326323,0.0003770061094934207,2.4056666666666673,2.408377006109493,2.4333870279578003
2026-05-31 20:42:00+00:00,-0.006041666666666945,-2.5879404371755875e-05,2.3996250000000003,2.4056407872622954,2.4333611485534283
2026-05-31 20:44:00+00:00,0.0021249999999994884,0.00040910154177491035,2.40175,2.400034101541775,2.433770250095203
2026-05-31 20:46:00+00:00,-0.0017916666666666357,0.0001812338078549496,2.399958333333333,2.4019312338078547,2.4339514839030585
2026-05-31 20:48:00+00:00,0.012476449275362178,0.00024129274184812166,2.4124347826086954,2.4001996260751812,2.4341927766449065
2026-05-31 20:50:00+00:00,-0.008851449275361745,0.00020885145361532293,2.4035833333333336,2.4126436340623107,2.434401628098522
2026-05-31 20:52:00+00:00,0.009416666666666185,0.00042024596376959486,2.413,2.404003579297103,2.4348218740622913
2026-05-31 20:54:00+00:00,-0.002666666666665929,0.00013556248962411598,2.410333333333334,2.413135562489624,2.4349574365519153
2026-05-31 20:56:00+00:00,0.009333333333332305,0.00011589533855050401,2.419666666666666,2.4104492286718844,2.435073331890466
2026-05-31 20:58:00+00:00,0.009583333333333499,0.0003203182229771756,2.4292499999999997,2.4199869848896434,2.435393650113443
2026-05-31 21:00:00+00:00,-0.0053749999999994635,0.0005721107879652763,2.4238750000000002,2.429822110787965,2.4359657609014085
2026-05-31 21:02:00+00:00,-0.0055000000000005045,7.84364800104605e-06,2.4183749999999997,2.423882843648001,2.4359736045494094
2026-05-31 21:04:00+00:00,-0.011541666666666561,0.00013085727661380552,2.406833333333333,2.4185058572766134,2.4361044618260235
2026-05-31 21:06:00+00:00,0.004249999999999865,0.00015260531947324993,2.411083333333333,2.4069859386528063,2.4362570671454966
2026-05-31 21:08:00+00:00,-0.005541666666666334,0.0004002240483338067,2.4055416666666667,2.4114835573816666,2.4366572911938302
2026-05-31 21:10:00+00:00,8.3333333332547e-05,0.00026412290280370646,2.4056249999999992,2.40580578956947,2.436921414096634
2026-05-31 21:12:00+00:00,0.002583333333333826,0.00011177598456074452,2.408208333333333,2.40573677598456,2.437033190081195
2026-05-31 21:14:00+00:00,-0.00029166666666569085,0.00018188045367906398,2.4079166666666674,2.4083902137870123,2.4372150705348736
2026-05-31 21:16:00+00:00,-0.002375000000001126,0.00037338091029469843,2.4055416666666662,2.408290047576962,2.4375884514451687
2026-05-31 21:18:00+00:00,0.010291666666667254,0.0002603546450069426,2.4158333333333335,2.4058020213116733,2.4378488060901753
2026-05-31 21:20:00+00:00,-0.0034166666666668455,0.0002962597493702747,2.4124166666666667,2.4161295930827036,2.438145065839546
2026-05-31 21:22:00+00:00,-0.001875000000000071,0.0002728809187343578,2.4105416666666666,2.412689547585401,2.43841794675828
2026-05-31 21:24:00+00:00,0.0019166666666667886,0.00012680918991098247,2.4124583333333334,2.4106684758565775,2.438544755948191
2026-05-31 21:26:00+00:00,-0.010284420289855323,0.0005513646711284134,2.402173913043478,2.413009698004462,2.4390961206193196
2026-05-31 21:28:00+00:00,0.02190942028985443,0.0004907937655224701,2.4240833333333325,2.4026647068090004,2.439586914384842
2026-05-31 21:30:00+00:00,0.0014166666666670658,0.00016785966302265828,2.4254999999999995,2.4242511929963553,2.4397547740478647
2026-05-31 21:32:00+00:00,0.003083333333333993,0.0001354707853946022,2.4285833333333335,2.425635470785394,2.439890244833259
2026-05-31 21:34:00+00:00,-0.0022083333333338118,-1.010264480403908e-06,2.4263749999999997,2.428582323068853,2.439889234568779
2026-05-31 21:36:00+00:00,-0.003000000000000114,0.000143025633646155,2.4233749999999996,2.426518025633646,2.440032260202425
2026-05-31 21:38:00+00:00,-0.00012499999999970868,0.0004771549884850104,2.42325,2.423852154988485,2.44050941519091
2026-05-31 21:40:00+00:00,-0.004458333333333009,0.00014732053573241234,2.418791666666667,2.423397320535732,2.4406567357266424
2026-05-31 21:42:00+00:00,0.007749999999999702,0.0003298407901698877,2.4265416666666666,2.4191215074568366,2.440986576516812
2026-05-31 21:44:00+00:00,-0.0034166666666664014,0.00020385226304639968,2.423125,2.426745518929713,2.4411904287798585
2026-05-31 21:46:00+00:00,0.0019166666666667886,0.00010820213973054992,2.425041666666667,2.423233202139731,2.441298630919589
2026-05-31 21:48:00+00:00,0.0007499999999995843,0.00041079885605716844,2.4257916666666666,2.4254524655227243,2.4417094297756465
2026-05-31 21:50:00+00:00,-0.0009583333333331723,0.0001721273158521458,2.4248333333333334,2.4259637939825187,2.4418815570914987
2026-05-31 21:52:00+00:00,-0.000708333333334199,0.00023055443858414104,2.424124999999999,2.4250638877719175,2.442112111530083
2026-05-31 21:54:00+00:00,-0.005333333333332746,0.00036826538636033484,2.4187916666666665,2.4244932653863596,2.442480376916443
2026-05-31 21:56:00+00:00,0.004375000000000018,0.00010535459239810454,2.4231666666666665,2.4188970212590646,2.4425857315088413
2026-05-31 21:58:00+00:00,-0.00016666666666642624,0.0006732747017715415,2.423,2.423839941368438,2.4432590062106128
2026-05-31 22:00:00+00:00,-0.0025416666666666643,0.000342918337322723,2.4204583333333334,2.423342918337323,2.4436019245479352
2026-05-31 22:02:00+00:00,0.003041666666666387,0.00018566233610421272,2.4234999999999998,2.4206439956694377,2.4437875868840395
2026-05-31 22:04:00+00:00,-0.0016250000000002096,0.00030773063842202833,2.4218749999999996,2.423807730638422,2.4440953175224616
2026-05-31 22:06:00+00:00,0.0027771739130439954,0.0002147325768600845,2.4246521739130436,2.4220897325768598,2.444310050099322
2026-05-31 22:08:00+00:00,0.0012644927536227257,0.0003128330617521757,2.4259166666666663,2.4249650069747957,2.444622883161074
2026-05-31 22:10:00+00:00,-0.0011249999999995988,0.0002894013210509804,2.4247916666666667,2.4262060679877173,2.444912284482125
2026-05-31 22:12:00+00:00,-0.003458333333333119,0.00020229224309632792,2.4213333333333336,2.424993958909763,2.445114576725221
2026-05-31 22:14:00+00:00,0.0029166666666666785,0.00018895792410085404,2.4242500000000002,2.4215222912574346,2.445303534649322
2026-05-31 22:16:00+00:00,-0.001291666666666913,0.0003857992350433717,2.4229583333333333,2.424635799235044,2.4456893338843653
2026-05-31 22:18:00+00:00,-0.002666666666666373,3.2436101212316874e-05,2.420291666666667,2.422990769434546,2.4457217699855778
2026-05-31 22:20:00+00:00,0.002666666666665929,0.0003011431305979262,2.422958333333333,2.420592809797265,2.4460229131161757
2026-05-31 22:22:00+00:00,-0.0008333333333334636,0.00024847449307947313,2.4221249999999994,2.4232068078264124,2.446271387609255
2026-05-31 22:24:00+00:00,0.004458333333334341,0.000210348066640988,2.4265833333333338,2.4223353480666403,2.446481735675896
2026-05-31 22:26:00+00:00,-0.0036250000000004334,0.00028308787786708237,2.4229583333333333,2.426866421211201,2.4467648235537633
2026-05-31 22:28:00+00:00,-0.004249999999999865,0.00025696682875661885,2.4187083333333335,2.4232153001620897,2.4470217903825198
2026-05-31 22:30:00+00:00,0.006166666666665321,0.00020573875005354053,2.424874999999999,2.418914072083387,2.4472275291325736
2026-05-31 22:32:00+00:00,0.0024166666666673997,0.0002389907036752412,2.427291666666666,2.425113990703674,2.4474665198362486
2026-05-31 22:34:00+00:00,-0.0069583333333329556,0.0002938450460011344,2.4203333333333332,2.4275855117126675,2.44776036488225
2026-05-31 22:36:00+00:00,0.0,0.00026112496053485847,2.4203333333333332,2.420594458293868,2.448021489842785
2026-05-31 22:38:00+00:00,0.0022500000000000853,0.00017576247151007248,2.4225833333333333,2.420509095804843,2.4481972523142947
2026-05-31 22:40:00+00:00,0.0009583333333331723,0.00028980115149166054,2.4235416666666665,2.422873134484825,2.4484870534657865
2026-05-31 22:42:00+00:00,-0.0007499999999995843,0.00016181032801975998,2.422791666666667,2.423703476994686,2.448648863793806
2026-05-31 22:44:00+00:00,-0.0007916666666671901,0.0003078139582648437,2.4219999999999997,2.4230994806249315,2.448956677752071
2026-05-31 22:46:00+00:00,0.0076956521739126585,0.0002053640727729556,2.4296956521739124,2.4222053640727728,2.449162041824844
2026-05-31 22:48:00+00:00,-0.010028985507245736,0.0003706266392642728,2.4196666666666666,2.4300662788131766,2.449532668464108
2026-05-31 22:50:00+00:00,0.006666666666666821,0.0001645614549051737,2.4263333333333335,2.4198312281215717,2.449697229919013
2026-05-31 22:52:00+00:00,-0.0011666666666672043,0.00020740514690984827,2.4251666666666662,2.4265407384802433,2.449904635065923
2026-05-31 22:54:00+00:00,-0.0006666666666665932,0.00026192409739205007,2.4244999999999997,2.4254285907640583,2.450166559163315
2026-05-31 22:56:00+00:00,0.001291666666666913,0.00041065579745912695,2.4257916666666666,2.4249106557974587,2.4505772149607745
2026-05-31 22:58:00+00:00,-0.001875000000000071,3.19450905662916e-05,2.4239166666666665,2.4258236117572327,2.4506091600513407
2026-05-31 23:00:00+00:00,-0.0006249999999994316,0.00022791912103999903,2.423291666666667,2.4241445857877064,2.4508370791723806
2026-05-31 23:02:00+00:00,0.0011249999999991545,0.00036991868261242633,2.424416666666666,2.4236615853492793,2.4512069978549933
2026-05-31 23:04:00+00:00,0.0010416666666674956,0.0002866004118695449,2.4254583333333337,2.424703267078536,2.4514935982668624
2026-05-31 23:06:00+00:00,-0.0011250000000009308,0.0001952226330370676,2.424333333333333,2.4256535559663708,2.4516888208999
2026-05-31 23:08:00+00:00,-0.0009583333333331723,0.00023850440924673376,2.4233749999999996,2.4245718377425796,2.4519273253091463
2026-05-31 23:10:00+00:00,0.0007916666666663019,0.00016537369236658157,2.424166666666666,2.4235403736923664,2.452092699001513
2026-05-31 23:12:00+00:00,0.0027083333333335347,0.00042866546008729823,2.4268749999999994,2.4245953321267533,2.4525213644616004
2026-05-31 23:14:00+00:00,-0.004416666666666291,0.00013221449921060964,2.422458333333333,2.42700721449921,2.452653578960811
2026-05-31 23:16:00+00:00,0.0009999999999998899,0.0002242603842944831,2.423458333333333,2.4226825937176275,2.4528778393451054
2026-05-31 23:18:00+00:00,0.00045833333333344933,0.0003053332278504535,2.4239166666666665,2.4237636665611837,2.453183172572956
2026-05-31 23:20:00+00:00,0.0033333333333329662,0.0002830952142054435,2.4272499999999995,2.424199761880872,2.4534662677871615
2026-05-31 23:22:00+00:00,-0.004666666666666153,0.00023143008296995558,2.4225833333333333,2.4274814300829695,2.4536976978701315
2026-05-31 23:24:00+00:00,0.0037083333333334245,0.00030247939222798433,2.4262916666666667,2.4228858127255615,2.454000177262359
2026-05-31 23:26:00+00:00,-0.002552536231883895,0.0001665579869877311,2.423739130434783,2.4264582246536546,2.454166735249347
2026-05-31 23:28:00+00:00,-0.0006141304347830889,0.00029619791451837395,2.4231249999999998,2.424035328349301,2.454462933163865
2026-05-31 23:30:00+00:00,0.001791666666666192,0.00025547335987596566,2.424916666666666,2.4233804733598756,2.4547184065237415
2026-05-31 23:32:00+00:00,-0.0022916666666663588,0.0002840547024582421,2.4226249999999996,2.4252007213691242,2.4550024612261994
2026-05-31 23:34:00+00:00,-0.015208333333332824,0.00019613076692133845,2.4074166666666668,2.4228211307669207,2.455198591993121
2026-05-31 23:36:00+00:00,-0.004666666666667042,0.00027511694623774365,2.4027499999999997,2.4076917836129046,2.455473708939359
2026-05-31 23:38:00+00:00,0.0034166666666672896,0.00025474811042655376,2.406166666666667,2.403004748110426,2.4557284570497853
2026-05-31 23:40:00+00:00,-0.0013750000000003482,0.00022957922960628295,2.4047916666666667,2.406396245896273,2.4559580362793914
2026-05-31 23:42:00+00:00,0.0022083333333338118,0.00027188160464474185,2.4070000000000005,2.405063548271311,2.4562299178840363
2026-05-31 23:44:00+00:00,0.0006249999999989875,0.0002180286888808945,2.4076249999999995,2.4072180286888814,2.456447946572917
2026-05-31 23:46:00+00:00,0.0022083333333333677,0.00018876560723095942,2.409833333333333,2.4078137656072305,2.4566367121801482
2026-05-31 23:48:00+00:00,0.0007500000000000285,0.0003832268003994677,2.410583333333333,2.4102165601337324,2.4570199389805474
2026-05-31 23:50:00+00:00,-0.0019166666666663446,0.0001387019102306219,2.4086666666666665,2.4107220352435634,2.457158640890778
2026-05-31 23:52:00+00:00,0.00216666666666665,0.0003237966954086759,2.410833333333333,2.408990463362075,2.457482437586187
2026-05-31 23:54:00+00:00,-0.004041666666666721,0.00019402628586003912,2.4067916666666664,2.4110273596191933,2.4576764638720467
2026-05-31 23:56:00+00:00,0.0034166666666668455,0.0003013826096429994,2.4102083333333333,2.4070930492763094,2.4579778464816897
2026-05-31 23:58:00+00:00,-0.0025416666666671084,0.00023850021705338457,2.407666666666666,2.410446833550387,2.4582163466987432
2026-06-01 00:00:00+00:00,0.002625000000000099,0.0002933278341466766,2.4102916666666663,2.4079599945008128,2.45850967453289
2026-06-01 00:02:00+00:00,-0.0018333333333333535,5.022301877033185e-06,2.408458333333333,2.4102966889685433,2.458514696834767
2026-06-01 00:04:00+00:00,0.0017155797101460202,-3.211738807536827e-05,2.410173913043479,2.4084262159452576,2.4584825794466916
2026-06-01 00:06:00+00:00,-0.000923913043478386,0.0001826921671163032,2.4092500000000006,2.410356605210595,2.4586652716138078
2026-06-01 00:08:00+00:00,0.00254166666666622,0.0003657427340124526,2.411791666666667,2.409615742734013,2.4590310143478202
2026-06-01 00:10:00+00:00,-0.007583333333333719,0.00026035359695860533,2.404208333333333,2.4120520202636255,2.459291367944779
2026-06-01 00:12:00+00:00,0.008541666666667336,0.00028641490731384274,2.4127500000000004,2.404494748240647,2.459577782852093
2026-06-01 00:14:00+00:00,-0.004833333333333911,0.00023284285212863662,2.4079166666666665,2.412982842852129,2.4598106257042214
2026-06-01 00:16:00+00:00,-0.0007499999999995843,0.0002820880397532977,2.407166666666667,2.4081987547064196,2.4600927137439745
2026-06-01 00:18:00+00:00,0.0022499999999996407,0.00031317262941346104,2.4094166666666665,2.4074798392960806,2.460405886373388
2026-06-01 00:20:00+00:00,0.005583333333333496,0.00026737866496353034,2.415,2.40968404533163,2.4606732650383516
2026-06-01 00:22:00+00:00,-0.003375000000000572,0.0002724779441486658,2.4116249999999995,2.4152724779441486,2.4609457429825006
2026-06-01 00:24:00+00:00,-0.008249999999999424,0.00023859663750041622,2.403375,2.4118635966374997,2.461184339620001
2026-06-01 00:26:00+00:00,0.005916666666666348,0.00023024316822796282,2.4092916666666664,2.403605243168228,2.4614145827882288
2026-06-01 00:28:00+00:00,0.0017083333333327566,0.0002986540157968376,2.410999999999999,2.4095903206824634,2.4617132368040258
2026-06-01 00:30:00+00:00,0.000916666666667787,0.00028594485763456346,2.411916666666667,2.411285944857634,2.46199918166166
2026-06-01 00:32:00+00:00,0.001875000000000071,0.00018976701741725002,2.413791666666667,2.4121064336840843,2.4621889486790773
2026-06-01 00:34:00+00:00,0.0014166666666657337,0.0002410364940296517,2.4152083333333327,2.4140327031606965,2.4624299851731073
2026-06-01 00:36:00+00:00,0.00020833333333314386,0.00020386326755394133,2.415416666666666,2.4154121966008866,2.462633848440661
2026-06-01 00:38:00+00:00,-0.0044999999999992815,0.0002676003271868694,2.4109166666666666,2.415684266993853,2.462901448767848
2026-06-01 00:40:00+00:00,0.0022083333333333677,0.0003805233597134011,2.413125,2.41129719002638,2.4632819721275614
2026-06-01 00:42:00+00:00,-0.008333333333333304,0.0003427978117639334,2.4047916666666667,2.413467797811764,2.4636247699393254
2026-06-01 00:44:00+00:00,0.0012952898550722125,7.754672586451118e-05,2.406086956521739,2.4048692133925313,2.4637023166651897
2026-06-01 00:46:00+00:00,0.00020471014492784434,0.00026569969152717503,2.4062916666666667,2.406352656213266,2.463968016356717
2026-06-01 00:48:00+00:00,8.3333333332547e-05,0.0002829149498914278,2.4063749999999993,2.406574581616558,2.4642509313066085
2026-06-01 00:50:00+00:00,0.00837500000000091,0.00020320090100476744,2.41475,2.406578200901004,2.4644541322076132
2026-06-01 00:52:00+00:00,-0.011749999999999705,0.0002183761169047096,2.4030000000000005,2.4149683761169047,2.464672508324518
2026-06-01 00:54:00+00:00,-0.000708333333334199,0.0003428114363923183,2.4022916666666663,2.4033428114363926,2.4650153197609104
2026-06-01 00:56:00+00:00,0.0009166666666668987,0.0002826691825563308,2.403208333333333,2.4025743358492226,2.4652979889434663
2026-06-01 00:58:00+00:00,0.0016666666666669272,0.0003044277140870259,2.404875,2.4035127610474203,2.4656024166575534
2026-06-01 01:00:00+00:00,0.0007916666666671901,0.0002083798318635377,2.4056666666666673,2.4050833798318636,2.465810796489417
2026-06-01 01:02:00+00:00,0.0020416666666660532,0.0002738571757605532,2.4077083333333333,2.405940523842428,2.4660846536651775
2026-06-01 01:04:00+00:00,-0.0014583333333337833,0.0002784329711769623,2.4062499999999996,2.4079867663045103,2.4663630866363544
2026-06-01 01:06:00+00:00,-4.16666666662735e-05,0.0003583398445819307,2.4062083333333333,2.4066083398445817,2.4667214264809365
2026-06-01 01:08:00+00:00,0.008874999999999744,0.0001221694799217533,2.415083333333333,2.406330502813255,2.4668435959608583
2026-06-01 01:10:00+00:00,-0.005249999999999756,0.00028956796073661116,2.4098333333333333,2.4153729012940697,2.467133163921595
2026-06-01 01:12:00+00:00,0.007958333333332845,-4.419719321109349e-05,2.417791666666666,2.4097891361401222,2.467088966728384
2026-06-01 01:14:00+00:00,0.003166666666667428,0.0002900023767724222,2.4209583333333335,2.4180816690434384,2.467378969105156
2026-06-01 01:16:00+00:00,0.003249999999999087,0.0002556405235857651,2.4242083333333326,2.4212139738569194,2.467634609628742
2026-06-01 01:18:00+00:00,-0.0012499999999993072,0.0002557280356219297,2.4229583333333333,2.4244640613689548,2.4678903376643637
2026-06-01 01:20:00+00:00,-0.004653985507246716,0.0006052186349405981,2.4183043478260866,2.423563551968274,2.4684955562993043
2026-06-01 01:22:00+00:00,-0.008096014492753323,-0.0001320865226831721,2.4102083333333333,2.4181722613034036,2.4683634697766212
2026-06-01 01:24:00+00:00,-0.002291666666666803,0.0002883579889311978,2.4079166666666665,2.4104966913222645,2.4686518277655525
2026-06-01 01:26:00+00:00,0.004999999999999893,0.00023669442976821585,2.4129166666666664,2.4081533610964345,2.4688885221953205
2026-06-01 01:28:00+00:00,0.00883333333333347,0.00031365473164861926,2.42175,2.413230321398315,2.469202176926969
2026-06-01 01:30:00+00:00,-0.0017916666666666357,0.0002953075974558372,2.419958333333333,2.4220453075974557,2.469497484524425
2026-06-01 01:32:00+00:00,-0.01266666666666616,0.0003070588394378187,2.407291666666667,2.420265392172771,2.469804543363863
2026-06-01 01:34:00+00:00,0.0039999999999995595,0.00028762121095007555,2.4112916666666666,2.407579287877617,2.470092164574813
2026-06-01 01:36:00+00:00,-0.0039999999999995595,0.0002756724118565129,2.407291666666667,2.4115673390785233,2.4703678369866697
2026-06-01 01:38:00+00:00,-0.0036250000000004334,0.00040968635274712397,2.4036666666666666,2.407701353019414,2.4707775233394167
2026-06-01 01:40:00+00:00,0.0034999999999998366,0.00010939272264172325,2.4071666666666665,2.4037760593893083,2.4708869160620583
2026-06-01 01:42:00+00:00,0.002500000000000391,0.00047271493170403695,2.409666666666667,2.4076393815983703,2.4713596309937627
2026-06-01 01:44:00+00:00,0.006458333333332789,0.00028396666639790883,2.4161249999999996,2.409950633333065,2.4716435976601603
2026-06-01 01:46:00+00:00,-0.004958333333333176,0.0003844320559873632,2.4111666666666665,2.416509432055987,2.4720280297161477
2026-06-01 01:48:00+00:00,-0.004458333333333453,0.00026515261029510417,2.406708333333333,2.4114318192769617,2.472293182326443
2026-06-01 01:50:00+00:00,0.0015416666666663303,0.00010902223755448753,2.4082499999999993,2.4068173555708876,2.4724022045639975
2026-06-01 01:52:00+00:00,0.00016666666666775853,-5.8074925269457664e-05,2.408416666666667,2.4081919250747297,2.472344129638728
2026-06-01 01:54:00+00:00,0.0008749999999988489,0.0002806511654828588,2.409291666666666,2.40869731783215,2.4726247808042108
2026-06-01 01:56:00+00:00,-0.0014166666666666217,0.0002210675050348972,2.4078749999999993,2.4095127341717006,2.4728458483092455
2026-06-01 01:58:00+00:00,-0.00012499999999970868,0.000623942018486471,2.4077499999999996,2.4084989420184857,2.473469790327732
2026-06-01 02:00:00+00:00,0.0005978260869565766,0.00044682289753102887,2.408347826086956,2.408196822897531,2.473916613225263
2026-06-01 02:02:00+00:00,-0.0017644927536228927,-0.00011735672732658263,2.4065833333333333,2.4082304693596295,2.4737992564979363
2026-06-01 02:04:00+00:00,0.004624999999999879,0.00035694856041416435,2.411208333333333,2.4069402818937475,2.4741562050583505
2026-06-01 02:06:00+00:00,-0.00416666666666643,9.604058682451526e-05,2.4070416666666667,2.411304373920158,2.474252245645175
2026-06-01 02:08:00+00:00,0.002458333333332341,0.00034043027056997167,2.409499999999999,2.4073820969372366,2.474592675915745
2026-06-01 02:10:00+00:00,-0.0024166666666660674,0.00030446701589967464,2.407083333333333,2.4098044670158987,2.4748971429316446
2026-06-01 02:12:00+00:00,-0.001500000000000057,0.00018968055342942272,2.405583333333333,2.4072730138867624,2.4750868234850745
2026-06-01 02:14:00+00:00,0.001875000000000071,0.000586925475237187,2.407458333333333,2.40617025880857,2.4756737489603116
2026-06-01 02:16:00+00:00,0.0011666666666667604,9.564543370893422e-06,2.408625,2.407467897876704,2.475683313503682
2026-06-01 02:18:00+00:00,-0.00012500000000015277,0.0002323691342801768,2.4084999999999996,2.40885736913428,2.4759156826379627
2026-06-01 02:20:00+00:00,0.0011250000000009308,0.00026473077083934073,2.4096250000000006,2.408764730770839,2.4761804134088017
2026-06-01 02:22:00+00:00,0.003541666666665666,0.0003453251803293335,2.4131666666666662,2.4099703251803297,2.4765257385891313
2026-06-01 02:24:00+00:00,-0.0028749999999990727,0.00019894372865865293,2.410291666666667,2.4133656103953247,2.4767246823177897
2026-06-01 02:26:00+00:00,-0.0009583333333345045,0.0002464533318609892,2.4093333333333327,2.4105381199985283,2.476971135649651
2026-06-01 02:28:00+00:00,0.0003333333333341848,0.00021810991262703527,2.409666666666667,2.4095514432459595,2.4771892455622777
2026-06-01 02:30:00+00:00,0.014041666666666508,0.0002616453165343281,2.4237083333333334,2.4099283119832013,2.477450890878812
2026-06-01 02:32:00+00:00,-0.01566666666666716,0.00020413366402496485,2.408041666666666,2.423912466997358,2.477655024542837
2026-06-01 02:34:00+00:00,0.0002916666666670231,0.0003128990887974256,2.408333333333333,2.4083545657554635,2.4779679236316348
2026-06-01 02:36:00+00:00,-0.001374999999999904,0.00021512716705907812,2.4069583333333333,2.408548460500392,2.4781830507986937
2026-06-01 02:38:00+00:00,-0.0005235507246381665,0.0001287968135826728,2.406434782608695,2.407087130146916,2.4783118476122765
2026-06-01 02:40:00+00:00,-0.000518115942028885,0.00031146745476867314,2.4059166666666663,2.4067462500634638,2.478623315067045
2026-06-01 02:42:00+00:00,0.015916666666667023,0.0003067061711723171,2.4218333333333333,2.4062233728378386,2.4789300212382175
2026-06-01 02:44:00+00:00,0.00037500000000001427,0.0002852017913634174,2.4222083333333333,2.4221185351246968,2.479215223029581
2026-06-01 02:46:00+00:00,-0.00279166666666697,0.00024365347072789097,2.4194166666666663,2.4224519868040613,2.4794588765003085
2026-06-01 02:48:00+00:00,0.0,0.0003338757762684945,2.4194166666666663,2.4197505424429346,2.4797927522765773
2026-06-01 02:50:00+00:00,-0.011958333333333293,0.00021174825921962143,2.407458333333333,2.419628414925886,2.480004500535797
2026-06-01 02:52:00+00:00,-0.0004166666666667318,0.00021704352344383205,2.4070416666666663,2.4076753768567767,2.4802215440592406
2026-06-01 02:54:00+00:00,0.00025000000000030553,0.00029810274237141755,2.4072916666666666,2.4073397694090377,2.480519646801612
2026-06-01 02:56:00+00:00,-0.0006249999999998757,0.00024259861007639805,2.4066666666666667,2.407534265276743,2.480762245411688
2026-06-01 02:58:00+00:00,0.0004583333333325612,0.000271610160125381,2.4071249999999993,2.406938276826792,2.481033855571814
2026-06-01 03:00:00+00:00,-0.004916666666666458,0.00037252151065811205,2.402208333333333,2.4074975215106575,2.4814063770824717
2026-06-01 03:02:00+00:00,0.005500000000000949,8.772694338887928e-05,2.407708333333334,2.4022960602767216,2.481494104025861
2026-06-01 03:04:00+00:00,-0.001583333333333492,9.97899797512077e-05,2.4061250000000003,2.407808123313085,2.481593894005612
2026-06-01 03:06:00+00:00,0.004249999999999421,0.0004279554073387771,2.4103749999999997,2.406552955407339,2.4820218494129507
2026-06-01 03:08:00+00:00,-0.006791666666666085,0.00027314188277034567,2.4035833333333336,2.41064814188277,2.482294991295721
2026-06-01 03:10:00+00:00,0.0008749999999997371,0.0001753128587733706,2.4044583333333334,2.403758646192107,2.4824703041544947
2026-06-01 03:12:00+00:00,0.007833333333333137,0.0006068362975492214,2.4122916666666665,2.4050651696308827,2.4830771404520435
2026-06-01 03:14:00+00:00,-0.004624999999999879,0.000299311142104325,2.4076666666666666,2.4125909778087706,2.483376451594148
2026-06-01 03:16:00+00:00,-0.003579710144927528,0.0003199870397025887,2.404086956521739,2.407986653706369,2.4836964386338507
2026-06-01 03:18:00+00:00,0.0019130434782610448,2.529627191445742e-05,2.406,2.4041122527936536,2.483721734905765
2026-06-01 03:20:00+00:00,4.166666666582941e-05,-1.144830176781235e-05,2.406041666666666,2.4059885516982322,2.4837102866039973
2026-06-01 03:22:00+00:00,0.0067500000000007,0.0002797304550185403,2.4127916666666667,2.4063213971216846,2.483990017059016
2026-06-01 03:24:00+00:00,-0.0065000000000008384,0.00018882377391367958,2.406291666666666,2.4129804904405803,2.4841788408329295
2026-06-01 03:26:00+00:00,-0.0004583333333325612,0.00027511065794771987,2.4058333333333333,2.4065667773246138,2.484453951490877
2026-06-01 03:28:00+00:00,-0.0004999999999997229,0.0001959746077190807,2.4053333333333335,2.4060293079410524,2.484649926098596
2026-06-01 03:30:00+00:00,0.00020833333333314386,0.00020316107516795,2.4055416666666667,2.4055364944085014,2.4848530871737644
2026-06-01 03:32:00+00:00,0.005499999999999616,0.0002793468693270884,2.4110416666666663,2.4058210135359936,2.4851324340430914
2026-06-01 03:34:00+00:00,0.001500000000000057,0.00011861292788912413,2.4125416666666664,2.4111602795945553,2.4852510469709803
2026-06-01 03:36:00+00:00,-0.009791666666667087,0.00028595324202126184,2.4027499999999993,2.4128276199086875,2.4855370002130015
2026-06-01 03:38:00+00:00,0.008958333333333623,0.000325045969026738,2.411708333333333,2.403075045969026,2.4858620461820284
2026-06-01 03:40:00+00:00,0.010666666666666826,0.00019971823637991796,2.4223749999999997,2.411908051569713,2.4860617644184084
2026-06-01 03:42:00+00:00,-0.0022083333333333677,0.00029633258872971706,2.4201666666666664,2.4226713325887292,2.486358097007138
2026-06-01 03:44:00+00:00,-0.0021249999999994884,0.00027737025016293966,2.418041666666667,2.4204440369168294,2.486635467257301
2026-06-01 03:46:00+00:00,0.0010833333333324369,8.830127387771995e-05,2.4191249999999993,2.4181299679405446,2.4867237685311787
2026-06-01 03:48:00+00:00,0.005458333333333787,0.0002515693798195214,2.424583333333333,2.419376569379819,2.4869753379109985
2026-06-01 03:50:00+00:00,-0.002458333333333229,0.00012284127890596288,2.422125,2.424706174612239,2.4870981791899043
2026-06-01 03:52:00+00:00,0.001291666666666913,0.00046215374860906014,2.4234166666666668,2.422587153748609,2.4875603329385134
2026-06-01 03:54:00+00:00,0.002931159420290541,0.00018785432920167665,2.4263478260869573,2.4236045209958683,2.487748187267715
2026-06-01 03:56:00+00:00,-0.0012228260869568963,0.00020856586044340855,2.4251250000000004,2.426556391947401,2.4879567531281586
2026-06-01 03:58:00+00:00,-0.005833333333334245,0.000284842834807892,2.419291666666666,2.4254098428348083,2.4882415959629665
2026-06-01 04:00:00+00:00,-0.015791666666665538,0.00017083507225225432,2.4035000000000006,2.4194625017389186,2.4884124310352185
2026-06-01 04:02:00+00:00,0.0034166666666664014,0.0003654896303389945,2.406916666666667,2.4038654896303395,2.4887779206655574
2026-06-01 04:04:00+00:00,0.0005833333333331581,0.00019304740871300047,2.4075,2.40710971407538,2.4889709680742707
2026-06-01 04:06:00+00:00,-0.0015416666666667744,0.00034454176419720136,2.4059583333333334,2.4078445417641974,2.489315509838468
2026-06-01 04:08:00+00:00,-0.0012500000000001954,0.00018022925352364707,2.4047083333333332,2.406138562586857,2.4894957390919914
2026-06-01 04:10:00+00:00,0.00020833333333314386,0.0006430259306603752,2.4049166666666664,2.4053513592639937,2.490138765022652
2026-06-01 04:12:00+00:00,0.0008749999999997371,0.00020774157042612173,2.405791666666666,2.4051244082370924,2.490346506593078
2026-06-01 04:14:00+00:00,-0.004124999999999268,0.0002763442108407225,2.401666666666667,2.4060680108775068,2.4906228508039185
2026-06-01 04:16:00+00:00,0.00562499999999977,0.00028377225343133956,2.4072916666666666,2.4019504389200983,2.49090662305735
2026-06-01 04:18:00+00:00,0.006833333333334135,0.00021792807624051365,2.4141250000000007,2.407509594742907,2.4911245511335904
2026-06-01 04:20:00+00:00,-0.0016250000000006537,0.00024431374118039025,2.4125,2.4143693137411812,2.491368864874771
2026-06-01 04:22:00+00:00,-0.0060833333333336626,0.00016688078587561965,2.4064166666666664,2.4126668807858755,2.4915357456606464
2026-06-01 04:24:00+00:00,-0.004166666666666874,0.00026982323771028373,2.4022499999999996,2.4066864899043767,2.4918055688983567
2026-06-01 04:26:00+00:00,0.0025416666666675525,0.00033930885884906015,2.404791666666667,2.4025893088588486,2.4921448777572057
2026-06-01 04:28:00+00:00,0.0010416666666661634,-0.00015038335874364132,2.4058333333333333,2.4046412833079236,2.491994494398462
2026-06-01 04:30:00+00:00,0.0014166666666666217,-0.00011353711516129107,2.40725,2.405719796218172,2.4918809572833007
2026-06-01 04:32:00+00:00,0.008624999999999883,0.00017132031863242443,2.4158749999999998,2.4074213203186323,2.492052277601933
2026-06-01 04:34:00+00:00,-0.012499999999999734,0.0005658120174581005,2.403375,2.416440812017458,2.4926180896193912
2026-06-01 04:36:00+00:00,0.009755434782608319,0.0001167285369786579,2.4131304347826084,2.4034917285369786,2.49273481815637
2026-06-01 04:38:00+00:00,-0.007172101449274493,0.0003395918319001313,2.405958333333334,2.4134700266145086,2.49307440998827
2026-06-01 04:40:00+00:00,-0.004250000000000309,0.00012976468622216979,2.4017083333333336,2.406088098019556,2.493204174674492
2026-06-01 04:42:00+00:00,0.0017499999999999183,0.00012445370127289965,2.4034583333333335,2.4018327870346066,2.493328628375765
2026-06-01 04:44:00+00:00,0.0060833333333332185,0.00048310056670251595,2.4095416666666667,2.403941433900036,2.4938117289424677
2026-06-01 04:46:00+00:00,-0.011250000000000428,5.588618275941489e-05,2.3982916666666663,2.409597552849426,2.493867615125227
2026-06-01 04:48:00+00:00,-0.0007083333333333108,0.00031103041861201886,2.397583333333333,2.3986026970852783,2.494178645543839
2026-06-01 04:50:00+00:00,0.001291666666666913,0.00046702979349835057,2.398875,2.3980503631268313,2.4946456753373374
2026-06-01 04:52:00+00:00,0.0008333333333339077,0.00021613800968040442,2.3997083333333338,2.3990911380096804,2.494861813347018
2026-06-01 04:54:00+00:00,0.006041666666666501,0.00027083303228327274,2.4057500000000003,2.399979166365617,2.495132646379301
2026-06-01 04:56:00+00:00,-0.002375000000000238,8.550822505881419e-05,2.403375,2.405835508225059,2.49521815460436
2026-06-01 04:58:00+00:00,0.000791666666666746,0.0002634610602787012,2.404166666666667,2.403638461060279,2.4954816156646387
2026-06-01 05:00:00+00:00,0.0037083333333334245,0.00045515330974006164,2.407875,2.404621819976407,2.4959367689743788
2026-06-01 05:02:00+00:00,-0.0011666666666667604,-2.8303016151763212e-05,2.4067083333333334,2.4078466969838486,2.495908465958227
2026-06-01 05:04:00+00:00,-0.00550000000000006,0.0004539936442548387,2.4012083333333334,2.407162326977588,2.496362459602482
2026-06-01 05:06:00+00:00,0.0021250000000003766,0.00036676772528633245,2.4033333333333338,2.40157510105862,2.4967292273277684
2026-06-01 05:08:00+00:00,0.00649999999999995,4.511538999697796e-05,2.4098333333333337,2.403378448723331,2.496774342717765
2026-06-01 05:10:00+00:00,0.0014166666666666217,0.00023476602082758298,2.4112500000000003,2.410068099354161,2.4970091087385926
2026-06-01 05:12:00+00:00,-0.0008333333333339077,0.0003121927042180851,2.4104166666666664,2.4115621927042183,2.497321301442811
2026-06-01 05:14:00+00:00,0.001500000000000057,4.561160608620978e-06,2.4119166666666665,2.410421227827275,2.4973258626034194
2026-06-01 05:16:00+00:00,0.002000000000000224,0.00022700627093821032,2.4139166666666667,2.4121436729376047,2.4975528688743576
2026-06-01 05:18:00+00:00,-0.0034166666666672896,0.0003090344105536301,2.4104999999999994,2.4142257010772203,2.497861903284911
2026-06-01 05:20:00+00:00,-0.009152173913042905,0.0002730051124623279,2.4013478260869565,2.410773005112462,2.4981349083973736
2026-06-01 05:22:00+00:00,0.0045271739130430255,0.0002675390163591373,2.4058749999999995,2.4016153651033156,2.4984024474137327
2026-06-01 05:24:00+00:00,-0.00016666666666598218,0.0003809258102749245,2.4057083333333336,2.4062559258102745,2.4987833732240077
2026-06-01 05:26:00+00:00,0.00137499999999946,2.64737542214145e-05,2.407083333333333,2.405734807087555,2.498809846978229
2026-06-01 05:28:00+00:00,-0.0027916666666660817,0.00043706661555909876,2.404291666666667,2.407520399948892,2.499246913593788
2026-06-01 05:30:00+00:00,-0.0040000000000000036,0.00023759994353164345,2.400291666666667,2.4045292666101985,2.49948451353732
2026-06-01 05:32:00+00:00,-0.0014999999999996128,0.00045479906940205407,2.3987916666666673,2.400746465736069,2.4999393126067218
2026-06-01 05:34:00+00:00,0.003874999999998963,9.024330744673772e-05,2.4026666666666663,2.398881909974114,2.5000295559141685
2026-06-01 05:36:00+00:00,-0.00024999999999941735,0.00012664202620118304,2.402416666666667,2.4027933086928677,2.50015619794037
2026-06-01 05:38:00+00:00,-0.011541666666667005,0.0003106138193979419,2.390875,2.4027272804860647,2.5004668117597677
2026-06-01 05:40:00+00:00,0.0027083333333335347,0.00035290466590469046,2.3935833333333334,2.3912279046659046,2.5008197164256725
2026-06-01 05:42:00+00:00,0.001875000000000071,0.0002017933720877729,2.3954583333333335,2.393785126705421,2.50102150979776
2026-06-01 05:44:00+00:00,0.0013333333333331865,0.00025029809718637595,2.3967916666666667,2.39570863143052,2.5012718078949465
2026-06-01 05:46:00+00:00,-0.002458333333333229,0.0002952363301689008,2.3943333333333334,2.3970869029968354,2.5015670442251157
2026-06-01 05:48:00+00:00,0.004666666666666153,0.00011053299923270616,2.3989999999999996,2.394443866332566,2.5016775772243482
2026-06-01 05:50:00+00:00,4.166666666716168e-05,-2.2982074743288728e-05,2.3990416666666667,2.3989770179252563,2.501654595149605
2026-06-01 05:52:00+00:00,-0.003000000000000558,0.00020931783512542163,2.396041666666666,2.399250984501792,2.50186391298473
2026-06-01 05:54:00+00:00,0.002291666666667691,0.00040393204335117575,2.398333333333334,2.3964455987100175,2.5022678450280815
2026-06-01 05:56:00+00:00,0.0014583333333328954,0.00039521909349902833,2.3997916666666668,2.398728552426833,2.5026630641215806
2026-06-01 05:58:00+00:00,0.0005416666666668846,0.00018726951822946298,2.4003333333333337,2.399978936184896,2.50285033363981
2026-06-01 06:00:00+00:00,-0.004041666666666721,0.00033498827957853896,2.396291666666667,2.4006683216129123,2.5031853219193887
2026-06-01 06:02:00+00:00,0.0030126811594199943,0.00022221983418175905,2.399304347826087,2.396513886500849,2.50340754175357
2026-06-01 06:04:00+00:00,0.0018206521739125847,0.000210241689734752,2.4011249999999995,2.399514589515822,2.503617783443305
2026-06-01 06:06:00+00:00,0.0037083333333334245,0.00033024952902143486,2.404833333333333,2.401455249529021,2.5039480329723265
2026-06-01 06:08:00+00:00,-0.0034166666666659573,1.3593728102324545e-06,2.401416666666667,2.4048346927061433,2.503949392345137
2026-06-01 06:10:00+00:00,-0.0003333333333341848,0.00022930254484523563,2.401083333333333,2.401645969211512,2.504178694889982
2026-06-01 06:12:00+00:00,0.003000000000000558,2.373258379520512e-05,2.4040833333333333,2.401107065917128,2.504202427473777
2026-06-01 06:14:00+00:00,-0.004624999999999879,0.0004341095471754055,2.3994583333333335,2.404517442880509,2.5046365370209527
2026-06-01 06:16:00+00:00,0.006416666666666071,0.0004063493668411593,2.4058749999999995,2.3998646827001746,2.505042886387794
2026-06-01 06:18:00+00:00,-0.006583333333332498,0.00016994213506887432,2.399291666666667,2.4060449421350683,2.5052128285228625
2026-06-01 06:20:00+00:00,0.005791666666665751,0.00034891002966706976,2.405083333333333,2.399640576696334,2.5055617385525295
2026-06-01 06:22:00+00:00,-0.010624999999999662,0.00013684477676480312,2.394458333333333,2.4052201781100977,2.5056985833292944
2026-06-01 06:24:00+00:00,0.007791666666666863,0.000404444014963947,2.40225,2.394862777348297,2.5061030273442584
2026-06-01 06:26:00+00:00,-0.0037083333333325363,-9.990466530627397e-06,2.3985416666666675,2.4022400095334695,2.506093036877728
2026-06-01 06:28:00+00:00,0.0019999999999988916,0.0003432096947604925,2.4005416666666664,2.398884876361428,2.5064362465724885
2026-06-01 06:30:00+00:00,-0.0031250000000002665,0.0003288173709685138,2.397416666666666,2.4008704840376347,2.506765063943457
2026-06-01 06:32:00+00:00,0.006041666666667389,0.00022397112295338814,2.4034583333333335,2.3976406377896193,2.50698903506641
2026-06-01 06:34:00+00:00,-0.002666666666666817,0.00013084941625127576,2.4007916666666667,2.4035891827495846,2.5071198844826617
2026-06-01 06:36:00+00:00,-0.002749999999999808,0.00042555380457385314,2.398041666666667,2.4012172204712403,2.5075454382872353
2026-06-01 06:38:00+00:00,0.001791666666666192,0.0001790182336698964,2.399833333333333,2.3982206849003367,2.507724456520905
2026-06-01 06:40:00+00:00,0.0015416666666667744,0.0002276047065388089,2.401375,2.400060938039872,2.507952061227444
2026-06-01 06:42:00+00:00,0.0023333333333326323,0.0002799494971210361,2.4037083333333324,2.4016549494971207,2.5082320107245653
2026-06-01 06:44:00+00:00,-0.002882246376811004,0.0001862319503755355,2.4008260869565214,2.403894565283708,2.508418242674941
2026-06-01 06:46:00+00:00,-0.0019094202898553014,0.00017566552703887219,2.398916666666666,2.4010017524835603,2.5085939082019797
2026-06-01 06:48:00+00:00,0.0008333333333334636,0.00035379760308807046,2.3997499999999996,2.399270464269754,2.5089477058050678
2026-06-01 06:50:00+00:00,-0.0007916666666663019,0.00020818961109031768,2.3989583333333333,2.3999581896110898,2.509155895416158
2026-06-01 06:52:00+00:00,0.0012499999999997513,0.0001460487290750982,2.400208333333333,2.3991043820624083,2.509301944145233
2026-06-01 06:54:00+00:00,0.0016666666666669272,0.00023220668678789524,2.401875,2.4004405400201207,2.509534150832021
2026-06-01 06:56:00+00:00,-0.001875000000000959,0.00032899029894416834,2.399999999999999,2.4022039902989443,2.509863141130965
2026-06-01 06:58:00+00:00,0.0007500000000009166,0.0002847946245843762,2.40075,2.4002847946245836,2.5101479357555494
2026-06-01 07:00:00+00:00,0.004208333333332703,0.00018263557250608895,2.4049583333333326,2.4009326355725062,2.5103305713280557
2026-06-01 07:02:00+00:00,-0.0007916666666663019,0.00033482059184457085,2.4041666666666663,2.4052931539251774,2.5106653919199
2026-06-01 07:04:00+00:00,-0.002458333333333229,0.0002287722323865616,2.401708333333333,2.4043954388990527,2.510894164152287
2026-06-01 07:06:00+00:00,0.001083333333333325,0.00028198218687123036,2.4027916666666664,2.4019903155202043,2.511176146339158
2026-06-01 07:08:00+00:00,-0.0029999999999996696,0.00010310076444873988,2.3997916666666668,2.402894767431115,2.5112792471036065
2026-06-01 07:10:00+00:00,0.0052083333333339255,0.0003010949203744104,2.4050000000000007,2.4000927615870413,2.511580342023981
2026-06-01 07:12:00+00:00,0.012041666666665838,0.00019487887318243304,2.4170416666666665,2.405194878873183,2.5117752208971633
2026-06-01 07:14:00+00:00,-0.015708333333332547,0.00016261627719114404,2.401333333333334,2.4172042829438576,2.5119378371743544
2026-06-01 07:16:00+00:00,0.003916666666666124,-0.0002399694825677482,2.40525,2.4010933638507663,2.5116978676917867
2026-06-01 07:18:00+00:00,-0.003666666666666707,-0.0004104921709124659,2.4015833333333334,2.4048395078290876,2.511287375520874
2026-06-01 07:20:00+00:00,0.0003749999999995701,0.0011429643109439184,2.401958333333333,2.402726297644277,2.5124303398318184
2026-06-01 07:22:00+00:00,0.0016666666666664831,0.0019406559094783894,2.4036249999999995,2.4038989892428115,2.5143709957412965
2026-06-01 07:24:00+00:00,0.004458333333333897,0.0007541284868492607,2.4080833333333334,2.4043791284868488,2.515125124228146
2026-06-01 07:26:00+00:00,-0.006750000000000256,0.0002702613219152753,2.401333333333333,2.4083535946552486,2.515395385550061
2026-06-01 07:28:00+00:00,0.006840579710145178,0.00048556243224683477,2.4081739130434783,2.40181889576558,2.515880947982308
2026-06-01 07:30:00+00:00,0.0037010869565214932,0.0005185377011074882,2.4118749999999998,2.408692450744586,2.5163994856834155
2026-06-01 07:32:00+00:00,-0.0015416666666672185,0.0007320335318022923,2.4103333333333326,2.412607033531802,2.517131519215218
2026-06-01 07:34:00+00:00,-4.166666666582941e-05,0.0006586219379677435,2.4102916666666667,2.4109919552713004,2.517790141153186
2026-06-01 07:36:00+00:00,-0.0033333333333338544,0.00043850244178120045,2.406958333333333,2.4107301691084477,2.518228643594967
2026-06-01 07:38:00+00:00,0.0010416666666670515,-0.00035785341914738113,2.408,2.4066004799141854,2.5178707901758193
2026-06-01 07:40:00+00:00,-0.003916666666666568,0.0005250466053062927,2.4040833333333333,2.4085250466053063,2.5183958367811257
2026-06-01 07:42:00+00:00,-0.005125000000000046,0.0008444230913493828,2.3989583333333333,2.4049277564246827,2.519240259872475
2026-06-01 07:44:00+00:00,0.009166666666666766,3.028655407251361e-05,2.408125,2.398988619887406,2.5192705464265477
2026-06-01 07:46:00+00:00,0.00016666666666642624,0.00011077090620527336,2.4082916666666665,2.4082357709062054,2.519381317332753
2026-06-01 07:48:00+00:00,-0.0007499999999995843,0.00022843895301530006,2.407541666666667,2.4085201056196817,2.519609756285768
2026-06-01 07:50:00+00:00,0.001083333333333325,0.00044006246173127216,2.4086250000000002,2.407981729128398,2.5200498187474993
2026-06-01 07:52:00+00:00,-0.004249999999999865,0.0002311140963962595,2.4043750000000004,2.4088561140963964,2.5202809328438955
2026-06-01 07:54:00+00:00,4.166666666538532e-05,4.8052021438093874e-05,2.4044166666666658,2.4044230520214382,2.520328984865334
2026-06-01 07:56:00+00:00,0.0002916666666674672,0.00022596555893927093,2.4047083333333332,2.404642632225605,2.5205549504242732
2026-06-01 07:58:00+00:00,0.005541666666666334,0.0004894920894875429,2.4102499999999996,2.4051978254228206,2.5210444425137606
2026-06-01 08:00:00+00:00,0.0020416666666673855,-7.558833291597835e-05,2.412291666666667,2.4101744116670836,2.5209688541808446
2026-06-01 08:02:00+00:00,-0.007833333333334025,0.00011474091330696755,2.404458333333333,2.412406407579974,2.5210835950941517
2026-06-01 08:04:00+00:00,0.004083333333333439,0.0005204084673895694,2.4085416666666664,2.4049787418007225,2.5216040035615412
2026-06-01 08:06:00+00:00,-0.003291666666666249,0.00015044529185007368,2.40525,2.4086921119585165,2.5217544488533914
2026-06-01 08:08:00+00:00,0.002000000000000224,0.0003838676819577269,2.4072500000000003,2.4056338676819577,2.522138316535349
2026-06-01 08:10:00+00:00,-0.006510869565217625,0.00022626634881207618,2.4007391304347827,2.4074762663488123,2.522364582884161
2026-06-01 08:12:00+00:00,0.003302536231883923,0.0002876521283760259,2.4040416666666666,2.4010267825631586,2.522652235012537
2026-06-01 08:14:00+00:00,0.0038749999999994063,0.00024514169936685766,2.407916666666666,2.4042868083660336,2.522897376711904
2026-06-01 08:16:00+00:00,-0.002666666666665929,0.000269695375813133,2.40525,2.4081863620424793,2.523167072087717
2026-06-01 08:18:00+00:00,0.0022500000000000853,-0.00014635256483838373,2.4075,2.405103647435162,2.523020719522879
2026-06-01 08:20:00+00:00,-0.0015416666666672185,1.8680990809416857e-05,2.405958333333333,2.4075186809908096,2.5230394005136882
2026-06-01 08:22:00+00:00,0.0022083333333329236,0.0004924051398410695,2.408166666666666,2.406450738473174,2.523531805653529
2026-06-01 08:24:00+00:00,-0.002374999999999794,0.00034018083506569415,2.405791666666666,2.4085068475017315,2.523871986488595
2026-06-01 08:26:00+00:00,-0.004833333333332579,9.864603499104423e-05,2.4009583333333335,2.4058903127016573,2.5239706325235858
2026-06-01 08:28:00+00:00,0.0004166666666662877,0.0003621112465237065,2.401375,2.401320444579857,2.5243327437701097
2026-06-01 08:30:00+00:00,0.004541666666666888,0.00038846861415847597,2.4059166666666667,2.4017634686141585,2.524721212384268
2026-06-01 08:32:00+00:00,-0.003833333333333133,0.00039220805062596404,2.4020833333333336,2.4063088747172925,2.525113420434894
2026-06-01 08:34:00+00:00,0.0007500000000000285,2.241256691437518e-05,2.4028333333333336,2.402105745900248,2.5251358330018085
2026-06-01 08:36:00+00:00,0.00016666666666642624,2.6107423970336274e-06,2.403,2.4028359440757305,2.5251384437442055
2026-06-01 08:38:00+00:00,0.005833333333332912,0.00031356617156411734,2.408833333333333,2.403313566171564,2.5254520099157696
2026-06-01 08:40:00+00:00,-0.003916666666666568,0.0001736721391013267,2.4049166666666664,2.4090070054724344,2.525625682054871
2026-06-01 08:42:00+00:00,0.0016250000000006537,0.00014181933000992215,2.406541666666667,2.405058485996676,2.525767501384881
2026-06-01 08:44:00+00:00,-0.0015416666666667744,0.00024760146881450183,2.4050000000000002,2.4067892681354817,2.5260151028536955
2026-06-01 08:46:00+00:00,0.0014166666666666217,0.00043349119865639823,2.406416666666667,2.405433491198657,2.5264485940523516
2026-06-01 08:48:00+00:00,-0.002083333333333659,0.00034570457382743626,2.404333333333333,2.4067623712404944,2.526794298626179
2026-06-01 08:50:00+00:00,0.0028333333333332433,9.62847431946875e-06,2.4071666666666665,2.404342961807653,2.5268039271004987
2026-06-01 08:52:00+00:00,-0.0008623188405794124,-5.067259466158439e-06,2.406304347826087,2.4071615994072,2.5267988598410325
2026-06-01 08:54:00+00:00,-0.0019293478260871133,0.00024958228017199973,2.404375,2.406553930106259,2.5270484421212043
2026-06-01 08:56:00+00:00,0.003249999999999975,0.0004710422465577054,2.407625,2.404846042246558,2.527519484367762
2026-06-01 08:58:00+00:00,-0.0017499999999994742,0.00016437595034947153,2.4058750000000004,2.4077893759503493,2.5276838603181115
2026-06-01 09:00:00+00:00,0.0006666666666665932,6.365064886630541e-05,2.406541666666667,2.4059386506488667,2.527747510966978
2026-06-01 09:02:00+00:00,-0.006291666666666806,-0.00019764929070755521,2.40025,2.4063440173759596,2.5275498616762704
2026-06-01 09:04:00+00:00,0.005749999999999922,-0.00030547091520076637,2.406,2.3999445290847996,2.5272443907610698
2026-06-01 09:06:00+00:00,-0.0009166666666664547,4.4033804112883874e-05,2.4050833333333337,2.406044033804113,2.5272884245651825
2026-06-01 09:08:00+00:00,-0.0003333333333337407,-0.0009836572300020454,2.40475,2.4040996761033315,2.5263047673351804
2026-06-01 09:10:00+00:00,-0.002958333333333396,-0.0002665437962083389,2.4017916666666665,2.4044834562037916,2.526038223538972
2026-06-01 09:12:00+00:00,-0.0030416666666668313,0.0007171847829594191,2.3987499999999997,2.402508851449626,2.5267554083219315
2026-06-01 09:14:00+00:00,0.0012500000000001954,0.00032524405016248786,2.4,2.399075244050162,2.527080652372094
2026-06-01 09:16:00+00:00,0.002291666666666803,0.0002009921391339067,2.4022916666666667,2.400200992139134,2.527281644511228
2026-06-01 09:18:00+00:00,0.0005833333333336022,0.00023304145728855505,2.4028750000000003,2.402524708123955,2.5275146859685167
2026-06-01 09:20:00+00:00,-0.0010416666666666075,0.00021305045927871725,2.4018333333333337,2.403088050459279,2.5277277364277952
2026-06-01 09:22:00+00:00,-0.002958333333333396,0.0002738582238088905,2.3988750000000003,2.4021071915571426,2.528001594651604
2026-06-01 09:24:00+00:00,0.0013333333333336306,0.0001693316469123968,2.400208333333334,2.3990443316469126,2.5281709262985164
2026-06-01 09:26:00+00:00,-0.0022500000000009734,0.00029996460024263186,2.397958333333333,2.400508297933577,2.528470890898759
2026-06-01 09:28:00+00:00,0.006833333333333691,0.00015669794823040828,2.4047916666666667,2.3981150312815633,2.5286275888469896
2026-06-01 09:30:00+00:00,-0.0023333333333326323,0.00038905866537237613,2.402458333333334,2.405180725332039,2.529016647512362
2026-06-01 09:32:00+00:00,-0.0005000000000006111,9.393034149736076e-05,2.4019583333333334,2.4025522636748313,2.529110577853859
2026-06-01 09:34:00+00:00,-0.0027500000000006963,0.0003848858609174143,2.3992083333333327,2.402343219194251,2.5294954637147766
2026-06-01 09:36:00+00:00,0.007574275362319582,4.766686367413595e-05,2.4067826086956523,2.3992560001970067,2.5295431305784506
2026-06-01 09:38:00+00:00,-0.005324275362319053,0.0003079895063613415,2.4014583333333333,2.4070905982020134,2.529851120084812
2026-06-01 09:40:00+00:00,0.001000000000000334,0.00013820146714956094,2.4024583333333336,2.4015965348004826,2.5299893215519615
2026-06-01 09:42:00+00:00,0.0004166666666667318,0.00034387730155135287,2.4028750000000003,2.402802210634885,2.530333198853513
2026-06-01 09:44:00+00:00,0.004708333333333314,0.00020097694243301583,2.4075833333333336,2.4030759769424335,2.530534175795946
2026-06-01 09:46:00+00:00,-0.01025000000000098,0.00024166689510453793,2.3973333333333327,2.407825000228438,2.5307758426910505
2026-06-01 09:48:00+00:00,0.0007500000000009166,0.00022909607932278744,2.3980833333333336,2.3975624294126554,2.5310049387703732
2026-06-01 09:50:00+00:00,0.001000000000000334,0.0003021932750319013,2.399083333333334,2.3983855266083656,2.5313071320454053
2026-06-01 09:52:00+00:00,-0.0005416666666673287,0.00015496919249803116,2.3985416666666666,2.399238302525832,2.5314621012379033
2026-06-01 09:54:00+00:00,0.0029166666666666785,0.00030426264647390107,2.4014583333333333,2.3988459293131403,2.531766363884377
2026-06-01 09:56:00+00:00,-0.002874999999999961,0.00022873031045306957,2.3985833333333333,2.401687063643786,2.5319950941948304
2026-06-01 09:58:00+00:00,0.03483333333333327,0.000149169817023579,2.4334166666666666,2.398732503150357,2.532144264011854
2026-06-01 10:00:00+00:00,-0.021541666666666348,0.00018085913057436467,2.411875,2.433597525797241,2.5323251231424284
2026-06-01 10:02:00+00:00,-0.012208333333333599,0.0003712476079041233,2.3996666666666666,2.4122462476079045,2.5326963707503323
2026-06-01 10:04:00+00:00,-0.0041250000000006,7.507595190932531e-05,2.395541666666666,2.399741742618576,2.5327714467022417
2026-06-01 10:06:00+00:00,0.0017500000000012506,0.00038225316349411553,2.3972916666666673,2.3959239198301603,2.533153699865736
2026-06-01 10:08:00+00:00,0.0,0.00017918277725885256,2.3972916666666673,2.397470849443926,2.533332882642995
2026-06-01 10:10:00+00:00,0.00137499999999946,0.00017420349960833802,2.3986666666666667,2.3974658701662754,2.533507086142603
2026-06-01 10:12:00+00:00,-0.003166666666666984,0.0002770369707916781,2.3954999999999997,2.3989437036374586,2.533784123113395
2026-06-01 10:14:00+00:00,0.001291666666666913,0.00029850414488460366,2.3967916666666667,2.395798504144884,2.5340826272582793
2026-06-01 10:16:00+00:00,-8.333333333343518e-05,0.00020910612936128693,2.396708333333333,2.397000772796028,2.5342917333876405
2026-06-01 10:18:00+00:00,0.008117753623188673,0.00010259874929517296,2.404826086956522,2.3968109320826283,2.5343943321369355
2026-06-01 10:20:00+00:00,-0.009867753623188147,0.0005256188396984587,2.3949583333333337,2.40535170579622,2.5349199509766343
2026-06-01 10:22:00+00:00,0.003041666666666387,5.077851918758105e-05,2.398,2.3950091118525214,2.534970729495822
2026-06-01 10:24:00+00:00,-0.0007916666666663019,0.00016913723394582756,2.397208333333334,2.3981691372339458,2.5351398667297675
2026-06-01 10:26:00+00:00,-8.333333333299109e-05,0.0002309878065716148,2.397125000000001,2.3974393211399057,2.5353708545363394
2026-06-01 10:28:00+00:00,-0.0006250000000003197,0.0009933151264363113,2.3965000000000005,2.398118315126437,2.5363641696627757
2026-06-01 10:30:00+00:00,0.001083333333332881,-0.0001880271589227996,2.3975833333333334,2.3963119728410778,2.536176142503853
2026-06-01 10:32:00+00:00,4.166666666671759e-05,-0.00010327148169743297,2.397625,2.397480061851636,2.536072871022155
2026-06-01 10:34:00+00:00,-0.0012500000000001954,0.00014543666884611473,2.396375,2.3977704366688464,2.5362183076910014
2026-06-01 10:36:00+00:00,0.003083333333333993,0.00022371644720742414,2.399458333333334,2.3965987164472073,2.536442024138209
2026-06-01 10:38:00+00:00,-0.0068750000000004086,0.00015042904710084551,2.3925833333333335,2.399608762380435,2.53659245318531
2026-06-01 10:40:00+00:00,0.002583333333333382,0.00035807416432842505,2.395166666666667,2.392941407497662,2.536950527349638
2026-06-01 10:42:00+00:00,0.002875000000000405,0.00013537646104424517,2.3980416666666673,2.3953020431277112,2.5370859038106826
2026-06-01 10:44:00+00:00,0.0007499999999991402,0.00026638301904309493,2.3987916666666664,2.3983080496857103,2.5373522868297256
2026-06-01 10:46:00+00:00,-0.004333333333332412,0.00017286409383326804,2.394458333333334,2.3989645307605,2.5375251509235586
2026-06-01 10:48:00+00:00,0.000666666666665261,0.00026296271329431483,2.3951249999999993,2.394721296046628,2.537788113636853
2026-06-01 10:50:00+00:00,-0.003749999999999698,0.00028307006104534826,2.3913749999999996,2.3954080700610447,2.538071183697898
2026-06-01 10:52:00+00:00,0.0018333333333329094,0.0001899923478097696,2.3932083333333325,2.3915649923478095,2.538261176045708
2026-06-01 10:54:00+00:00,0.0007083333333337549,0.00028994945033138857,2.3939166666666662,2.3934982827836637,2.53855112549604
2026-06-01 10:56:00+00:00,-0.0014166666666666217,0.00020156437352607275,2.3924999999999996,2.3941182310401925,2.5387526898695656
2026-06-01 10:58:00+00:00,0.002875000000000405,0.00026750809893318696,2.395375,2.392767508098933,2.5390201979684988
2026-06-01 11:00:00+00:00,-0.001374999999999904,0.00030580484960223873,2.394,2.395680804849602,2.5393260028181013
2026-06-01 11:02:00+00:00,0.0025217391304344083,0.00015295693969041426,2.3965217391304345,2.3941529569396907,2.5394789597577914
2026-06-01 11:04:00+00:00,-0.0015217391304345187,0.000247586272113611,2.395,2.396769325402548,2.539726546029905
2026-06-01 11:06:00+00:00,-0.004875000000000184,0.00015668851579537257,2.390125,2.3951566885157956,2.5398832345457003
2026-06-01 11:08:00+00:00,0.0075833333333341635,0.0003680631130312358,2.397708333333334,2.390493063113031,2.540251297658732
2026-06-01 11:10:00+00:00,-0.011125000000000718,5.1569795682242906e-05,2.3865833333333333,2.397759903129016,2.540302867454414
2026-06-01 11:12:00+00:00,0.004041666666667165,0.0003218033074711304,2.3906250000000004,2.3869051366408045,2.540624670761885
2026-06-01 11:14:00+00:00,-0.005749999999999922,9.80062014811223e-05,2.3848750000000005,2.3907230062014815,2.5407226769633664
2026-06-01 11:16:00+00:00,0.013541666666665899,0.0004320087342832867,2.3984166666666664,2.385307008734284,2.5411546856976495
2026-06-01 11:18:00+00:00,-0.011541666666666117,0.00024397574559161087,2.3868750000000003,2.398660642412258,2.541398661443241
2026-06-01 11:20:00+00:00,0.007624999999999993,0.00023404548759568892,2.3945000000000003,2.387109045487596,2.541632706930837
2026-06-01 11:22:00+00:00,0.0023333333333330764,1.625577087906774e-06,2.3968333333333334,2.3945016255770883,2.541634332507925
2026-06-01 11:24:00+00:00,0.0024166666666665115,0.0005045488759253701,2.39925,2.397337882209259,2.54213888138385
2026-06-01 11:26:00+00:00,-0.004000000000000448,0.00023242048864870454,2.3952499999999994,2.3994824204886487,2.5423713018724987
2026-06-01 11:28:00+00:00,-0.00016666666666598218,0.0001807967716982953,2.3950833333333335,2.3954307967716977,2.542552098644197
2026-06-01 11:30:00+00:00,0.0017499999999994742,0.00012630403061240363,2.396833333333333,2.395209637363946,2.5426784026748095
2026-06-01 11:32:00+00:00,-0.002958333333332508,0.00035656183057770045,2.3938750000000004,2.3971898951639106,2.543034964505387
2026-06-01 11:34:00+00:00,-0.002500000000000835,0.00023476235265840244,2.3913749999999996,2.394109762352659,2.5432697268580458
2026-06-01 11:36:00+00:00,0.007625000000000437,0.0001755633423259854,2.399,2.3915505633423257,2.5434452902003715
2026-06-01 11:38:00+00:00,-0.0009166666666673429,0.00011955564736852591,2.3980833333333327,2.3991195556473683,2.5435648458477402
2026-06-01 11:40:00+00:00,-0.004541666666666888,0.00039811747117583275,2.393541666666666,2.3984814508045087,2.543962963318916
2026-06-01 11:42:00+00:00,0.0033333333333342985,0.00025660001183856366,2.396875,2.3937982666785045,2.5442195633307545
2026-06-01 11:44:00+00:00,-0.0030416666666672754,0.00019106292918632205,2.393833333333333,2.3970660629291864,2.544410626259941
2026-06-01 11:46:00+00:00,0.004210144927536685,0.00014533658022990254,2.3980434782608695,2.3939786699135626,2.5445559628401706
2026-06-01 11:48:00+00:00,-0.007710144927536522,0.00017044100607742935,2.390333333333333,2.3982139192669467,2.5447264038462483
2026-06-01 11:50:00+00:00,0.00045833333333344933,0.00028095352742816995,2.3907916666666664,2.390614286860761,2.5450073573736764
2026-06-01 11:52:00+00:00,0.001374999999999904,0.0003453325166676946,2.3921666666666663,2.391136999183334,2.5453526898903442
2026-06-01 11:54:00+00:00,-0.004208333333333147,0.00021826083158760654,2.387958333333333,2.392384927498254,2.5455709507219315
2026-06-01 11:56:00+00:00,0.002375000000000682,0.0002098402872215659,2.390333333333334,2.3881681736205547,2.545780791009153
2026-06-01 11:58:00+00:00,0.005124999999999158,0.00034253632370377695,2.395458333333333,2.390675869657038,2.546123327332857
2026-06-01 12:00:00+00:00,-0.004291666666666583,0.00022212760592807662,2.3911666666666664,2.395680460939261,2.546345454938785
2026-06-01 12:02:00+00:00,0.008249999999999869,0.0001666958053440861,2.3994166666666663,2.3913333624720106,2.546512150744129
2026-06-01 12:04:00+00:00,-0.005833333333332912,0.00034563383056466845,2.3935833333333334,2.399762300497231,2.546857784574694
2026-06-01 12:06:00+00:00,0.002749999999999808,3.267558025739003e-05,2.396333333333333,2.393616008913591,2.5468904601549514
2026-06-01 12:08:00+00:00,-0.00595833333333351,0.00042765933368348974,2.3903749999999997,2.3967609926670166,2.5473181194886347
2026-06-01 12:10:00+00:00,0.007041666666666391,0.00011861187984078684,2.397416666666666,2.3904936118798403,2.5474367313684754
2026-06-01 12:12:00+00:00,-0.006791666666666085,0.00031469282352671534,2.390625,2.397731359490193,2.5477514241920023
2026-06-01 12:14:00+00:00,-0.0014166666666661776,0.00038722982102378683,2.389208333333334,2.391012229821024,2.548138654013026
2026-06-01 12:16:00+00:00,0.0012916666666655807,0.00023338993336070746,2.3904999999999994,2.3894417232666947,2.5483720439463866
2026-06-01 12:18:00+00:00,-0.00416666666666643,5.3445767407530796e-06,2.386333333333333,2.39050534457674,2.5483773885231273
2026-06-01 12:20:00+00:00,0.006041666666666501,0.000292317515549519,2.3923749999999995,2.3866256508488823,2.548669706038677
2026-06-01 12:22:00+00:00,0.002166666666667094,0.0004018993536009815,2.3945416666666666,2.3927768993536005,2.549071605392278
2026-06-01 12:24:00+00:00,-0.004374999999999574,0.00013772565320442653,2.390166666666667,2.394679392319871,2.5492093310454824
2026-06-01 12:26:00+00:00,-0.003291666666667581,0.0003094269046559491,2.3868749999999994,2.3904760935713227,2.549518757950138
2026-06-01 12:28:00+00:00,-4.16666666662735e-05,0.00019718824769367465,2.386833333333333,2.3870721882476933,2.549715946197832
2026-06-01 12:30:00+00:00,0.005375000000000352,0.00024271337136933245,2.3922083333333335,2.3870760467047023,2.549958659569201
2026-06-01 12:32:00+00:00,0.0019655797101445494,0.00017704109048157906,2.394173913043478,2.392385374423815,2.5501357006596828
2026-06-01 12:34:00+00:00,-0.003715579710144468,0.00023785252318093286,2.3904583333333336,2.394411765566659,2.550373553182864
2026-06-01 12:36:00+00:00,-0.006375000000000242,0.00030910829796140977,2.3840833333333333,2.390767441631295,2.5506826614808253
2026-06-01 12:38:00+00:00,0.0055833333333330515,0.0003197585651650572,2.3896666666666664,2.3844030918984984,2.5510024200459904
2026-06-01 12:40:00+00:00,-0.004375000000000462,0.00014592715546797136,2.385291666666666,2.389812593822134,2.551148347201458
2026-06-01 12:42:00+00:00,0.0014583333333342274,0.0002107746223142693,2.38675,2.3855024412889803,2.5513591218237726
2026-06-01 12:44:00+00:00,-0.0018750000000005151,0.00038905342513068965,2.3848749999999996,2.387139053425131,2.5517481752489033
2026-06-01 12:46:00+00:00,0.0004166666666671759,9.451354150464971e-06,2.385291666666667,2.38488445135415,2.5517576266030537
2026-06-01 12:48:00+00:00,-0.0028333333333332433,0.0005907246504599013,2.3824583333333336,2.3858823913171268,2.5523483512535137
2026-06-01 12:50:00+00:00,0.007875000000000298,-3.0916848704990584e-05,2.390333333333334,2.3824274164846284,2.5523174344048085
2026-06-01 12:52:00+00:00,-0.0014166666666675098,4.546858228664822e-05,2.3889166666666664,2.3903788019156207,2.5523629029870953
2026-06-01 12:54:00+00:00,0.0012500000000001954,0.00029628018631285203,2.3901666666666666,2.3892129468529792,2.5526591831734082
2026-06-01 12:56:00+00:00,-0.002625000000000099,0.00038648675475264077,2.3875416666666665,2.3905531534214193,2.553045669928161
2026-06-01 12:58:00+00:00,0.0032916666666671364,0.0001574525430332646,2.3908333333333336,2.3876991192097,2.553203122471194
2026-06-01 13:00:00+00:00,-0.001000000000000334,0.00034398105833674563,2.3898333333333333,2.3911773143916704,2.5535471035295307
2026-06-01 13:02:00+00:00,-0.0027083333333335347,0.0002952368541930694,2.3871249999999997,2.3901285701875263,2.553842340383724
2026-06-01 13:04:00+00:00,0.0007083333333328669,0.00010441187291870276,2.3878333333333326,2.3872294118729185,2.5539467522566426
2026-06-01 13:06:00+00:00,-0.0020833333333323267,0.00021119541372169543,2.3857500000000003,2.3880445287470544,2.5541579476703644
2026-06-01 13:08:00+00:00,0.0009583333333331723,0.0004898316571488282,2.3867083333333334,2.386239831657149,2.5546477793275133
2026-06-01 13:10:00+00:00,0.0018333333333337973,0.00014064656392048292,2.3885416666666672,2.386848979897254,2.5547884258914335
2026-06-01 13:12:00+00:00,-0.0005416666666673287,0.0002736381336580574,2.388,2.388815304800325,2.555062064025092
2026-06-01 13:14:00+00:00,-0.005956521739130416,0.00018365060732076447,2.3820434782608695,2.3881836506073206,2.5552457146324126
2026-06-01 13:16:00+00:00,0.007706521739130778,0.000264627014053948,2.3897500000000003,2.3823081052749235,2.555510341646466
2026-06-01 13:18:00+00:00,-0.0019999999999997797,0.00020128192449917027,2.3877500000000005,2.3899512819244992,2.5557116235709656
2026-06-01 13:20:00+00:00,0.00024999999999941735,0.00018902709529111588,2.388,2.3879390270952916,2.5559006506662567
2026-06-01 13:22:00+00:00,-0.0012083333333330337,9.136000295013137e-05,2.386791666666667,2.38809136000295,2.5559920106692067
2026-06-01 13:24:00+00:00,0.008291666666666586,0.00041701902293904674,2.3950833333333335,2.3872086856896058,2.556409029692146
2026-06-01 13:26:00+00:00,-0.003874999999999851,0.0002319934089512546,2.3912083333333336,2.395315326742285,2.556641023101097
2026-06-01 13:28:00+00:00,0.0018333333333333535,0.00014407577808013008,2.393041666666667,2.3913524091114136,2.5567850988791774
2026-06-01 13:30:00+00:00,-0.008333333333333748,0.0003381916393214978,2.384708333333333,2.3933798583059884,2.557123290518499
2026-06-01 13:32:00+00:00,0.01170833333333432,0.0002531477406154959,2.3964166666666675,2.384961481073949,2.557376438259114
2026-06-01 13:34:00+00:00,-0.008166666666667322,0.00029780614469196155,2.38825,2.3967144728113596,2.557674244403806
2026-06-01 13:36:00+00:00,0.0022083333333333677,0.00012114658474454802,2.3904583333333336,2.3883711465847446,2.5577953909885505
2026-06-01 13:38:00+00:00,-0.0038333333333335773,0.0004419903466477364,2.386625,2.3909003236799813,2.5582373813351986
2026-06-01 13:40:00+00:00,0.002875000000000405,0.00020112733736941845,2.3895000000000004,2.386826127337369,2.558438508672568
2026-06-01 13:42:00+00:00,0.0018333333333329094,0.00018720244313587576,2.3913333333333333,2.3896872024431364,2.558625711115704
2026-06-01 13:44:00+00:00,-0.002666666666666817,0.0002911080677682742,2.3886666666666665,2.3916244414011016,2.558916819183472
2026-06-01 13:46:00+00:00,-0.0017916666666666357,0.000173673187149664,2.386875,2.3888403398538163,2.5590904923706215
2026-06-01 13:48:00+00:00,0.004416666666666291,0.0003065080900365673,2.391291666666666,2.3871815080900363,2.5593970004606583
2026-06-01 13:50:00+00:00,0.0017500000000012506,0.0002515211695960056,2.3930416666666674,2.391543187836262,2.5596485216302542
2026-06-01 13:52:00+00:00,-0.00691666666666757,0.00024246917610674145,2.386125,2.3932841358427743,2.559890990806361
2026-06-01 13:54:00+00:00,0.01699999999999946,0.00015892138277799123,2.4031249999999993,2.386283921382778,2.560049912189139
2026-06-01 13:56:00+00:00,-0.01764673913043424,0.00021228905216166846,2.385478260869565,2.403337289052161,2.5602622012413008
2026-06-01 13:58:00+00:00,0.002063405797101403,0.00026217929716218274,2.3875416666666665,2.3857404401667273,2.560524380538463
2026-06-01 14:00:00+00:00,-0.005666666666666043,0.00017779411321192944,2.3818750000000004,2.3877194607798784,2.560702174651675
2026-06-01 14:02:00+00:00,-0.0021250000000003766,0.00039082881901407663,2.37975,2.3822658288190146,2.5610930034706887
2026-06-01 14:04:00+00:00,0.006791666666666529,0.0002083504865100933,2.3865416666666666,2.3799583504865103,2.561301353957199
2026-06-01 14:06:00+00:00,-0.00416666666666643,0.0001787232080629463,2.382375,2.3867203898747293,2.5614800771652617
2026-06-01 14:08:00+00:00,0.0009583333333322841,0.0001985302735895879,2.3833333333333324,2.3825735302735898,2.5616786074388513
2026-06-01 14:10:00+00:00,0.0031666666666678722,0.0002479347481857634,2.3865000000000003,2.3835812680815183,2.561926542187037
2026-06-01 14:12:00+00:00,8.333333333343518e-05,0.00031859418346231636,2.3865833333333337,2.3868185941834628,2.5622451363704997
2026-06-01 14:14:00+00:00,-0.0017500000000003624,0.00023964678193439128,2.3848333333333334,2.386822980115268,2.562484783152434
2026-06-01 14:16:00+00:00,0.00279166666666697,0.00014122351453016684,2.3876250000000003,2.3849745568478635,2.562626006666964
2026-06-01 14:18:00+00:00,-0.002333333333333521,0.0003722605466221242,2.385291666666667,2.3879972605466224,2.5629982672135863
2026-06-01 14:20:00+00:00,0.0012083333333330337,0.0001827162722280611,2.3865,2.3854743829388947,2.563180983485814
2026-06-01 14:22:00+00:00,-0.0009999999999990017,0.00031000280721729575,2.385500000000001,2.3868100028072172,2.5634909862930315
2026-06-01 14:24:00+00:00,-0.0012500000000010836,0.0004974981307361812,2.3842499999999998,2.385997498130737,2.563988484423768
2026-06-01 14:26:00+00:00,-0.0008749999999997371,-9.665777266489835e-05,2.383375,2.384153342227335,2.563891826651103
2026-06-01 14:28:00+00:00,0.005958333333333066,0.00018043624307026391,2.389333333333333,2.3835554362430704,2.564072262894173
2026-06-01 14:30:00+00:00,-0.0024166666666665115,0.00017810695564061363,2.3869166666666666,2.389511440288974,2.564250369849814
2026-06-01 14:32:00+00:00,-0.0012500000000001954,0.00021354146992474252,2.3856666666666664,2.3871302081365915,2.5644639113197387
2026-06-01 14:34:00+00:00,0.0027500000000002522,0.00041221581740919866,2.3884166666666666,2.3860788824840755,2.564876127137148
2026-06-01 14:36:00+00:00,-0.004750000000000032,0.0002490771208734209,2.3836666666666666,2.38866574378754,2.5651252042580213
2026-06-01 14:38:00+00:00,0.0051594202898552766,0.00030209056629484584,2.388826086956522,2.3839687572329615,2.5654272948243158
2026-06-01 14:40:00+00:00,-0.0016594202898549957,0.00033600226634487716,2.387166666666667,2.3891620892228667,2.565763297090661
2026-06-01 14:42:00+00:00,-8.333333333343518e-05,0.0001772365514964856,2.3870833333333334,2.3873439032181634,2.5659405336421575
2026-06-01 14:44:00+00:00,0.001083333333333325,0.00018201460386623844,2.3881666666666668,2.3872653479371997,2.5661225482460237
2026-06-01 14:46:00+00:00,-0.0014166666666661776,0.0002463186576496461,2.3867500000000006,2.3884129853243166,2.566368866903673
2026-06-01 14:48:00+00:00,0.0018333333333324653,0.00022065300191749485,2.388583333333333,2.386970653001918,2.5665895199055906
2026-06-01 14:50:00+00:00,-0.004374999999999574,0.00024920865093975214,2.3842083333333335,2.388832541984273,2.5668387285565304
2026-06-01 14:52:00+00:00,-0.0010416666666661634,0.0003163125822320132,2.3831666666666673,2.3845246459155653,2.5671550411387623
2026-06-01 14:54:00+00:00,0.0023333333333326323,0.00026187064692684774,2.3855,2.3834285373135944,2.5674169117856893
2026-06-01 14:56:00+00:00,-0.00020833333333314386,0.00017313973054597806,2.385291666666667,2.385673139730546,2.5675900515162353
2026-06-01 14:58:00+00:00,-0.0008750000000001812,0.00035012157354498907,2.3844166666666666,2.385641788240212,2.5679401730897804
2026-06-01 15:00:00+00:00,0.0033333333333334103,0.00023374417369871503,2.38775,2.3846504108403654,2.5681739172634788
2026-06-01 15:02:00+00:00,-0.0037083333333329804,0.000263106295916525,2.384041666666667,2.3880131062959165,2.5684370235593956
2026-06-01 15:04:00+00:00,0.002749999999999808,0.0002186098316839276,2.386791666666667,2.384260276498351,2.5686556333910793
2026-06-01 15:06:00+00:00,-0.0009583333333331723,0.0002766051748767103,2.3858333333333337,2.3870682718415437,2.568932238565956
2026-06-01 15:08:00+00:00,-0.0004166666666671759,0.00022232306694298316,2.3854166666666665,2.3860556564002766,2.569154561632899
2026-06-01 15:10:00+00:00,0.002375000000000682,0.00022537026748368428,2.387791666666667,2.3856420369341502,2.5693799319003827
2026-06-01 15:12:00+00:00,-0.0008749999999997371,0.00014196343665630098,2.3869166666666675,2.3879336301033236,2.569521895337039
2026-06-01 15:14:00+00:00,0.0004166666666662877,0.00035327777111276943,2.3873333333333338,2.3872699444377803,2.569875173108152
2026-06-01 15:16:00+00:00,0.0012083333333330337,0.00014021738812635838,2.388541666666667,2.38747355072146,2.570015390496278
2026-06-01 15:18:00+00:00,-0.003749999999999698,0.00021346967861363744,2.384791666666667,2.3887551363452806,2.570228860174892
2026-06-01 15:20:00+00:00,0.005333333333333634,0.00033057966424768453,2.3901250000000007,2.3851222463309147,2.5705594398391396
2026-06-01 15:22:00+00:00,-0.003168478260870078,0.00019519800390114104,2.3869565217391306,2.3903201980039017,2.5707546378430406
2026-06-01 15:24:00+00:00,-0.0017481884057972685,0.0003019375512376,2.3852083333333334,2.387258459290368,2.5710565753942785
2026-06-01 15:26:00+00:00,-0.003833333333333133,0.00027050604120203495,2.3813750000000002,2.385478839374535,2.5713270814354803
2026-06-01 15:28:00+00:00,0.0044999999999997264,0.00022396693076003895,2.385875,2.3815989669307602,2.5715510483662403
2026-06-01 15:30:00+00:00,-0.0004999999999997229,0.00028279128018762637,2.3853750000000002,2.3861577912801875,2.5718338396464278
2026-06-01 15:32:00+00:00,-0.001000000000000334,0.00023439815586119052,2.384375,2.3856093981558613,2.572068237802289
2026-06-01 15:34:00+00:00,0.003249999999999975,0.00016118045096904238,2.387625,2.384536180450969,2.5722294182532583
2026-06-01 15:36:00+00:00,0.004083333333333439,0.0002802539551630219,2.3917083333333333,2.387905253955163,2.572509672208421
2026-06-01 15:38:00+00:00,-0.0052916666666664725,0.00023848659242499965,2.386416666666667,2.3919468199257583,2.572748158800846
2026-06-01 15:40:00+00:00,0.0015416666666667744,0.0003061643301819328,2.3879583333333336,2.386722830996849,2.573054323131028
2026-06-01 15:42:00+00:00,-0.0004166666666667318,0.00015547120765159808,2.387541666666667,2.388113804540985,2.5732097943386796
2026-06-01 15:44:00+00:00,-0.0016666666666673713,0.00031848204229022517,2.3858749999999995,2.387860148708957,2.57352827638097
2026-06-01 15:46:00+00:00,0.0009583333333340606,0.0002480526536237097,2.3868333333333336,2.3861230526536232,2.573776329034594
2026-06-01 15:48:00+00:00,0.0005416666666664405,0.00025938205614992776,2.387375,2.3870927153894836,2.5740357110907435
2026-06-01 15:50:00+00:00,0.0019166666666672327,0.0003603573376312341,2.3892916666666673,2.387735357337631,2.574396068428375
2026-06-01 15:52:00+00:00,-0.005958333333334398,6.934417555262904e-05,2.383333333333333,2.38936101084222,2.5744654126039275
2026-06-01 15:54:00+00:00,0.006916666666666682,0.00024248489683180094,2.3902499999999995,2.3835758182301645,2.574707897500759
2026-06-01 15:56:00+00:00,-0.0013333333333331865,0.00024990717515656287,2.3889166666666664,2.390499907175156,2.5749578046759156
2026-06-01 15:58:00+00:00,0.0015416666666672185,0.0003386197670672851,2.3904583333333336,2.3892552864337335,2.5752964244429832
2026-06-01 16:00:00+00:00,-0.0029166666666671226,1.4706268513689527e-05,2.3875416666666665,2.390473039601847,2.575311130711497
2026-06-01 16:02:00+00:00,0.0016250000000002096,0.00024845196004022116,2.3891666666666667,2.3877901186267065,2.575559582671537
2026-06-01 16:04:00+00:00,0.001000000000000334,0.0003389865839853402,2.390166666666667,2.389505653250652,2.5758985692555223
2026-06-01 16:06:00+00:00,-0.002384057971014375,0.00015479993269155713,2.3877826086956526,2.3903214665993584,2.576053369188214
2026-06-01 16:08:00+00:00,0.0048007246376808865,0.0002410731757214572,2.3925833333333335,2.388023681871374,2.5762944423639356
2026-06-01 16:10:00+00:00,0.0015416666666663303,0.0003344202373797221,2.394125,2.392917753570713,2.576628862601315
2026-06-01 16:12:00+00:00,-0.010416666666666519,0.00017670099879612506,2.3837083333333333,2.394301700998796,2.5768055636001113
2026-06-01 16:14:00+00:00,0.004374999999999574,0.0003737414389227298,2.388083333333333,2.384082074772256,2.577179305039034
2026-06-01 16:16:00+00:00,0.003750000000000586,0.0002339171016743696,2.3918333333333335,2.388317250435007,2.5774132221407084
2026-06-01 16:18:00+00:00,0.004958333333333176,5.094044265569397e-05,2.3967916666666667,2.391884273775989,2.577464162583364
2026-06-01 16:20:00+00:00,-0.0037916666666664156,0.000369908726153222,2.3930000000000002,2.3971615753928197,2.577834071309517
2026-06-01 16:22:00+00:00,0.0004999999999997229,0.0003404999657844021,2.3935,2.3933404999657846,2.5781745712753015
2026-06-01 16:24:00+00:00,0.0011250000000000426,6.708562729180772e-05,2.394625,2.393567085627292,2.5782416569025934
2026-06-01 16:26:00+00:00,-0.004833333333333911,0.00042374749326451575,2.389791666666666,2.3950487474932647,2.578665404395858
2026-06-01 16:28:00+00:00,0.002000000000001112,0.00011009229490687132,2.391791666666667,2.3899017589615728,2.578775496690765
2026-06-01 16:30:00+00:00,0.0017916666666666357,0.00035503430012608507,2.393583333333334,2.3921467009667934,2.579130530990891
2026-06-01 16:32:00+00:00,0.0034999999999998366,0.00019382715667595204,2.3970833333333337,2.3937771604900098,2.579324358147567
2026-06-01 16:34:00+00:00,-0.004250000000000309,0.00024994333282419976,2.3928333333333334,2.3973332766661577,2.579574301480391
2026-06-01 16:36:00+00:00,0.0022083333333338118,0.00026863999113747145,2.395041666666667,2.393101973324471,2.5798429414715285
2026-06-01 16:38:00+00:00,-0.0005833333333336022,0.00021317674910336195,2.3944583333333336,2.3952548434157706,2.580056118220632
2026-06-01 16:40:00+00:00,-0.0004583333333338935,0.0003581024616335322,2.3939999999999997,2.3948164357949673,2.5804142206822656
2026-06-01 16:42:00+00:00,0.0037916666666664156,0.00012697740166911918,2.397791666666666,2.394126977401669,2.5805411980839343
2026-06-01 16:44:00+00:00,0.011250000000000428,0.00027588883383816546,2.4090416666666665,2.3980675555005044,2.5808170869177727
2026-06-01 16:46:00+00:00,-0.008249999999999424,0.00034304357909903035,2.400791666666667,2.4093847102457655,2.5811601304968717
2026-06-01 16:48:00+00:00,1.4857377450980387,0.0003620693245902144,3.886529411764706,2.401153735991257,2.581522199821462
2026-06-01 16:50:00+00:00,-2.025779411764706,0.0001458983341386956,1.86075,3.8866753100988447,2.5816680981556006
2026-06-01 16:52:00+00:00,-0.0007500000000000285,0.0009136907020582454,1.8599999999999999,1.861663690702058,2.582581788857659
2026-06-01 16:54:00+00:00,0.017000000000000126,0.0004255789577339483,1.877,1.8604255789577337,2.5830073678153926
2026-06-01 16:56:00+00:00,-0.017000000000000126,0.00021847253735174122,1.8599999999999999,1.8772184725373517,2.5832258403527444
2026-06-01 16:58:00+00:00,-0.019999999999999796,0.000428171305296261,1.84,1.8604281713052961,2.583654011658041
2026-06-01 17:00:00+00:00,-0.03249999999999997,0.0003426406045133383,1.8075,1.8403426406045134,2.583996652262554
2026-06-01 17:02:00+00:00,-0.010750000000000037,0.00023340250994075508,1.79675,1.807733402509941,2.584230054772495
2026-06-01 17:04:00+00:00,-0.013749999999999929,0.00021092396920233459,1.7830000000000001,1.7969609239692024,2.5844409787416973
2026-06-01 17:06:00+00:00,-0.03025000000000011,0.00018343523338744923,1.75275,1.7831834352333875,2.5846244139750847
2026-06-01 17:08:00+00:00,-0.02874999999999983,0.00034327467375740514,1.7240000000000002,1.7530932746737575,2.584967688648842
2026-06-01 17:10:00+00:00,0.3879999999999999,0.0002015282158584359,2.112,1.7242015282158587,2.5851692168647005
2026-06-01 17:12:00+00:00,0.003249999999999975,0.00036194617891058164,2.11525,2.1123619461789107,2.585531163043611
2026-06-01 17:14:00+00:00,-0.018999999999999684,0.0005245985646420967,2.0962500000000004,2.1157745985646423,2.5860557616082533
2026-06-01 17:16:00+00:00,0.043999999999999595,-4.770815514105006e-05,2.14025,2.0962022918448593,2.5860080534531122
2026-06-01 17:18:00+00:00,0.008750000000000036,0.00138398293902457,2.149,2.1416339829390245,2.5873920363921368
2026-06-01 17:20:00+00:00,-0.0299999999999998,-0.0003602062876646207,2.119,2.1486397937123356,2.5870318301044724
2026-06-01 17:22:00+00:00,0.04000000000000004,-0.0022334402650591545,2.1590000000000003,2.116766559734941,2.584798389839413
2026-06-01 17:24:00+00:00,-0.08575000000000044,0.0004263817627603205,2.07325,2.1594263817627604,2.5852247716021735
2026-06-01 17:26:00+00:00,0.058250000000000135,-9.609549473193665e-05,2.1315,2.073153904505268,2.5851286761074412
2026-06-01 17:28:00+00:00,-0.010749999999999815,-3.76139149375323e-06,2.12075,2.131496238608506,2.585124914715948
2026-06-01 17:30:00+00:00,-0.015500000000000291,-0.0004472922921800973,2.10525,2.12030270770782,2.5846776224237678
2026-06-01 17:32:00+00:00,0.012500000000000178,1.7408136103765434e-05,2.11775,2.1052674081361036,2.5846950305598715
2026-06-01 17:34:00+00:00,-0.006250000000000089,-0.0001815397397149097,2.1115,2.117568460260285,2.5845134908201564
2026-06-01 17:36:00+00:00,-0.004250000000000309,0.0010982525382810268,2.1072499999999996,2.112598252538281,2.5856117433584376
2026-06-01 17:38:00+00:00,0.003750000000000142,0.0023143726537621714,2.1109999999999998,2.109564372653762,2.5879261160122
2026-06-01 17:40:00+00:00,0.00649999999999995,0.0014662730743485598,2.1174999999999997,2.1124662730743484,2.589392389086548
2026-06-01 17:42:00+00:00,-0.37949999999999967,-0.00013247796873715382,1.738,2.1173675220312624,2.589259911117811
2026-06-01 17:44:00+00:00,-0.10424999999999995,-2.3893352772571486e-05,1.63375,1.7379761066472275,2.5892360177650384
2026-06-01 17:46:00+00:00,0.003249999999999975,0.0010874937980744688,1.637,1.6348374937980745,2.590323511563113
2026-06-01 17:48:00+00:00,-0.015000000000000124,-0.00032810928331062516,1.6219999999999999,1.6366718907166893,2.5899954022798024
2026-06-01 17:50:00+00:00,0.27275000000000005,-0.0007656946172936666,1.89475,1.6212343053827063,2.5892297076625086
2026-06-01 17:52:00+00:00,0.19274999999999995,0.0020610902880625983,2.0875,1.8968110902880626,2.5912907979505713
2026-06-01 17:54:00+00:00,0.0,-0.000852446818413713,2.0875,2.086647553181586,2.5904383511321574
2026-06-01 17:56:00+00:00,-0.017499999999999627,0.0008673376201961202,2.0700000000000003,2.088367337620196,2.5913056887523536
2026-06-01 17:58:00+00:00,0.0044999999999997264,7.10336294723574e-05,2.0745,2.0700710336294725,2.591376722381826
2026-06-01 18:00:00+00:00,0.004249999999999865,-0.00017260093544607398,2.07875,2.074327399064554,2.59120412144638
2026-06-01 18:02:00+00:00,0.0050000000000003375,0.000764910808143408,2.08375,2.079514910808143,2.5919690322545232
2026-06-01 18:04:00+00:00,-0.011500000000000288,0.00040159751567983896,2.07225,2.08415159751568,2.5923706297702034
2026-06-01 18:06:00+00:00,0.0007500000000004725,8.986286590029765e-05,2.0730000000000004,2.0723398628659004,2.5924604926361035
2026-06-01 18:08:00+00:00,-0.004250000000000753,0.00034955877158785874,2.0687499999999996,2.0733495587715884,2.5928100514076915
2026-06-01 18:10:00+00:00,-0.0014999999999996128,-0.0002919704805438303,2.06725,2.068458029519456,2.5925180809271473
2026-06-01 18:12:00+00:00,-0.003750000000000142,0.002308542360861769,2.0635,2.069558542360862,2.594826623288009
2026-06-01 18:14:00+00:00,0.00024999999999986144,0.002393094184497653,2.0637499999999998,2.0658930941844975,2.597219717472507
2026-06-01 18:16:00+00:00,-0.0022500000000000853,0.002052642494439788,2.0614999999999997,2.0658026424944396,2.599272359966947
2026-06-01 18:18:00+00:00,0.002000000000000224,0.0022680646379785504,2.0635,2.063768064637978,2.6015404246049254
2026-06-01 18:20:00+00:00,0.02000000000000002,-0.001265406750142395,2.0835,2.0622345932498574,2.600275017854783
2026-06-01 18:22:00+00:00,-0.015249999999999986,-0.0013097585837044449,2.06825,2.0821902414162956,2.5989652592710786
2026-06-01 18:24:00+00:00,-0.014750000000000263,0.0005788209174448425,2.0534999999999997,2.0688288209174446,2.5995440801885232
2026-06-01 18:26:00+00:00,0.0012500000000006395,0.0001830710365902373,2.0547500000000003,2.05368307103659,2.5997271512251134
2026-06-01 18:28:00+00:00,0.014249999999999652,-3.1398426915980154e-05,2.069,2.0547186015730845,2.5996957527981976
2026-06-01 18:30:00+00:00,-0.022250000000000103,0.0003538636301333204,2.04675,2.069353863630133,2.600049616428331
2026-06-01 18:32:00+00:00,-0.0017499999999999183,0.0004909357760721743,2.045,2.047240935776072,2.600540552204403
2026-06-01 18:34:00+00:00,-0.002749999999999808,-8.4071760182257e-05,2.04225,2.0449159282398175,2.6004564804442207
2026-06-01 18:36:00+00:00,0.005999999999999783,0.0004197067429000538,2.04825,2.0426697067429003,2.600876187187121
2026-06-01 18:38:00+00:00,-0.016000000000000014,3.677187718372892e-05,2.03225,2.0482867718771836,2.6009129590643045
2026-06-01 18:40:00+00:00,0.00749999999999984,0.00016141888196577825,2.0397499999999997,2.0324114188819657,2.6010743779462704
2026-06-01 18:42:00+00:00,-0.0024999999999999467,0.00016155774837047055,2.03725,2.03991155774837,2.601235935694641
2026-06-01 18:44:00+00:00,-0.006749999999999812,0.00028692740295078263,2.0305,2.0375369274029507,2.6015228630975917
2026-06-01 18:46:00+00:00,0.0022500000000000853,0.00033507159942135434,2.03275,2.0308350715994212,2.601857934697013
2026-06-01 18:48:00+00:00,0.004749999999999588,0.00017529084975828727,2.0374999999999996,2.032925290849758,2.602033225546771
2026-06-01 18:50:00+00:00,0.004250000000000309,0.00033423316075151396,2.04175,2.0378342331607513,2.6023674587075227
2026-06-01 18:52:00+00:00,-0.0024999999999999467,9.157747298012121e-05,2.03925,2.04184157747298,2.6024590361805027
2026-06-01 18:54:00+00:00,0.009500000000000064,-3.17285621422298e-05,2.04875,2.039218271437858,2.6024273076183606
2026-06-01 18:56:00+00:00,0.003000000000000114,0.00022873031045306957,2.05175,2.048978730310453,2.6026560379288135
2026-06-01 18:58:00+00:00,-0.004999999999999893,0.0003759612053011322,2.0467500000000003,2.0521259612053013,2.6030319991341146
2026-06-01 19:00:00+00:00,-0.003249999999999975,8.26040831161546e-05,2.0435000000000003,2.0468326040831166,2.603114603217231
2026-06-01 19:02:00+00:00,-0.003750000000000142,0.00014499229635109932,2.03975,2.0436449922963513,2.603259595513582
2026-06-01 19:04:00+00:00,0.0017499999999999183,0.0002771705969546839,2.0415,2.040027170596955,2.603536766110537
2026-06-01 19:06:00+00:00,0.006799999999999695,0.00019289858584910382,2.0483,2.041692898585849,2.603729664696386
2026-06-01 19:08:00+00:00,-0.007508333333333006,0.0001776259014537927,2.040791666666667,2.0484776259014534,2.6039072905978395
2026-06-01 19:10:00+00:00,-0.001583333333333492,0.00018626496389816048,2.0392083333333333,2.040977931630565,2.6040935555617377
2026-06-01 19:12:00+00:00,0.0011249999999995988,0.0003626667121424757,2.040333333333333,2.0395710000454756,2.60445622227388
2026-06-01 19:14:00+00:00,0.0012500000000006395,2.2403134479339474e-05,2.0415833333333335,2.0403557364678124,2.6044786254083596
2026-06-01 19:16:00+00:00,-0.002874999999999961,0.00025444260433623065,2.0387083333333336,2.04183777593767,2.604733068012696
2026-06-01 19:18:00+00:00,-0.0027500000000006963,0.0004054008830959024,2.035958333333333,2.0391137342164294,2.6051384688957917
2026-06-01 19:20:00+00:00,0.00037500000000001427,0.0003154861961180518,2.036333333333333,2.036273819529451,2.60545395509191
2026-06-01 19:22:00+00:00,0.004083333333333439,0.0002634400993119552,2.0404166666666663,2.036596773432645,2.605717395191222
2026-06-01 19:24:00+00:00,-0.001500000000000057,0.0004936832347884074,2.0389166666666663,2.0409103499014547,2.60621107842601
2026-06-01 19:26:00+00:00,0.0031250000000002665,-0.00015315649464413836,2.0420416666666665,2.0387635101720223,2.606057921931366
2026-06-01 19:28:00+00:00,-0.0053749999999994635,0.00010569573213189585,2.036666666666667,2.0421473623987985,2.606163617663498
2026-06-01 19:30:00+00:00,0.0009166666666660106,0.000551814807889284,2.037583333333333,2.0372184814745564,2.606715432471387
2026-06-01 19:32:00+00:00,0.0026250000000005436,0.00014573850676725727,2.0402083333333336,2.0377290718401,2.6068611709781546
2026-06-01 19:34:00+00:00,0.0007916666666663019,0.00030880436394359264,2.041,2.040517137697277,2.607169975342098
2026-06-01 19:36:00+00:00,0.00045833333333344933,0.00012792902955938802,2.0414583333333334,2.0411279290295594,2.6072979043716575
2026-06-01 19:38:00+00:00,0.0029166666666666785,0.00023676674510348958,2.044375,2.041695100078437,2.607534671116761
2026-06-01 19:40:00+00:00,-0.0052916666666669165,0.00034082486076896526,2.039083333333333,2.044715824860769,2.60787549597753
2026-06-01 19:42:00+00:00,0.002960144927536046,0.00016635256951362022,2.042043478260869,2.039249685902847,2.6080418485470434
2026-06-01 19:44:00+00:00,-0.004043478260869371,0.00033825976246342236,2.038,2.0423817380233324,2.608380108309507
2026-06-01 19:46:00+00:00,8.333333333343518e-05,0.00022941101784814622,2.0380833333333332,2.038229411017848,2.6086095193273553
2026-06-01 19:48:00+00:00,-0.0010833333333337691,0.00025120151485312893,2.0369999999999995,2.0383345348481865,2.608860720842208
2026-06-01 19:50:00+00:00,-0.00037499999999912603,0.00030638651642944046,2.0366250000000004,2.0373063865164287,2.6091671073586378
2026-06-01 19:52:00+00:00,0.004083333333333439,0.00014235855087946326,2.040708333333334,2.03676735855088,2.6093094659095173
2026-06-01 19:54:00+00:00,0.002874999999999517,0.00018036549980749613,2.0435833333333333,2.0408886988331414,2.6094898314093244
2026-06-01 19:56:00+00:00,-0.003083333333333549,0.00037257810526832626,2.0404999999999998,2.0439559114386014,2.609862409514593
2026-06-01 19:58:00+00:00,-0.0008749999999997371,0.00021866642629414182,2.039625,2.0407186664262937,2.610081075940887
2026-06-01 20:00:00+00:00,0.001083333333333325,0.00021874712601611395,2.0407083333333333,2.039843747126016,2.610299823066903
2026-06-01 20:02:00+00:00,-0.0006250000000007637,0.00029660350922490925,2.0400833333333326,2.0410049368425582,2.6105964265761283
2026-06-01 20:04:00+00:00,0.006333333333333968,0.00021527546589880615,2.0464166666666666,2.0402986087992314,2.610811702042027
2026-06-01 20:06:00+00:00,-0.0029166666666671226,0.00024055229569781887,2.0434999999999994,2.0466572189623644,2.6110522543377246
2026-06-01 20:08:00+00:00,0.0009583333333340606,0.00027729741080349726,2.0444583333333335,2.043777297410803,2.611329551748528
2026-06-01 20:10:00+00:00,-0.004541666666667332,0.00015900417859663796,2.039916666666666,2.04461733751193,2.611488555927125
2026-06-01 20:12:00+00:00,0.005458333333333787,0.00013495671768515633,2.045375,2.0400516233843513,2.61162351264481
2026-06-01 20:14:00+00:00,-0.0011250000000004867,0.00039307373855257426,2.0442499999999995,2.0457680737385524,2.6120165863833624
2026-06-01 20:16:00+00:00,-0.003858695652173782,0.00021013688490102193,2.0403913043478257,2.0444601368849007,2.6122267232682637
2026-06-01 20:18:00+00:00,0.005275362318841292,0.00034129491044824453,2.045666666666667,2.040732599258274,2.612568018178712
2026-06-01 20:20:00+00:00,-0.010041666666667837,0.00021478497927694952,2.035624999999999,2.045881451645944,2.6127828031579887
2026-06-01 20:22:00+00:00,0.0010416666666674956,0.0003366745893532554,2.0366666666666666,2.0359616745893523,2.613119477747342
2026-06-01 20:24:00+00:00,-0.0013333333333331865,7.724226782252538e-05,2.0353333333333334,2.036743908934489,2.6131967200151647
2026-06-01 20:26:00+00:00,-0.00020833333333403203,0.0002564490928779924,2.0351249999999994,2.0355897824262112,2.6134531691080425
2026-06-01 20:28:00+00:00,0.0014166666666670658,0.0002492877785892183,2.0365416666666665,2.0353742877785885,2.6137024568866316
2026-06-01 20:30:00+00:00,-0.0008750000000001812,0.0002625812236995375,2.0356666666666663,2.036804247890366,2.613965038110331
2026-06-01 20:32:00+00:00,0.0034999999999998366,0.0002182728841434855,2.039166666666666,2.03588493955081,2.6141833109944748
2026-06-01 20:34:00+00:00,-0.008124999999999272,0.0002704897964528068,2.031041666666667,2.039437156463119,2.6144538007909275
2026-06-01 20:36:00+00:00,-4.440892098500626e-16,0.00035301942719762487,2.0310416666666664,2.0313946860938645,2.614806820218125
2026-06-01 20:38:00+00:00,0.001000000000000334,0.00026620065863240466,2.0320416666666667,2.0313078673252987,2.615073020876758
2026-06-01 20:40:00+00:00,0.005208333333333481,3.780420479596988e-05,2.0372500000000002,2.0320794708714627,2.615110825081554
2026-06-01 20:42:00+00:00,-0.0052083333333339255,0.0003056172489498619,2.0320416666666663,2.03755561724895,2.6154164423305035
2026-06-01 20:44:00+00:00,0.004416666666666735,0.00035301680707678165,2.036458333333333,2.032394683473743,2.61576945913758
2026-06-01 20:46:00+00:00,0.007000000000000117,6.408820904712836e-05,2.043458333333333,2.0365224215423803,2.6158335473466274
2026-06-01 20:48:00+00:00,-0.0038333333333335773,0.00027179094846356533,2.0396249999999996,2.043730124281797,2.6161053382950907
2026-06-01 20:50:00+00:00,-0.003929347826086005,0.0002136132612358476,2.0356956521739136,2.0398386132612356,2.6163189515563268
2026-06-01 20:52:00+00:00,-0.005653985507246606,0.0002756577391797907,2.030041666666667,2.0359713099130934,2.6165946092955066
2026-06-01 20:54:00+00:00,0.00562499999999977,0.00015035096749971662,2.0356666666666667,2.0301920176341666,2.616744960263006
2026-06-01 20:56:00+00:00,-0.0021250000000003766,0.00023136824811805485,2.0335416666666664,2.035898034914785,2.6169763285111243
2026-06-01 20:58:00+00:00,-0.0021249999999999325,0.0004058683126543384,2.0314166666666664,2.033947534979321,2.6173821968237787
2026-06-01 21:00:00+00:00,0.0037916666666668597,0.0001150804809682529,2.0352083333333333,2.0315317471476346,2.617497277304747
2026-06-01 21:02:00+00:00,-0.0007500000000004725,0.00040133969578886306,2.034458333333333,2.035609673029122,2.617898617000536
2026-06-01 21:04:00+00:00,-0.0020416666666660532,6.571425604245005e-05,2.0324166666666668,2.0345240475893753,2.6179643312565783
2026-06-01 21:06:00+00:00,0.002624999999999656,0.0003535707006230449,2.0350416666666664,2.03277023736729,2.618317901957201
2026-06-01 21:08:00+00:00,0.002291666666666803,0.00014005913282742603,2.037333333333333,2.035181725799494,2.6184579610900287
2026-06-01 21:10:00+00:00,0.0009999999999998899,0.0002263292317123142,2.038333333333333,2.0375596625650454,2.618684290321741
2026-06-01 21:12:00+00:00,0.002000000000000224,0.0003302207076921591,2.0403333333333333,2.038663554041025,2.6190145110294334
2026-06-01 21:14:00+00:00,-0.00012499999999970868,0.00018441620663116245,2.0402083333333336,2.0405177495399647,2.6191989272360643
2026-06-01 21:16:00+00:00,-0.0009166666666668987,0.0005710627396279757,2.0392916666666667,2.0407793960729617,2.6197699899756923
2026-06-01 21:18:00+00:00,0.006458333333333233,0.0001247628755324033,2.04575,2.0394164295421993,2.619894752851225
2026-06-01 21:20:00+00:00,-0.011166666666666547,3.626619386098144e-05,2.0345833333333334,2.045786266193861,2.6199310190450857
2026-06-01 21:22:00+00:00,-0.04145833333333337,0.00023055548663247834,1.993125,2.034813888819966,2.620161574531718
2026-06-01 21:24:00+00:00,0.004833333333333023,0.0001815450782111278,1.997958333333333,1.9933065450782113,2.620343119609929
2026-06-01 21:26:00+00:00,-0.0024166666666669556,0.00021838607336391395,1.995541666666666,1.998176719406697,2.6205615056832934
2026-06-01 21:28:00+00:00,-0.0017916666666666357,0.00033966467125957363,1.9937499999999995,1.9958813313379258,2.6209011703545526
2026-06-01 21:30:00+00:00,0.004989130434783329,0.000399407094654881,1.9987391304347828,1.9941494070946544,2.6213005774492077
2026-06-01 21:32:00+00:00,-0.0016557971014492523,0.00023678613399772964,1.9970833333333335,1.9989759165687806,2.6215373635832053
2026-06-01 21:34:00+00:00,0.023333333333333206,0.00011378142505416897,2.0204166666666667,1.9971971147583878,2.6216511450082596
2026-06-01 21:36:00+00:00,0.0018333333333333535,0.0002248352388074924,2.02225,2.0206415019054744,2.6218759802470673
2026-06-01 21:38:00+00:00,-0.005833333333333357,0.0005127624307447938,2.0164166666666667,2.022762762430745,2.6223887426778116
2026-06-01 21:40:00+00:00,-0.008958333333333181,9.1744112665752e-05,2.0074583333333336,2.0165084107793323,2.6224804867904776
2026-06-01 21:42:00+00:00,-0.024333333333333318,0.00023044596558123044,1.9831250000000002,2.0076887792989146,2.6227109327560587
2026-06-01 21:44:00+00:00,-0.008958333333333401,0.0002700317993294065,1.9741666666666668,1.9833950317993296,2.622980964555388
2026-06-01 21:46:00+00:00,0.011875000000000302,0.0002908355752005761,1.9860416666666671,1.9744575022418673,2.623271800130589
2026-06-01 21:48:00+00:00,-0.005791666666667528,0.0003193451100959921,1.9802499999999996,1.9863610117767632,2.6235911452406846
2026-06-01 21:50:00+00:00,0.00891666666666735,2.5415225400741027e-05,1.989166666666667,1.9802754152254003,2.6236165604660857
2026-06-01 21:52:00+00:00,0.0006666666666663712,-0.0005546087737504849,1.9898333333333333,1.9886120578929165,2.623061951692335
2026-06-01 21:54:00+00:00,-0.009833333333332916,0.00021194372023452794,1.9800000000000004,1.990045277053568,2.6232738954125696
2026-06-01 21:56:00+00:00,0.0045833333333327175,0.00011129126220474305,1.9845833333333331,1.9801112912622052,2.623385186674774
2026-06-01 21:58:00+00:00,-0.002166666666666428,0.00040574254685386233,1.9824166666666667,1.984989075880187,2.623790929221628
2026-06-01 22:00:00+00:00,0.00550000000000006,0.00026507977093566176,1.9879166666666668,1.9826817464376023,2.624056008992564
2026-06-01 22:02:00+00:00,0.0008749999999997371,0.0002810169343525766,1.9887916666666665,1.9881976836010193,2.6243370259269163
2026-06-01 22:04:00+00:00,-0.000500000000000167,0.0008480666313940078,1.9882916666666663,1.9896397332980604,2.6251850925583105
2026-06-01 22:06:00+00:00,0.0435416666666677,-8.070441976692936e-06,2.031833333333334,1.9882835962246896,2.6251770221163335
2026-06-01 22:08:00+00:00,0.05295833333333233,0.00039718208803479207,2.0847916666666664,2.032230515421369,2.6255742042043684
2026-06-01 22:10:00+00:00,0.004291666666666583,-0.00012283173184064028,2.089083333333333,2.084668834934826,2.625451372472528
2026-06-01 22:12:00+00:00,-0.0039528985507244485,-0.00031341092940415473,2.0851304347826085,2.088769922403929,2.625137961543124
2026-06-01 22:14:00+00:00,0.00261956521739215,0.00036410253836457736,2.0877500000000007,2.0854945373209732,2.625502064081488
2026-06-01 22:16:00+00:00,-0.0002500000000007496,0.00025747722829688415,2.0875,2.0880074772282975,2.6257595413097854
2026-06-01 22:18:00+00:00,-0.0034999999999998366,0.00023139864151983658,2.084,2.0877313986415196,2.625990939951305
2026-06-01 22:20:00+00:00,-0.002583333333333826,0.0001977248484423725,2.0814166666666662,2.0841977248484422,2.626188664799747
2026-06-01 22:22:00+00:00,-0.00029166666666613494,0.0003235828935478666,2.081125,2.081740249560214,2.626512247693295
2026-06-01 22:24:00+00:00,-8.333333333299109e-05,0.0002791320194179418,2.081041666666667,2.081404132019418,2.626791379712713
2026-06-01 22:26:00+00:00,-0.005500000000000949,0.00024796409353920783,2.075541666666666,2.0812896307602062,2.6270393438062523
2026-06-01 22:28:00+00:00,0.009291666666666476,0.0003384829967592674,2.0848333333333327,2.0758801496634254,2.627377826803012
2026-06-01 22:30:00+00:00,-0.002583333333332938,4.770511743844742e-05,2.0822499999999997,2.084881038450771,2.62742553192045
2026-06-01 22:32:00+00:00,0.005083333333333773,0.00045489915801826626,2.0873333333333335,2.082704899158018,2.6278804310784682
2026-06-01 22:34:00+00:00,0.00012500000000015277,0.000257876010689227,2.0874583333333336,2.0875912093440228,2.6281383070891575
2026-06-01 22:36:00+00:00,-0.003666666666666707,0.0010660287200782179,2.083791666666667,2.0885243620534117,2.629204335809236
2026-06-01 22:38:00+00:00,-0.03854166666666715,0.0015117311229306304,2.04525,2.0853033977895974,2.6307160669321665
2026-06-01 22:40:00+00:00,-0.07641666666666613,0.00024421365256417806,1.9688333333333337,2.045494213652564,2.6309602805847305
2026-06-01 22:42:00+00:00,-0.020375000000000032,0.0002864232917005411,1.9484583333333336,1.9691197566250342,2.6312467038764313
2026-06-01 22:44:00+00:00,0.004250000000000087,6.389746424973969e-05,1.9527083333333337,1.9485222307975834,2.631310601340681
2026-06-01 22:46:00+00:00,-0.003403985507246965,0.000295111612416762,1.9493043478260867,1.9530034449457505,2.631605712953098
2026-06-01 22:48:00+00:00,0.007028985507247176,0.00019238399411548927,1.956333333333334,1.9494967318202023,2.6317980969472132
2026-06-01 22:50:00+00:00,0.00029166666666613494,7.047816385358815e-05,1.956625,1.9564038114971876,2.6318685751110666
2026-06-01 22:52:00+00:00,-0.009583333333333721,0.00020609613453656,1.9470416666666663,1.9568310961345365,2.6320746712456033
2026-06-01 22:54:00+00:00,0.0006250000000009859,0.0004442646115396784,1.9476666666666673,1.947485931278206,2.632518935857143
2026-06-01 22:56:00+00:00,-0.0037500000000008082,0.00013463391879726776,1.9439166666666665,1.9478013005854646,2.63265356977594
2026-06-01 22:58:00+00:00,0.007124999999999604,5.672881362260447e-05,1.9510416666666661,1.9439733954802891,2.6327102985895627
2026-06-01 23:00:00+00:00,-0.004124999999999268,0.0004902493044112425,1.9469166666666669,1.9515319159710773,2.633200547893974
2026-06-01 23:02:00+00:00,0.0036666666666671515,0.00010528227706283081,1.950583333333334,1.9470219489437297,2.633305830171037
2026-06-01 23:04:00+00:00,0.002541666666665998,0.00014961156939775116,1.953125,1.9507329449027317,2.6334554417404346
2026-06-01 23:06:00+00:00,-0.004291666666667027,0.0002705542514255508,1.948833333333333,1.9533955542514256,2.63372599599186
2026-06-01 23:08:00+00:00,0.010125000000000606,-0.0005620032787943083,1.9589583333333336,1.9482713300545387,2.633163992713066
2026-06-01 23:10:00+00:00,0.006208333333333149,-0.0009524536868555985,1.9651666666666667,1.9580058796464779,2.63221153902621
2026-06-01 23:12:00+00:00,0.005958333333333066,-0.00015157079750980276,1.9711249999999998,1.965015095869157,2.6320599682287007
2026-06-01 23:14:00+00:00,-0.002083333333333215,0.0003621662690614147,1.9690416666666666,1.9714871662690612,2.632422134497762
2026-06-01 23:16:00+00:00,0.0033333333333336324,0.0002793348167712094,1.9723750000000002,1.9693210014834377,2.632701469314533
2026-06-01 23:18:00+00:00,-0.0025000000000001688,0.00031797740701581504,1.969875,1.972692977407016,2.633019446721549
2026-06-01 23:20:00+00:00,0.008958333333333401,0.00011928682297000834,1.9788333333333334,1.96999428682297,2.633138733544519
2026-06-01 23:22:00+00:00,0.00633333333333308,0.00027865306132779545,1.9851666666666665,1.9791119863946613,2.633417386605847
2026-06-01 23:24:00+00:00,-0.008750000000000036,0.0002926460787032627,1.9764166666666665,1.9854593127453697,2.63371003268455
2026-06-01 23:26:00+00:00,0.0012355072463772208,0.00030288970315203744,1.9776521739130437,1.9767195563698186,2.634012922387702
2026-06-01 23:28:00+00:00,0.00675691699604708,0.00018004636908878815,1.9844090909090908,1.9778322202821326,2.634192968756791
2026-06-01 23:30:00+00:00,0.0015454545454547386,0.0001859888031612818,1.9859545454545455,1.984595079712252,2.634378957559952
2026-06-01 23:32:00+00:00,0.0013371212121209286,0.00040770920955880664,1.9872916666666665,1.9863622546641044,2.634786666769511
2026-06-01 23:34:00+00:00,-0.003374999999999684,0.00026141789004513396,1.9839166666666668,1.9875530845567115,2.635048084659556
2026-06-01 23:36:00+00:00,-0.0036666666666669294,0.00011055815239280138,1.9802499999999998,1.9840272248190596,2.635158642811949
2026-06-01 23:38:00+00:00,0.003249999999999753,0.0005869249512130184,1.9834999999999996,1.9808369249512128,2.635745567763162
2026-06-01 23:40:00+00:00,0.006291666666666806,0.00037312571052456575,1.9897916666666664,1.9838731257105242,2.6361186934736867
2026-06-01 23:42:00+00:00,-0.004250000000000087,0.000363508294957328,1.9855416666666663,1.9901551749616238,2.636482201768644
2026-06-01 23:44:00+00:00,-0.001083333333333103,0.00022340936904459508,1.9844583333333332,1.9857650760357108,2.6367056111376885
2026-06-01 23:46:00+00:00,0.006208333333332926,0.0004050707478696527,1.9906666666666661,1.9848634040812028,2.637110681885558
2026-06-01 23:48:00+00:00,-0.010083333333332556,0.0003299078652634749,1.9805833333333336,1.9909965745319296,2.6374405897508217
2026-06-01 23:50:00+00:00,0.004124999999999934,0.00015672834163218998,1.9847083333333335,1.9807400616749657,2.6375973180924537
2026-06-01 23:52:00+00:00,-0.0020416666666669414,0.00024222078865080123,1.9826666666666666,1.9849505541219843,2.6378395388811047
2026-06-01 23:54:00+00:00,0.005791666666666639,0.00037610373987500504,1.9884583333333332,1.9830427704065416,2.6382156426209797
2026-06-01 23:56:00+00:00,-0.0023333333333330764,-4.320001001663205e-06,1.9861250000000001,1.9884540133323316,2.638211322619978
2026-06-01 23:58:00+00:00,-0.002333333333333521,0.0005303712148839477,1.9837916666666666,1.986655371214884,2.638741693834862
2026-06-02 00:00:00+00:00,0.004208333333332925,0.0002189300104509729,1.9879999999999995,1.9840105966771175,2.6389606238453127
2026-06-02 00:02:00+00:00,-0.01112499999999983,0.00028898262574022886,1.9768749999999997,1.9882889826257397,2.639249606471053
2026-06-02 00:04:00+00:00,0.003041666666666387,0.00014004288807819787,1.979916666666666,1.977015042888078,2.6393896493591313
2026-06-02 00:06:00+00:00,0.0001666666666670924,0.0005088401098424469,1.9800833333333332,1.9804255067765086,2.6398984894689734
2026-06-02 00:08:00+00:00,0.003458333333333119,0.00017139839823355333,1.9835416666666663,1.9802547317315669,2.6400698878672073
2026-06-02 00:10:00+00:00,-0.0061666666666659875,0.0003756059169147873,1.9773750000000003,1.9839172725835812,2.6404454937841217
2026-06-02 00:12:00+00:00,0.0005380434782600307,0.00012113400816450042,1.9779130434782604,1.977496134008165,2.6405666277922863
2026-06-02 00:14:00+00:00,0.003920289855072756,0.0002814120485757389,1.9818333333333331,1.978194455526836,2.6408480398408622
2026-06-02 00:16:00+00:00,-0.00158333333333327,0.00018378370945960163,1.9802499999999998,1.9820171170427927,2.6410318235503216
2026-06-02 00:18:00+00:00,-0.005333333333332968,0.00023843838220148384,1.9749166666666669,1.9804884383822012,2.6412702619325232
2026-06-02 00:20:00+00:00,0.001958333333333062,0.0002735322807759901,1.976875,1.975190198947443,2.641543794213299
2026-06-02 00:22:00+00:00,-8.333333333299109e-05,0.00031945567919557734,1.976791666666667,1.9771944556791956,2.641863249892495
2026-06-02 00:24:00+00:00,4.1666666666495544e-05,9.528704006999623e-05,1.9768333333333334,1.9768869537067368,2.641958536932565
2026-06-02 00:26:00+00:00,0.001083333333332881,0.0002740363920262316,1.9779166666666663,1.9771073697253596,2.6422325733245913
2026-06-02 00:28:00+00:00,-0.001874999999999849,0.00035674733513340267,1.9760416666666665,1.9782734140017997,2.6425893206597246
2026-06-02 00:30:00+00:00,-0.0063749999999995755,0.00023705862656542778,1.969666666666667,1.976278725293232,2.64282637928629
2026-06-02 00:32:00+00:00,-0.015249999999999986,-7.94765922473631e-05,1.954416666666667,1.9695871900744195,2.6427469026940424
2026-06-02 00:34:00+00:00,-0.0020000000000000018,0.0004202616844946544,1.952416666666667,1.9548369283511615,2.643167164378537
2026-06-02 00:36:00+00:00,0.12170833333333309,9.775991012185669e-05,2.074125,1.9525144265767889,2.6432649242886592
2026-06-02 00:38:00+00:00,-0.0029166666666666785,0.0003544143795345718,2.0712083333333333,2.0744794143795344,2.6436193386681937
2026-06-02 00:40:00+00:00,0.002291666666666803,0.0002457579517891903,2.0735,2.0714540912851227,2.643865096619983
2026-06-02 00:42:00+00:00,-0.0014166666666661776,0.00038413807842875043,2.072083333333334,2.0738841380784288,2.6442492346984117
2026-06-02 00:44:00+00:00,0.0004583333333325612,6.28169264139829e-05,2.0725416666666665,2.072146150259748,2.6443120516248255
2026-06-02 00:46:00+00:00,-0.022083333333333677,0.00020091248746027186,2.050458333333333,2.0727425791541267,2.6445129641122858
2026-06-02 00:48:00+00:00,-0.07304166666666623,0.0001872527494560662,1.9774166666666666,2.050645586082789,2.6447002168617417
2026-06-02 00:50:00+00:00,0.015833333333333144,8.313229947815403e-05,1.9932499999999997,1.9774997989661447,2.6447833491612203
2026-06-02 00:52:00+00:00,0.018532608695652097,0.00035976309422398477,2.011782608695652,1.9936097630942238,2.645143112255444
2026-06-02 00:54:00+00:00,0.02238405797101528,0.0002500151241353048,2.034166666666667,2.012032623819787,2.645393127379579
2026-06-02 00:56:00+00:00,0.0007083333333333108,0.0003244401970877784,2.0348750000000004,2.034491106863755,2.645717567576667
2026-06-02 00:58:00+00:00,-0.01850000000000085,0.00022301111067642092,2.0163749999999996,2.035098011110677,2.6459405786873433
2026-06-02 01:00:00+00:00,-0.008499999999999286,3.0315338044597664e-06,2.0078750000000003,2.016378031533804,2.645943610221148
2026-06-02 01:02:00+00:00,0.006333333333333524,-7.92764150149387e-05,2.014208333333334,2.0077957235849855,2.645864333806133
2026-06-02 01:04:00+00:00,-0.011250000000000428,0.00025521763608166436,2.0029583333333334,2.0144635509694155,2.6461195514422147
2026-06-02 01:06:00+00:00,-0.002666666666667261,0.002078128409882092,2.000291666666666,2.0050364617432157,2.648197679852097
2026-06-02 01:08:00+00:00,-0.0009583333333329502,0.0001529889051647019,1.9993333333333332,2.000444655571831,2.6483506687572613
2026-06-02 01:10:00+00:00,-0.0035416666666669983,0.00022793903395840773,1.9957916666666662,1.9995612723672915,2.6485786077912197
2026-06-02 01:12:00+00:00,-0.018166666666666442,0.0002997460821643047,1.9776249999999997,1.9960914127488305,2.648878353873384
2026-06-02 01:14:00+00:00,-0.05849999999999955,0.00012249594697882237,1.9191250000000002,1.9777474959469785,2.649000849820363
2026-06-02 01:16:00+00:00,-0.020541666666667124,-0.0002036001091667473,1.898583333333333,1.9189213998908334,2.6487972497111962
2026-06-02 01:18:00+00:00,-0.0018333333333329094,-0.0010365407010538897,1.8967500000000002,1.897546792632279,2.6477607090101425
2026-06-02 01:20:00+00:00,-0.0057916666666670835,0.000833094736871502,1.890958333333333,1.8975830947368717,2.648593803747014
2026-06-02 01:22:00+00:00,0.005083333333333773,0.0007603701387220537,1.8960416666666668,1.891718703472055,2.649354173885736
2026-06-02 01:24:00+00:00,0.05941666666666667,0.0006267130582902934,1.9554583333333335,1.896668379724957,2.649980886944026
2026-06-02 01:26:00+00:00,0.05712499999999965,0.00034102136983220913,2.012583333333333,1.9557993547031658,2.6503219083138583
2026-06-02 01:28:00+00:00,0.0024166666666669556,-9.677725017535061e-05,2.015,2.0124865560831577,2.6502251310636833
2026-06-02 01:30:00+00:00,-0.00849999999999973,0.0001026097538027146,2.0065000000000004,2.0151026097538027,2.650327740817486
2026-06-02 01:32:00+00:00,-0.04091666666666672,0.00031126780156041743,1.9655833333333337,2.006811267801561,2.6506390086190463
2026-06-02 01:34:00+00:00,-0.024875000000000203,0.00016597579613636068,1.9407083333333335,1.96574930912947,2.6508049844151826
2026-06-02 01:36:00+00:00,0.00024818840579698964,0.00036766799880807354,1.9409565217391305,1.9410760013321415,2.6511726524139907
2026-06-02 01:38:00+00:00,-0.08733152173913017,9.115615754852642e-05,1.8536250000000003,1.941047677896679,2.651263808571539
2026-06-02 01:40:00+00:00,0.005999999999999783,-0.00013385982046988448,1.859625,1.8534911401795304,2.6511299487510693
2026-06-02 01:42:00+00:00,0.0016249999999997655,3.302929657122894e-05,1.8612499999999998,1.8596580292965712,2.6511629780476405
2026-06-02 01:44:00+00:00,-0.0011666666666663161,-0.0008549175923688988,1.8600833333333335,1.860395082407631,2.650308060455272
2026-06-02 01:46:00+00:00,-0.006041666666666501,-0.0003295094758892586,1.854041666666667,1.8597538238574443,2.6499785509793825
2026-06-02 01:48:00+00:00,-0.002000000000000668,0.00023289315844882705,1.8520416666666664,1.8542745598251158,2.650211444137831
2026-06-02 01:50:00+00:00,0.02445833333333436,0.0002061653057268218,1.8765000000000007,1.8522478319723932,2.650417609443558
2026-06-02 01:52:00+00:00,0.009624999999999106,0.0004093845148259815,1.8861249999999998,1.8769093845148268,2.650826993958384
2026-06-02 01:54:00+00:00,-0.0068749999999999645,0.0015814357697961474,1.8792499999999999,1.887706435769796,2.65240842972818
2026-06-02 01:56:00+00:00,0.0007083333333337549,0.0015562207748490353,1.8799583333333336,1.8808062207748488,2.653964650503029
2026-06-02 01:58:00+00:00,-0.0020416666666671635,0.0003303187002116967,1.8779166666666665,1.8802886520335453,2.654294969203241
2026-06-02 02:00:00+00:00,-0.004666666666666153,0.00012505999723602798,1.8732500000000003,1.8780417266639025,2.6544200292004767
2026-06-02 02:02:00+00:00,-0.014958333333333407,-0.0006607661138598181,1.858291666666667,1.8725892338861405,2.653759263086617
2026-06-02 02:04:00+00:00,-0.026291666666667046,-0.0002799986243868471,1.8319999999999999,1.85801166804228,2.6534792644622303
2026-06-02 02:06:00+00:00,-0.017249999999999766,0.00024429487631031884,1.81475,1.8322442948763102,2.6537235593385406
2026-06-02 02:08:00+00:00,0.02416666666666667,-0.0011518328959741549,1.8389166666666668,1.813598167104026,2.6525717264425666
2026-06-02 02:10:00+00:00,-0.006291666666666806,0.00043420858774328037,1.832625,1.83935087525441,2.6530059350303095
2026-06-02 02:12:00+00:00,-9.868421052594556e-05,0.0002946509951725185,1.832526315789474,1.8329196509951724,2.653300586025482
2026-06-02 02:14:00+00:00,-0.010609649122807374,0.00022753658339688435,1.8219166666666666,1.8327538523728708,2.653528122608879
2026-06-02 02:16:00+00:00,0.008000000000000007,0.00029762168818459663,1.8299166666666666,1.8222142883548513,2.6538257442970634
2026-06-02 02:18:00+00:00,-0.005791666666666417,3.7025504881355634e-05,1.8241250000000002,1.829953692171548,2.653862769801945
2026-06-02 02:20:00+00:00,-0.02020833333333361,0.0011915292988219162,1.8039166666666666,1.825316529298822,2.655054299100767
2026-06-02 02:22:00+00:00,-0.1802083333333333,0.00039286622498178875,1.6237083333333333,1.8043095328916483,2.6554471653257488
2026-06-02 02:24:00+00:00,0.0040000000000000036,0.00014646742438584974,1.6277083333333333,1.6238548007577192,2.6555936327501346
2026-06-02 02:26:00+00:00,0.0002916666666670231,0.00021123523955851283,1.6280000000000003,1.6279195685728918,2.6558048679896933
2026-06-02 02:28:00+00:00,0.004249999999999865,0.00030841239386544226,1.6322500000000002,1.6283084123938658,2.6561132803835585
2026-06-02 02:30:00+00:00,0.005541666666666555,0.00015682056988587244,1.6377916666666668,1.632406820569886,2.6562701009534444
2026-06-02 02:32:00+00:00,0.004624999999999879,-0.00039535258865599197,1.6424166666666666,1.6373963140780108,2.6558747483647887
2026-06-02 02:34:00+00:00,-0.0017500000000001403,-0.00046835806375983676,1.6406666666666665,1.6419483086029067,2.6554063903010285
2026-06-02 02:36:00+00:00,-0.010708333333333096,-0.00023848020588044424,1.6299583333333334,1.6404281864607861,2.655167910095148
2026-06-02 02:38:00+00:00,-0.0016666666666667052,0.0007678343389803077,1.6282916666666667,1.6307261676723137,2.6559357444341285
2026-06-02 02:40:00+00:00,0.00195833333333284,0.0003831717778617594,1.6302499999999995,1.6286748384445284,2.65631891621199
2026-06-02 02:42:00+00:00,-0.0011249999999995988,-2.965290241020622e-05,1.629125,1.6302203470975893,2.65628926330958
2026-06-02 02:44:00+00:00,-0.011625000000000218,0.00023742387141097697,1.6174999999999997,1.6293624238714108,2.6565266871809907
2026-06-02 02:46:00+00:00,-0.017833333333333146,0.0003597982038432843,1.5996666666666666,1.617859798203843,2.656886485384834
2026-06-02 02:48:00+00:00,-0.010405797101449064,8.645985294908302e-05,1.5892608695652175,1.5997531265196157,2.6569729452377833
2026-06-02 02:50:00+00:00,0.09523913043478238,-0.00034977349049096317,1.6844999999999999,1.5889110960747266,2.6566231717472926
2026-06-02 02:52:00+00:00,0.7119166666666668,0.0025025455405311217,2.3964166666666666,1.687002545540531,2.6591257172878233
2026-06-02 02:54:00+00:00,-0.008874999999999744,-0.0010158412223680367,2.387541666666667,2.3954008254442987,2.6581098760654553
2026-06-02 02:56:00+00:00,-0.007416666666666849,0.0018001110553738904,2.380125,2.389341777722041,2.6599099871208294
2026-06-02 02:58:00+00:00,-0.010166666666667101,-0.0007027514542762436,2.369958333333333,2.379422248545724,2.6592072356665533
2026-06-02 03:00:00+00:00,0.0019166666666667886,-0.0009976785446826196,2.3718749999999997,2.3689606547886504,2.6582095571218707
2026-06-02 03:02:00+00:00,-0.010083333333333666,0.00010532577106882878,2.361791666666666,2.3719803257710685,2.658314882892939
2026-06-02 03:04:00+00:00,0.0036250000000008775,0.0004978371743732979,2.365416666666667,2.362289503841039,2.6588127200673126
2026-06-02 03:06:00+00:00,-0.0035000000000002807,0.0012945728873211297,2.3619166666666667,2.366711239553988,2.660107292954634
2026-06-02 03:08:00+00:00,-0.005208333333333481,0.0008309850155685161,2.356708333333333,2.362747651682235,2.660938277970202
2026-06-02 03:10:00+00:00,0.007000000000000561,0.00017652335460295262,2.3637083333333337,2.356884856687936,2.661114801324805
2026-06-02 03:12:00+00:00,-0.0027500000000006963,0.0015495462790129373,2.360958333333333,2.3652578796123467,2.662664347603818
2026-06-02 03:14:00+00:00,-0.001958333333332618,0.0019359753256040055,2.3590000000000004,2.362894308658937,2.664600322929422
2026-06-02 03:16:00+00:00,0.01112499999999983,0.002292640323439909,2.3701250000000003,2.36129264032344,2.666892963252862
2026-06-02 03:18:00+00:00,-0.00729166666666714,0.0016390820965168538,2.362833333333333,2.371764082096517,2.668532045349379
2026-06-02 03:20:00+00:00,0.0006666666666665932,-0.001223977923393076,2.3634999999999997,2.36160935540994,2.667308067425986
2026-06-02 03:22:00+00:00,-0.0033333333333329662,-0.0011816451549528355,2.3601666666666667,2.362318354845047,2.666126422271033
2026-06-02 03:24:00+00:00,-0.004666666666666598,-0.00022796356483980267,2.3555,2.359938703101827,2.6658984587061934
2026-06-02 03:26:00+00:00,8.333333333299109e-05,-8.27239700204886e-05,2.355583333333333,2.35541727602998,2.6658157347361726
2026-06-02 03:28:00+00:00,-0.005208333333332593,0.000258673051449744,2.3503750000000005,2.355842006384783,2.6660744077876224
2026-06-02 03:30:00+00:00,0.0016249999999997655,0.00015395730182836756,2.3520000000000003,2.350528957301829,2.666228365089451
2026-06-02 03:32:00+00:00,0.001583333333333048,0.00020173782552589597,2.3535833333333334,2.352201737825526,2.6664301029149766
2026-06-02 03:34:00+00:00,-0.009708333333333208,0.00017920688237061047,2.343875,2.353762540215704,2.666609309797347
2026-06-02 03:36:00+00:00,-0.00037500000000001427,0.0003382870117201922,2.3435,2.3442132870117205,2.6669475968090675
2026-06-02 03:38:00+00:00,0.007291666666666696,0.00023373264516700473,2.350791666666667,2.343733732645167,2.6671813294542344
2026-06-02 03:40:00+00:00,0.0012083333333330337,0.00021555739090153996,2.352,2.3510072240575686,2.667396886845136
2026-06-02 03:42:00+00:00,-0.0037916666666668597,0.0003291464581464261,2.348208333333333,2.352329146458146,2.6677260333032824
2026-06-02 03:44:00+00:00,0.003458333333333563,0.0003113532174999074,2.3516666666666666,2.348519686550833,2.6680373865207825
2026-06-02 03:46:00+00:00,-0.008999999999999453,0.0003874174216761636,2.342666666666667,2.352054084088343,2.6684248039424583
2026-06-02 03:48:00+00:00,0.006041666666666945,0.00010541590322583662,2.348708333333334,2.3427720825698928,2.6685302198456844
2026-06-02 03:50:00+00:00,0.002458333333332341,0.0002895925898725377,2.3511666666666664,2.3489979259232068,2.668819812435557
2026-06-02 03:52:00+00:00,0.0010833333333337691,0.000273778048111087,2.35225,2.3514404447147776,2.669093590483668
2026-06-02 03:54:00+00:00,-0.005458333333333343,0.000108486684854127,2.346791666666667,2.3523584866848544,2.669202077168522
2026-06-02 03:56:00+00:00,0.005875000000000075,9.04392924858129e-05,2.352666666666667,2.3468821059591525,2.6692925164610077
2026-06-02 03:58:00+00:00,0.0044999999999997264,0.0002230776617458395,2.3571666666666666,2.352889744328413,2.6695155941227537
2026-06-02 04:00:00+00:00,-0.008999999999999897,0.00029716893130288285,2.3481666666666667,2.3574638355979696,2.6698127630540567
2026-06-02 04:02:00+00:00,-0.007291666666666252,0.0002621955419114109,2.3408750000000005,2.348428862208578,2.670074958595968
2026-06-02 04:04:00+00:00,0.002624999999999656,5.486590770305288e-05,2.3435,2.3409298659077034,2.670129824503671
2026-06-02 04:06:00+00:00,0.0027083333333326465,0.00010013688375085415,2.346208333333333,2.343600136883751,2.670229961387422
2026-06-02 04:08:00+00:00,-0.004333333333332412,0.0003913947651162189,2.3418750000000004,2.346599728098449,2.6706213561525383
2026-06-02 04:10:00+00:00,0.005916666666666792,0.0004187944168224337,2.347791666666667,2.3422937944168227,2.6710401505693606
2026-06-02 04:12:00+00:00,-0.002617753623188168,0.00015537688330124103,2.345173913043479,2.3479470435499685,2.671195527452662
2026-06-02 04:14:00+00:00,0.0006177536231875003,0.00011874393393128669,2.3457916666666665,2.3452926569774104,2.671314271386593
2026-06-02 04:16:00+00:00,0.004291666666666583,0.0002604337726564088,2.350083333333333,2.346052100439323,2.6715747051592498
2026-06-02 04:18:00+00:00,-0.0004999999999997229,0.00018162577793309995,2.3495833333333334,2.350264959111266,2.671756330937183
2026-06-02 04:20:00+00:00,0.002083333333333215,0.000248658949586838,2.3516666666666666,2.3498319922829203,2.6720049898867693
2026-06-02 04:22:00+00:00,-0.010291666666666366,0.0002536932497750608,2.341375,2.3519203599164418,2.6722586831365445
2026-06-02 04:24:00+00:00,0.0055833333333330515,0.0005024354864532036,2.3469583333333333,2.3418774354864533,2.6727611186229976
2026-06-02 04:26:00+00:00,-0.00654166666666578,0.00011983076005706729,2.3404166666666675,2.34707816409339,2.672880949383055
2026-06-02 04:28:00+00:00,0.0037916666666655274,0.00024311791802753043,2.344208333333333,2.340659784584695,2.6731240673010825
2026-06-02 04:30:00+00:00,0.004083333333334771,0.0001682259559165448,2.3482916666666678,2.3443765592892496,2.6732922932569987
2026-06-02 04:32:00+00:00,-0.0002500000000011937,4.4298436318052247e-05,2.3480416666666666,2.348335965102986,2.673336591693317
2026-06-02 04:34:00+00:00,-0.07824999999999971,0.0003845903112862956,2.269791666666667,2.348426256977953,2.673721182004603
2026-06-02 04:36:00+00:00,-0.01737499999999992,0.0001842673837672658,2.252416666666667,2.269975934050434,2.6739054493883705
2026-06-02 04:38:00+00:00,-0.0004583333333338935,0.00039558591041708347,2.251958333333333,2.252812252577084,2.6743010352987877
2026-06-02 04:40:00+00:00,-0.0013333333333336306,0.0001675143310955178,2.2506249999999994,2.2521258476644284,2.674468549629883
2026-06-02 04:42:00+00:00,0.0017500000000008065,0.00021812772944876938,2.2523750000000002,2.250843127729448,2.6746866773593316
2026-06-02 04:44:00+00:00,-0.007041666666667279,0.0004110912615432753,2.245333333333333,2.2527860912615436,2.675097768620875
2026-06-02 04:46:00+00:00,0.0015416666666672185,0.0003623853111639105,2.246875,2.245695718644497,2.675460153932039
2026-06-02 04:48:00+00:00,-0.003583333333333716,0.00017095088159352603,2.2432916666666665,2.247045950881594,2.6756311048136325
2026-06-02 04:50:00+00:00,0.0035344202898555115,0.00032709647559866643,2.246826086956522,2.243618763142265,2.675958201289231
2026-06-02 04:52:00+00:00,-7.608695652239206e-05,1.4585742954899974e-05,2.2467499999999996,2.2468406726994767,2.675972787032186
2026-06-02 04:54:00+00:00,-0.01124999999999954,0.00021623547817577337,2.2355,2.246966235478175,2.676189022510362
2026-06-02 04:56:00+00:00,0.0022499999999996407,0.0001978794355721243,2.2377499999999997,2.235697879435572,2.676386901945934
2026-06-02 04:58:00+00:00,-0.00020833333333269977,0.00016204613889565257,2.237541666666667,2.2379120461388955,2.6765489480848297
2026-06-02 05:00:00+00:00,-0.00012500000000059686,0.0003825948272520755,2.2374166666666664,2.237924261493919,2.6769315429120817
2026-06-02 05:02:00+00:00,-0.13041666666666663,0.00029732299440846604,2.1069999999999998,2.2377139896610747,2.67722886590649
2026-06-02 05:04:00+00:00,-0.06462500000000038,-0.0009838249177360134,2.0423749999999994,2.1060161750822637,2.6762450409887544
2026-06-02 05:06:00+00:00,-0.014291666666665925,-0.00010411201646394794,2.0280833333333335,2.0422708879835354,2.6761409289722904
2026-06-02 05:08:00+00:00,-0.0035000000000007248,8.438628931373404e-05,2.0245833333333327,2.028167719622647,2.676225315261604
2026-06-02 05:10:00+00:00,-0.0019166666666659005,0.00032556475295370175,2.022666666666667,2.0249088980862866,2.676550880014558
2026-06-02 05:12:00+00:00,-0.003249999999999975,0.00041025439494594084,2.019416666666667,2.023076921061613,2.6769611344095035
2026-06-02 05:14:00+00:00,0.0027083333333330906,0.00021667880262245148,2.022125,2.0196333454692894,2.677177813212126
2026-06-02 05:16:00+00:00,-0.0038333333333335773,0.00010367299884090593,2.0182916666666664,2.022228672998841,2.677281486210967
2026-06-02 05:18:00+00:00,-0.0003749999999995701,0.000425813196537335,2.017916666666667,2.0187174798632035,2.6777072994075044
2026-06-02 05:20:00+00:00,-0.00791666666666746,0.00011422422547667842,2.0099999999999993,2.0180308908921436,2.677821523632981
2026-06-02 05:22:00+00:00,-0.0004166666666658436,0.00032814662003264147,2.0095833333333335,2.010328146620032,2.6781496702530134
2026-06-02 05:24:00+00:00,0.000791666666666746,0.000260268705043284,2.0103750000000002,2.009843602038377,2.678409938958057
2026-06-02 05:26:00+00:00,-0.008333333333333748,0.00034018555128321196,2.0020416666666665,2.0107151855512835,2.67875012450934
2026-06-02 05:28:00+00:00,-0.00025000000000030553,0.000147436345073684,2.001791666666666,2.00218910301174,2.6788975608544137
2026-06-02 05:30:00+00:00,-0.005333333333332302,0.00021326950138121306,1.996458333333334,2.0020049361680474,2.6791108303557953
2026-06-02 05:32:00+00:00,-0.006719202898551213,-0.0009073918005450274,1.9897391304347827,1.9955509415327888,2.6782034385552502
2026-06-02 05:34:00+00:00,0.011719202898550662,-0.0007139472306394559,2.0014583333333333,1.9890251832041432,2.677489491324611
2026-06-02 05:36:00+00:00,-0.00179166666666708,0.00014773084665646545,1.9996666666666663,2.00160606417999,2.677637222171267
2026-06-02 05:38:00+00:00,0.005750000000000366,7.389375338485039e-05,2.0054166666666666,1.999740560420051,2.677711115924652
2026-06-02 05:40:00+00:00,0.015666666666666273,0.00016034777656505716,2.021083333333333,2.0055770144432317,2.677871463701217
2026-06-02 05:42:00+00:00,-0.013541666666666787,0.000386586843368853,2.007541666666666,2.0214699201767017,2.678258050544586
2026-06-02 05:44:00+00:00,-0.0017083333333332007,1.8376532767431068e-05,2.005833333333333,2.0075600431994336,2.6782764270773534
2026-06-02 05:46:00+00:00,-0.00970833333333343,0.0002539411132068324,1.9961249999999995,2.0060872744465397,2.67853036819056
2026-06-02 05:48:00+00:00,-0.02270833333333333,0.00017542499994546173,1.9734166666666662,1.996300424999945,2.6787057931905056
2026-06-02 05:50:00+00:00,-0.0020833333333323267,0.00019290487413912763,1.9713333333333338,1.9736095715408053,2.6788986980646445
2026-06-02 05:52:00+00:00,-0.009541666666667004,-0.0001238001285043059,1.9617916666666668,1.9712095332048296,2.6787748979361403
2026-06-02 05:54:00+00:00,-0.003458333333333563,0.0005529419838760507,1.9583333333333333,1.962344608650543,2.6793278399200164
2026-06-02 05:56:00+00:00,-0.0009166666666664547,0.0002153231520981533,1.9574166666666668,1.9585486564854313,2.6795431630721147
2026-06-02 05:58:00+00:00,-0.0005416666666666625,0.00021720597093611362,1.9568750000000001,1.957633872637603,2.6797603690430507
2026-06-02 06:00:00+00:00,0.0017083333333338668,-0.00016407925441548388,1.958583333333334,1.9567109207455846,2.679596289788635
2026-06-02 06:02:00+00:00,-0.010958333333334291,0.0007695505181326372,1.9476249999999997,1.9593528838514667,2.680365840306768
2026-06-02 06:04:00+00:00,0.008666666666667266,-0.0002701003482409681,1.956291666666667,1.9473548996517587,2.680095739958527
2026-06-02 06:06:00+00:00,-0.011958333333333515,0.00028902245157704626,1.9443333333333335,1.956580689118244,2.680384762410104
2026-06-02 06:08:00+00:00,-0.015124999999999833,0.0005042617106809497,1.9292083333333336,1.9448375950440144,2.680889024120785
2026-06-02 06:10:00+00:00,0.0076666666666669325,0.00048236169262471913,1.9368750000000006,1.9296906950259582,2.6813713858134096
2026-06-02 06:12:00+00:00,-0.0035000000000007248,0.00014891042506009713,1.9333749999999998,1.9370239104250606,2.6815202962384697
2026-06-02 06:14:00+00:00,-0.008157608695652296,0.00013543462772696533,1.9252173913043475,1.9335104346277268,2.6816557308661966
2026-06-02 06:16:00+00:00,-0.0010507246376809665,-0.00016905381584848055,1.9241666666666666,1.925048337488499,2.6814866770503483
2026-06-02 06:18:00+00:00,0.0025416666666666643,-0.00012854883552061434,1.9267083333333332,1.9240381178311459,2.6813581282148276
2026-06-02 06:20:00+00:00,0.00024999999999986144,0.00021325744882533408,1.926958333333333,1.9269215907821586,2.681571385663653
2026-06-02 06:22:00+00:00,-0.0063750000000000195,-0.00018935241604531606,1.920583333333333,1.9267689809172879,2.6813820332476075
2026-06-02 06:24:00+00:00,0.0025416666666673304,0.0003269356001788908,1.9231250000000004,1.920910268933512,2.6817089688477864
2026-06-02 06:26:00+00:00,-0.0032500000000010854,6.7929795429023295e-06,1.9198749999999993,1.9231317929795433,2.6817157618273293
2026-06-02 06:28:00+00:00,0.002666666666667039,0.0004039220868919714,1.9225416666666664,1.9202789220868912,2.6821196839142214
2026-06-02 06:30:00+00:00,-0.009291666666666476,0.00012167375305821016,1.91325,1.9226633404197246,2.6822413576672797
2026-06-02 06:32:00+00:00,-0.004749999999999588,3.868718552014553e-05,1.9085000000000003,1.9132886871855201,2.6822800448527997
2026-06-02 06:34:00+00:00,0.0023333333333324102,0.00025051923538554633,1.9108333333333327,1.9087505192353857,2.6825305640881854
2026-06-02 06:36:00+00:00,-0.0034166666666657353,5.265242961467429e-05,1.907416666666667,1.9108859857629474,2.6825832165178
2026-06-02 06:38:00+00:00,-0.0006666666666670373,6.632474419892756e-05,1.90675,1.907482991410866,2.682649541261999
2026-06-02 06:40:00+00:00,0.0016666666666667052,0.00024034425810286474,1.9084166666666667,1.9069903442581029,2.6828898855201015
2026-06-02 06:42:00+00:00,0.0009999999999996678,0.00010240590840110967,1.9094166666666663,1.9085190725750678,2.6829922914285027
2026-06-02 06:44:00+00:00,-0.0030833333333326607,0.00011742968131631191,1.9063333333333337,1.9095340963479825,2.683109721109819
2026-06-02 06:46:00+00:00,0.0012083333333332558,0.00022806479975888378,1.907541666666667,1.9065613981330924,2.683337785909578
2026-06-02 06:48:00+00:00,-0.005041666666667055,0.00011661482373406078,1.9024999999999999,1.907658281490401,2.683454400733312
2026-06-02 06:50:00+00:00,-0.00029166666666657903,0.0002641768772930774,1.9022083333333333,1.902764176877293,2.6837185776106054
2026-06-02 06:52:00+00:00,-0.0045833333333329404,0.0005085167869303896,1.8976250000000003,1.9027168501202636,2.6842270943975355
2026-06-02 06:54:00+00:00,0.07483333333333264,-7.549715271063321e-05,1.972458333333333,1.8975495028472897,2.684151597244825
2026-06-02 06:56:00+00:00,0.0112916666666667,2.977353441140503e-05,1.9837499999999997,1.9724881068677445,2.6841813707792364
2026-06-02 06:58:00+00:00,0.002554347826087433,-1.075816193769999e-05,1.9863043478260871,1.983739241838062,2.6841706126172986
2026-06-02 07:00:00+00:00,-0.00401268115942055,-2.8276814943330702e-05,1.9822916666666666,1.9862760710111438,2.6841423358023553
2026-06-02 07:02:00+00:00,-0.013374999999999693,0.0002942558809493562,1.9689166666666669,1.982585922547616,2.684436591683305
2026-06-02 07:04:00+00:00,-0.01016666666666688,0.00021577748105237307,1.95875,1.9691324441477192,2.684652369164357
2026-06-02 07:06:00+00:00,-0.0005416666666666625,-9.558352311916537e-05,1.9582083333333333,1.9586544164768809,2.684556785641238
2026-06-02 07:08:00+00:00,-0.0009166666666662326,5.673195776761637e-05,1.957291666666667,1.958265065291101,2.6846135175990056
2026-06-02 07:10:00+00:00,-0.001791666666667302,0.0002578665782541913,1.9554999999999998,1.9575495332449213,2.6848713841772596
2026-06-02 07:12:00+00:00,0.0004166666666671759,4.1418923511319205e-05,1.955916666666667,1.9555414189235112,2.684912803100771
2026-06-02 07:14:00+00:00,-0.00045833333333322734,0.00019842442070752055,1.9554583333333337,1.9561150910873746,2.6851112275214786
2026-06-02 07:16:00+00:00,0.0004583333333330053,0.00019496114497691112,1.9559166666666667,1.9556532944783107,2.6853061886664555
2026-06-02 07:18:00+00:00,-0.00041666666666695384,0.0002519241441816976,1.9554999999999998,1.9561685908108484,2.685558112810637
2026-06-02 07:20:00+00:00,-0.00216666666666665,0.0002454052835236887,1.9533333333333331,1.9557454052835235,2.685803518094161
2026-06-02 07:22:00+00:00,0.002333333333333521,0.0015709715311723708,1.9556666666666667,1.9549043048645056,2.6873744896253333
2026-06-02 07:24:00+00:00,-0.007624999999999993,0.0022707130561269084,1.9480416666666667,1.9579373797227935,2.68964520268146
2026-06-02 07:26:00+00:00,0.0022083333333338118,0.000561433271504859,1.9502500000000005,1.9486030999381716,2.690206635952965
2026-06-02 07:28:00+00:00,-4.1666666666939634e-05,0.00016814053997705482,1.9502083333333335,1.9504181405399776,2.690374776492942
2026-06-02 07:30:00+00:00,-0.002624999999999656,0.0003275707174712949,1.9475833333333339,1.9505359040508048,2.6907023472104132
2026-06-02 07:32:00+00:00,0.003374999999999684,0.0006152830431236945,1.9509583333333336,1.9481986163764575,2.691317630253537
2026-06-02 07:34:00+00:00,-0.005999999999999783,0.00031389211459701777,1.9449583333333338,1.9512722254479307,2.691631522368134
2026-06-02 07:36:00+00:00,0.004259057971014446,-7.54657112605142e-05,1.9492173913043482,1.9448828676220733,2.6915560566568737
2026-06-02 07:38:00+00:00,0.0031159420289852413,-9.148513009615188e-05,1.9523333333333335,1.949125906174252,2.6914645715267773
2026-06-02 07:40:00+00:00,-0.00916666666666699,0.00021937909916350614,1.9431666666666665,1.952552712432497,2.691683950625941
2026-06-02 07:42:00+00:00,0.003458333333333785,0.00028484440688039794,1.9466250000000003,1.9434515110735469,2.6919687950328215
2026-06-02 07:44:00+00:00,-0.0033333333333334103,0.0004941747694586014,1.9432916666666669,1.947119174769459,2.69246296980228
2026-06-02 07:46:00+00:00,-0.0017083333333332007,0.0001352360225670469,1.9415833333333337,1.943426902689234,2.692598205824847
2026-06-02 07:48:00+00:00,-0.0041250000000008225,8.053942789167266e-05,1.9374583333333328,1.9416638727612254,2.6926787452527385
2026-06-02 07:50:00+00:00,0.0032083333333341457,0.0005070605237657106,1.940666666666667,1.9379653938570987,2.6931858057765043
2026-06-02 07:52:00+00:00,0.00137499999999946,-0.00014087022398596495,1.9420416666666664,1.940525796442681,2.6930449355525186
2026-06-02 07:54:00+00:00,-0.005166666666666542,0.00023181104854056432,1.936875,1.942273477715207,2.693276746601059
2026-06-02 07:56:00+00:00,0.0019166666666670107,0.0002934284467870575,1.938791666666667,1.937168428446787,2.693570175047846
2026-06-02 07:58:00+00:00,-0.0009583333333338384,0.00027135967657276617,1.937833333333333,1.9390630263432396,2.693841534724419
2026-06-02 08:00:00+00:00,0.0005416666666666625,8.0188331698677e-05,1.9383749999999997,1.9379135216650318,2.6939217230561177
2026-06-02 08:02:00+00:00,-0.011416666666667075,0.0003295562450463106,1.9269583333333327,1.938704556245046,2.694251279301164
2026-06-02 08:04:00+00:00,-0.014041666666666064,0.00013346167673199718,1.9129166666666666,1.9270917950100646,2.694384740977896
2026-06-02 08:06:00+00:00,0.007583333333333275,0.00037971217030033057,1.9204999999999999,1.913296378836967,2.694764453148196
2026-06-02 08:08:00+00:00,-0.000791666666666524,6.394200630407496e-05,1.9197083333333333,1.9205639420063039,2.6948283951545
2026-06-02 08:10:00+00:00,-0.001083333333333547,0.00016673877532591544,1.9186249999999998,1.9198750721086593,2.694995133929826
2026-06-02 08:12:00+00:00,0.002083333333333881,0.00019350802595724404,1.9207083333333337,1.918818508025957,2.695188641955783
2026-06-02 08:14:00+00:00,-0.0010833333333337691,0.0005375823114687436,1.919625,1.9212459156448025,2.695726224267252
2026-06-02 08:16:00+00:00,0.00045833333333322734,0.00028409924451257735,1.9200833333333331,1.9199090992445125,2.6960103235117647
2026-06-02 08:18:00+00:00,-0.00033333333333351867,1.4767055317252955e-05,1.9197499999999996,1.9200981003886504,2.696025090567082
2026-06-02 08:20:00+00:00,0.0004673913043482525,0.0001423706034353422,1.9202173913043479,1.919892370603435,2.6961674611705173
2026-06-02 08:22:00+00:00,-0.0009257246376814798,0.0002721037908922495,1.9192916666666664,1.92048949509524,2.6964395649614095
2026-06-02 08:24:00+00:00,0.048124999999999744,0.0003097622801238853,1.9674166666666661,1.9196014289467902,2.6967493272415335
2026-06-02 08:26:00+00:00,0.13587500000000063,9.146637985636736e-05,2.103291666666667,1.9675081330465225,2.69684079362139
2026-06-02 08:28:00+00:00,-0.0047083333333337585,0.0002926843324675741,2.098583333333333,2.1035843509991343,2.6971334779538574
2026-06-02 08:30:00+00:00,-0.001374999999999904,0.00033868422204002906,2.097208333333333,2.098922017555373,2.6974721621758975
2026-06-02 08:32:00+00:00,-0.0019166666666663446,-8.621344695953051e-05,2.0952916666666668,2.0971221198863734,2.6973859487289378
2026-06-02 08:34:00+00:00,-0.0022916666666663588,0.00012481842209428022,2.0930000000000004,2.095416485088761,2.697510767151032
2026-06-02 08:36:00+00:00,0.0017083333333332007,0.0003361736222480258,2.0947083333333336,2.0933361736222484,2.69784694077328
2026-06-02 08:38:00+00:00,-0.0028333333333341315,0.00032567479802911835,2.0918749999999995,2.0950340081313628,2.698172615571309
2026-06-02 08:40:00+00:00,8.333333333343518e-05,0.00019683557942817303,2.091958333333333,2.0920718355794277,2.6983694511507372
2026-06-02 08:42:00+00:00,-0.0014583333333328954,0.0003465341040864096,2.0905,2.092304867437419,2.698715985254824
2026-06-02 08:44:00+00:00,0.004624999999999879,0.00020970508898605415,2.095125,2.0907097050889862,2.6989256903438097
2026-06-02 08:46:00+00:00,-0.00620833333333337,0.0002472136909297007,2.0889166666666665,2.0953722136909296,2.6991729040347394
2026-06-02 08:48:00+00:00,0.0009583333333340606,0.0002508168811133397,2.0898750000000006,2.08916748354778,2.6994237209158527
2026-06-02 08:50:00+00:00,-0.005708333333333648,6.135070679009954e-05,2.084166666666667,2.0899363507067905,2.699485071622643
2026-06-02 08:52:00+00:00,-0.0013750000000003482,7.177774379184073e-05,2.0827916666666666,2.0842384444104587,2.699556849366435
2026-06-02 08:54:00+00:00,7.789855072504182e-05,0.0013458077783384005,2.0828695652173916,2.084137474445005,2.7009026571447734
2026-06-02 08:56:00+00:00,0.0030887681159419422,0.002133567022780275,2.0859583333333336,2.085003132240172,2.7030362241675534
2026-06-02 08:58:00+00:00,-0.009958333333333513,0.00014431368505269727,2.076,2.0861026470183863,2.703180537852606
2026-06-02 09:00:00+00:00,-0.0027083333333335347,0.000204245805197056,2.0732916666666665,2.0762042458051972,2.7033847836578033
2026-06-02 09:02:00+00:00,-0.0011249999999995988,-8.861504972445454e-05,2.072166666666667,2.073203051616942,2.703296168608079
2026-06-02 09:04:00+00:00,0.001083333333333325,-1.995478712099632e-05,2.0732500000000003,2.072146711879546,2.703276213820958
2026-06-02 09:06:00+00:00,-0.0009166666666673429,0.00012094955165713554,2.072333333333333,2.0733709495516575,2.703397163372615
2026-06-02 09:08:00+00:00,-0.0014166666666661776,-0.0008178606992586289,2.0709166666666667,2.0715154726340743,2.702579302673356
2026-06-02 09:10:00+00:00,-0.0007083333333333108,-0.0004605343829218887,2.0702083333333334,2.070456132283745,2.7021187682904344
2026-06-02 09:12:00+00:00,-0.0021249999999999325,0.0010667178118599929,2.0680833333333335,2.0712750511451934,2.7031854861022944
2026-06-02 09:14:00+00:00,0.0011666666666672043,0.00030587297274416327,2.0692500000000007,2.068389206306078,2.7034913590750387
2026-06-02 09:16:00+00:00,-0.005041666666667944,0.000263160270405896,2.0642083333333328,2.0695131602704064,2.7037545193454444
2026-06-02 09:18:00+00:00,-0.02666666666666595,0.0002577685857346537,2.037541666666667,2.0644661019190673,2.704012287931179
2026-06-02 09:20:00+00:00,-0.024583333333333623,0.00011844104796180686,2.012958333333333,2.0376601077146286,2.704130728979141
2026-06-02 09:22:00+00:00,-0.0037916666666664156,0.00013599376151491514,2.0091666666666668,2.0130943270948483,2.704266722740656
2026-06-02 09:24:00+00:00,-0.0016666666666669272,0.00022488711720018877,2.0075,2.009391553783867,2.704491609857856
2026-06-02 09:26:00+00:00,-0.003760869565216929,0.0002784565522645516,2.003739130434783,2.0077784565522645,2.704770066410121
2026-06-02 09:28:00+00:00,-0.013739130434782698,7.77474271211042e-05,1.9900000000000002,2.003816877861904,2.7048478138372416
2026-06-02 09:30:00+00:00,-0.0055000000000005045,0.00025109199380188106,1.9844999999999997,1.9902510919938021,2.7050989058310435
2026-06-02 09:32:00+00:00,-0.014291666666666147,0.00030675123725082106,1.9702083333333336,1.9848067512372505,2.7054056570682943
2026-06-02 09:34:00+00:00,-0.04320833333333374,0.00018223941023458938,1.9269999999999998,1.9703905727435682,2.705587896478529
2026-06-02 09:36:00+00:00,-0.02674999999999983,0.00018043624307026391,1.90025,1.92718043624307,2.705768332721599
2026-06-02 09:38:00+00:00,-0.009333333333333638,0.0003174612432096945,1.8909166666666664,1.9005674612432097,2.706085793964809
2026-06-02 09:40:00+00:00,-0.009416666666666407,0.00022344552671223195,1.8815,1.8911401121933786,2.7063092394915214
2026-06-02 09:42:00+00:00,-0.014666666666666828,0.00024817317918249927,1.8668333333333331,1.8817481731791825,2.706557412670704
2026-06-02 09:44:00+00:00,-0.019208333333333046,0.000250796968194931,1.847625,1.867084130301528,2.706808209638899
2026-06-02 09:46:00+00:00,-0.006499999999999506,5.0884896093817044e-05,1.8411250000000006,1.847675884896094,2.7068590945349924
2026-06-02 09:48:00+00:00,-0.0055000000000005045,-0.00028595363503938835,1.835625,1.840839046364961,2.706573140899953
2026-06-02 09:50:00+00:00,-0.004208333333333147,-0.00024331747298125456,1.831416666666667,1.8353816825270188,2.7063298234269717
2026-06-02 09:52:00+00:00,-0.0069583333333334005,-3.17317062872417e-05,1.8244583333333335,1.8313849349603797,2.7062980917206847
2026-06-02 09:54:00+00:00,-0.007791666666666419,0.00012004508594204522,1.816666666666667,1.8245783784192755,2.7064181368066267
2026-06-02 09:56:00+00:00,-0.001291666666666913,0.00018209792370905381,1.8153750000000002,1.8168487645903761,2.7066002347303355
2026-06-02 09:58:00+00:00,-0.00279166666666697,-3.717474532701169e-05,1.8125833333333332,1.8153378252546732,2.7065630599850086
2026-06-02 10:00:00+00:00,-0.0021249999999994884,6.274195615938596e-06,1.8104583333333337,1.8125896075289492,2.7065693341806245
2026-06-02 10:02:00+00:00,-0.007041666666667501,-0.00019812720074936424,1.8034166666666662,1.8102602061325843,2.7063712069798753
2026-06-02 10:04:00+00:00,-0.002374999999999572,-0.0006423477123800997,1.8010416666666667,1.8027743189542862,2.705728859267495
2026-06-02 10:06:00+00:00,-0.0060833333333332185,-0.0002693829591540859,1.7949583333333334,1.8007722837075126,2.705459476308341
2026-06-02 10:08:00+00:00,-0.0045000000000001705,0.00013734207570085218,1.7904583333333333,1.7950956754090344,2.705596818384042
2026-06-02 10:10:00+00:00,-0.00033333333333351867,-0.00017303482745771638,1.7901249999999997,1.7902852985058755,2.705423783556584
2026-06-02 10:12:00+00:00,-0.0033333333333331883,-7.123421609866354e-05,1.7867916666666666,1.790053765783901,2.7053525493404855
2026-06-02 10:14:00+00:00,-0.0006177536231879444,-0.00024328183933778634,1.7861739130434786,1.7865483848273287,2.7051092675011477
2026-06-02 10:16:00+00:00,-0.001423913043478775,2.855046200177538e-05,1.7847499999999998,1.7862024635054803,2.7051378179631493
2026-06-02 10:18:00+00:00,-0.004958333333333399,0.00012914319355815062,1.7797916666666664,1.784879143193558,2.705266961156708
2026-06-02 10:20:00+00:00,0.002333333333333521,8.076842645337281e-05,1.782125,1.7798724350931199,2.705347729583161
2026-06-02 10:22:00+00:00,-0.010333333333333528,3.10479611895624e-05,1.7717916666666664,1.7821560479611895,2.7053787775443507
2026-06-02 10:24:00+00:00,-0.00195833333333284,-9.2175308818683e-06,1.7698333333333336,1.7717824491357845,2.7053695600134686
2026-06-02 10:26:00+00:00,0.001458333333333117,0.00017540246690620978,1.7712916666666667,1.7700087358002399,2.705544962480375
2026-06-02 10:28:00+00:00,0.0013333333333331865,7.356623827944398e-05,1.772625,1.771365232904946,2.7056185287186545
2026-06-02 10:30:00+00:00,8.333333333343518e-05,0.0002147336249084218,1.7727083333333333,1.7728397336249082,2.705833262343563
2026-06-02 10:32:00+00:00,-0.004125000000000156,0.00013596284408896476,1.7685833333333332,1.7728442961774222,2.7059692251876517
2026-06-02 10:34:00+00:00,-0.004916666666666458,7.35080715967238e-05,1.7636666666666667,1.76865684140493,2.7060427332592485
2026-06-02 10:36:00+00:00,0.003958333333333064,0.00010600700248807408,1.7676249999999998,1.7637726736691548,2.7061487402617366
2026-06-02 10:38:00+00:00,-0.004208333333332925,0.00017753576929678487,1.7634166666666669,1.7678025357692966,2.7063262760310334
2026-06-02 10:40:00+00:00,0.005583333333333496,0.00019559731031765253,1.7690000000000003,1.7636122639769845,2.706521873341351
2026-06-02 10:42:00+00:00,-0.0014166666666670658,0.00015621008172939492,1.7675833333333333,1.7691562100817297,2.7066780834230806
2026-06-02 10:44:00+00:00,0.0008333333333334636,0.0001588490674427175,1.7684166666666667,1.767742182400776,2.706836932490523
2026-06-02 10:46:00+00:00,-0.0025416666666666643,0.00012385369359979513,1.765875,1.7685405203602664,2.706960786184123
2026-06-02 10:48:00+00:00,0.0007916666666671901,0.00022652207260637748,1.7666666666666673,1.7661015220726064,2.7071873082567293
2026-06-02 10:50:00+00:00,-0.0005416666666673287,0.0002322606612772662,1.766125,1.7668989273279445,2.7074195689180067
2026-06-02 10:52:00+00:00,-0.001500000000000279,5.900831875623299e-05,1.7646249999999997,1.766184008318756,2.707478577236763
2026-06-02 10:54:00+00:00,0.004625000000000767,0.0003001155192032031,1.7692500000000004,1.764925115519203,2.707778692755966
2026-06-02 10:56:00+00:00,-0.0030760869565218396,0.00015781831190298247,1.7661739130434786,1.7694078183119035,2.707936511067869
2026-06-02 10:58:00+00:00,0.0009094202898543013,0.000280400681930244,1.767083333333333,1.7664543137254087,2.7082169117497994
2026-06-02 11:00:00+00:00,0.0002083333333333659,0.00016493560816158997,1.7672916666666663,1.7672482689414946,2.708381847357961
2026-06-02 11:02:00+00:00,-0.0013333333333327424,0.00021762257015019054,1.7659583333333335,1.7675092892368165,2.708599469928111
2026-06-02 11:04:00+00:00,0.003875000000000073,0.00024287791495828862,1.7698333333333336,1.7662012112482919,2.7088423478430697
2026-06-02 11:06:00+00:00,0.0002083333333329218,0.0003149716043844373,1.7700416666666665,1.770148304937718,2.7091573194474536
2026-06-02 11:08:00+00:00,0.0022500000000003073,0.0003101904078696725,1.7722916666666668,1.7703518570745362,2.7094675098553234
2026-06-02 11:10:00+00:00,-0.004750000000000254,0.00017735131278941998,1.7675416666666666,1.7724690179794562,2.7096448611681128
2026-06-02 11:12:00+00:00,0.0004166666666667318,9.520896046886734e-05,1.7679583333333333,1.7676368756271355,2.7097400701285816
2026-06-02 11:14:00+00:00,-0.0024166666666660674,0.00021970451817223793,1.7655416666666672,1.7681780378515055,2.709959774646754
2026-06-02 11:16:00+00:00,0.0009583333333325061,0.0003096957290544667,1.7664999999999997,1.7658513623957217,2.7102694703758083
2026-06-02 11:18:00+00:00,-0.0006249999999996536,0.00016291601901561196,1.765875,1.7666629160190153,2.710432386394824
2026-06-02 11:20:00+00:00,-0.0047916666666667496,0.0002972370544448074,1.7610833333333333,1.7661722370544448,2.710729623449269
2026-06-02 11:22:00+00:00,0.006041666666667389,0.00030677010212089246,1.7671250000000007,1.7613901034354542,2.7110363935513897
2026-06-02 11:24:00+00:00,-0.003083333333333993,0.00020437943136006182,1.7640416666666667,1.7673293794313607,2.71124077298275
2026-06-02 11:26:00+00:00,0.0010416666666666075,0.0003393722657734668,1.7650833333333333,1.7643810389324401,2.711580145248523
2026-06-02 11:28:00+00:00,0.0022500000000000853,0.00017618326291749862,1.7673333333333334,1.7652595165962508,2.711756328511441
2026-06-02 11:30:00+00:00,-0.005166666666666986,0.00021033077384342253,1.7621666666666664,1.767543664107177,2.7119666592852845
2026-06-02 11:32:00+00:00,2.220446049250313e-16,0.0002923515771204812,1.7621666666666667,1.762459018243787,2.7122590108624047
2026-06-02 11:34:00+00:00,-0.0037916666666668597,0.0005250911473606279,1.7583749999999998,1.7626917578140273,2.712784102009765
2026-06-02 11:36:00+00:00,-0.0024999999999999467,2.8157967899456355e-05,1.7558749999999999,1.7584031579678994,2.7128122599776647
2026-06-02 11:38:00+00:00,-0.0016249999999993214,0.0003259174212192034,1.7542500000000005,1.756200917421219,2.713138177398884
2026-06-02 11:40:00+00:00,0.007489130434782609,0.0001982195272575783,1.7617391304347831,1.7544482195272582,2.7133363969261417
2026-06-02 11:42:00+00:00,-0.003947463768116943,0.00020465244795192858,1.7577916666666662,1.7619437828827351,2.7135410493740935
2026-06-02 11:44:00+00:00,0.0006250000000007637,0.0002554162412415828,1.758416666666667,1.7580470829079078,2.713796465615335
2026-06-02 11:46:00+00:00,-0.017583333333333503,0.00025546969170678514,1.7408333333333335,1.7586721363583737,2.714051935307042
2026-06-02 11:48:00+00:00,-0.003666666666666707,0.00017260522589395482,1.7371666666666667,1.7410059385592274,2.714224540532936
2026-06-02 11:50:00+00:00,0.006833333333333247,0.00016133661017130017,1.744,1.7373280032768381,2.714385877143107
2026-06-02 11:52:00+00:00,-0.003583333333333494,0.0003524629135305183,1.7404166666666665,1.7443524629135305,2.7147383400566376
2026-06-02 11:54:00+00:00,0.0014166666666668437,9.59064366373408e-05,1.7418333333333333,1.7405125731033038,2.714834246493275
2026-06-02 11:56:00+00:00,-0.0018333333333333535,0.00039751431935771634,1.74,1.742230847652691,2.7152317608126326
2026-06-02 11:58:00+00:00,0.005208333333333037,0.00020794751192440127,1.745208333333333,1.7402079475119243,2.715439708324557
2026-06-02 12:00:00+00:00,-0.009499999999999842,0.0003965123851472571,1.7357083333333332,1.7456048457184803,2.715836220709704
2026-06-02 12:02:00+00:00,0.004125000000000156,0.00022322596058556751,1.7398333333333333,1.7359315592939188,2.7160594466702896
2026-06-02 12:04:00+00:00,-0.0034166666666666234,-3.7231377294417628e-06,1.7364166666666667,1.739829610195604,2.7160557235325604
2026-06-02 12:06:00+00:00,0.00024999999999986144,0.00032683708363518457,1.7366666666666666,1.7367435037503018,2.7163825606161955
2026-06-02 12:08:00+00:00,-0.0035000000000000586,0.0003322099034363554,1.7331666666666665,1.736998876570103,2.7167147705196317
2026-06-02 12:10:00+00:00,-0.00016666666666642624,7.197582492759053e-05,1.733,1.7332386424915942,2.7167867463445594
2026-06-02 12:12:00+00:00,-0.005458333333333121,0.00038837009761476975,1.727541666666667,1.733388370097615,2.7171751164421742
2026-06-02 12:14:00+00:00,0.00137499999999946,0.00020588600084493124,1.7289166666666664,1.727747552667512,2.717381002443019
2026-06-02 12:16:00+00:00,-0.005708333333333204,0.0004190124108765922,1.7232083333333332,1.729335679077543,2.717800014853896
2026-06-02 12:18:00+00:00,0.005208333333333703,0.0003015403409177631,1.728416666666667,1.723509873674251,2.7181015551948136
2026-06-02 12:20:00+00:00,-0.004000000000000448,1.7580016031082712e-05,1.7244166666666665,1.728434246682698,2.718119135210845
2026-06-02 12:22:00+00:00,-0.008916666666666684,0.00022534825846860096,1.7154999999999998,1.7246420149251351,2.718344483469313
2026-06-02 12:24:00+00:00,0.0034166666666668455,0.00020911503777215398,1.7189166666666666,1.715709115037772,2.7185535985070857
2026-06-02 12:26:00+00:00,-0.0019583333333335062,0.0004371724684411661,1.7169583333333331,1.7193538391351078,2.7189907709755268
2026-06-02 12:28:00+00:00,0.004833333333333911,9.462624559332828e-05,1.721791666666667,1.7170529595789266,2.7190853972211197
2026-06-02 12:30:00+00:00,-0.0047916666666667496,0.0001568504392634855,1.7170000000000003,1.7219485171059306,2.7192422476603832
2026-06-02 12:32:00+00:00,-0.0017083333333338668,0.0002369464853933366,1.7152916666666664,1.7172369464853936,2.7194791941457765
2026-06-02 12:34:00+00:00,0.0034166666666670675,0.00038123079234107896,1.7187083333333335,1.7156728974590074,2.7198604249381177
2026-06-02 12:36:00+00:00,-0.00020833333333358794,0.0004925041804089445,1.7185,1.7192008375137424,2.7203529291185267
2026-06-02 12:38:00+00:00,-0.005208333333333037,0.0001031489746722557,1.7132916666666669,1.7186031489746723,2.720456078093199
2026-06-02 12:40:00+00:00,0.013186594202898139,0.00022689622586279375,1.726478260869565,1.7135185628925296,2.720682974319062
2026-06-02 12:42:00+00:00,-0.011603260869564647,0.0002824574767921961,1.7148750000000004,1.7267607183463571,2.720965431795854
2026-06-02 12:44:00+00:00,0.0020416666666667194,0.00032725001468008095,1.716916666666667,1.7152022500146804,2.7212926818105343
2026-06-02 12:46:00+00:00,0.006916666666666238,0.0006633984182649904,1.7238333333333333,1.717580065084932,2.721956080228799
2026-06-02 12:48:00+00:00,-0.01020833333333293,4.289090740105771e-05,1.7136250000000004,1.7238762242407344,2.7219989711362
2026-06-02 12:50:00+00:00,0.007416666666666849,0.0004984204132730056,1.7210416666666672,1.7141234204132734,2.7224973915494735
2026-06-02 12:52:00+00:00,-0.009125000000000938,0.0007802458514147884,1.7119166666666663,1.721821912518082,2.723277637400888
2026-06-02 12:54:00+00:00,0.0024166666666671777,9.070287664264397e-05,1.7143333333333335,1.712007369543309,2.723368340277531
2026-06-02 12:56:00+00:00,0.00045833333333344933,0.0005281425400946783,1.714791666666667,1.7148614758734282,2.7238964828176253
2026-06-02 12:58:00+00:00,0.005958333333333066,0.000417616410491308,1.72075,1.7152092830771581,2.7243140992281165
2026-06-02 13:00:00+00:00,0.0016666666666664831,0.00010333552727629519,1.7224166666666665,1.7208533355272764,2.724417434755393
2026-06-02 13:02:00+00:00,-0.0019166666666670107,0.0004657228772217369,1.7204999999999995,1.7228823895438883,2.7248831576326147
2026-06-02 13:04:00+00:00,-0.0019999999999991136,0.000386511907912736,1.7185000000000004,1.7208865119079122,2.7252696695405274
2026-06-02 13:06:00+00:00,0.001791666666666192,0.00020394187117923887,1.7202916666666666,1.7187039418711796,2.7254736114117066
2026-06-02 13:08:00+00:00,-0.0027916666666663037,0.00013829107528240013,1.7175000000000002,1.7204299577419488,2.725611902486989
2026-06-02 13:10:00+00:00,-0.0008043478260868486,0.0004431327193353939,1.7166956521739134,1.7179431327193357,2.7260550352063246
2026-06-02 13:12:00+00:00,0.0015960144927531508,0.0002460666020245253,1.7182916666666666,1.716941718775938,2.726301101808349
2026-06-02 13:14:00+00:00,-0.0057916666666668615,0.00032841963662450825,1.7124999999999997,1.718620086303291,2.7266295214449734
2026-06-02 13:16:00+00:00,0.006208333333333815,-3.215302171883649e-05,1.7187083333333335,1.7124678469782808,2.7265973684232545
2026-06-02 13:18:00+00:00,-0.004083333333333439,0.00033960126433516696,1.714625,1.7190479345976686,2.72693696968759
2026-06-02 13:20:00+00:00,0.0003333333333332966,0.0002522076412569374,1.7149583333333334,1.714877207641257,2.727189177328847
2026-06-02 13:22:00+00:00,0.003666666666666263,0.00030885519428795174,1.7186249999999996,1.7152671885276214,2.7274980325231346
2026-06-02 13:24:00+00:00,0.0013750000000001261,0.00016814368412206671,1.7199999999999998,1.7187931436841217,2.727666176207257
2026-06-02 13:26:00+00:00,-0.0022499999999998632,0.00028876987192775686,1.7177499999999999,1.7202887698719276,2.7279549460791848
2026-06-02 13:28:00+00:00,-0.0021250000000003766,7.587924206744736e-06,1.7156249999999995,1.7177575879242066,2.7279625340033915
2026-06-02 13:30:00+00:00,0.0039166666666670125,0.00031875401083375466,1.7195416666666665,1.7159437540108333,2.728281288014225
2026-06-02 13:32:00+00:00,-0.0007083333333333108,-8.794119353598911e-06,1.7188333333333332,1.719532872547313,2.7282724938948713
2026-06-02 13:34:00+00:00,-0.0012083333333332558,0.0002119673013221172,1.717625,1.7190453006346553,2.7284844611961936
2026-06-02 13:36:00+00:00,-0.0006666666666665932,0.00028985250586018827,1.7169583333333334,1.71791485250586,2.7287743137020537
2026-06-02 13:38:00+00:00,-0.0008749999999999591,0.00029129566842065103,1.7160833333333334,1.717249629001754,2.7290656093704744
2026-06-02 13:40:00+00:00,0.0028297101449277218,0.00016525631095280392,1.7189130434782611,1.7162485896442863,2.7292308656814273
2026-06-02 13:42:00+00:00,-0.00557971014492753,0.0002937334288532119,1.7133333333333336,1.7192067769071144,2.7295245991102806
2026-06-02 13:44:00+00:00,0.003291666666666693,0.0006161560673886658,1.7166250000000003,1.7139494894007223,2.7301407551776693
2026-06-02 13:46:00+00:00,-0.0076666666666667105,0.0001856308946540937,1.7089583333333336,1.7168106308946545,2.7303263860723233
2026-06-02 13:48:00+00:00,0.011374999999999691,0.00036031384362523615,1.7203333333333333,1.7093186471769588,2.7306866999159487
2026-06-02 13:50:00+00:00,-0.008041666666666059,8.668727943827722e-05,1.7122916666666672,1.7204200206127716,2.730773387195387
2026-06-02 13:52:00+00:00,0.000583333333332936,0.0001621661404302735,1.7128750000000001,1.7124538328070975,2.730935553335817
2026-06-02 13:54:00+00:00,-0.0022083333333335897,2.8353428914362893e-05,1.7106666666666666,1.7129033534289144,2.7309639067647313
2026-06-02 13:56:00+00:00,0.00012499999999993072,0.000630318344570607,1.7107916666666665,1.7112969850112372,2.731594225109302
2026-06-02 13:58:00+00:00,0.0003333333333332966,3.3711052014642894e-05,1.7111249999999998,1.710825377718681,2.731627936161317
2026-06-02 14:00:00+00:00,0.0011666666666667604,0.00022338054771531933,1.7122916666666665,1.7113483805477152,2.731851316709032
2026-06-02 14:02:00+00:00,-0.004958333333332955,6.327230341653995e-05,1.7073333333333336,1.7123549389700832,2.7319145890124483
2026-06-02 14:04:00+00:00,0.000791666666666524,0.00032247510645534,1.7081250000000001,1.707655808439789,2.732237064118904
2026-06-02 14:06:00+00:00,0.005124999999999602,0.0003269335040822162,1.7132499999999997,1.7084519335040824,2.732563997622986
2026-06-02 14:08:00+00:00,-0.005291666666666028,0.00048000410788996174,1.7079583333333337,1.7137300041078898,2.733044001730876
2026-06-02 14:10:00+00:00,0.005737318840578931,5.988602444024218e-06,1.7136956521739126,1.7079643219357776,2.73304999033332
2026-06-02 14:12:00+00:00,0.00067934782608714,0.0005943053076042883,1.7143749999999998,1.714289957481517,2.733644295640924
2026-06-02 14:14:00+00:00,-0.00749999999999984,5.451952772757508e-05,1.706875,1.7144295195277273,2.733698815168652
2026-06-02 14:16:00+00:00,0.005333333333332968,0.0002452307834755282,1.7122083333333329,1.7071202307834754,2.7339440459521276
2026-06-02 14:18:00+00:00,-0.004583333333332496,0.0006670189012461949,1.7076250000000004,1.712875352234579,2.7346110648533735
2026-06-02 14:20:00+00:00,0.002374999999999572,-5.100583923436599e-05,1.71,1.707573994160766,2.7345600590141395
2026-06-02 14:22:00+00:00,-0.0034166666666664014,0.00029042002403483646,1.7065833333333336,1.7102904200240348,2.7348504790381742
2026-06-02 14:24:00+00:00,0.0019166666666661225,0.0005379664211843643,1.7084999999999997,1.707121299754518,2.7353884454593587
2026-06-02 14:26:00+00:00,-0.0012499999999995293,-8.924754689601538e-05,1.7072500000000002,1.7084107524531036,2.7352991979124623
2026-06-02 14:28:00+00:00,-0.022874999999999757,0.0006595594172054588,1.6843750000000004,1.7079095594172056,2.735958757329668
2026-06-02 14:30:00+00:00,-0.026541666666666908,0.0006987050706519686,1.6578333333333335,1.6850737050706524,2.73665746240032
2026-06-02 14:32:00+00:00,0.005708333333332982,8.795279780556754e-05,1.6635416666666665,1.657921286131139,2.7367454151981256
2026-06-02 14:34:00+00:00,-0.002166666666666872,0.0004926419987652995,1.6613749999999996,1.6640343086654317,2.737238057196891
2026-06-02 14:36:00+00:00,4.166666666716168e-05,-3.868969919857952e-05,1.6614166666666668,1.661336310300801,2.737199367497692
2026-06-02 14:38:00+00:00,0.00412499999999949,0.0004088332414005614,1.6655416666666663,1.6618254999080673,2.7376082007390927
2026-06-02 14:40:00+00:00,-0.0033242753623183847,0.00030483278476939253,1.6622173913043479,1.6658464994514357,2.737913033523862
2026-06-02 14:42:00+00:00,0.009157608695652186,0.000570191811459679,1.671375,1.6627875831158077,2.738483225335322
2026-06-02 14:44:00+00:00,-0.004958333333333176,0.0004678598477814925,1.6664166666666669,1.6718428598477815,2.7389510851831034
2026-06-02 14:46:00+00:00,0.0027083333333330906,-5.3014947896970996e-05,1.669125,1.6663636517187699,2.7388980702352064
2026-06-02 14:48:00+00:00,-0.00216666666666665,0.0003403066008661702,1.6669583333333333,1.6694653066008662,2.7392383768360724
2026-06-02 14:50:00+00:00,0.002291666666666581,0.00025250947917807996,1.66925,1.6672108428125114,2.7394908863152505
2026-06-02 14:52:00+00:00,0.0015416666666669965,-3.527676714535225e-06,1.670791666666667,1.6692464723232854,2.739487358638536
2026-06-02 14:54:00+00:00,-0.0036250000000004334,0.00021688788826574291,1.6671666666666665,1.6710085545549327,2.739704246526802
2026-06-02 14:56:00+00:00,0.005083333333333551,0.000613162317313167,1.67225,1.6677798289839796,2.740317408844115
2026-06-02 14:58:00+00:00,0.0022499999999998632,0.0022739777266975996,1.6744999999999999,1.6745239777266976,2.7425913865708127
2026-06-02 15:00:00+00:00,-0.004041666666667165,0.0023528412679827853,1.6704583333333327,1.6768528412679826,2.744944227838795
2026-06-02 15:02:00+00:00,0.002166666666667094,-0.000693989246152243,1.6726249999999998,1.6697643440871806,2.744250238592643
2026-06-02 15:04:00+00:00,-0.0057499999999997,-0.00023788701052153215,1.666875,1.6723871129894783,2.7440123515821218
2026-06-02 15:06:00+00:00,-0.0007083333333335329,-0.0002668115725585192,1.6661666666666666,1.6666081884274415,2.743745540009563
2026-06-02 15:08:00+00:00,0.0017499999999999183,-3.2056601271804846e-05,1.6679166666666665,1.6661346100653949,2.7437134834082912
2026-06-02 15:10:00+00:00,-0.002916666666666456,0.00044660385542853303,1.665,1.668363270522095,2.7441600872637197
2026-06-02 15:12:00+00:00,-0.00137499999999946,1.8697759582813664e-05,1.6636250000000006,1.6650186977595829,2.7441787850233026
2026-06-02 15:14:00+00:00,0.005999999999999339,-0.0001652331556348517,1.669625,1.6634597668443658,2.744013551867668
2026-06-02 15:16:00+00:00,-0.003958333333333286,-0.0005929290891313706,1.6656666666666666,1.6690320709108686,2.7434206227785363
2026-06-02 15:18:00+00:00,0.002749999999999808,0.0009452715426061204,1.6684166666666664,1.6666119382092728,2.7443658943211426
2026-06-02 15:20:00+00:00,-0.0017916666666666357,0.0003382524261250613,1.6666249999999998,1.6687549190927915,2.7447041467472677
2026-06-02 15:22:00+00:00,0.0039999999999997815,-0.0002969696711127536,1.6706249999999996,1.666328030328887,2.744407177076155
2026-06-02 15:24:00+00:00,-0.008124999999999716,0.0001471418434909026,1.6624999999999999,1.6707721418434904,2.7445543189196457
2026-06-02 15:26:00+00:00,-0.0005833333333333802,0.00024658119375813985,1.6619166666666665,1.662746581193758,2.744800900113404
2026-06-02 15:28:00+00:00,0.010125000000000162,-0.00011415284355945509,1.6720416666666666,1.661802513823107,2.7446867472698444
2026-06-02 15:30:00+00:00,0.001583333333333048,0.0003560409505540621,1.6736249999999997,1.6723977076172207,2.7450427882203985
2026-06-02 15:32:00+00:00,-0.005124999999999824,0.0007383207737777578,1.6684999999999999,1.6743633207737774,2.7457811089941764
2026-06-02 15:34:00+00:00,-0.0036249999999997673,0.0005848435272151396,1.664875,1.669084843527215,2.7463659525213915
2026-06-02 15:36:00+00:00,0.005124999999999824,0.0004914692326758603,1.67,1.665366469232676,2.746857421754067
2026-06-02 15:38:00+00:00,-0.004666666666666819,0.00039762488845730156,1.665333333333333,1.6703976248884573,2.7472550466425245
2026-06-02 15:40:00+00:00,-0.0014166666666661776,0.0005111028462026786,1.663916666666667,1.6658444361795357,2.747766149488727
2026-06-02 15:42:00+00:00,-0.006829710144927503,-0.00019888493969723246,1.6570869565217394,1.6637177817269697,2.74756726454903
2026-06-02 15:44:00+00:00,-0.002461956521739417,0.00012142222145725804,1.654625,1.6572083787431966,2.7476886867704873
2026-06-02 15:46:00+00:00,0.005749999999999922,0.00030624817404891684,1.660375,1.654931248174049,2.7479949349445363
2026-06-02 15:48:00+00:00,0.0004166666666667318,0.0007685171424720589,1.6607916666666667,1.661143517142472,2.748763452087008
2026-06-02 15:50:00+00:00,-0.010083333333333222,0.00021599128291318237,1.6507083333333334,1.6610076579495798,2.7489794433699215
2026-06-02 15:52:00+00:00,-0.025749999999999943,0.0011487636864183706,1.6249583333333335,1.651857097019752,2.7501282070563398
2026-06-02 15:54:00+00:00,0.0024166666666665115,-8.651842902568495e-05,1.627375,1.6248718149043078,2.7500416886273142
2026-06-02 15:56:00+00:00,0.0025000000000001688,-8.596925169693951e-05,1.6298750000000002,1.627289030748303,2.7499557193756172
2026-06-02 15:58:00+00:00,-0.0033333333333338544,0.0006536222233746516,1.6265416666666663,1.6305286222233748,2.7506093415989916
2026-06-02 16:00:00+00:00,-0.0009999999999994458,0.00016417786921372172,1.6255416666666669,1.62670584453588,2.7507735194682055
2026-06-02 16:02:00+00:00,-0.0010833333333337691,0.0005921955863013024,1.6244583333333331,1.6261338622529682,2.751365715054507
2026-06-02 16:04:00+00:00,0.015416666666666856,0.0002092622885635447,1.639875,1.6246675956218966,2.75157497734307
2026-06-02 16:06:00+00:00,-0.009458333333333124,0.0009928592254095855,1.6304166666666668,1.6408678592254096,2.7525678365684803
2026-06-02 16:08:00+00:00,0.0007083333333333108,0.0011171791777013149,1.6311250000000002,1.6315338458443682,2.753685015746181
2026-06-02 16:10:00+00:00,0.01083333333333325,0.000471436836756699,1.6419583333333334,1.6315964368367568,2.7541564525829383
2026-06-02 16:12:00+00:00,-0.018500000000000405,0.0013429838120935444,1.623458333333333,1.643301317145427,2.7554994363950316
2026-06-02 16:14:00+00:00,0.009249999999999758,0.0013296086192129159,1.6327083333333328,1.624787941952546,2.7568290450142445
2026-06-02 16:16:00+00:00,-0.0007916666666658578,-7.784740110702951e-05,1.631916666666667,1.6326304859322258,2.7567511976131374
2026-06-02 16:18:00+00:00,0.0012499999999999734,0.00036055175059780334,1.6331666666666669,1.6322772184172647,2.757111749363735
2026-06-02 16:20:00+00:00,-0.001583333333333492,0.0019966499879953414,1.6315833333333334,1.6351633166546622,2.7591083993517307
2026-06-02 16:22:00+00:00,0.0012083333333334778,0.0023774567792809614,1.6327916666666669,1.6339607901126143,2.7614858561310114
2026-06-02 16:24:00+00:00,-0.0010416666666668295,-0.0008759231011692435,1.63175,1.6319157435654976,2.7606099330298424
2026-06-02 16:26:00+00:00,0.001458333333333117,-0.00021725670302594107,1.6332083333333332,1.6315327432969742,2.7603926763268163
2026-06-02 16:28:00+00:00,-0.00374999999999992,0.0008381824875249271,1.6294583333333332,1.6340465158208581,2.7612308588143413
2026-06-02 16:30:00+00:00,0.005666666666666931,0.00034269510302687795,1.6351250000000002,1.6298010284363602,2.7615735539173683
2026-06-02 16:32:00+00:00,0.00012499999999993072,0.0005767138162626999,1.63525,1.6357017138162628,2.762150267733631
2026-06-02 16:34:00+00:00,0.002333333333333521,-0.0007844531104588391,1.6375833333333336,1.6344655468895413,2.761365814623172
2026-06-02 16:36:00+00:00,0.00011231884057916197,0.0009838507259263194,1.6376956521739128,1.63856718405926,2.7623496653490984
2026-06-02 16:38:00+00:00,0.004804347826087297,0.00081236381673553,1.6425,1.6385080159906482,2.763162029165834
2026-06-02 16:40:00+00:00,-0.002333333333333299,0.00033467962934320396,1.6401666666666668,1.6428346796293434,2.763496708795177
2026-06-02 16:42:00+00:00,-0.004208333333333147,9.721492498646044e-05,1.6359583333333336,1.6402638815916533,2.7635939237201637
2026-06-02 16:44:00+00:00,0.013083333333332668,7.006994902620962e-05,1.6490416666666663,1.6360284032823598,2.76366399366919
2026-06-02 16:46:00+00:00,-0.009791666666666643,0.0002572906756928447,1.6392499999999997,1.649298957342359,2.7639212843448826
2026-06-02 16:48:00+00:00,-0.001583333333333492,-0.0005148117582623428,1.6376666666666662,1.6387351882417374,2.7634064725866203
2026-06-02 16:50:00+00:00,0.0037083333333338686,0.0005115739439302951,1.641375,1.6381782406105965,2.7639180465305504
2026-06-02 16:52:00+00:00,0.0011250000000000426,0.0010837575057519927,1.6425,1.642458757505752,2.7650018040363027
2026-06-02 16:54:00+00:00,-0.002166666666666428,0.0015295385122297027,1.6403333333333336,1.6440295385122299,2.7665313425485323
2026-06-02 16:56:00+00:00,0.001666666666666039,-0.000560927981200238,1.6419999999999997,1.6397724053521334,2.765970414567332
2026-06-02 16:58:00+00:00,0.0011250000000004867,4.296322273633144e-05,1.6431250000000002,1.642042963222736,2.7660133777900686
2026-06-02 17:00:00+00:00,-0.0022500000000007514,-0.001060457688135255,1.6408749999999994,1.642064542311865,2.7649529201019334
2026-06-02 17:02:00+00:00,0.0001666666666670924,-0.0002674341132708757,1.6410416666666665,1.6406075658867285,2.7646854859886623
2026-06-02 17:04:00+00:00,-0.0029166666666669006,6.0230343117525336e-05,1.6381249999999996,1.641101897009784,2.7647457163317797
2026-06-02 17:06:00+00:00,0.004041666666666943,-3.565559926209466e-05,1.6421666666666666,1.6380893444007376,2.7647100607325177
2026-06-02 17:08:00+00:00,0.0004166666666667318,0.00013061360537538317,1.6425833333333333,1.642297280272042,2.764840674337893
2026-06-02 17:10:00+00:00,0.0017083333333336448,0.0005417598321412233,1.644291666666667,1.6431250931654746,2.7653824341700344
2026-06-02 17:12:00+00:00,-0.005958333333333288,0.00036251264903689254,1.6383333333333336,1.644654179315704,2.7657449468190713
2026-06-02 17:14:00+00:00,0.00474999999999981,-0.0002482553527224457,1.6430833333333335,1.638085077980611,2.765496691466349
2026-06-02 17:16:00+00:00,-0.003374999999999684,7.572207370927106e-05,1.6397083333333338,1.6431590554070428,2.765572413540058
2026-06-02 17:18:00+00:00,0.0005833333333333802,6.278443691552659e-05,1.6402916666666671,1.6397711177702492,2.7656351979769735
2026-06-02 17:20:00+00:00,0.002874999999999295,-1.3838376001026073e-05,1.6431666666666664,1.640277828290666,2.7656213596009724
2026-06-02 17:22:00+00:00,-0.0021250000000001545,0.00016880552664707196,1.6410416666666663,1.6433354721933136,2.7657901651276195
2026-06-02 17:24:00+00:00,-0.005166666666666542,-0.0005125280609353651,1.6358749999999997,1.640529138605731,2.765277637066684
2026-06-02 17:26:00+00:00,-0.0017499999999996962,0.0005083218499396518,1.634125,1.6363833218499393,2.765785958916624
2026-06-02 17:28:00+00:00,0.0011250000000000426,0.0006940732210252692,1.63525,1.6348190732210253,2.766480032137649
2026-06-02 17:30:00+00:00,-0.014208333333333602,-5.970359238562259e-05,1.6210416666666665,1.6351902964076144,2.7664203285452635
2026-06-02 17:32:00+00:00,-0.0029547101449272084,0.0005081064760063365,1.6180869565217393,1.621549773142673,2.7669284350212697
2026-06-02 17:34:00+00:00,-0.001753623188405884,0.0002523292148640643,1.6163333333333334,1.6183392857366032,2.767180764236134
2026-06-02 17:36:00+00:00,-0.007624999999999993,0.000947871750530963,1.6087083333333334,1.6172812050838643,2.768128635986665
2026-06-02 17:38:00+00:00,8.333333333343518e-05,-0.000782114390594153,1.6087916666666668,1.6079262189427392,2.7673465215960706
2026-06-02 17:40:00+00:00,0.001083333333333103,0.0003571917076284181,1.609875,1.6091488583742952,2.7677037133036992
2026-06-02 17:42:00+00:00,0.001000000000000112,0.0007774454662575216,1.610875,1.6106524454662574,2.7684811587699567
2026-06-02 17:44:00+00:00,-0.0025416666666668863,0.0011748621861138269,1.6083333333333332,1.612049862186114,2.7696560209560706
2026-06-02 17:46:00+00:00,-0.013708333333332767,-0.0005144816230360931,1.5946250000000004,1.6078188517102971,2.7691415393330345
2026-06-02 17:48:00+00:00,-0.007958333333333512,0.00021926590994307768,1.586666666666667,1.5948442659099435,2.7693608052429775
2026-06-02 17:50:00+00:00,-0.0042083333333335915,0.0005080965195471322,1.5824583333333333,1.587174763186214,2.769868901762525
2026-06-02 17:52:00+00:00,0.009375000000000355,0.0011295461480814604,1.5918333333333337,1.5835878794814147,2.770998447910606
2026-06-02 17:54:00+00:00,-0.011875000000000524,0.0005815458431218237,1.5799583333333331,1.5924148791764554,2.771579993753728
2026-06-02 17:56:00+00:00,-0.0029999999999996696,0.0011095823993283924,1.5769583333333335,1.5810679157326615,2.7726895761530566
2026-06-02 17:58:00+00:00,0.0060833333333332185,0.0018575965066748212,1.5830416666666667,1.5788159298400082,2.774547172659731
2026-06-02 18:00:00+00:00,-0.008416666666666739,0.0022924370020624726,1.574625,1.5853341036687292,2.7768396096617938
2026-06-02 18:02:00+00:00,0.006166666666666654,0.0004888255307450198,1.5807916666666666,1.5751138255307449,2.7773284351925387
2026-06-02 18:04:00+00:00,-0.0012499999999999734,0.0013824223950503298,1.5795416666666666,1.5821740890617169,2.778710857587589
2026-06-02 18:06:00+00:00,0.0022083333333338118,0.0019316033919649566,1.5817500000000004,1.5814732700586316,2.780642460979554
2026-06-02 18:08:00+00:00,-0.0009583333333338384,-5.0696664974862355e-05,1.5807916666666666,1.5816993033350255,2.780591764314579
2026-06-02 18:10:00+00:00,-0.00416666666666643,0.0003653308510158935,1.5766250000000002,1.5811569975176825,2.780957095165595
2026-06-02 18:12:00+00:00,0.007114130434782151,-0.0003991072218243709,1.5837391304347823,1.5762258927781758,2.7805579879437707
2026-06-02 18:14:00+00:00,-0.0003641304347823393,0.0017574104219672574,1.583375,1.5854965408567496,2.782315398365738
2026-06-02 18:16:00+00:00,0.004125000000000156,0.0018320146948096541,1.5875000000000001,1.5852070146948096,2.7841474130605475
2026-06-02 18:18:00+00:00,-0.0047916666666665275,0.0017101230050124289,1.5827083333333336,1.5892101230050126,2.78585753606556
2026-06-02 18:20:00+00:00,-0.004125000000000378,0.0007803637568527347,1.5785833333333332,1.5834886970901862,2.786637899822413
2026-06-02 18:22:00+00:00,0.001291666666666469,-0.0002517893717158229,1.5798749999999997,1.5783315439616175,2.786386110450697
2026-06-02 18:24:00+00:00,-0.0009166666666662326,0.0013588816573220552,1.5789583333333335,1.5812338816573217,2.787744992108019
2026-06-02 18:26:00+00:00,-0.002333333333333743,0.0005812015592430205,1.5766249999999997,1.5795395348925765,2.788326193667262
2026-06-02 18:28:00+00:00,0.005958333333333288,-1.826376112876201e-05,1.582583333333333,1.576606736238871,2.788307929906133
2026-06-02 18:30:00+00:00,0.05341666666666712,0.0006323877160126068,1.6360000000000001,1.5832157210493456,2.7889403176221457
2026-06-02 18:32:00+00:00,-0.02112500000000028,-0.00013718580186830752,1.6148749999999998,1.6358628141981317,2.7888031318202775
2026-06-02 18:34:00+00:00,-0.0060833333333332185,0.0003716332896922499,1.6087916666666666,1.615246633289692,2.7891747651099696
2026-06-02 18:36:00+00:00,-0.007750000000000146,0.00036115333034341383,1.6010416666666665,1.60915281999701,2.789535918440313
2026-06-02 18:38:00+00:00,-0.0022916666666663588,9.729352861175798e-05,1.5987500000000001,1.6011389601952781,2.789633211968925
2026-06-02 18:40:00+00:00,-0.006999999999999895,-8.084953556922671e-05,1.5917500000000002,1.5986691504644308,2.789552362433356
2026-06-02 18:42:00+00:00,-0.02224999999999988,4.333580392024176e-05,1.5695000000000003,1.5917933358039205,2.789595698237276
2026-06-02 18:44:00+00:00,0.0040000000000000036,0.0002642654373775793,1.5735000000000003,1.569764265437378,2.7898599636746537
2026-06-02 18:46:00+00:00,-2.220446049250313e-16,0.00042654945049428855,1.5735000000000001,1.5739265494504946,2.7902865131251477
2026-06-02 18:48:00+00:00,-0.0012500000000004174,0.00018343890155662977,1.5722499999999997,1.5736834389015568,2.7904699520267044
2026-06-02 18:50:00+00:00,0.004916666666666902,0.0003701015670472852,1.5771666666666666,1.572620101567047,2.790840053593752
2026-06-02 18:52:00+00:00,-0.0019927536231882925,0.0005107433656229845,1.5751739130434783,1.5776774100322897,2.791350796959375
2026-06-02 18:54:00+00:00,-0.006632246376812034,0.0004187561630581223,1.5685416666666663,1.5755926692065365,2.7917695531224327
2026-06-02 18:56:00+00:00,0.09183333333333388,0.0006550648619109457,1.6603750000000002,1.5691967315285773,2.7924246179843437
2026-06-02 18:58:00+00:00,0.1957916666666668,-0.0009616382584595311,1.856166666666667,1.6594133617415405,2.7914629797258845
2026-06-02 19:00:00+00:00,-0.00558333333333394,-0.001327611039082021,1.850583333333333,1.8548390556275849,2.7901353686868022
2026-06-02 19:02:00+00:00,-0.010249999999999204,0.002307416756947508,1.8403333333333338,1.8528907500902805,2.79244278544375
2026-06-02 19:04:00+00:00,-0.006958333333333845,0.00215443261712759,1.833375,1.8424877659504615,2.7945972180608774
2026-06-02 19:06:00+00:00,-0.0076666666666667105,0.0010231850280735433,1.8257083333333333,1.8343981850280735,2.795620403088951
2026-06-02 19:08:00+00:00,-0.0012499999999999734,0.00020407078112472682,1.8244583333333333,1.825912404114458,2.7958244738700757
2026-06-02 19:10:00+00:00,-0.0004166666666662877,0.001875468874970806,1.824041666666667,1.826333802208304,2.7976999427450466
2026-06-02 19:12:00+00:00,-0.0007083333333330888,0.0020924206450578585,1.823333333333334,1.8261340873117249,2.7997923633901043
2026-06-02 19:14:00+00:00,-0.00945833333333379,0.0003923044710729957,1.8138750000000001,1.8237256378044069,2.8001846678611773
2026-06-02 19:16:00+00:00,0.002458333333333229,0.0003239240332816579,1.8163333333333334,1.8141989240332819,2.800508591894459
2026-06-02 19:18:00+00:00,0.0005416666666664405,1.536444286951422e-05,1.8168749999999998,1.816348697776203,2.8005239563373285
2026-06-02 19:20:00+00:00,-0.003916666666666346,7.32795970591923e-05,1.8129583333333334,1.816948279597059,2.800597235934388
2026-06-02 19:22:00+00:00,-0.0025416666666666643,0.0003561185061310224,1.8104166666666668,1.8133144518394644,2.800953354440519
2026-06-02 19:24:00+00:00,-0.0028333333333332433,0.0006725840379172604,1.8075833333333335,1.8110892507045842,2.801625938478436
2026-06-02 19:26:00+00:00,0.0026249999999994338,-0.0014267579838631516,1.810208333333333,1.8061565753494704,2.8001991804945727
2026-06-02 19:28:00+00:00,0.0007481884057976007,-0.0013131568804381417,1.8109565217391306,1.8088951764528949,2.7988860236141346
2026-06-02 19:30:00+00:00,-0.00824818840579744,2.2533579140141674e-06,1.8027083333333331,1.8109587750970446,2.7988882769720487
2026-06-02 19:32:00+00:00,0.003458333333333785,-5.132916214642319e-05,1.806166666666667,1.8026570041711867,2.798836947809902
2026-06-02 19:34:00+00:00,0.002166666666666428,-2.2442853873747634e-05,1.8083333333333333,1.8061442238127932,2.7988145049560287
2026-06-02 19:36:00+00:00,0.00487499999999974,0.00017859429811745834,1.813208333333333,1.8085119276314507,2.798993099254146
2026-06-02 19:38:00+00:00,-0.003458333333333563,0.00018912508781065347,1.8097499999999995,1.8133974584211436,2.7991822243419566
2026-06-02 19:40:00+00:00,0.0038333333333340214,-3.401435556588213e-05,1.8135833333333335,1.8097159856444336,2.7991482099863907
2026-06-02 19:42:00+00:00,-0.004875000000000629,0.00022799562856862194,1.808708333333333,1.8138113289619022,2.7993762056149594
2026-06-02 19:44:00+00:00,0.004666666666666819,-1.942342661398498e-05,1.8133749999999997,1.808688909906719,2.7993567821883456
2026-06-02 19:46:00+00:00,0.0007916666666669681,0.0003643242005879164,1.8141666666666667,1.8137393242005877,2.7997211063889336
2026-06-02 19:48:00+00:00,-0.008166666666666655,0.000269175543837832,1.806,1.8144358422105045,2.799990281932771
2026-06-02 19:50:00+00:00,0.0060833333333336626,0.0002161689271063548,1.8120833333333337,1.8062161689271063,2.8002064508598776
2026-06-02 19:52:00+00:00,-0.0015416666666672185,8.627382436921218e-05,1.8105416666666665,1.812169607157703,2.8002927246842466
2026-06-02 19:54:00+00:00,0.0022083333333338118,2.181517936211391e-05,1.8127500000000003,1.8105634818460286,2.800314539863609
2026-06-02 19:56:00+00:00,-0.007750000000000368,0.0003436200056845456,1.805,1.8130936200056849,2.8006581598692932
2026-06-02 19:58:00+00:00,0.011333333333333417,0.00019912242090016266,1.8163333333333334,1.8051991224209,2.8008572822901936
2026-06-02 20:00:00+00:00,-0.008208333333333595,0.0002662305280100177,1.8081249999999998,1.8165995638613435,2.8011235128182035
2026-06-02 20:02:00+00:00,0.003958333333333286,0.00038684204313898564,1.812083333333333,1.8085118420431388,2.8015103548613425
2026-06-02 20:04:00+00:00,-0.0030833333333326607,0.00021685906693646716,1.8090000000000004,1.8123001924002695,2.801727213928279
2026-06-02 20:06:00+00:00,-0.002333333333333743,0.0003119946230823353,1.8066666666666666,1.8093119946230827,2.8020392085513612
2026-06-02 20:08:00+00:00,0.006159420289855166,0.00022448571468700268,1.8128260869565218,1.8068911523813536,2.8022636942660486
2026-06-02 20:10:00+00:00,-0.0009094202898551895,0.0002721787263483665,1.8119166666666666,1.8130982656828702,2.802535872992397
2026-06-02 20:12:00+00:00,0.0008333333333330195,0.0003649844710404157,1.8127499999999996,1.8122816511377071,2.8029008574634373
2026-06-02 20:14:00+00:00,0.003166666666666984,0.00018259679471760884,1.8159166666666666,1.8129325967947172,2.8030834542581546
2026-06-02 20:16:00+00:00,-0.0031250000000000444,0.0001434003109267399,1.8127916666666666,1.8160600669775933,2.8032268545690817
2026-06-02 20:18:00+00:00,0.0014166666666666217,0.0004588958903525616,1.8142083333333332,1.8132505625570192,2.8036857504594344
2026-06-02 20:20:00+00:00,-0.005708333333333426,9.167598952382745e-05,1.8084999999999998,1.814300009322857,2.803777426448958
2026-06-02 20:22:00+00:00,-0.0007083333333337549,0.00024206620152104942,1.807791666666666,1.8087420662015208,2.804019492650479
2026-06-02 20:24:00+00:00,0.0024583333333341173,0.00011703561514148692,1.8102500000000001,1.8079087022818074,2.8041365282656203
2026-06-02 20:26:00+00:00,0.0025416666666664423,0.00041387120975796475,1.8127916666666666,1.810663871209758,2.8045503994753784
2026-06-02 20:28:00+00:00,-0.006291666666666806,8.023182570467497e-05,1.8064999999999998,1.8128718984923713,2.804630631301083
2026-06-02 20:30:00+00:00,0.004291666666667027,0.0003363465502236804,1.8107916666666668,1.8068363465502235,2.804966977851307
2026-06-02 20:32:00+00:00,-0.0012500000000004174,0.0002226636826526058,1.8095416666666664,1.8110143303493194,2.8051896415339597
2026-06-02 20:34:00+00:00,0.0009583333333336164,0.0003651097128167231,1.8105,1.8099067763794832,2.8055547512467762
2026-06-02 20:36:00+00:00,-0.004833333333333467,2.238685237291961e-06,1.8056666666666665,1.8105022386852372,2.8055569899320134
2026-06-02 20:38:00+00:00,-0.0022083333333333677,0.0004015603099638648,1.8034583333333332,1.8060682269766304,2.8059585502419773
2026-06-02 20:40:00+00:00,0.006333333333333524,0.0003129666879151815,1.8097916666666667,1.8037713000212483,2.8062715169298924
2026-06-02 20:42:00+00:00,-0.0007500000000004725,0.00016890666331162145,1.8090416666666662,1.8099605733299784,2.8064404235932043
2026-06-02 20:44:00+00:00,-0.007708333333333206,0.00024600162302761266,1.801333333333333,1.809287668289694,2.8066864252162316
2026-06-02 20:46:00+00:00,0.004583333333333606,0.00032767866645003684,1.8059166666666666,1.8016610119997831,2.8070141038826817
2026-06-02 20:48:00+00:00,0.0031250000000004885,0.00019222521479238827,1.809041666666667,1.806108891881459,2.807206329097474
2026-06-02 20:50:00+00:00,-0.0057916666666668615,0.00023202275430469902,1.8032500000000002,1.8092736894209718,2.8074383518517787
2026-06-02 20:52:00+00:00,0.0058369565217386565,0.00016930911387314483,1.809086956521739,1.8034193091138735,2.807607660965652
2026-06-02 20:54:00+00:00,-0.005170289855072063,0.00020839922075777776,1.8039166666666668,1.8092953557424967,2.80781606018641
2026-06-02 20:56:00+00:00,0.0011666666666665382,0.00027345472519902986,1.8050833333333334,1.8041901213918659,2.8080895149116087
2026-06-02 20:58:00+00:00,-0.003875000000000073,0.0002790209262941879,1.8012083333333333,1.8053623542596275,2.808368535837903
2026-06-02 21:00:00+00:00,-0.0017500000000001403,0.00028281695737189023,1.7994583333333332,1.8014911502907052,2.808651352795275
2026-06-02 21:02:00+00:00,0.0007083333333337549,0.00021406863823840466,1.800166666666667,1.7996724019715715,2.8088654214335134
2026-06-02 21:04:00+00:00,-0.00020833333333403203,-4.699548227168575e-05,1.7999583333333329,1.8001196711843952,2.8088184259512414
2026-06-02 21:06:00+00:00,0.008333333333333526,0.00041987233453734727,1.8082916666666664,1.8003782056678703,2.809238298285779
2026-06-02 21:08:00+00:00,-0.004666666666666819,0.00029555441283927146,1.8036249999999996,1.8085872210795058,2.8095338526986184
2026-06-02 21:10:00+00:00,0.0018333333333342416,5.936675128758975e-05,1.8054583333333338,1.8036843667512872,2.809593219449906
2026-06-02 21:12:00+00:00,-0.0018333333333337973,0.00028851834032680475,1.803625,1.8057468516736606,2.8098817377902328
2026-06-02 21:14:00+00:00,-0.004375000000000018,0.00017608369832545508,1.79925,1.8038010836983256,2.810057821488558
2026-06-02 21:16:00+00:00,0.004374999999999574,0.0002013301347226861,1.8036249999999996,1.7994513301347228,2.810259151623281
2026-06-02 21:18:00+00:00,-0.0037083333333329804,0.00034857832236831417,1.7999166666666666,1.8039735783223678,2.810607729945649
2026-06-02 21:20:00+00:00,-0.005374999999999908,0.0002349027911356007,1.7945416666666667,1.8001515694578023,2.810842632736785
2026-06-02 21:22:00+00:00,0.0027083333333335347,0.00019301806335955606,1.7972500000000002,1.7947346847300263,2.811035650800144
2026-06-02 21:24:00+00:00,0.0019166666666663446,0.00017685715799838281,1.7991666666666666,1.7974268571579985,2.8112125079581425
2026-06-02 21:26:00+00:00,0.0011666666666667604,0.00022235188827225892,1.8003333333333333,1.7993890185549388,2.8114348598464147
2026-06-02 21:28:00+00:00,0.0011666666666667604,0.00045837920252227247,1.8015,1.8007917125358557,2.811893239048937
2026-06-02 21:30:00+00:00,-0.0016250000000002096,-5.573987357395222e-05,1.799875,1.8014442601264262,2.811837499175363
2026-06-02 21:32:00+00:00,-0.00012500000000015277,0.00042804815961662823,1.7997499999999997,1.8003030481596165,2.8122655473349796
2026-06-02 21:34:00+00:00,0.0004166666666667318,0.0002147980798811658,1.8001666666666665,1.799964798079881,2.812480345414861
2026-06-02 21:36:00+00:00,-0.006992753623188408,0.00010122056573162284,1.793173913043478,1.800267887232398,2.8125815659805924
2026-06-02 21:38:00+00:00,0.011534420289855074,0.00030627018306400014,1.8047083333333331,1.7934801832265421,2.8128878361636565
2026-06-02 21:40:00+00:00,-0.009708333333333208,0.00014034210587849714,1.795,1.8048486754392117,2.813028178269535
2026-06-02 21:42:00+00:00,0.002375000000000016,0.00019463258182316745,1.797375,1.795194632581823,2.813222810851358
2026-06-02 21:44:00+00:00,-0.0012083333333334778,0.00037802638454978275,1.7961666666666665,1.7977530263845498,2.813600837235908
2026-06-02 21:46:00+00:00,0.0034166666666668455,0.00030983145131414713,1.7995833333333333,1.7964764981179806,2.813910668687222
2026-06-02 21:48:00+00:00,-0.004666666666667042,0.00019185892189850176,1.7949166666666663,1.7997751922552319,2.8141025276091205
2026-06-02 21:50:00+00:00,-0.0017083333333329787,0.00013131265361636258,1.7932083333333333,1.7950479793202827,2.814233840262737
2026-06-02 21:52:00+00:00,0.003750000000000142,0.00011732225636173861,1.7969583333333334,1.793325655589695,2.814351162519099
2026-06-02 21:54:00+00:00,-0.006416666666666737,0.0005012595762187526,1.7905416666666667,1.7974595929095523,2.8148524220953175
2026-06-02 21:56:00+00:00,0.001583333333333492,0.00011683386583655658,1.7921250000000002,1.7906585005325033,2.814969255961154
2026-06-02 21:58:00+00:00,-0.0037083333333336466,0.0002360325872432106,1.7884166666666665,1.7923610325872434,2.8152052885483974
2026-06-02 22:00:00+00:00,0.0032083333333341457,0.00025325830971508113,1.7916250000000007,1.7886699249763816,2.815458546858112
2026-06-02 22:02:00+00:00,-0.00012500000000059686,0.00019522106096456167,1.7915,1.7918202210609653,2.815653767919077
2026-06-02 22:04:00+00:00,0.00275000000000003,0.00022758898581374938,1.7942500000000001,1.7917275889858137,2.8158813569048906
2026-06-02 22:06:00+00:00,-0.005333333333333634,0.00038162485851590393,1.7889166666666665,1.7946316248585161,2.8162629817634066
2026-06-02 22:08:00+00:00,0.0038333333333335773,0.00021236346359361678,1.79275,1.78912903013026,2.816475345227
2026-06-02 22:10:00+00:00,-0.002458333333333229,1.923069216233095e-05,1.7902916666666668,1.7927692306921623,2.816494575919162
2026-06-02 22:12:00+00:00,-0.0029166666666669006,0.0003300834133599728,1.787375,1.7906217500800268,2.8168246593325224
2026-06-02 22:14:00+00:00,-0.002375000000000016,0.00039817249371354105,1.785,1.7877731724937134,2.817222831826236
2026-06-02 22:16:00+00:00,-0.006208333333333815,0.0001698803002169736,1.778791666666666,1.785169880300217,2.817392712126453
2026-06-02 22:18:00+00:00,0.007208333333334149,0.0003196212708328708,1.7860000000000003,1.779111287937499,2.8177123333972856
2026-06-02 22:20:00+00:00,0.0009999999999994458,0.0001249384236289011,1.7869999999999997,1.786124938423629,2.8178372718209146
2026-06-02 22:22:00+00:00,-0.0037083333333334245,0.0002993976060921523,1.7832916666666663,1.7872993976060918,2.8181366694270067
2026-06-02 22:24:00+00:00,0.0007916666666669681,4.935055332800916e-05,1.7840833333333332,1.7833410172199944,2.8181860199803346
2026-06-02 22:26:00+00:00,0.006833333333332803,0.0002611003313989319,1.790916666666666,1.7843444336647323,2.818447120311734
2026-06-02 22:28:00+00:00,-0.00022101449275302443,0.00020017728155165558,1.790695652173913,1.7911168439482177,2.8186472975932855
2026-06-02 22:30:00+00:00,-0.0040289855072461744,0.00023949533894965136,1.7866666666666668,1.7909351475128628,2.818886792932235
2026-06-02 22:32:00+00:00,-0.001291666666666913,0.0002685629595846799,1.785375,1.7869352296262515,2.8191553558918194
2026-06-02 22:34:00+00:00,-0.006499999999999727,0.0004401725068066887,1.7788750000000002,1.7858151725068065,2.8195955283986263
2026-06-02 22:36:00+00:00,0.01024999999999987,0.00019705933774818668,1.789125,1.7790720593377485,2.8197925877363743
2026-06-02 22:38:00+00:00,0.0008750000000006253,0.0002649382844101262,1.7900000000000007,1.7893899382844103,2.8200575260207845
2026-06-02 22:40:00+00:00,-0.0024583333333345614,-2.4888998693006934e-05,1.7875416666666661,1.7899751110013078,2.8200326370220914
2026-06-02 22:42:00+00:00,0.0007500000000000285,0.0002038328741521596,1.7882916666666662,1.7877454995408184,2.8202364698962437
2026-06-02 22:44:00+00:00,-0.002749999999999808,0.00014045686717143154,1.7855416666666664,1.7884321235338376,2.8203769267634153
2026-06-02 22:46:00+00:00,-0.0029999999999996696,0.00046024420453849867,1.7825416666666667,1.7860019108712049,2.8208371709679536
2026-06-02 22:48:00+00:00,0.0039166666666670125,1.782159117283047e-05,1.7864583333333337,1.7825594882578395,2.8208549925591266
2026-06-02 22:50:00+00:00,0.004124999999999712,0.0004407960955673825,1.7905833333333334,1.7868991294289012,2.8212957886546937
2026-06-02 22:52:00+00:00,-0.006541666666666446,-4.871218544818391e-05,1.784041666666667,1.7905346211478852,2.8212470764692457
2026-06-02 22:54:00+00:00,0.0044999999999999485,0.00043454291516287924,1.788541666666667,1.7844762095818298,2.8216816193844085
2026-06-02 22:56:00+00:00,-0.00358333333333416,0.0003892347374930426,1.7849583333333328,1.78893090140416,2.8220708541219017
2026-06-02 22:58:00+00:00,0.002166666666666872,0.0002827823717767593,1.7871249999999996,1.7852411157051096,2.8223536364936783
2026-06-02 23:00:00+00:00,-0.0034166666666664014,0.0001112676811171538,1.7837083333333332,1.7872362676811169,2.8224649041747956
2026-06-02 23:02:00+00:00,0.004083333333333217,0.0002686635722250607,1.7877916666666664,1.7839769969055583,2.8227335677470204
2026-06-02 23:04:00+00:00,0.00029166666666657903,0.00015732258503943936,1.788083333333333,1.787948989251706,2.8228908903320598
2026-06-02 23:06:00+00:00,-0.004999999999999449,0.0005285633315021044,1.7830833333333336,1.7886118966648352,2.823419453663562
2026-06-02 23:08:00+00:00,0.003666666666666707,0.00012831890354086378,1.7867500000000003,1.7832116522368744,2.8235477725671028
2026-06-02 23:10:00+00:00,-0.0027083333333342012,0.00029783024980371944,1.784041666666666,1.787047830249804,2.8238456028169066
2026-06-02 23:12:00+00:00,0.004041666666667387,0.00013109099139302352,1.7880833333333335,1.784172757658059,2.8239766938082997
2026-06-02 23:14:00+00:00,0.005541666666666111,0.00032167020533229324,1.7936249999999996,1.7884050035386658,2.824298364013632
2026-06-02 23:16:00+00:00,-0.0015416666666665524,0.00021274233306755092,1.792083333333333,1.7938377423330671,2.8245111063466997
2026-06-02 23:18:00+00:00,-0.0047916666666663055,0.0001673131058147561,1.7872916666666667,1.7922506464391479,2.824678419452514
2026-06-02 23:20:00+00:00,0.0033333333333334103,0.000402521894313338,1.7906250000000001,1.78769418856098,2.825080941346828
2026-06-02 23:22:00+00:00,0.001583333333333492,0.0002057062605550842,1.7922083333333336,1.7908307062605553,2.8252866476073826
2026-06-02 23:24:00+00:00,0.007139492753622579,0.0005902446443214176,1.7993478260869562,1.792798577977655,2.825876892251704
2026-06-02 23:26:00+00:00,-0.008597826086956806,-0.00016096131061201497,1.7907499999999994,1.7991868647763443,2.825715930941092
2026-06-02 23:28:00+00:00,4.440892098500626e-16,0.00039330011699343113,1.7907499999999998,1.7911433001169927,2.8261092310580858
2026-06-02 23:30:00+00:00,-0.013791666666666647,0.0002951404337460378,1.7769583333333332,1.791045140433746,2.8264043714918317
2026-06-02 23:32:00+00:00,-0.004375000000000462,-3.7002341375525764e-05,1.7725833333333327,1.7769213309919576,2.8263673691504563
2026-06-02 23:34:00+00:00,0.0047083333333339805,0.0004155858168377883,1.7772916666666667,1.7729989191501705,2.826782954967294
2026-06-02 23:36:00+00:00,0.005666666666666265,6.072606998106846e-05,1.782958333333333,1.7773523927366477,2.826843681037275
2026-06-02 23:38:00+00:00,-0.008249999999999869,0.00035644130501891094,1.774708333333333,1.783314774638352,2.827200122342294
2026-06-02 23:40:00+00:00,0.004541666666667332,0.0003037768760695623,1.7792500000000004,1.7750121102094027,2.8275038992183634
2026-06-02 23:42:00+00:00,-0.004000000000000448,0.00044413150940084123,1.77525,1.7796941315094013,2.8279480307277645
2026-06-02 23:44:00+00:00,0.003291666666666693,0.00012312058378785345,1.7785416666666667,1.775373120583788,2.828071151311552
2026-06-02 23:46:00+00:00,-0.012541666666666895,0.0002913606474175636,1.7659999999999998,1.7788330273140842,2.8283625119589697
2026-06-02 23:48:00+00:00,-0.00012500000000015277,0.00032264436626181403,1.7658749999999996,1.7663226443662616,2.8286851563252315
2026-06-02 23:50:00+00:00,-0.00012499999999970868,0.0001768686865300931,1.76575,1.7660518686865296,2.8288620250117615
2026-06-02 23:52:00+00:00,-0.003166666666666984,0.0002854465106501771,1.762583333333333,1.76603544651065,2.8291474715224116
2026-06-02 23:54:00+00:00,0.0068750000000004086,0.00036132154210155056,1.7694583333333334,1.7629446548754344,2.8295087930645133
2026-06-02 23:56:00+00:00,0.001791666666666858,0.00022088200047919502,1.7712500000000002,1.7696792153338126,2.8297296750649927
2026-06-02 23:58:00+00:00,-0.0014166666666668437,1.9976342476484405e-06,1.7698333333333334,1.7712519976342478,2.82973167269924
2026-06-03 00:00:00+00:00,0.002083333333333215,-0.0002101635118790915,1.7719166666666666,1.7696231698214542,2.829521509187361
2026-06-03 00:02:00+00:00,-0.0028333333333330213,0.00032000118835514223,1.7690833333333336,1.7722366678550217,2.829841510375716
2026-06-03 00:04:00+00:00,0.0004999999999997229,0.000469928171175155,1.7695833333333333,1.7695532615045086,2.8303114385468913
2026-06-03 00:06:00+00:00,0.001958333333333284,0.0002445736571680408,1.7715416666666666,1.7698279069905014,2.8305560122040596
2026-06-03 00:08:00+00:00,-0.0022083333333333677,0.00010831375687847242,1.7693333333333332,1.771649980423545,2.830664325960938
2026-06-03 00:10:00+00:00,0.003874999999999851,0.00042769601537529525,1.773208333333333,1.7697610293487085,2.831092021976313
2026-06-03 00:12:00+00:00,0.0009655797101451036,0.00013208978145847088,1.7741739130434782,1.7733404231147916,2.8312241117577717
2026-06-03 00:14:00+00:00,-0.003007246376811379,0.00017281221544057166,1.7711666666666668,1.7743467252589187,2.8313969239732124
2026-06-03 00:16:00+00:00,0.005249999999999977,0.0002874933490529249,1.7764166666666668,1.7714541600157196,2.8316844173222653
2026-06-03 00:18:00+00:00,-0.001291666666666691,-2.1568781560439045e-05,1.775125,1.7763950978851064,2.8316628485407045
2026-06-03 00:20:00+00:00,-0.004999999999999893,0.00028560476594910943,1.7701250000000002,1.7754106047659493,2.8319484533066537
2026-06-03 00:22:00+00:00,-0.0017083333333332007,0.00020036907439738156,1.768416666666667,1.7703253690743976,2.8321488223810514
2026-06-03 00:24:00+00:00,0.002958333333333174,0.0002781175086274349,1.7713750000000001,1.7686947841752945,2.8324269398896784
2026-06-03 00:26:00+00:00,-0.0012083333333334778,0.00020433174516071463,1.7701666666666667,1.771579331745161,2.832631271634839
2026-06-03 00:28:00+00:00,0.00158333333333327,0.0002476423426996566,1.77175,1.7704143090093662,2.832878913977539
2026-06-03 00:30:00+00:00,-0.006416666666666737,0.00019416882043391199,1.7653333333333332,1.7719441688204338,2.8330730827979727
2026-06-03 00:32:00+00:00,0.0014583333333337833,0.000403744442698799,1.766791666666667,1.765737077776032,2.8334768272406716
2026-06-03 00:34:00+00:00,-0.007166666666666988,0.00015484604681839835,1.759625,1.7669465127134854,2.83363167328749
2026-06-03 00:36:00+00:00,-0.004708333333333314,0.00027348302250413694,1.7549166666666667,1.7598984830225042,2.8339051563099944
2026-06-03 00:38:00+00:00,0.003083333333333327,0.00031842335158333636,1.758,1.75523509001825,2.8342235796615776
2026-06-03 00:40:00+00:00,-0.0019583333333335062,0.0001436057284008508,1.7560416666666665,1.7581436057284008,2.8343671853899783
2026-06-03 00:42:00+00:00,-0.003916666666666346,0.0004724298625562912,1.7521250000000002,1.7565140965292227,2.834839615252535
2026-06-03 00:44:00+00:00,-0.006000000000000005,0.00019537826821515672,1.7461250000000001,1.7523203782682153,2.83503499352075
2026-06-03 00:46:00+00:00,-0.003083333333333771,0.0002469841683438319,1.7430416666666664,1.746371984168344,2.835281977689094
2026-06-03 00:48:00+00:00,-0.0002083333333329218,0.0003026753772670595,1.7428333333333335,1.7433443420439334,2.835584653066361
2026-06-03 00:50:00+00:00,0.0025144927536226987,0.0002380857139359822,1.7453478260869562,1.7430714190472694,2.835822738780297
2026-06-03 00:52:00+00:00,-0.0013894927536228787,0.00011916839350789338,1.7439583333333333,1.745466994480464,2.8359419071738046
2026-06-03 00:54:00+00:00,-0.0010416666666663854,0.0002459314037890135,1.742916666666667,1.7442042647371223,2.836187838577594
2026-06-03 00:56:00+00:00,-0.006625000000000547,0.0002622825299234068,1.7362916666666663,1.7431789491965903,2.836450121107517
2026-06-03 00:58:00+00:00,-0.005749999999999922,0.0001780639856587843,1.7305416666666664,1.7364697306523251,2.8366281850931756
2026-06-03 01:00:00+00:00,-0.0028333333333332433,0.0002981813459967151,1.7277083333333332,1.7308398480126632,2.8369263664391724
2026-06-03 01:02:00+00:00,-0.0028333333333330213,0.00013869195377141756,1.7248750000000002,1.7278470252871045,2.8370650583929438
2026-06-03 01:04:00+00:00,0.0004583333333330053,0.00034733690911278176,1.7253333333333332,1.7252223369091129,2.837412395302057
2026-06-03 01:06:00+00:00,0.010041666666666949,1.875487821719654e-05,1.7353750000000001,1.7253520882115503,2.837431150180274
2026-06-03 01:08:00+00:00,0.008583333333333165,0.00029296520942197066,1.7439583333333333,1.735667965209422,2.8377241153896957
2026-06-03 01:10:00+00:00,-0.002583333333332938,0.00030128828529264235,1.7413750000000003,1.744259621618626,2.8380254036749886
2026-06-03 01:12:00+00:00,0.0043333333333333,0.00013294603695004537,1.7457083333333336,1.7415079460369505,2.8381583497119385
2026-06-03 01:14:00+00:00,-0.011916666666667464,0.0002461100960305233,1.7337916666666662,1.7459544434293641,2.838404459807969
2026-06-03 01:16:00+00:00,-0.020458333333332357,0.0005007910986119793,1.7133333333333338,1.734292457765278,2.838905250906581
2026-06-03 01:18:00+00:00,-0.008750000000000258,0.00010625696201652024,1.7045833333333336,1.7134395902953503,2.8390115078685976
2026-06-03 01:20:00+00:00,0.003460144927536213,0.0004972266862168204,1.7080434782608698,1.7050805600195504,2.8395087345548142
2026-06-03 01:22:00+00:00,-0.007293478260869567,0.00019737165615270222,1.7007500000000002,1.7082408499170225,2.839706106210967
2026-06-03 01:24:00+00:00,-0.011583333333333279,0.00045025682790819383,1.689166666666667,1.7012002568279083,2.8401563630388753
2026-06-03 01:26:00+00:00,-0.00991666666666724,0.0003894055693720226,1.6792499999999997,1.689556072236039,2.8405457686082474
2026-06-03 01:28:00+00:00,-0.01891666666666647,0.0005649761989091033,1.6603333333333332,1.6798149761989087,2.8411107448071564
2026-06-03 01:30:00+00:00,-0.007041666666666835,0.0005781989007566546,1.6532916666666664,1.66091153223409,2.841688943707913
2026-06-03 01:32:00+00:00,-0.006333333333332414,0.0008276742308709839,1.646958333333334,1.6541193408975374,2.842516617938784
2026-06-03 01:34:00+00:00,-0.0098750000000003,5.6080595725984125e-05,1.6370833333333337,1.64701441392906,2.84257269853451
2026-06-03 01:36:00+00:00,-0.016416666666666968,-0.0005509149273856693,1.6206666666666667,1.636532418405948,2.8420217836071244
2026-06-03 01:38:00+00:00,-0.03645833333333326,-4.0980732863918345e-05,1.5842083333333334,1.6206256859338029,2.8419808028742604
2026-06-03 01:40:00+00:00,-0.0042083333333335915,0.00021233988250602754,1.5799999999999998,1.5844206732158395,2.8421931427567664
2026-06-03 01:42:00+00:00,-0.009916666666666352,0.00018393253232349828,1.5700833333333335,1.5801839325323233,2.84237707528909
2026-06-03 01:44:00+00:00,0.08454166666666652,0.0007964518228544657,1.654625,1.570879785156188,2.8431735271119445
2026-06-03 01:46:00+00:00,0.07004166666666656,0.0020278954530752805,1.7246666666666666,1.6566528954530753,2.8452014225650197
2026-06-03 01:48:00+00:00,0.0007500000000000285,0.0018610891277588751,1.7254166666666666,1.7265277557944254,2.8470625116927786
2026-06-03 01:50:00+00:00,-0.006208333333333815,0.0001376931637059702,1.7192083333333328,1.7255543598303726,2.8472002048564846
2026-06-03 01:52:00+00:00,0.003083333333333549,0.0019285079812007397,1.7222916666666663,1.7211368413145336,2.849128712837685
2026-06-03 01:54:00+00:00,-0.0025090579710140832,0.002029594863454213,1.7197826086956522,1.7243212615301204,2.8511583077011395
2026-06-03 01:56:00+00:00,-0.002157608695651625,0.0021610421339667753,1.7176250000000006,1.721943650829619,2.853319349835106
2026-06-03 01:58:00+00:00,-0.0025000000000001688,0.0023513698081172154,1.7151250000000005,1.7199763698081179,2.8556707196432236
2026-06-03 02:00:00+00:00,0.0029999999999994476,0.001545846144358098,1.718125,1.7166708461443585,2.8572165657875814
2026-06-03 02:02:00+00:00,0.007791666666666641,0.0017877592816946358,1.7259166666666665,1.7199127592816945,2.859004325069276
2026-06-03 02:04:00+00:00,-0.003291666666666693,0.0022564323494828524,1.7226249999999999,1.7281730990161495,2.861260757418759
2026-06-03 02:06:00+00:00,-0.004958333333332955,0.0023540680085615954,1.717666666666667,1.7249790680085615,2.863614825427321
2026-06-03 02:08:00+00:00,0.005458333333333565,0.0023577922483281927,1.7231250000000005,1.7200244589149951,2.865972617675649
2026-06-03 02:10:00+00:00,-0.003583333333333494,0.001247748707731388,1.719541666666667,1.7243727487077318,2.86722036638338
2026-06-03 02:12:00+00:00,-0.0026250000000005436,0.0014084302385646095,1.7169166666666664,1.7209500969052316,2.868628796621945
2026-06-03 02:14:00+00:00,0.0016250000000004317,-0.0014036411816873151,1.7185416666666669,1.715513025484979,2.8672251554402575
2026-06-03 02:16:00+00:00,-0.0021250000000003766,-0.0013571691463389064,1.7164166666666665,1.7171844975203279,2.8658679862939187
2026-06-03 02:18:00+00:00,-0.0017499999999996962,0.0006645313585176122,1.7146666666666668,1.717081198025184,2.8665325176524363
2026-06-03 02:20:00+00:00,0.002625000000000099,0.000750280577378862,1.7172916666666669,1.7154169472440457,2.867282798229815
2026-06-03 02:22:00+00:00,-0.001874999999999849,0.00033498618348186437,1.715416666666667,1.7176266528501487,2.867617784413297
2026-06-03 02:24:00+00:00,0.002496376811593759,0.0004642886230721412,1.7179130434782608,1.7158809552897392,2.868082073036369
2026-06-03 02:26:00+00:00,0.0015452898550729621,0.00044136308971786206,1.7194583333333338,1.7183544065679786,2.868523436126087
2026-06-03 02:28:00+00:00,-0.001583333333333492,0.00039543446743234355,1.7178750000000003,1.7198537678007662,2.8689188705935194
2026-06-03 02:30:00+00:00,0.003916666666665902,0.0002504458720019353,1.7217916666666662,1.718125445872002,2.869169316465521
2026-06-03 02:32:00+00:00,-0.008708333333332652,0.00030574301475033797,1.7130833333333335,1.7220974096814166,2.869475059480272
2026-06-03 02:34:00+00:00,0.004666666666666819,0.0005676429579033643,1.7177500000000003,1.7136509762912369,2.870042702438175
2026-06-03 02:36:00+00:00,-0.0022083333333338118,0.0002289986108274185,1.7155416666666665,1.7179789986108278,2.8702717010490026
2026-06-03 02:38:00+00:00,0.0003333333333332966,0.0003108496302738345,1.7158749999999998,1.7158525162969402,2.870582550679276
2026-06-03 02:40:00+00:00,-0.0027916666666663037,0.0005278338898593432,1.7130833333333335,1.7164028338898591,2.8711103845691355
2026-06-03 02:42:00+00:00,0.0012499999999999734,5.817354825557316e-05,1.7143333333333335,1.7131415068815892,2.8711685581173914
2026-06-03 02:44:00+00:00,-0.004666666666666375,6.488367773513942e-05,1.7096666666666671,1.7143982170110685,2.8712334417951264
2026-06-03 02:46:00+00:00,-0.0025416666666668863,0.0004863678573940502,1.7071250000000002,1.7101530345240612,2.8717198096525203
2026-06-03 02:48:00+00:00,-0.016666666666667274,0.00043778924488766744,1.690458333333333,1.707562789244888,2.872157598897408
2026-06-03 02:50:00+00:00,0.0033333333333336324,-0.00011688772569564067,1.6937916666666666,1.6903414456076373,2.8720407111717123
2026-06-03 02:52:00+00:00,0.0008605072463774289,0.0004307206828767444,1.694652173913044,1.6942223873495432,2.872471431854589
2026-06-03 02:54:00+00:00,-0.01648550724637743,-2.64909405765707e-05,1.6781666666666666,1.6946256829724675,2.8724449409140127
2026-06-03 02:56:00+00:00,-0.013125000000000053,9.653002539803459e-05,1.6650416666666665,1.6782631966920647,2.8725414709394106
2026-06-03 02:58:00+00:00,-0.0003333333333332966,0.00043059072488291916,1.6647083333333332,1.6654722573915495,2.8729720616642935
2026-06-03 03:00:00+00:00,0.0020416666666664973,0.00043444597069167894,1.6667499999999997,1.665142779304025,2.8734065076349853
2026-06-03 03:02:00+00:00,-0.004249999999999865,0.00039912412160380986,1.6624999999999999,1.6671491241216034,2.873805631756589
2026-06-03 03:04:00+00:00,0.0008750000000004032,0.0005866351658477548,1.6633750000000003,1.6630866351658475,2.874392266922437
2026-06-03 03:06:00+00:00,0.005333333333332968,-0.00017288286044880782,1.6687083333333332,1.6632021171395515,2.874219384061988
2026-06-03 03:08:00+00:00,-0.0017916666666666357,-1.6291333134477822e-05,1.6669166666666666,1.6686920420001987,2.8742030927288535
2026-06-03 03:10:00+00:00,-0.002666666666666595,0.0005937991002573722,1.66425,1.667510465766924,2.874796891829111
2026-06-03 03:12:00+00:00,0.004916666666666458,0.0006049691994363206,1.6691666666666665,1.6648549691994363,2.8754018610285472
2026-06-03 03:14:00+00:00,-0.00020833333333314386,0.000801969273326184,1.6689583333333333,1.6699686359399926,2.8762038303018733
2026-06-03 03:16:00+00:00,-0.012500000000000178,0.0014191910748678422,1.6564583333333331,1.670377524408201,2.877623021376741
2026-06-03 03:18:00+00:00,-0.0042916666666663605,0.001986942440271096,1.6521666666666668,1.6584452757736043,2.8796099638170123
2026-06-03 03:20:00+00:00,0.0019166666666665666,0.0007254009578996862,1.6540833333333333,1.6528920676245664,2.880335364774912
2026-06-03 03:22:00+00:00,-0.0002500000000005276,0.0008794818803045894,1.6538333333333328,1.654962815213638,2.8812148466552165
2026-06-03 03:24:00+00:00,-0.01191666666666591,0.0022576423212882658,1.641916666666667,1.6560909756546212,2.883472488976505
2026-06-03 03:26:00+00:00,0.005833333333333357,0.0021115564356244594,1.6477500000000003,1.6440282231022914,2.8855840454121293
2026-06-03 03:28:00+00:00,-0.01401086956521791,0.000723016123908159,1.6337391304347824,1.6484730161239085,2.8863070615360376
2026-06-03 03:30:00+00:00,-0.006947463768115725,0.0005280110100283471,1.6267916666666666,1.6342671414448107,2.886835072546066
2026-06-03 03:32:00+00:00,-0.004083333333333217,0.0006991049010926488,1.6227083333333334,1.6274907715677593,2.887534177447159
2026-06-03 03:34:00+00:00,-0.002916666666666456,0.00035591990097110394,1.619791666666667,1.6230642532343045,2.8878900973481296
2026-06-03 03:36:00+00:00,0.006291666666666585,-0.0001447375223506037,1.6260833333333335,1.6196469291443163,2.887745359825779
2026-06-03 03:38:00+00:00,-0.0034166666666670675,0.0006651135493689827,1.6226666666666665,1.6267484468827025,2.888410473375148
2026-06-03 03:40:00+00:00,-0.006708333333333094,0.0006934957463914167,1.6159583333333334,1.6233601624130578,2.8891039691215394
2026-06-03 03:42:00+00:00,-0.019416666666666416,0.0002529129777879406,1.596541666666667,1.6162112463111213,2.8893568820993276
2026-06-03 03:44:00+00:00,-0.017000000000000126,-0.00014262360885426866,1.5795416666666668,1.5963990430578128,2.8892142584904734
2026-06-03 03:46:00+00:00,0.0016249999999997655,0.0022573373392221112,1.5811666666666666,1.581799004005889,2.891471595829695
2026-06-03 03:48:00+00:00,0.003750000000000586,0.0011852467730639686,1.5849166666666672,1.5823519134397306,2.8926568426027592
2026-06-03 03:50:00+00:00,-0.006166666666667098,0.0008785789866620051,1.57875,1.5857952456533293,2.893535421589421
2026-06-03 03:52:00+00:00,0.0035416666666669983,0.0002685535271496442,1.582291666666667,1.5790185535271497,2.8938039751165707
2026-06-03 03:54:00+00:00,-0.005750000000000366,0.00016442782874216788,1.5765416666666667,1.5824560944954094,2.8939684029453128
2026-06-03 03:56:00+00:00,-0.006833333333333025,0.0008645215143137938,1.5697083333333337,1.5774061881809804,2.8948329244596267
2026-06-03 03:58:00+00:00,0.005958333333333288,0.0023447644834713793,1.575666666666667,1.572053097816805,2.8971776889430982
2026-06-03 04:00:00+00:00,0.002458333333333229,0.0019606699645516477,1.5781250000000002,1.5776273366312186,2.89913835890765
2026-06-03 04:02:00+00:00,-0.006291666666666362,0.0001888394946387391,1.5718333333333339,1.578313839494639,2.899327198402289
2026-06-03 04:04:00+00:00,0.0007916666666663019,0.0010838717430207583,1.5726250000000002,1.5729172050763547,2.900411070145309
2026-06-03 04:06:00+00:00,0.001083333333333103,-0.0003823033388082638,1.5737083333333333,1.572242696661192,2.9000287668065012
2026-06-03 04:08:00+00:00,-0.012969202898550636,0.0009582563374811047,1.5607391304347826,1.5746665896708143,2.9009870231439825
2026-06-03 04:10:00+00:00,0.04463586956521759,0.001316016480326466,1.6053750000000002,1.5620551469151092,2.9023030396243086
2026-06-03 04:12:00+00:00,0.022124999999999506,0.002310653654237261,1.6274999999999997,1.6076856536542374,2.904613693278546
2026-06-03 04:14:00+00:00,-0.025541666666666355,0.0022323780680693008,1.6019583333333334,1.629732378068069,2.906846071346615
2026-06-03 04:16:00+00:00,-0.016708333333333325,0.0003809279063715991,1.58525,1.602339261239705,2.9072269992529867
2026-06-03 04:18:00+00:00,0.1139583333333336,0.00033506950332467975,1.6992083333333337,1.5855850695033247,2.9075620687563113
2026-06-03 04:20:00+00:00,0.0027916666666663037,-0.00021487082098607655,1.702,1.6989934625123475,2.9073471979353256
2026-06-03 04:22:00+00:00,-0.018958333333333632,0.0005719724455847526,1.6830416666666663,1.7025719724455848,2.90791917038091
2026-06-03 04:24:00+00:00,-0.0006249999999996536,0.0007690951411300801,1.6824166666666667,1.6838107618077964,2.90868826552204
2026-06-03 04:26:00+00:00,-0.004958333333332955,0.0009993047226839835,1.6774583333333337,1.6834159713893506,2.9096875702447242
2026-06-03 04:28:00+00:00,-0.005375000000000574,-3.6240971615668683e-06,1.6720833333333331,1.6774547092361722,2.9096839461475623
2026-06-03 04:30:00+00:00,0.0034166666666670675,0.00019091463034659402,1.6755000000000002,1.6722742479636796,2.9098748607779092
2026-06-03 04:32:00+00:00,-0.008000000000000451,0.00015279396817396404,1.6674999999999998,1.6756527939681742,2.910027654746083
2026-06-03 04:34:00+00:00,0.0013260869565216993,0.00028081466102347765,1.6688260869565215,1.6677808146610233,2.9103084694071066
2026-06-03 04:36:00+00:00,-0.0002844202898550918,0.0001608267346552035,1.6685416666666664,1.6689869136911766,2.9104692961417618
2026-06-03 04:38:00+00:00,-0.003583333333332828,0.0011382816309728598,1.6649583333333335,1.6696799482976392,2.9116075777727346
2026-06-03 04:40:00+00:00,-0.0007500000000004725,-0.0013119615813094506,1.664208333333333,1.663646371752024,2.910295616191425
2026-06-03 04:42:00+00:00,0.009999999999999787,-0.0011440427526830006,1.6742083333333329,1.66306429058065,2.9091515734387423
2026-06-03 04:44:00+00:00,-0.003958333333333286,0.0023105263163642788,1.6702499999999996,1.6765188596496972,2.9114620997551066
2026-06-03 04:46:00+00:00,0.0001250000000003748,0.0022342414980130207,1.670375,1.6724842414980126,2.9136963412531194
2026-06-03 04:48:00+00:00,-0.006166666666666876,-0.0013833514899013466,1.664208333333333,1.6689916485100986,2.912312989763218
2026-06-03 04:50:00+00:00,8.333333333321312e-05,0.0010427641430868222,1.6642916666666663,1.6652510974764199,2.913355753906305
2026-06-03 04:52:00+00:00,-0.005124999999999824,0.0022089285105463714,1.6591666666666665,1.6665005951772127,2.9155646824168513
2026-06-03 04:54:00+00:00,-0.004750000000000032,0.0019823918143905372,1.6544166666666664,1.661149058481057,2.917547074231242
2026-06-03 04:56:00+00:00,0.0047916666666667496,0.0010930536945038477,1.6592083333333332,1.6555097203611702,2.9186401279257455
2026-06-03 04:58:00+00:00,0.0005833333333338242,0.0013647433916725768,1.659791666666667,1.6605730767250058,2.9200048713174183
2026-06-03 05:00:00+00:00,-0.011791666666667533,0.0008766600101564079,1.6479999999999995,1.6606683266768234,2.9208815313275744
2026-06-03 05:02:00+00:00,-0.003666666666666263,0.0007931829600904255,1.6443333333333332,1.64879318296009,2.921674714287665
2026-06-03 05:04:00+00:00,-0.0014999999999996128,0.00025999621247558587,1.6428333333333336,1.6445933295458088,2.9219347105001408
2026-06-03 05:06:00+00:00,0.0014999999999996128,0.0009376648077739937,1.6443333333333332,1.6437709981411075,2.922872375307915
2026-06-03 05:08:00+00:00,-0.0024166666666669556,0.001025533180373265,1.6419166666666662,1.6453588665137064,2.923897908488288
2026-06-03 05:10:00+00:00,-0.006499999999999506,-0.0002242052635022432,1.6354166666666667,1.641692461403164,2.923673703224786
2026-06-03 05:12:00+00:00,0.0013224637681159557,-0.00101288939422603,1.6367391304347827,1.6344037772724407,2.92266081383056
2026-06-03 05:14:00+00:00,-0.0015724637681158171,0.0010722530791534453,1.6351666666666669,1.637811383513936,2.9237330669097132
2026-06-03 05:16:00+00:00,-0.0024166666666669556,0.0015344695796567014,1.63275,1.6367011362463235,2.92526753648937
2026-06-03 05:18:00+00:00,-0.0027500000000002522,0.0014818103909490393,1.6299999999999997,1.634231810390949,2.926749346880319
2026-06-03 05:20:00+00:00,-0.001083333333332659,0.0009863445569449258,1.628916666666667,1.6309863445569446,2.927735691437264
2026-06-03 05:22:00+00:00,-0.0032500000000004192,0.001953875467180929,1.6256666666666666,1.6308705421338479,2.929689566904445
2026-06-03 05:24:00+00:00,0.004583333333333383,0.0018796060457822996,1.63025,1.6275462727124488,2.931569172950227
2026-06-03 05:26:00+00:00,-0.004750000000000254,-0.0004211749276145696,1.6254999999999997,1.6298288250723854,2.9311479980226127
2026-06-03 05:28:00+00:00,-0.0037083333333336466,-0.00026652650341077346,1.621791666666666,1.625233473496589,2.9308814715192018
2026-06-03 05:30:00+00:00,-0.002874999999999739,0.0022006237755216023,1.6189166666666663,1.6239922904421877,2.9330820952947234
2026-06-03 05:32:00+00:00,-0.0025416666666668863,0.0018993486563361973,1.6163749999999995,1.6208160153230025,2.9349814439510595
2026-06-03 05:34:00+00:00,-0.002166666666666428,-5.7003295844567936e-05,1.614208333333333,1.616317996704155,2.934924440655215
2026-06-03 05:36:00+00:00,-0.0036249999999995453,0.000950472482479974,1.6105833333333335,1.615158805815813,2.935874913137695
2026-06-03 05:38:00+00:00,-0.005333333333333634,0.0020364904974894816,1.6052499999999998,1.612619823830823,2.9379114036351845
2026-06-03 05:40:00+00:00,-0.0008749999999999591,0.000883809271889303,1.6043749999999999,1.606133809271889,2.938795212907074
2026-06-03 05:42:00+00:00,-0.005999999999999783,0.0007726003387941815,1.598375,1.6051476003387941,2.9395678132458682
2026-06-03 05:44:00+00:00,0.0016250000000002096,0.0009283984883997515,1.6000000000000003,1.5993033984883998,2.940496211734268
2026-06-03 05:46:00+00:00,0.00195833333333284,0.0013454991281030655,1.6019583333333332,1.6013454991281033,2.941841710862371
2026-06-03 05:48:00+00:00,-0.0009999999999996678,0.0015097906614341186,1.6009583333333335,1.6034681239947672,2.943351501523805
2026-06-03 05:50:00+00:00,-0.0020416666666667194,0.0003129441548759295,1.5989166666666668,1.6012712774882094,2.9436644456786807
2026-06-03 05:52:00+00:00,-0.0016249999999999876,0.000693674962657095,1.5972916666666668,1.599610341629324,2.944358120641338
2026-06-03 05:54:00+00:00,0.0027916666666663037,0.0006218930839870485,1.600083333333333,1.5979135597506537,2.944980013725325
2026-06-03 05:56:00+00:00,0.0036250000000002114,0.0015058169861632438,1.6037083333333333,1.6015891503194963,2.946485830711488
2026-06-03 05:58:00+00:00,0.00029166666666657903,0.0015742445861297602,1.6039999999999999,1.605282577919463,2.948060075297618
2026-06-03 06:00:00+00:00,-0.00045833333333344933,0.0013893447543181993,1.6035416666666664,1.6053893447543182,2.9494494200519363
2026-06-03 06:02:00+00:00,-0.005324275362318165,0.0009324098934107691,1.5982173913043483,1.6044740765600771,2.9503818299453473
2026-06-03 06:04:00+00:00,-0.001300724637681272,0.0010613580926630384,1.596916666666667,1.5992787493970113,2.9514431880380103
2026-06-03 06:06:00+00:00,0.005666666666666265,0.0006440582582726162,1.6025833333333332,1.5975607249249395,2.9520872462962826
2026-06-03 06:08:00+00:00,0.0003333333333332966,0.001170541082819137,1.6029166666666665,1.6037538744161524,2.9532577873791017
2026-06-03 06:10:00+00:00,0.005833333333333357,0.0012826445251701445,1.60875,1.6041993111918367,2.954540431904272
2026-06-03 06:12:00+00:00,-0.008166666666666433,0.0017502035175758106,1.6005833333333335,1.6105002035175757,2.9562906354218477
2026-06-03 06:14:00+00:00,-0.006166666666666876,0.0006705812175446792,1.5944166666666666,1.6012539145508782,2.9569612166393924
2026-06-03 06:16:00+00:00,0.012041666666666727,-0.00042608503407482227,1.6064583333333333,1.5939905816325917,2.9565351316053174
2026-06-03 06:18:00+00:00,-0.00374999999999992,4.905395564855312e-05,1.6027083333333334,1.606507387288982,2.956584185560966
2026-06-03 06:20:00+00:00,-0.0005833333333331581,1.0990413133790712e-05,1.6021250000000002,1.6027193237464672,2.9565951759741003
2026-06-03 06:22:00+00:00,0.0022500000000000853,-1.712924778014955e-05,1.6043750000000003,1.60210787075222,2.95657804672632
2026-06-03 06:24:00+00:00,0.004749999999999588,0.0004928730934236742,1.609125,1.604867873093424,2.957070919819744
2026-06-03 06:26:00+00:00,0.0004999999999997229,-0.00035138800895457455,1.6096249999999996,1.6087736119910454,2.956719531810789
2026-06-03 06:28:00+00:00,8.333333333321312e-05,-0.00015638081535384327,1.6097083333333329,1.609468619184646,2.956563150995435
2026-06-03 06:30:00+00:00,0.004874999999999963,0.0009819495662424563,1.6145833333333328,1.6106902828995753,2.9575451005616777
2026-06-03 06:32:00+00:00,-0.00933333333333275,0.0003234152058138985,1.60525,1.6149067485391466,2.9578685157674913
2026-06-03 06:34:00+00:00,0.0037916666666664156,0.00048052708401027466,1.6090416666666665,1.6057305270840103,2.9583490428515016
2026-06-03 06:36:00+00:00,-0.004666666666666153,-0.00025968379581653867,1.6043750000000003,1.6087819828708498,2.958089359055685
2026-06-03 06:38:00+00:00,0.0030833333333331048,0.0002481653188199695,1.6074583333333334,1.6046231653188203,2.958337524374505
2026-06-03 06:40:00+00:00,-0.002083333333332993,-0.0007387183771157211,1.6053750000000004,1.6067196149562177,2.9575988059973897
2026-06-03 06:42:00+00:00,0.0014166666666666217,0.0008695846358312924,1.606791666666667,1.6062445846358318,2.9584683906332208
2026-06-03 06:44:00+00:00,-0.0005416666666666625,0.00125948422898831,1.6062500000000004,1.6080511508956554,2.9597278748622093
2026-06-03 06:46:00+00:00,0.001374999999999904,-0.00024848644738082045,1.6076250000000003,1.6060015135526196,2.9594793884148283
2026-06-03 06:48:00+00:00,8.333333333299109e-05,0.0008042508745564871,1.6077083333333333,1.6084292508745568,2.9602836392893845
2026-06-03 06:50:00+00:00,-0.001083333333333325,4.373615838509054e-05,1.606625,1.6077520694917184,2.9603273754477697
2026-06-03 06:52:00+00:00,0.0046793478260873655,-0.00013336933384802785,1.6113043478260873,1.6064916306661519,2.960194006113922
2026-06-03 06:54:00+00:00,0.004403985507245967,-0.0005231290698671593,1.6157083333333333,1.6107812187562203,2.9596708770440547
2026-06-03 06:56:00+00:00,-0.0016666666666664831,0.0009683998733136673,1.6140416666666668,1.616676733206647,2.960639276917368
2026-06-03 06:58:00+00:00,0.004416666666666291,-4.015749089496883e-05,1.618458333333333,1.6140015091757718,2.9605991194264734
2026-06-03 07:00:00+00:00,-0.008624999999999883,0.00039372562461837513,1.6098333333333332,1.6188520589579516,2.960992845051092
2026-06-03 07:02:00+00:00,0.005666666666666931,0.00017194757556229876,1.6155000000000002,1.6100052809088956,2.961164792626654
2026-06-03 07:04:00+00:00,0.005375000000000352,-2.1719700521010313e-05,1.6208750000000005,1.6154782802994792,2.961143072926133
2026-06-03 07:06:00+00:00,-0.0025416666666671084,6.12364695213338e-05,1.6183333333333334,1.620936236469522,2.9612043093956544
2026-06-03 07:08:00+00:00,0.003249999999999975,0.00040192607883358266,1.6215833333333334,1.618735259412167,2.961606235474488
2026-06-03 07:10:00+00:00,-0.008375000000000021,0.00022511139954437106,1.6132083333333334,1.6218084447328778,2.9618313468740323
2026-06-03 07:12:00+00:00,0.001374999999999904,0.000296982902723012,1.6145833333333333,1.6135053162360564,2.9621283297767556
2026-06-03 07:14:00+00:00,-0.0015416666666663303,0.00034927108231926974,1.613041666666667,1.6149326044156525,2.9624776008590747
2026-06-03 07:16:00+00:00,0.002166666666666428,2.5345006162141895e-05,1.6152083333333334,1.6130670116728292,2.962502945865237
2026-06-03 07:18:00+00:00,0.00391666666666679,0.0004616024751836401,1.6191250000000001,1.615669935808517,2.9629645483404206
2026-06-03 07:20:00+00:00,-0.0028333333333336874,9.265172252585419e-05,1.6162916666666665,1.619217651722526,2.9630572000629463
2026-06-03 07:22:00+00:00,-0.004583333333333162,-0.0005610453626140157,1.6117083333333333,1.6157306213040525,2.9624961547003323
2026-06-03 07:24:00+00:00,0.00970833333333343,-0.00017517599021082123,1.6214166666666667,1.6115331573431224,2.9623209787101215
2026-06-03 07:26:00+00:00,-0.00258333333333316,-0.0003125447174533759,1.6188333333333336,1.6211041219492133,2.9620084339926684
2026-06-03 07:28:00+00:00,-0.0016250000000006537,0.00010480174690017855,1.617208333333333,1.6189381350802337,2.9621132357395683
2026-06-03 07:30:00+00:00,-0.07370833333333304,0.0012870625729360346,1.5434999999999999,1.618495395906269,2.9634002983125045
2026-06-03 07:32:00+00:00,1.1053750000000004,-0.0007048150614523882,2.6488750000000003,1.5427951849385475,2.962695483251052
2026-06-03 07:34:00+00:00,0.13664673913043401,-0.00047004594560705917,2.7855217391304343,2.6484049540543935,2.962225437305445
2026-06-03 07:36:00+00:00,-0.45043840579710137,0.0007703103531771801,2.335083333333333,2.7862920494836114,2.9629957476586224
2026-06-03 07:38:00+00:00,0.31554166666666683,0.0013557065948842035,2.650625,2.336439039928217,2.9643514542535065
2026-06-03 07:40:00+00:00,0.007625000000000437,0.00010493589708735301,2.6582500000000002,2.650729935897087,2.964456390150594
2026-06-03 07:42:00+00:00,-0.009375000000000355,0.0009420032038662489,2.648875,2.6591920032038665,2.96539839335446
2026-06-03 07:44:00+00:00,0.030041666666666522,-0.00011888530582653537,2.6789166666666664,2.6487561146941734,2.9652795080486336
2026-06-03 07:46:00+00:00,-0.1628749999999997,-0.0004612564882262888,2.5160416666666667,2.67845541017844,2.9648182515604073
2026-06-03 07:48:00+00:00,0.16566666666666663,0.0007717849571877617,2.6817083333333334,2.5168134516238543,2.965590036517595
2026-06-03 07:50:00+00:00,-0.0040000000000000036,0.0012350998123485087,2.6777083333333334,2.682943433145682,2.9668251363299434
2026-06-03 07:52:00+00:00,-1.2816250000000002,0.0008611656635377577,1.3960833333333331,2.678569498996871,2.9676863019934814
2026-06-03 07:54:00+00:00,-0.6188749999999998,0.00031277017885193763,0.7772083333333333,1.396396103512185,2.9679990721723333
2026-06-03 07:56:00+00:00,0.06731340579710143,-0.000215897908356631,0.8445217391304347,0.7769924354249766,2.9677831742639764
2026-06-03 07:58:00+00:00,0.7202699275362319,0.0001396959840785514,1.5647916666666666,0.8446614351145133,2.967922870248055
2026-06-03 08:00:00+00:00,1.132583333333333,-0.0011200010478494965,2.6973749999999996,1.563671665618817,2.9668028692002055
2026-06-03 08:02:00+00:00,-0.013249999999999762,-0.0011119923864800149,2.684125,2.6962630076135197,2.9656908768137256
2026-06-03 08:04:00+00:00,0.013500000000000512,0.0012513477057216778,2.6976250000000004,2.6853763477057218,2.9669422245194474
2026-06-03 08:06:00+00:00,-0.02391666666666703,-3.572057825900729e-05,2.6737083333333334,2.6975892794217415,2.966906503941188
2026-06-03 08:08:00+00:00,0.003458333333333563,0.0002568546875845277,2.677166666666667,2.673965188020918,2.967163358628773
2026-06-03 08:10:00+00:00,-0.0004166666666667318,0.00217983468870291,2.67675,2.67934650135537,2.9693431933174756
2026-06-03 08:12:00+00:00,0.007000000000000117,-0.0011416296213863663,2.6837500000000003,2.675608370378614,2.9682015636960895
2026-06-03 08:14:00+00:00,-0.0015000000000005007,-0.0003526807765786347,2.68225,2.6833973192234217,2.967848882919511
2026-06-03 08:16:00+00:00,0.007791666666666419,4.0182226473304644e-05,2.690041666666666,2.682290182226473,2.967889065145984
2026-06-03 08:18:00+00:00,-0.004208333333333147,0.0004936476011449392,2.685833333333333,2.690535314267811,2.968382712747129
2026-06-03 08:20:00+00:00,-0.0008333333333330195,0.0002461813633174597,2.685,2.6860795146966505,2.9686288941104464
2026-06-03 08:22:00+00:00,0.003083333333333549,-0.00011960845917927269,2.6880833333333336,2.684880391540821,2.968509285651267
2026-06-03 08:24:00+00:00,0.00816666666666599,0.00010975010712474271,2.6962499999999996,2.688193083440458,2.9686190357583917
2026-06-03 08:26:00+00:00,-0.003041666666666387,0.00021354775821476633,2.693208333333333,2.6964635477582144,2.9688325835166065
2026-06-03 08:28:00+00:00,0.0016666666666669272,0.0010421615152928743,2.694875,2.694250494848626,2.9698747450318996
2026-06-03 08:30:00+00:00,-0.008083333333333886,0.0011115527302025174,2.6867916666666662,2.6959865527302025,2.970986297762102
2026-06-03 08:32:00+00:00,0.0004166666666667318,6.0575675044665845e-05,2.687208333333333,2.6868522423417107,2.971046873437147
2026-06-03 08:34:00+00:00,0.0035833333333332713,0.0003559848799680166,2.6907916666666662,2.687564318213301,2.9714028583171146
2026-06-03 08:36:00+00:00,0.0003750000000009024,0.0009378555525713823,2.691166666666667,2.6917295222192377,2.972340713869686
2026-06-03 08:38:00+00:00,-0.0003750000000009024,9.305836528072677e-05,2.6907916666666662,2.691259725031948,2.9724337722349667
2026-06-03 08:40:00+00:00,0.0012083333333339221,-5.998974438018557e-06,2.692,2.690785667692228,2.972427773260529
2026-06-03 08:42:00+00:00,0.003458333333333119,0.00017189936533878295,2.6954583333333333,2.6921718993653387,2.9725996726258677
2026-06-03 08:44:00+00:00,-0.0006757246376811743,0.00042027583314720797,2.694782608695652,2.6958786091664804,2.9730199484590147
2026-06-03 08:46:00+00:00,-0.008490942028986037,0.0005593266943468851,2.686291666666666,2.695341935389999,2.973579275153362
2026-06-03 08:48:00+00:00,-0.0027083333333326465,0.00028239302181945215,2.6835833333333334,2.6865740596884855,2.9738616681751813
2026-06-03 08:50:00+00:00,-0.005416666666666181,0.0003118395119284148,2.6781666666666673,2.683895172845262,2.9741735076871096
2026-06-03 08:52:00+00:00,8.333333333299109e-05,8.562089025507399e-05,2.6782500000000002,2.6782522875569224,2.9742591285773647
2026-06-03 08:54:00+00:00,0.003124999999998934,0.0003041017710541255,2.681374999999999,2.6785541017710544,2.974563230348419
2026-06-03 08:56:00+00:00,0.0017083333333336448,0.00044556052330875046,2.683083333333333,2.681820560523308,2.9750087908717275
2026-06-03 08:58:00+00:00,-0.003291666666666249,7.11410544269307e-05,2.6797916666666666,2.68315447438776,2.9750799319261545
2026-06-03 09:00:00+00:00,0.000791666666666746,0.00038547958030049503,2.6805833333333333,2.680177146246967,2.975465411506455
2026-06-03 09:02:00+00:00,0.0008750000000001812,-0.0005441408669575278,2.6814583333333335,2.680039192466376,2.9749212706394976
2026-06-03 09:04:00+00:00,0.002666666666666817,-0.0001629882360963541,2.6841250000000003,2.681295345097237,2.974758282403401
2026-06-03 09:06:00+00:00,-0.0006250000000003197,0.00016541247015506167,2.6835,2.684290412470155,2.974923694873556
2026-06-03 09:08:00+00:00,0.0060833333333336626,-0.0007391087751213656,2.6895833333333337,2.682760891224879,2.974184586098435
2026-06-03 09:10:00+00:00,0.0007916666666671901,-0.0009266874184830664,2.690375000000001,2.6886566459148504,2.9732578986799516
2026-06-03 09:12:00+00:00,-0.002583333333333826,0.0010367509657515607,2.687791666666667,2.6914117509657522,2.974294649645703
2026-06-03 09:14:00+00:00,0.05549999999999944,0.00044675267829242973,2.7432916666666665,2.6882384193449593,2.9747414023239953
2026-06-03 09:16:00+00:00,-0.019708333333332995,0.00022966464554577295,2.7235833333333335,2.743521331312212,2.974971066969541
2026-06-03 09:18:00+00:00,0.0015416666666667744,0.00036981964204455144,2.7251250000000002,2.723953152975378,2.975340886611586
2026-06-03 09:20:00+00:00,-0.0040000000000000036,0.0002111838851899851,2.7211250000000002,2.72533618388519,2.975552070496776
2026-06-03 09:22:00+00:00,0.0012083333333330337,0.00022640311912009388,2.7223333333333333,2.72135140311912,2.975778473615896
2026-06-03 09:24:00+00:00,0.0047916666666663055,0.0003517240394527215,2.7271249999999996,2.722685057372786,2.9761301976553485
2026-06-03 09:26:00+00:00,-0.0009583333333331723,5.328649885874108e-05,2.7261666666666664,2.7271782864988583,2.976183484154207
2026-06-03 09:28:00+00:00,-0.010123188405796846,0.00044078823520485273,2.7160434782608696,2.7266074549018713,2.9766242723894125
2026-06-03 09:30:00+00:00,8.152173913034133e-05,0.0003092387799794037,2.716125,2.716352717040849,2.9769335111693915
2026-06-03 09:32:00+00:00,0.000500000000000167,0.0001596660211216432,2.716625,2.7162846660211217,2.9770931771905134
2026-06-03 09:34:00+00:00,0.0015416666666667744,0.0003573489148790131,2.718166666666667,2.716982348914879,2.9774505261053923
2026-06-03 09:36:00+00:00,0.0027916666666656376,0.00044603162103636697,2.7209583333333325,2.718612698287703,2.977896557726429
2026-06-03 09:38:00+00:00,-0.0029999999999992255,0.00016184386556655357,2.7179583333333333,2.721120177198899,2.978058401591995
2026-06-03 09:40:00+00:00,-0.003000000000000114,0.00018517866179654856,2.714958333333333,2.71814351199513,2.9782435802537917
2026-06-03 09:42:00+00:00,-0.002749999999999808,0.00037394580834850335,2.7122083333333333,2.715332279141682,2.9786175260621404
2026-06-03 09:44:00+00:00,0.004374999999999574,-0.0007516780188306101,2.716583333333333,2.7114566553145028,2.97786584804331
2026-06-03 09:46:00+00:00,-0.000874999999999293,0.0009479933241380898,2.7157083333333336,2.717531326657471,2.978813841367448
2026-06-03 09:48:00+00:00,0.0005416666666664405,4.061140226742919e-05,2.71625,2.715748944735601,2.978854452769715
2026-06-03 09:50:00+00:00,-0.003874999999999851,0.00031508164945985383,2.712375,2.7165650816494598,2.979169534419175
2026-06-03 09:52:00+00:00,0.003083333333333549,0.0002081754624377641,2.7154583333333338,2.712583175462438,2.9793777098816125
2026-06-03 09:54:00+00:00,-0.00020833333333314386,0.00019877184873133566,2.7152500000000006,2.715657105182065,2.9795764817303443
2026-06-03 09:56:00+00:00,-0.0010416666666670515,0.0003066684414321743,2.7142083333333336,2.7155566684414327,2.9798831501717764
2026-06-03 09:58:00+00:00,-0.002291666666666803,7.995514094362765e-05,2.7119166666666668,2.714288288474277,2.97996310531272
2026-06-03 10:00:00+00:00,-0.0017499999999994742,0.0003036186207706299,2.7101666666666673,2.7122202852874375,2.9802667239334903
2026-06-03 10:02:00+00:00,0.00237499999999935,1.254676491468191e-05,2.7125416666666666,2.710179213431582,2.9802792706984054
2026-06-03 10:04:00+00:00,0.0028333333333332433,0.0003228083858266015,2.715375,2.712864475052493,2.980602079084232
2026-06-03 10:06:00+00:00,-0.0045833333333327175,7.998396227290342e-05,2.710791666666667,2.715454983962273,2.9806820630465047
2026-06-03 10:08:00+00:00,0.004041666666666277,0.00042719609631840293,2.7148333333333334,2.7112188627629856,2.981109259142823
2026-06-03 10:10:00+00:00,-0.0023333333333330764,0.00016735974396576595,2.7125000000000004,2.7150006930772994,2.9812766188867887
2026-06-03 10:12:00+00:00,-0.0036304347826083827,0.0002033539160620133,2.708869565217392,2.7127033539160625,2.981479972802851
2026-06-03 10:14:00+00:00,-0.0015362318840588254,0.00018837887739449552,2.707333333333333,2.7090579440947864,2.9816683516802454
2026-06-03 10:16:00+00:00,0.0008750000000001812,0.0004538353889559063,2.7082083333333333,2.707787168722289,2.9821221870692014
2026-06-03 10:18:00+00:00,0.00295833333333384,9.95908505671206e-05,2.711166666666667,2.7083079241839005,2.9822217779197686
2026-06-03 10:20:00+00:00,-0.003000000000000114,0.00031271201216921744,2.708166666666667,2.7114793786788365,2.9825344899319375
2026-06-03 10:22:00+00:00,-0.007250000000000423,-7.172365467218287e-05,2.7009166666666666,2.7080949430119947,2.9824627662772656
2026-06-03 10:24:00+00:00,-0.005708333333333204,0.00037854988469426435,2.6952083333333334,2.701295216551361,2.9828413161619594
2026-06-03 10:26:00+00:00,0.0007916666666663019,0.0001759537403316298,2.6959999999999997,2.695384287073665,2.983017269902291
2026-06-03 10:28:00+00:00,0.011416666666666853,0.0003179077118013845,2.7074166666666666,2.696317907711801,2.9833351776140926
2026-06-03 10:30:00+00:00,-0.0017499999999994742,0.00027757566763705053,2.705666666666667,2.707694242334304,2.98361275328173
2026-06-03 10:32:00+00:00,-0.0006250000000007637,0.0002136714279185678,2.7050416666666663,2.7058803380945857,2.9838264247096484
2026-06-03 10:34:00+00:00,-0.0009583333333331723,5.845180508912644e-05,2.704083333333333,2.7051001184717554,2.9838848765147374
2026-06-03 10:36:00+00:00,0.001291666666666913,0.00044906519694868323,2.705375,2.704532398530282,2.984333941711686
2026-06-03 10:38:00+00:00,-0.004708333333331982,0.00015997414733280954,2.700666666666668,2.7055349741473327,2.984493915859019
2026-06-03 10:40:00+00:00,-0.0003750000000013465,0.00017805193310290536,2.7002916666666668,2.700844718599771,2.9846719677921216
2026-06-03 10:42:00+00:00,0.00012500000000015277,0.000409344688989164,2.700416666666667,2.700701011355656,2.985081312481111
2026-06-03 10:44:00+00:00,-0.001083333333333325,0.00012636219729512382,2.6993333333333336,2.700543028863962,2.985207674678406
2026-06-03 10:46:00+00:00,-0.002458333333333673,0.00010118598013649192,2.696875,2.69943451931347,2.9853088606585425
2026-06-03 10:48:00+00:00,-0.002666666666666373,0.00018243382320115863,2.6942083333333335,2.697057433823201,2.9854912944817436
2026-06-03 10:50:00+00:00,0.006083333333332774,0.00026741272653449264,2.7002916666666663,2.694475746059868,2.9857587072082783
2026-06-03 10:52:00+00:00,-0.007291666666666252,2.4388624697163503e-06,2.693,2.700294105529136,2.985761146070748
2026-06-03 10:54:00+00:00,0.007874999999999854,0.0003157859379425197,2.700875,2.6933157859379424,2.9860769320086904
2026-06-03 10:56:00+00:00,0.002375000000000238,0.00010360959191649926,2.70325,2.7009786095919166,2.986180541600607
2026-06-03 10:58:00+00:00,0.001967391304347643,0.00058404753450296,2.705217391304348,2.703834047534503,2.98676458913511
2026-06-03 11:00:00+00:00,-0.00663405797101424,0.0002411009490023957,2.6985833333333336,2.7054584922533502,2.9870056900841124
2026-06-03 11:02:00+00:00,-0.0031250000000002665,0.00028069885168220595,2.6954583333333333,2.698864032185016,2.987286388935795
2026-06-03 11:04:00+00:00,-0.002958333333332508,0.00012606035937398128,2.692500000000001,2.695584393692707,2.9874124492951686
2026-06-03 11:06:00+00:00,0.00016666666666642624,0.0004096004127834654,2.692666666666667,2.692909600412784,2.987822049707952
2026-06-03 11:08:00+00:00,0.007374999999999687,-3.2429182455715166e-05,2.700041666666667,2.6926342374842114,2.9877896205254966
2026-06-03 11:10:00+00:00,-0.0010416666666670515,0.000220308194014523,2.699,2.7002619748606813,2.988009928719511
2026-06-03 11:12:00+00:00,-0.0022083333333333677,0.0001272058762066507,2.6967916666666665,2.6991272058762066,2.9881371345957177
2026-06-03 11:14:00+00:00,-0.0022500000000000853,0.0002968932945901728,2.6945416666666664,2.697088559961257,2.9884340278903077
2026-06-03 11:16:00+00:00,0.0027500000000002522,0.0003034965231393344,2.6972916666666666,2.6948451631898056,2.9887375244134473
2026-06-03 11:18:00+00:00,-0.004125000000000156,0.0001178551889412559,2.6931666666666665,2.697409521855608,2.9888553796023882
2026-06-03 11:20:00+00:00,0.002874999999999961,0.0004091062579924282,2.6960416666666664,2.693575772924659,2.9892644858603807
2026-06-03 11:22:00+00:00,0.001000000000000334,0.0002642701535950972,2.697041666666667,2.6963059368202615,2.989528756013976
2026-06-03 11:24:00+00:00,-0.001875000000000071,9.675273566971094e-05,2.6951666666666667,2.6971384194023367,2.9896255087496453
2026-06-03 11:26:00+00:00,-0.00045833333333344933,0.0005000186869873888,2.6947083333333333,2.695666685353654,2.990125527436633
2026-06-03 11:28:00+00:00,-0.003291666666666693,0.00014906081999649975,2.6914166666666666,2.69485739415333,2.9902745882566295
2026-06-03 11:30:00+00:00,0.006541666666667112,0.0002750226218873866,2.6979583333333337,2.691691689288554,2.990549610878517
2026-06-03 11:32:00+00:00,-0.005125000000000934,7.570373286336829e-05,2.6928333333333327,2.698034037066197,2.99062531461138
2026-06-03 11:34:00+00:00,0.0012500000000006395,0.000306360315221008,2.6940833333333334,2.6931396936485537,2.990931674926601
2026-06-03 11:36:00+00:00,0.0008750000000001812,0.0002056486178965327,2.6949583333333336,2.69428898195123,2.9911373235444976
2026-06-03 11:38:00+00:00,-0.006291666666666806,9.926543155838882e-05,2.6886666666666668,2.695057598764892,2.991236588976056
2026-06-03 11:40:00+00:00,0.0031249999999998224,0.0004753408168131433,2.6917916666666666,2.68914200748348,2.991711929792869
2026-06-03 11:42:00+00:00,0.007034420289855348,0.0002901679684097157,2.698826086956522,2.692081834635076,2.992002097761279
2026-06-03 11:44:00+00:00,-0.002951086956522353,0.00024800811156937443,2.6958749999999996,2.699074095068091,2.992250105872848
2026-06-03 11:46:00+00:00,-0.0033749999999987956,0.0002103931327194919,2.692500000000001,2.696085393132719,2.992460499005568
2026-06-03 11:48:00+00:00,0.008541666666666448,0.0002448435296148957,2.7010416666666672,2.6927448435296157,2.9927053425351824
2026-06-03 11:50:00+00:00,-0.005416666666667069,0.00017321990624378152,2.695625,2.701214886572911,2.9928785624414265
2026-06-03 11:52:00+00:00,-0.0073750000000001315,0.00014307960813552596,2.68825,2.695768079608136,2.9930216420495617
2026-06-03 11:54:00+00:00,-0.0014166666666670658,0.00029601765020435827,2.686833333333333,2.6885460176502045,2.993317659699766
2026-06-03 11:56:00+00:00,-0.00033333333333240844,0.00030600031061714524,2.6865000000000006,2.68713933364395,2.9936236600103836
2026-06-03 11:58:00+00:00,0.0009583333333327282,1.4104688768079058e-05,2.6874583333333333,2.6865141046887686,2.9936377646991517
2026-06-03 12:00:00+00:00,-0.001000000000000334,0.00022738671248465037,2.686458333333333,2.6876857200458177,2.993865151411636
2026-06-03 12:02:00+00:00,-0.001791666666666192,0.00017131717448741254,2.6846666666666668,2.6866296505078204,2.9940364685861236
2026-06-03 12:04:00+00:00,0.0073750000000001315,0.00020349016234586236,2.692041666666667,2.6848701568290125,2.9942399587484694
2026-06-03 12:06:00+00:00,-0.002666666666667261,0.0002820911838983096,2.6893749999999996,2.692323757850565,2.9945220499323675
2026-06-03 12:08:00+00:00,-0.0018333333333329094,0.0004772299239411274,2.6875416666666667,2.689852229923941,2.9949992798563088
2026-06-03 12:10:00+00:00,-0.001374999999999904,4.109298047841876e-05,2.686166666666667,2.687582759647145,2.995040372836787
2026-06-03 12:12:00+00:00,0.00620833333333337,8.968364963461927e-05,2.692375,2.6862563503163015,2.995130056486422
2026-06-03 12:14:00+00:00,-0.0073750000000001315,0.0006735147048407832,2.685,2.693048514704841,2.9958035711912627
2026-06-03 12:16:00+00:00,0.0005833333333336022,0.0002996690506115131,2.6855833333333337,2.6852996690506115,2.996103240241874
2026-06-03 12:18:00+00:00,0.0025833333333324937,5.666959889154699e-05,2.688166666666666,2.6856400029322254,2.996159909840766
2026-06-03 12:20:00+00:00,-0.004541666666665556,0.0001370051281604101,2.6836250000000006,2.6883036717948268,2.996296914968926
2026-06-03 12:22:00+00:00,0.0007500000000000285,6.374444919249381e-05,2.6843750000000006,2.683688744449193,2.9963606594181185
2026-06-03 12:24:00+00:00,-0.0034166666666677337,0.00024066862906325923,2.680958333333333,2.684615668629064,2.996601328047182
2026-06-03 12:26:00+00:00,0.0052916666666669165,0.0002664516662091881,2.68625,2.681224784999542,2.996867779713391
2026-06-03 12:28:00+00:00,0.0015760869565220048,0.00019148738876292873,2.687826086956522,2.6864414873887625,2.997059267102154
2026-06-03 12:30:00+00:00,-0.0002844202898550918,0.0003893856564536139,2.6875416666666667,2.6882154726129754,2.9974486527586075
2026-06-03 12:32:00+00:00,-0.0011250000000004867,0.0002795208453510802,2.6864166666666662,2.687821187512018,2.9977281736039587
2026-06-03 12:34:00+00:00,0.00016666666666731444,0.0003053452804063325,2.6865833333333335,2.6867220119470727,2.998033518884365
2026-06-03 12:36:00+00:00,-0.0009583333333331723,9.524564216067286e-05,2.6856250000000004,2.6866785789754943,2.998128764526526
2026-06-03 12:38:00+00:00,0.0021249999999994884,0.00020513821835626734,2.68775,2.6858301382183565,2.998333902744882
2026-06-03 12:40:00+00:00,0.0006249999999994316,0.00028131615215287595,2.6883749999999993,2.6880313161521525,2.9986152188970348
2026-06-03 12:42:00+00:00,-0.0037916666666655274,8.64441322240235e-05,2.6845833333333338,2.688461444132223,2.9987016630292587
2026-06-03 12:44:00+00:00,-0.001500000000000945,0.00046065294339004586,2.683083333333333,2.6850439862767237,2.999162315972649
2026-06-03 12:46:00+00:00,-0.0008749999999997371,0.0001543094460697005,2.682208333333333,2.6832376427794027,2.999316625418719
2026-06-03 12:48:00+00:00,0.0022083333333329236,0.00022590424811153885,2.684416666666666,2.6824342375814445,2.9995425296668303
2026-06-03 12:50:00+00:00,-0.0027083333333330906,0.0002615457519422846,2.681708333333333,2.6846782124186084,2.9998040754187727
2026-06-03 12:52:00+00:00,-0.0010416666666661634,0.00023036998207677617,2.6806666666666668,2.6819387033154096,3.0000344454008494
2026-06-03 12:54:00+00:00,0.0014166666666666217,0.00012918983170916049,2.6820833333333334,2.680795856498376,3.0001636352325587
2026-06-03 12:56:00+00:00,0.012750000000000039,0.0003028362526868351,2.6948333333333334,2.68238616958602,3.0004664714852454
2026-06-03 12:58:00+00:00,-0.004249999999999421,0.00025276887114156183,2.690583333333334,2.695086102204475,3.000719240356387
2026-06-03 13:00:00+00:00,0.00012499999999970868,0.0002166850909124753,2.6907083333333337,2.6908000184242464,3.0009359254472994
2026-06-03 13:02:00+00:00,-0.0047916666666667496,0.00028525209768360784,2.685916666666667,2.690993585431017,3.001221177544983
2026-06-03 13:04:00+00:00,0.003000000000000114,0.00013022320736973873,2.688916666666667,2.686046889874037,3.0013514007523527
2026-06-03 13:06:00+00:00,-0.0050000000000003375,0.00044004569295787535,2.6839166666666667,2.689356712359625,3.0017914464453104
2026-06-03 13:08:00+00:00,0.004041666666666277,0.00010884616543382106,2.687958333333333,2.6840255128321004,3.0019002926107445
2026-06-03 13:10:00+00:00,0.006708333333333538,0.00024528108979571863,2.6946666666666665,2.688203614423129,3.00214557370054
2026-06-03 13:12:00+00:00,0.0015416666666667744,0.00020394134715507023,2.6962083333333333,2.694870608013822,3.002349515047695
2026-06-03 13:14:00+00:00,-0.00033876811594169,0.00027232964530893777,2.6958695652173916,2.6964806629786424,3.002621844693004
2026-06-03 13:16:00+00:00,-0.010411231884058124,0.00021750152056723235,2.6854583333333335,2.696087066737959,3.0028393462135714
2026-06-03 13:18:00+00:00,0.0008333333333334636,0.0001877421880295855,2.686291666666667,2.685646075521363,3.003027088401601
2026-06-03 13:20:00+00:00,-0.0022916666666663588,0.0003242253471786318,2.6840000000000006,2.6866158920138457,3.0033513137487797
2026-06-03 13:22:00+00:00,0.003458333333332675,0.00029749225421494,2.6874583333333333,2.6842974922542155,3.0036488060029947
2026-06-03 13:24:00+00:00,-0.0017499999999994742,0.00016139058466067114,2.685708333333334,2.6876197239179938,3.003810196587655
2026-06-03 13:26:00+00:00,-0.001875000000000071,0.0005420773907874253,2.6838333333333337,2.686250410724121,3.0043522739784425
2026-06-03 13:28:00+00:00,0.006624999999998771,-3.7832395658667735e-05,2.6904583333333325,2.6837955009376753,3.004314441582784
2026-06-03 13:30:00+00:00,-0.005749999999999034,0.0002719355791341128,2.6847083333333335,2.690730268912467,3.004586377161918
2026-06-03 13:32:00+00:00,0.003249999999999531,0.0003839174642537487,2.687958333333333,2.685092250797587,3.0049702946261716
2026-06-03 13:34:00+00:00,-0.0005416666666659964,0.00010214389631678455,2.687416666666667,2.6880604772296497,3.0050724385224887
2026-06-03 13:36:00+00:00,0.001958333333333062,0.0002313299943537434,2.689375,2.687647996661021,3.0053037685168422
2026-06-03 13:38:00+00:00,-0.005250000000000198,0.00035400878482803655,2.684125,2.6897290087848282,3.0056577773016704
2026-06-03 13:40:00+00:00,0.001374999999999904,0.0003090234060460885,2.6854999999999998,2.684434023406046,3.0059668007077165
2026-06-03 13:42:00+00:00,0.0044999999999997264,0.0003214506392056288,2.6899999999999995,2.6858214506392053,3.006288251346922
2026-06-03 13:44:00+00:00,0.0005416666666673287,0.00010116606721808322,2.690541666666667,2.6901011660672176,3.00638941741414
2026-06-03 13:46:00+00:00,0.0009999999999994458,0.0001147361970894497,2.6915416666666663,2.6906564028637563,3.0065041536112296
2026-06-03 13:48:00+00:00,0.0031250000000002665,0.00010621032386551038,2.6946666666666665,2.691647876990532,3.006610363935095
2026-06-03 13:50:00+00:00,-0.00024999999999986144,0.00019729252850323603,2.6944166666666667,2.6948639591951697,3.0068076564635984
2026-06-03 13:52:00+00:00,-0.004958333333332732,0.00030251921806480174,2.689458333333334,2.6947191858847317,3.007110175681663
2026-06-03 13:54:00+00:00,0.00020833333333314386,0.0002863981385404459,2.689666666666667,2.6897447314718743,3.0073965738202038
2026-06-03 13:56:00+00:00,-0.0017500000000008065,0.00018743930206010565,2.6879166666666663,2.689854105968727,3.0075840131222638
2026-06-03 13:58:00+00:00,0.0035000000000007248,0.00014780997430593164,2.691416666666667,2.6880644766409723,3.0077318230965697
2026-06-03 14:00:00+00:00,-0.0018079710144927041,0.00043918891344213223,2.6896086956521743,2.6918558555801093,3.0081710120100116
2026-06-03 14:02:00+00:00,-0.0011086956521744185,0.00020585979963649872,2.6885,2.689814555451811,3.008376871809648
2026-06-03 14:04:00+00:00,-0.0017500000000003624,0.0002628107462854063,2.6867499999999995,2.6887628107462853,3.0086396825559336
2026-06-03 14:06:00+00:00,0.0036666666666675947,9.54400551272421e-05,2.690416666666667,2.686845440055127,3.008735122611061
2026-06-03 14:08:00+00:00,-0.0028333333333332433,0.00040674867325767077,2.687583333333334,2.6908234153399246,3.0091418712843185
2026-06-03 14:10:00+00:00,0.0012499999999993072,0.0002731801365346571,2.688833333333333,2.6878565134698684,3.009415051420853
2026-06-03 14:12:00+00:00,0.004583333333333162,0.00019607417231112424,2.6934166666666663,2.6890294075056445,3.0096111255931643
2026-06-03 14:14:00+00:00,-0.0017499999999999183,0.00035776499006892143,2.6916666666666664,2.693774431656735,3.009968890583233
2026-06-03 14:16:00+00:00,0.002083333333333215,9.05330928120013e-05,2.6937499999999996,2.6917571997594782,3.0100594236760454
2026-06-03 14:18:00+00:00,-0.003624999999999101,0.0003713896184538275,2.6901250000000005,2.6941213896184535,3.0104308132944992
2026-06-03 14:20:00+00:00,0.002166666666665318,0.00019209054058104516,2.692291666666666,2.6903170905405815,3.0106229038350802
2026-06-03 14:22:00+00:00,0.0015000000000013891,0.00039690959546709396,2.6937916666666673,2.692688576262133,3.011019813430547
2026-06-03 14:24:00+00:00,-0.0007916666666676342,4.449019436529828e-06,2.6929999999999996,2.6937961156861037,3.011024262449984
2026-06-03 14:26:00+00:00,-0.0009166666666668987,0.0002718538313638034,2.6920833333333327,2.6932718538313636,3.011296116281348
2026-06-03 14:28:00+00:00,-0.0001249999999992646,0.00021979569837758306,2.6919583333333335,2.69230312903171,3.0115159119797252
2026-06-03 14:30:00+00:00,-0.0018333333333333535,0.00020619727120110948,2.690125,2.6921645306045345,3.0117221092509263
2026-06-03 14:32:00+00:00,-0.0044999999999997264,0.00039930753006283743,2.6856250000000004,2.690524307530063,3.012121416780989
2026-06-03 14:34:00+00:00,0.002958333333332952,0.0003640103101108949,2.6885833333333333,2.685989010310111,3.0124854270911
2026-06-03 14:36:00+00:00,0.0010416666666666075,0.000186823049637773,2.689625,2.688770156382971,3.0126722501407377
2026-06-03 14:38:00+00:00,-0.003291666666666693,0.00033516435169920545,2.6863333333333332,2.689960164351699,3.013007414492437
2026-06-03 14:40:00+00:00,0.0069583333333334005,0.00023926686441211987,2.6932916666666666,2.6865726001977452,3.0132466813568493
2026-06-03 14:42:00+00:00,0.0011431159420287607,0.00011934132148354796,2.6944347826086954,2.6934110079881504,3.0133660226783325
2026-06-03 14:44:00+00:00,-0.013268115942029812,0.00021727409407803813,2.6811666666666656,2.6946520567027736,3.0135832967724108
2026-06-03 14:46:00+00:00,0.003166666666667428,0.0003729616909597782,2.684333333333333,2.6815396283576254,3.0139562584633706
2026-06-03 14:48:00+00:00,0.011666666666667158,0.0001553616866003502,2.696,2.684488695019933,3.0141116201499707
2026-06-03 14:50:00+00:00,0.002875000000000405,0.00028288088832046553,2.6988750000000006,2.6962828808883206,3.014394501038291
2026-06-03 14:52:00+00:00,-0.00612500000000038,0.00016794665103465423,2.69275,2.6990429466510353,3.0145624476893262
2026-06-03 14:54:00+00:00,0.0003333333333332966,0.0003340811937426054,2.6930833333333335,2.6930840811937427,3.0148965288830687
2026-06-03 14:56:00+00:00,0.003666666666666707,0.0002782799561197165,2.69675,2.6933616132894533,3.0151748088391885
2026-06-03 14:58:00+00:00,-0.0019999999999997797,0.00045952314728243596,2.6947500000000004,2.697209523147283,3.0156343319864707
2026-06-03 15:00:00+00:00,0.005999999999999339,0.00015518928264886424,2.7007499999999998,2.6949051892826494,3.0157895212691197
2026-06-03 15:02:00+00:00,-0.01483333333333281,0.00022591734871575512,2.685916666666667,2.7009759173487153,3.0160154386178357
2026-06-03 15:04:00+00:00,-0.00279166666666697,0.00023732325877059613,2.683125,2.6861539899254376,3.016252761876606
2026-06-03 15:06:00+00:00,0.0011666666666667604,0.00033505116247877696,2.6842916666666667,2.683460051162479,3.016587813039085
2026-06-03 15:08:00+00:00,0.01020833333333293,0.00023174397344697707,2.6944999999999997,2.684523410640114,3.016819557012532
2026-06-03 15:10:00+00:00,-0.0022083333333324795,8.70802975647649e-05,2.692291666666667,2.6945870802975644,3.016906637310097
2026-06-03 15:12:00+00:00,0.004458333333332565,0.0002842475433523054,2.6967499999999998,2.6925759142100194,3.017190884853449
2026-06-03 15:14:00+00:00,0.0016666666666673713,-9.206002350157996e-06,2.698416666666667,2.6967407939976495,3.017181678851099
2026-06-03 15:16:00+00:00,-0.0006249999999998757,0.0002166007230213226,2.6977916666666673,2.6986332673896887,3.0173982795741203
2026-06-03 15:18:00+00:00,-0.004166666666667762,0.0004279973292722692,2.6936249999999995,2.6982196639959395,3.017826276903392
2026-06-03 15:20:00+00:00,-0.003333333333332522,0.00040739427103344785,2.690291666666667,2.694032394271033,3.0182336711744258
2026-06-03 15:22:00+00:00,0.0003333333333332966,0.00023199078883041134,2.6906250000000003,2.6905236574554974,3.018465661963256
2026-06-03 15:24:00+00:00,0.004375000000000018,0.0001870766773353997,2.6950000000000003,2.690812076677336,3.0186527386405917
2026-06-03 15:26:00+00:00,-0.004833333333333467,0.0005729329818858884,2.690166666666667,2.6955729329818863,3.0192256716224772
2026-06-03 15:28:00+00:00,-0.002253623188405829,0.0002778659770264828,2.687913043478261,2.6904445326436934,3.019503537599504
2026-06-03 15:30:00+00:00,0.007420289855072592,1.8572517806506258e-05,2.6953333333333336,2.6879316159960673,3.01952211011731
2026-06-03 15:32:00+00:00,-0.33883333333333354,-0.0005797016710663013,2.3565,2.6947536316622673,3.018942408446244
2026-06-03 15:34:00+00:00,-0.24337500000000034,-0.00024005123033805762,2.1131249999999997,2.356259948769662,3.018702357215906
2026-06-03 15:36:00+00:00,0.003583333333333716,5.0983936661691944e-05,2.1167083333333334,2.1131759839366615,3.0187533411525678
2026-06-03 15:38:00+00:00,-0.007874999999999854,0.0003751961300149028,2.1088333333333336,2.1170835294633483,3.0191285372825827
2026-06-03 15:40:00+00:00,0.0074583333333326784,0.00045478387270116323,2.1162916666666662,2.109288117206035,3.0195833211552836
2026-06-03 15:42:00+00:00,0.0006666666666670373,-9.04041071286452e-06,2.1169583333333333,2.1162826262559533,3.019574280744571
2026-06-03 15:44:00+00:00,-0.0014999999999996128,0.00031486941967155045,2.1154583333333337,2.117273202753005,3.0198891501642424
2026-06-03 15:46:00+00:00,-0.0013333333333340747,0.00037147660646582345,2.1141249999999996,2.1158298099397994,3.0202606267707086
2026-06-03 15:48:00+00:00,-0.001791666666666192,0.00010809733489681988,2.1123333333333334,2.1142330973348966,3.020368724105605
2026-06-03 15:50:00+00:00,0.005499999999999172,0.00046804797245803795,2.1178333333333326,2.1128013813057915,3.0208367720780633
2026-06-03 15:52:00+00:00,-0.003666666666666263,2.3388823940570567e-05,2.1141666666666663,2.1178567221572733,3.0208601609020036
2026-06-03 15:54:00+00:00,-0.0019166666666663446,0.0003938492943221766,2.11225,2.1145605159609886,3.021254010196326
2026-06-03 15:56:00+00:00,0.001875000000000071,0.00033784892751520057,2.114125,2.112587848927515,3.0215918591238413
2026-06-03 15:58:00+00:00,0.002374999999999794,0.00017713803495277936,2.1165,2.1143021380349527,3.021768997158794
2026-06-03 16:00:00+00:00,0.0008750000000001812,4.056001054170976e-06,2.117375,2.116504056001054,3.021773053159848
2026-06-03 16:02:00+00:00,-0.004083333333333883,0.003299908575911849,2.113291666666666,2.120674908575912,3.02507296173576
2026-06-03 16:04:00+00:00,0.006000000000000672,0.003132010708252145,2.119291666666667,2.116423677374918,3.028204972444012
2026-06-03 16:06:00+00:00,-0.0024166666666665115,0.00023148091331431467,2.1168750000000003,2.119523147579981,3.0284364533573265
2026-06-03 16:08:00+00:00,-0.002666666666667261,0.0006190696417663611,2.114208333333333,2.117494069641767,3.029055522999093
2026-06-03 16:10:00+00:00,0.0057916666666670835,0.0004175765846544906,2.12,2.1146259099179874,3.0294730995837473
2026-06-03 16:12:00+00:00,-8.695652173962287e-05,0.0004742964366450234,2.1199130434782605,2.120474296436645,3.0299473960203924
2026-06-03 16:14:00+00:00,0.003128623188406454,0.00043102566494289884,2.123041666666667,2.1203440691432034,3.0303784216853353
2026-06-03 16:16:00+00:00,-0.006375000000000242,0.00029576402250673157,2.1166666666666667,2.1233374306891735,3.030674185707842
2026-06-03 16:18:00+00:00,0.0024166666666665115,0.0002754638502373901,2.119083333333333,2.1169421305169043,3.0309496495580794
2026-06-03 16:20:00+00:00,0.0039166666666670125,0.00022200131610343191,2.123,2.119305334649437,3.0311716508741826
2026-06-03 16:22:00+00:00,-0.011125000000000274,0.00034877849960073855,2.111875,2.123348778499601,3.031520429373783
2026-06-03 16:24:00+00:00,0.002500000000000391,0.0004505193640166876,2.1143750000000003,2.1123255193640165,3.0319709487378
2026-06-03 16:26:00+00:00,0.009333333333333195,0.00018870691652407058,2.1237083333333335,2.1145637069165244,3.032159655654324
2026-06-03 16:28:00+00:00,-0.002583333333333826,8.631417423019825e-05,2.1211249999999997,2.1237946475075637,3.0322459698285544
2026-06-03 16:30:00+00:00,-0.004708333333333314,0.0006042161767059701,2.1164166666666664,2.1217292161767056,3.0328501860052604
2026-06-03 16:32:00+00:00,-0.00137499999999946,0.0004031826887900059,2.115041666666667,2.116819849355456,3.03325336869405
2026-06-03 16:34:00+00:00,-0.0037083333333334245,8.663278092473759e-05,2.1113333333333335,2.1151282994475915,3.0333400014749747
2026-06-03 16:36:00+00:00,0.014666666666666384,0.0002728400448492031,2.126,2.1116061733781826,3.0336128415198242
2026-06-03 16:38:00+00:00,-0.0050000000000003375,0.0002258775228789377,2.1209999999999996,2.1262258775228786,3.033838719042703
2026-06-03 16:40:00+00:00,0.001000000000000334,0.00030397548122948075,2.122,2.121303975481229,3.0341426945239327
2026-06-03 16:42:00+00:00,0.010791666666666533,0.0002749267254645236,2.1327916666666664,2.1222749267254644,3.034417621249397
2026-06-03 16:44:00+00:00,-0.0014583333333328954,0.0001270056989742263,2.1313333333333335,2.1329186723656406,3.0345446269483713
2026-06-03 16:46:00+00:00,-0.006791666666666085,0.00014323209916860318,2.1245416666666674,2.1314765654325023,3.0346878590475397
2026-06-03 16:48:00+00:00,0.005249999999999756,0.00042454872621838194,2.129791666666667,2.124966215392886,3.035112407773758
2026-06-03 16:50:00+00:00,0.0005833333333322699,0.00020445908303369663,2.1303749999999995,2.129996125749701,3.035316866856792
2026-06-03 16:52:00+00:00,-0.0021249999999990443,0.0002870730816696674,2.1282500000000004,2.130662073081669,3.0356039399384613
2026-06-03 16:54:00+00:00,-0.0021250000000008207,0.00022581044778535047,2.1261249999999996,2.1284758104477857,3.035829750386247
2026-06-03 16:56:00+00:00,-0.004958333333332732,0.0003558318649107707,2.121166666666667,2.12648083186491,3.0361855822511576
2026-06-03 16:58:00+00:00,0.007268115942028697,0.00029014805549130697,2.1284347826086956,2.121456814722158,3.036475730306649
2026-06-03 17:00:00+00:00,-0.00030978260869529706,0.00027060612981824714,2.1281250000000003,2.128705388738514,3.036746336436467
2026-06-03 17:02:00+00:00,-0.0030416666666668313,0.0002469522028695442,2.1250833333333334,2.12837195220287,3.0369932886393367
2026-06-03 17:04:00+00:00,0.003083333333333993,0.00013129064460127928,2.1281666666666674,2.125214623977935,3.037124579283938
2026-06-03 17:06:00+00:00,-0.00791666666666746,0.00027781881485130426,2.12025,2.1284444854815185,3.037402398098789
2026-06-03 17:08:00+00:00,0.003458333333333119,0.00043090304328743473,2.123708333333333,2.1206809030432874,3.0378333011420766
2026-06-03 17:10:00+00:00,0.006458333333333233,0.00023735679631738975,2.1301666666666663,2.1239456901296503,3.0380706579383943
2026-06-03 17:12:00+00:00,-0.0017083333333323125,9.003002961009707e-05,2.128458333333334,2.1302566966962764,3.0381606879680043
2026-06-03 17:14:00+00:00,-0.004541666666667332,0.0002305612508983335,2.1239166666666667,2.1286888945842324,3.0383912492189027
2026-06-03 17:16:00+00:00,0.004708333333333314,0.00045804801924768555,2.128625,2.1243747146859144,3.0388492972381504
2026-06-03 17:18:00+00:00,-0.0016249999999997655,4.0124583814753124e-05,2.1270000000000002,2.1286651245838146,3.038889421821965
2026-06-03 17:20:00+00:00,-0.002375000000000238,0.00023243516132542675,2.124625,2.1272324351613254,3.0391218569832903
2026-06-03 17:22:00+00:00,0.003541666666666554,0.00031302485459790163,2.1281666666666665,2.1249380248545977,3.0394348818378885
2026-06-03 17:24:00+00:00,-0.0005416666666664405,0.00032656983130917294,2.127625,2.1284932364979756,3.0397614516691975
2026-06-03 17:26:00+00:00,-0.0014583333333333393,0.00024213746880798586,2.1261666666666668,2.127867137468808,3.0400035891380055
2026-06-03 17:28:00+00:00,0.001583333333333048,0.00027710509393360263,2.12775,2.1264437717606004,3.040280694231939
2026-06-03 17:30:00+00:00,0.0008333333333339077,0.00012203585375874748,2.1285833333333337,2.1278720358537586,3.040402730085698
2026-06-03 17:32:00+00:00,-0.005666666666667375,0.00038343064580107265,2.1229166666666663,2.1289667639791348,3.040786160731499
2026-06-03 17:34:00+00:00,0.005041666666666611,0.0001846263403227912,2.127958333333333,2.123101293006989,3.0409707870718217
2026-06-03 17:36:00+00:00,-0.0013333333333327424,0.00032707708670442635,2.126625,2.1282854104200375,3.041297864158526
2026-06-03 17:38:00+00:00,0.0016249999999997655,7.52824174317735e-05,2.12825,2.126700282417432,3.0413731465759577
2026-06-03 17:40:00+00:00,0.0007083333333328669,0.00022702041959076386,2.128958333333333,2.1284770204195906,3.041600166995549
2026-06-03 17:42:00+00:00,-0.002175724637680787,0.000398130571780049,2.126782608695652,2.129356463905113,3.0419982975673285
2026-06-03 17:44:00+00:00,0.0012173913043480589,0.0002136342222025936,2.128,2.126996242917855,3.0422119317895313
2026-06-03 17:46:00+00:00,0.00020833333333314386,0.00020725842014262622,2.1282083333333333,2.128207258420143,3.042419190209674
2026-06-03 17:48:00+00:00,-0.00016666666666598218,0.00014430006042431237,2.1280416666666673,2.1283526333937575,3.042563490270098
2026-06-03 17:50:00+00:00,0.002874999999999517,0.0003740348924571739,2.130916666666667,2.1284157015591245,3.0429375251625554
2026-06-03 17:52:00+00:00,-0.007416666666666405,0.00016504722530951248,2.1235000000000004,2.131081713891976,3.043102572387865
2026-06-03 17:54:00+00:00,-0.0026250000000005436,0.00026953292832085146,2.120875,2.1237695329283213,3.0433721053161857
2026-06-03 17:56:00+00:00,0.0043333333333333,0.00031660289162144543,2.125208333333333,2.121191602891621,3.0436887082078075
2026-06-03 17:58:00+00:00,0.004666666666667486,0.0001473504051100254,2.1298750000000006,2.125355683738443,3.0438360586129174
2026-06-03 18:00:00+00:00,-0.004208333333334036,6.703270085077404e-05,2.1256666666666666,2.1299420327008516,3.043903091313768
2026-06-03 18:02:00+00:00,0.00550000000000006,0.0005089150452985638,2.1311666666666667,2.126175581711965,3.0444120063590665
2026-06-03 18:04:00+00:00,-0.005541666666666334,0.00010511406530469408,2.1256250000000003,2.1312717807319714,3.0445171204243713
2026-06-03 18:06:00+00:00,-0.0022500000000000853,0.0003268905341003869,2.1233750000000002,2.125951890534101,3.044844010958472
2026-06-03 18:08:00+00:00,0.00016666666666687036,0.00012254468122650686,2.123541666666667,2.1234975446812268,3.0449665556396983
2026-06-03 18:10:00+00:00,0.0022083333333329236,0.0003213652232661388,2.12575,2.1238630318899334,3.045287920862964
2026-06-03 18:12:00+00:00,0.00024999999999986144,0.00033312956585233655,2.126,2.126083129565852,3.0456210504288164
2026-06-03 18:14:00+00:00,-0.00416666666666643,0.000109273245131271,2.1218333333333335,2.126109273245131,3.045730323673948
2026-06-03 18:16:00+00:00,0.0023333333333326323,0.0001614351267150064,2.124166666666666,2.1219947684600484,3.045891758800663
2026-06-03 18:18:00+00:00,0.002083333333334103,0.00026416482473719846,2.12625,2.124430831491403,3.0461559236254
2026-06-03 18:20:00+00:00,-0.00020833333333358794,0.0002447916512221993,2.1260416666666666,2.1264947916512225,3.046400715276622
2026-06-03 18:22:00+00:00,-0.001000000000000334,0.00042854179038349677,2.1250416666666663,2.12647020845705,3.0468292570670057
2026-06-03 18:24:00+00:00,-0.0011721014492751536,0.0002923012708002908,2.123869565217391,2.1253339679374665,3.047121558337806
2026-06-03 18:26:00+00:00,-0.001619565217390484,0.0002676747386188177,2.1222500000000006,2.12413723995601,3.0473892330764247
2026-06-03 18:28:00+00:00,-0.0027500000000006963,0.00016577614292810495,2.1195,2.1224157761429288,3.047555009219353
2026-06-03 18:30:00+00:00,0.005875000000000075,0.0002748334491625039,2.125375,2.1197748334491626,3.0478298426685155
2026-06-03 18:32:00+00:00,0.0008750000000001812,9.994247078428491e-05,2.12625,2.125474942470784,3.0479297851392997
2026-06-03 18:34:00+00:00,-0.006833333333333247,0.00024218043878981515,2.119416666666667,2.12649218043879,3.0481719655780894
2026-06-03 18:36:00+00:00,4.16666666662735e-05,0.0003076195452982745,2.119458333333333,2.1197242862119654,3.0484795851233875
2026-06-03 18:38:00+00:00,0.009041666666666615,0.0002427731101245586,2.1285,2.1197011064434577,3.0487223582335123
2026-06-03 18:40:00+00:00,-0.006916666666665794,0.00016596269553214443,2.121583333333334,2.128665962695532,3.0488883209290445
2026-06-03 18:42:00+00:00,-0.0005000000000006111,0.00020428039079218693,2.1210833333333334,2.121787613724126,3.0490926013198365
2026-06-03 18:44:00+00:00,0.00020833333333314386,0.00038718632701778885,2.1212916666666666,2.121470519660351,3.0494797876468542
2026-06-03 18:46:00+00:00,0.0010833333333337691,0.00014956335917423532,2.1223750000000003,2.121441230025841,3.0496293510060286
2026-06-03 18:48:00+00:00,0.0044999999999992815,0.00014566042716612838,2.1268749999999996,2.1225206604271665,3.0497750114331947
2026-06-03 18:50:00+00:00,-0.009875000000000078,0.00032521260871236883,2.1169999999999995,2.127200212608712,3.0501002240419073
2026-06-03 18:52:00+00:00,0.007208333333334149,0.00019900137131720444,2.1242083333333337,2.1171990013713167,3.0502992254132244
2026-06-03 18:54:00+00:00,0.0013333333333331865,0.0001640929772984004,2.125541666666667,2.1243724263106323,3.0504633183905225
2026-06-03 18:56:00+00:00,0.001291666666666913,0.0003005399787798098,2.126833333333334,2.1258422066454465,3.0507638583693026
2026-06-03 18:58:00+00:00,-0.0032500000000008633,0.00027408722237059064,2.123583333333333,2.1271074205557046,3.051037945591673
2026-06-03 19:00:00+00:00,0.0020416666666669414,0.0002781237969174587,2.125625,2.1238614571302503,3.051316069388591
2026-06-03 19:02:00+00:00,-0.00020833333333314386,8.922460446288166e-05,2.1254166666666667,2.125714224604463,3.0514052939930534
2026-06-03 19:04:00+00:00,-0.006749999999999812,0.0004915640810503859,2.118666666666667,2.1259082307477173,3.051896858074104
2026-06-03 19:06:00+00:00,0.0007681159420287464,0.00019374226476063069,2.1194347826086957,2.1188604089314276,3.0520906003388646
2026-06-03 19:08:00+00:00,0.0033985507246372393,4.267815358858572e-05,2.122833333333333,2.119477460762284,3.052133278492453
2026-06-03 19:10:00+00:00,0.0015000000000005007,0.00045428447766843953,2.1243333333333334,2.1232876178110014,3.0525875629701216
2026-06-03 19:12:00+00:00,0.0009166666666664547,0.0002577884986530624,2.12525,2.1245911218319864,3.0528453514687746
2026-06-03 19:14:00+00:00,-0.0034999999999998366,0.00012265420227775475,2.12175,2.1253726542022777,3.0529680056710524
2026-06-03 19:16:00+00:00,-0.007166666666666543,0.0003681338562940036,2.1145833333333335,2.122118133856294,3.0533361395273464
2026-06-03 19:18:00+00:00,0.009708333333333208,0.00013976829941382513,2.1242916666666667,2.1147231016327472,3.05347590782676
2026-06-03 19:20:00+00:00,0.0013333333333331865,0.0004514914288495338,2.125625,2.1247431580955163,3.0539273992556097
2026-06-03 19:22:00+00:00,-0.003375000000000128,7.683195689847225e-05,2.1222499999999997,2.1257018319568983,3.054004231212508
2026-06-03 19:24:00+00:00,-0.0013333333333327424,0.0003133156880115025,2.120916666666667,2.1225633156880113,3.0543175469005197
2026-06-03 19:26:00+00:00,0.005958333333333066,2.9005314980163785e-05,2.126875,2.120945671981647,3.0543465522154998
2026-06-03 19:28:00+00:00,-0.0032083333333332575,0.00029178091480082114,2.123666666666667,2.1271667809148007,3.054638333130301
2026-06-03 19:30:00+00:00,-0.0021249999999999325,0.0002817154585693874,2.121541666666667,2.1239483821252363,3.05492004858887
2026-06-03 19:32:00+00:00,0.0004166666666662877,9.948290158837866e-05,2.121958333333333,2.1216411495682554,3.0550195314904585
2026-06-03 19:34:00+00:00,-0.002916666666666234,0.0004768023202195088,2.119041666666667,2.1224351356535527,3.055496333810678
2026-06-03 19:36:00+00:00,0.004208333333333147,0.0003042726029331054,2.12325,2.1193459392696,3.055800606413611
2026-06-03 19:38:00+00:00,-0.004000000000000448,8.320985505511426e-05,2.1192499999999996,2.1233332098550552,3.055883816268666
2026-06-03 19:40:00+00:00,0.00012500000000015277,0.0003062607506289644,2.119375,2.1195562607506284,3.0561900770192953
2026-06-03 19:42:00+00:00,0.002749999999999364,0.0001973391666542459,2.122124999999999,2.119572339166654,3.0563874161859497
2026-06-03 19:44:00+00:00,0.002083333333334547,0.0002214128369620377,2.1242083333333337,2.1223464128369613,3.0566088290229114
2026-06-03 19:46:00+00:00,0.00020833333333314386,0.0003588444798563409,2.124416666666667,2.12456717781319,3.056967673502768
2026-06-03 19:48:00+00:00,0.0037083333333334245,0.0001793085430593286,2.1281250000000003,2.124595975209726,3.0571469820458272
2026-06-03 19:50:00+00:00,0.0012499999999997513,0.00030183484250054455,2.129375,2.1284268348425006,3.0574488168883276
2026-06-03 19:52:00+00:00,-0.00433152173913065,0.00025720054353583685,2.1250434782608694,2.129632200543536,3.0577060174318635
2026-06-03 19:54:00+00:00,-0.004293478260868788,0.00011209197113444061,2.1207500000000006,2.1251555702320037,3.057818109402998
2026-06-03 19:56:00+00:00,0.004249999999999421,0.00019719977622538495,2.125,2.120947199776226,3.0580153091792237
2026-06-03 19:58:00+00:00,0.005249999999999756,0.00028763483557846047,2.1302499999999998,2.1252876348355785,3.0583029440148017
2026-06-03 20:00:00+00:00,0.0004166666666671759,0.00036991606249158306,2.130666666666667,2.1306199160624915,3.0586728600772934
2026-06-03 20:02:00+00:00,-0.002666666666667261,0.0002960501397028146,2.1279999999999997,2.1309627168063696,3.058968910216996
2026-06-03 20:04:00+00:00,-0.004458333333333009,0.0001395686462055694,2.1235416666666667,2.1281395686462052,3.0591084788632017
2026-06-03 20:06:00+00:00,0.0047916666666667496,0.00012300477444658175,2.1283333333333334,2.123664671441113,3.0592314836376486
2026-06-03 20:08:00+00:00,-0.005833333333333357,0.0004017190892869658,2.1225,2.1287350524226203,3.0596332027269355
2026-06-03 20:10:00+00:00,0.008666666666666156,0.00017205919271022128,2.131166666666666,2.1226720591927104,3.059805261919646
2026-06-03 20:12:00+00:00,-0.0053749999999994635,0.00018430249338656537,2.1257916666666667,2.131350969160053,3.059989564413032
2026-06-03 20:14:00+00:00,0.005416666666666625,0.0003916127591703774,2.1312083333333334,2.1261832794258373,3.0603811771722027
2026-06-03 20:16:00+00:00,-0.0011249999999995988,0.0002813481176271636,2.1300833333333338,2.1314896814509607,3.0606625252898296
2026-06-03 20:18:00+00:00,-0.0070833333333339965,0.00018517237350652475,2.1229999999999998,2.1302685057068405,3.0608476976633363
2026-06-03 20:20:00+00:00,0.003916666666666568,0.00022498301362305174,2.1269166666666663,2.123224983013623,3.0610726806769595
2026-06-03 20:22:00+00:00,0.0011250000000000426,0.0003947443276022312,2.1280416666666664,2.1273114109942686,3.0614674250045617
2026-06-03 20:24:00+00:00,0.004666666666666598,0.0002804347435012062,2.132708333333333,2.1283221014101676,3.061747859748063
2026-06-03 20:26:00+00:00,-0.0010416666666666075,0.00021129497831373897,2.1316666666666664,2.132919628311647,3.0619591547263765
2026-06-03 20:28:00+00:00,0.002083333333333215,-1.4602403238918115e-05,2.1337499999999996,2.1316520642634273,3.061944552323138
2026-06-03 20:30:00+00:00,0.004083333333334327,0.00039856393976752275,2.137833333333334,2.134148563939767,3.0623431162629053
2026-06-03 20:32:00+00:00,-0.0029583333333342843,0.00037193669968589837,2.1348749999999996,2.1382052700330196,3.062715052962591
2026-06-03 20:34:00+00:00,-0.0061666666666662096,0.00034916784955804566,2.1287083333333334,2.135224167849558,3.0630642208121492
2026-06-03 20:36:00+00:00,0.004943840579710201,3.643754976413007e-05,2.1336521739130436,2.1287447708830975,3.0631006583619134
2026-06-03 20:38:00+00:00,-0.0007771739130437716,0.00030890130841479293,2.132875,2.1339610752214586,3.063409559670328
2026-06-03 20:40:00+00:00,0.003291666666666693,0.00023004980330973087,2.1361666666666665,2.1331050498033095,3.063639609473638
2026-06-03 20:42:00+00:00,0.0014166666666670658,0.0001665223533442629,2.1375833333333336,2.136333189020011,3.0638061318269822
2026-06-03 20:44:00+00:00,-0.004541666666666444,0.00027199636593767625,2.133041666666667,2.1378553296992715,3.0640781281929197
2026-06-03 20:46:00+00:00,0.003916666666666124,0.0002533804073463766,2.1369583333333333,2.1332950470740135,3.064331508600266
2026-06-03 20:48:00+00:00,-0.007791666666666419,0.0003611187447482829,2.129166666666667,2.1373194520780814,3.0646926273450146
2026-06-03 20:50:00+00:00,0.003374999999999684,0.0002620734442801154,2.1325416666666666,2.129428740110947,3.0649547007892943
2026-06-03 20:52:00+00:00,-0.005749999999999478,0.00017911255802025342,2.126791666666667,2.132720779224687,3.0651338133473147
2026-06-03 20:54:00+00:00,0.004541666666666444,0.0001665223533442629,2.1313333333333335,2.1269581890200113,3.065300335700659
2026-06-03 20:56:00+00:00,-0.00016666666666687036,0.00028775693320975596,2.1311666666666667,2.131621090266543,3.0655880926338686
2026-06-03 20:58:00+00:00,-0.0013333333333331865,0.0002380967184435239,2.1298333333333335,2.13140476338511,3.0658261893523124
2026-06-03 21:00:00+00:00,-0.0007083333333333108,0.0001627671961517153,2.129125,2.1299961005294854,3.065988956548464
2026-06-03 21:02:00+00:00,0.004249999999999865,0.0002609289754957833,2.133375,2.1293859289754957,3.06624988552396
2026-06-03 21:04:00+00:00,-0.0024999999999999467,0.0003879231049989111,2.130875,2.133762923104999,3.0666378086289585
2026-06-03 21:06:00+00:00,0.05741666666666667,0.00028054374052828546,2.1882916666666667,2.1311555437405283,3.066918352369487
2026-06-03 21:08:00+00:00,-0.045499999999999645,0.0001457751884590628,2.142791666666667,2.188437441855126,3.067064127557946
2026-06-03 21:10:00+00:00,-0.027375000000000593,0.00014392747924040205,2.1154166666666665,2.1429355941459076,3.0672080550371863
2026-06-03 21:12:00+00:00,-0.004083333333333439,0.00026052809700676584,2.111333333333333,2.1156771947636734,3.0674685831341932
2026-06-03 21:14:00+00:00,0.00945833333333379,0.0003577094435070445,2.120791666666667,2.1116910427768403,3.0678262925777
2026-06-03 21:16:00+00:00,-0.002624999999999656,0.0001660072375864797,2.118166666666667,2.1209576739042535,3.0679922998152866
2026-06-03 21:18:00+00:00,0.016041666666665844,0.00039644845419868174,2.134208333333333,2.1185631151208657,3.0683887482694856
2026-06-03 21:20:00+00:00,-0.0037735507246381417,0.00013140435784587636,2.130434782608695,2.134339737691179,3.0685201526273316
2026-06-03 21:22:00+00:00,0.0034818840579715626,0.00022938481663971374,2.1339166666666665,2.130664167425335,3.068749537443971
2026-06-03 21:24:00+00:00,0.0030833333333326607,0.00020275600448558338,2.136999999999999,2.134119422671152,3.0689522934484565
2026-06-03 21:26:00+00:00,0.004791666666667638,0.0001469893524578254,2.1417916666666668,2.137146989352457,3.0690992828009147
2026-06-03 21:28:00+00:00,-0.014125000000000386,0.00034361214532201584,2.1276666666666664,2.1421352788119887,3.0694428949462367
2026-06-03 21:30:00+00:00,0.011083333333333556,0.0002437933851809206,2.13875,2.1279104600518473,3.0696866883314176
2026-06-03 21:32:00+00:00,-0.005583333333332607,7.975863188038381e-05,2.1331666666666673,2.1388297586318803,3.069766446963298
2026-06-03 21:34:00+00:00,-0.004500000000001059,0.000502499417401779,2.1286666666666663,2.133669166084069,3.0702689463806996
2026-06-03 21:36:00+00:00,0.002583333333333826,-0.001148800368110176,2.13125,2.127517866298556,3.0691201460125894
2026-06-03 21:38:00+00:00,0.0009166666666668987,0.0014364969730375162,2.132166666666667,2.1326864969730375,3.070556642985627
2026-06-03 21:40:00+00:00,-0.0008750000000001812,0.0010675284772488948,2.131291666666667,2.133234195143916,3.071624171462876
2026-06-03 21:42:00+00:00,0.0007916666666663019,0.0001647710645726338,2.132083333333333,2.1314564377312393,3.0717889425274483
2026-06-03 21:44:00+00:00,-0.0008333333333339077,-5.517549954431591e-05,2.131249999999999,2.1320281578337887,3.071733767027904
2026-06-03 21:46:00+00:00,0.0022500000000009734,0.00047364193045837925,2.1335,2.1317236419304577,3.0722074089583624
2026-06-03 21:48:00+00:00,0.001791666666666192,-0.0001822073465057701,2.1352916666666664,2.1333177926534943,3.0720252016118565
2026-06-03 21:50:00+00:00,-0.001374999999999904,0.0004431882658972708,2.1339166666666665,2.1357348549325637,3.072468389877754
2026-06-03 21:52:00+00:00,0.008333333333333748,4.882128891767242e-05,2.14225,2.1339654879555843,3.0725172111666716
2026-06-03 21:54:00+00:00,-0.0010416666666666075,0.00014974676763326292,2.1412083333333336,2.1423997467676337,3.072666957934305
2026-06-03 21:56:00+00:00,-0.009458333333333346,1.8818249063767387e-06,2.1317500000000003,2.14121021515824,3.0726688397592112
2026-06-03 21:58:00+00:00,-0.00020833333333358794,0.000878636105296388,2.1315416666666667,2.132628636105297,3.0735474758645074
2026-06-03 22:00:00+00:00,0.0060833333333336626,7.521897161494806e-06,2.1376250000000003,2.1315491885638282,3.073554997761669
2026-06-03 22:02:00+00:00,0.006461956521738975,0.00015643436407357722,2.1440869565217393,2.137781434364074,3.0737114321257426
2026-06-03 22:04:00+00:00,0.0023297101449273327,0.0005486020157112894,2.1464166666666666,2.1446355585374506,3.074260034141454
2026-06-03 22:06:00+00:00,-0.004583333333333162,-7.169120406614532e-06,2.1418333333333335,2.14640949754626,3.074252865021047
2026-06-03 22:08:00+00:00,-0.004208333333333147,0.0002723249290914199,2.1376250000000003,2.142105658262425,3.0745251899501387
2026-06-03 22:10:00+00:00,0.000583333333332714,0.0002752469042315689,2.138208333333333,2.137900246904232,3.07480043685437
2026-06-03 22:12:00+00:00,-0.0047916666666663055,0.00023541319067586604,2.1334166666666667,2.138443746524009,3.075035850045046
2026-06-03 22:14:00+00:00,-0.0009999999999994458,0.00012116440156628213,2.1324166666666673,2.133537831068233,3.0751570144466123
2026-06-03 22:16:00+00:00,0.002458333333332341,0.0003711307505145143,2.1348749999999996,2.1327877974171816,3.075528145197127
2026-06-03 22:18:00+00:00,0.0002500000000007496,0.00019484376356313348,2.1351250000000004,2.1350698437635627,3.07572298896069
2026-06-03 22:20:00+00:00,-0.001291666666666469,0.00025803898220567724,2.133833333333334,2.135383038982206,3.0759810279428956
2026-06-03 22:22:00+00:00,0.00029166666666613494,-5.675386034029042e-05,2.134125,2.1337765794729937,3.0759242740825554
2026-06-03 22:24:00+00:00,0.0031249999999998224,0.00028571847919370654,2.13725,2.134410718479194,3.076209992561749
2026-06-03 22:26:00+00:00,-0.003916666666666568,0.0004327580888444565,2.1333333333333333,2.1376827580888444,3.076642750650594
2026-06-03 22:28:00+00:00,0.0,0.0001823541715275238,2.1333333333333333,2.1335156875048606,3.076825104822121
2026-06-03 22:30:00+00:00,0.00045833333333344933,0.0002694836700489984,2.1337916666666668,2.1336028170033825,3.0770945884921703
2026-06-03 22:32:00+00:00,0.010499999999999511,-6.999961515732359e-05,2.1442916666666663,2.1337216670515096,3.0770245888770127
2026-06-03 22:34:00+00:00,-0.012249999999999872,0.00038131149206305107,2.1320416666666664,2.1446729781587295,3.077405900369076
2026-06-03 22:36:00+00:00,-0.0052916666666664725,0.00027410399114398745,2.12675,2.13231577065781,3.0776800043602197
2026-06-03 22:38:00+00:00,0.012083333333334334,0.00018346038654754444,2.1388333333333343,2.1269334603865473,3.0778634647467675
2026-06-03 22:40:00+00:00,-0.0011666666666676484,0.000442034364677903,2.1376666666666666,2.139275367698012,3.0783054991114454
2026-06-03 22:42:00+00:00,-0.001875000000000071,0.0005593256462985478,2.1357916666666665,2.138225992312965,3.078864824757744
2026-06-03 22:44:00+00:00,-0.0012699275362315632,5.07784843891011e-06,2.134521739130435,2.1357967445151056,3.0788699026061828
2026-06-03 22:46:00+00:00,-0.00027173913043476716,0.0003066139429186347,2.13425,2.1348283530733534,3.0791765165491016
2026-06-03 22:48:00+00:00,0.010083333333333222,0.00023378504758386976,2.1443333333333334,2.134483785047584,3.0794103015966856
2026-06-03 22:50:00+00:00,-0.00883333333333347,0.0002654785533280046,2.1355,2.1445988118866612,3.0796757801500134
2026-06-03 22:52:00+00:00,0.005416666666667069,8.49679561409358e-05,2.140916666666667,2.1355849679561407,3.079760748106154
2026-06-03 22:54:00+00:00,-0.010708333333333096,0.000396801646488352,2.130208333333334,2.141313468313155,3.0801575497526428
2026-06-03 22:56:00+00:00,0.004750000000000032,0.00014465168064147667,2.134958333333334,2.1303529850139755,3.0803022014332844
2026-06-03 22:58:00+00:00,-0.0006250000000007637,0.00029893594079957145,2.134333333333333,2.1352572692741334,3.080601137374084
2026-06-03 23:00:00+00:00,0.0031250000000002665,9.976063439776328e-05,2.1374583333333335,2.134433093967731,3.0807008980084816
2026-06-03 23:02:00+00:00,0.0037916666666664156,0.0003051110416029458,2.14125,2.1377634443749365,3.0810060090500846
2026-06-03 23:04:00+00:00,-0.005708333333333648,0.0004239288056268687,2.1355416666666662,2.1416739288056266,3.0814299378557113
2026-06-03 23:06:00+00:00,0.00775000000000059,0.00028517506613081624,2.143291666666667,2.135826841732797,3.081715112921842
2026-06-03 23:08:00+00:00,-0.012750000000000483,0.00016955330913573586,2.1305416666666663,2.1434612199758027,3.081884666230978
2026-06-03 23:10:00+00:00,0.009541666666667226,0.0003275523766253921,2.1400833333333336,2.1308692190432916,3.0822122186076033
2026-06-03 23:12:00+00:00,-0.00749999999999984,0.00024813440139401916,2.1325833333333337,2.1403314677347276,3.0824603530089973
2026-06-03 23:14:00+00:00,0.0028333333333327992,-0.00012042593688236706,2.1354166666666665,2.132462907396451,3.0823399270721152
2026-06-03 23:16:00+00:00,0.004291666666667027,0.0005977224692080565,2.1397083333333335,2.1360143891358745,3.082937649541323
2026-06-03 23:18:00+00:00,-0.0020416666666669414,-0.00018241643214906154,2.1376666666666666,2.1395259169011847,3.082755233109174
2026-06-03 23:20:00+00:00,0.0,0.0006580182621254585,2.1376666666666666,2.1383246849287922,3.0834132513712995
2026-06-03 23:22:00+00:00,-0.0027083333333326465,3.127905584793715e-05,2.134958333333334,2.1376979457225147,3.0834445304271476
2026-06-03 23:24:00+00:00,0.0028333333333332433,0.0005161287620042029,2.137791666666667,2.1354744620953383,3.0839606591891515
2026-06-03 23:26:00+00:00,-0.0014583333333337833,0.00013977930392136678,2.1363333333333334,2.1379314459705885,3.0841004384930732
2026-06-03 23:28:00+00:00,0.0030579710144928995,0.0002509279742370935,2.1393913043478263,2.1365842613075707,3.08435136646731
2026-06-03 23:30:00+00:00,-0.003724637681159493,0.0002824150308345355,2.135666666666667,2.139673719378661,3.0846337814981446
2026-06-03 23:32:00+00:00,0.0036666666666671515,7.891495296885694e-05,2.139333333333334,2.1357455816196356,3.0847126964511133
2026-06-03 23:34:00+00:00,0.0047916666666663055,0.00048492783897859934,2.1441250000000003,2.1398182611723127,3.085197624290092
2026-06-03 23:36:00+00:00,-0.006416666666666515,7.590391009579268e-05,2.1377083333333338,2.144200903910096,3.085273528200188
2026-06-03 23:38:00+00:00,-0.004083333333333883,0.0005392639050259422,2.133625,2.13824759723836,3.0858127921052136
2026-06-03 23:40:00+00:00,0.0011250000000009308,9.899031886984744e-05,2.134750000000001,2.13372399031887,3.0859117824240836
2026-06-03 23:42:00+00:00,-0.0002500000000007496,0.0003423083731904141,2.1345,2.135092308373191,3.086254090797274
2026-06-03 23:44:00+00:00,0.003749999999999698,0.00021524821664203634,2.1382499999999998,2.1347152482166423,3.0864693390139157
2026-06-03 23:46:00+00:00,0.0008333333333339077,0.00014199959432393785,2.1390833333333337,2.1383919995943237,3.0866113386082397
2026-06-03 23:48:00+00:00,-0.005166666666667208,0.0004001417765393286,2.1339166666666665,2.139483475109873,3.0870114803847795
2026-06-03 23:50:00+00:00,0.0009999999999998899,0.00029695198529706166,2.1349166666666664,2.1342136186519634,3.0873084323700763
2026-06-03 23:52:00+00:00,0.003083333333333993,0.00017010720268199913,2.1380000000000003,2.1350867738693484,3.0874785395727584
2026-06-03 23:54:00+00:00,0.0011666666666663161,0.00019046344553738618,2.1391666666666667,2.1381904634455378,3.087669003018296
2026-06-03 23:56:00+00:00,-8.333333333343518e-05,0.0003007977986707857,2.1390833333333332,2.1394674644653375,3.0879698008169667
2026-06-03 23:58:00+00:00,-0.0015833333333326038,0.0002231735581687025,2.1375000000000006,2.139306506891502,3.088192974375135
2026-06-04 00:00:00+00:00,0.003666666666666707,0.0002610605055621145,2.1411666666666673,2.1377610605055626,3.088454034880697
2026-06-04 00:02:00+00:00,-0.002291666666667247,0.0002229545160662067,2.138875,2.1413896211827335,3.0886769893967636
2026-06-04 00:04:00+00:00,-0.004041666666666277,0.00018912508781065347,2.134833333333334,2.1390641250878106,3.088866114484574
2026-06-04 00:06:00+00:00,0.00216666666666665,0.00033491858436410845,2.1370000000000005,2.135168251917698,3.0892010330689383
2026-06-04 00:08:00+00:00,-0.005125000000000046,0.00033470006628578134,2.1318750000000004,2.1373347000662863,3.0895357331352242
2026-06-04 00:10:00+00:00,0.006541666666666668,0.00024599847888260077,2.138416666666667,2.132120998478883,3.0897817316141065
2026-06-04 00:12:00+00:00,0.002931159420289653,0.00015638772592256733,2.1413478260869567,2.1385730543925896,3.089938119340029
2026-06-04 00:14:00+00:00,-0.007972826086956708,0.0003033063023661144,2.133375,2.141651132389323,3.0902414256423953
2026-06-04 00:16:00+00:00,0.006500000000000394,0.00021410165176102963,2.1398750000000004,2.133589101651761,3.0904555272941563
2026-06-04 00:18:00+00:00,-0.00037500000000001427,0.0002428255125414236,2.1395000000000004,2.140117825512542,3.090698352806698
2026-06-04 00:20:00+00:00,0.0013333333333327424,0.00034243623508756476,2.140833333333333,2.139842436235088,3.0910407890417853
2026-06-04 00:22:00+00:00,-0.0018333333333333535,7.205809672206861e-05,2.139,2.140905391430055,3.091112847138507
2026-06-04 00:24:00+00:00,-0.002083333333332771,0.00040333937201643237,2.136916666666667,2.1394033393720164,3.091516186510524
2026-06-04 00:26:00+00:00,0.003958333333332842,0.00021719182228356005,2.140875,2.1371338584889505,3.0917333783328074
2026-06-04 00:28:00+00:00,-0.004208333333333147,0.00015408306762884361,2.1366666666666667,2.141029083067629,3.091887461400436
2026-06-04 00:30:00+00:00,-0.003583333333333716,0.0002964782674486018,2.133083333333333,2.136963144934115,3.0921839396678847
2026-06-04 00:32:00+00:00,0.004666666666667042,0.0002897115433588213,2.13775,2.133373044876692,3.0924736512112436
2026-06-04 00:34:00+00:00,0.0011250000000000426,0.0002255122780333885,2.138875,2.1379755122780333,3.092699163489277
2026-06-04 00:36:00+00:00,0.002458333333333229,0.00027785497251894115,2.1413333333333333,2.139152854972519,3.092977018461796
2026-06-04 00:38:00+00:00,-0.002458333333333229,0.0003262512246146336,2.138875,2.141659584557948,3.0933032696864107
2026-06-04 00:40:00+00:00,0.0018333333333333535,0.000124432216281985,2.1407083333333334,2.138999432216282,3.0934277019026926
2026-06-04 00:42:00+00:00,-0.0033333333333334103,5.6562697961142344e-05,2.137375,2.1407648960312944,3.0934842646006535
2026-06-04 00:44:00+00:00,0.003750000000000142,0.0005053301959608275,2.141125,2.137880330195961,3.0939895947966143
2026-06-04 00:46:00+00:00,-0.0017083333333332007,0.0002276455804239636,2.139416666666667,2.141352645580424,3.0942172403770383
2026-06-04 00:48:00+00:00,0.004333333333332412,0.00010679513483772403,2.1437499999999994,2.1395234618015047,3.094324035511876
2026-06-04 00:50:00+00:00,-0.006458333333332789,0.00036670693848276905,2.1372916666666666,2.1441167069384823,3.094690742450359
2026-06-04 00:52:00+00:00,0.0014999999999996128,0.0002997565626476777,2.138791666666666,2.1375914232293143,3.0949904990130066
2026-06-04 00:54:00+00:00,0.009125000000000494,0.00025305498833764486,2.1479166666666667,2.139044721655004,3.0952435540013443
2026-06-04 00:56:00+00:00,-0.013083333333333336,0.00020719291712154492,2.1348333333333334,2.148123859583788,3.095450746918466
2026-06-04 00:58:00+00:00,0.005166666666666764,0.0002916981189821744,2.14,2.1351250314523154,3.0957424450374478
2026-06-04 01:00:00+00:00,0.003666666666666263,0.0002747207675904888,2.1436666666666664,2.1402747207675907,3.0960171658050384
2026-06-04 01:02:00+00:00,-0.003374999999999684,0.000327365299997184,2.1402916666666667,2.1439940319666637,3.0963445311050357
2026-06-04 01:04:00+00:00,-0.002875000000000405,0.0002374741777311674,2.1374166666666663,2.140529140844398,3.096582005282767
2026-06-04 01:06:00+00:00,0.0038333333333340214,0.00018665693397631086,2.1412500000000003,2.1376033236006426,3.096768662216743
2026-06-04 01:08:00+00:00,0.0006249999999998757,0.000293953519004045,2.141875,2.141543953519004,3.097062615735747
2026-06-04 01:10:00+00:00,-4.166666666671759e-05,0.00021680771256793943,2.1418333333333335,2.142091807712568,3.097279423448315
2026-06-04 01:12:00+00:00,-0.0011250000000004867,0.00026994585936574784,2.140708333333333,2.1421032791926993,3.0975493693076808
2026-06-04 01:14:00+00:00,-0.0017499999999994742,0.000276818452713351,2.1389583333333335,2.1409851517860465,3.0978261877603943
2026-06-04 01:16:00+00:00,-0.003916666666666124,0.0002772806420301005,2.1350416666666674,2.1392356139753637,3.0981034684024245
2026-06-04 01:18:00+00:00,0.00416666666666643,0.00015259798313488885,2.139208333333334,2.1351942646498023,3.0982560663855594
2026-06-04 01:20:00+00:00,0.00137499999999946,0.0004083537592862464,2.1405833333333333,2.13961668709262,3.0986644201448454
2026-06-04 01:22:00+00:00,0.0008333333333330195,0.00031016263458873405,2.1414166666666663,2.140893495967922,3.098974582779434
2026-06-04 01:24:00+00:00,0.001291666666666913,-0.00018068296019916656,2.142708333333333,2.141235983706467,3.0987938998192353
2026-06-04 01:26:00+00:00,0.005791666666666639,0.0007192557264739249,2.1485,2.143427589059807,3.099513155545709
2026-06-04 01:28:00+00:00,-0.007791666666666419,-2.5921850329416544e-05,2.1407083333333334,2.1484740781496705,3.0994872336953794
2026-06-04 01:30:00+00:00,-0.0005833333333336022,0.0003804484242572841,2.140125,2.1410887817575905,3.099867682119637
2026-06-04 01:32:00+00:00,0.00254166666666622,0.0002966585317626175,2.142666666666666,2.1404216585317624,3.1001643406513995
2026-06-04 01:34:00+00:00,-0.003958333333332398,0.0002530099222591409,2.1387083333333337,2.1429196765889253,3.1004173505736587
2026-06-04 01:36:00+00:00,0.002666666666666817,0.00020797056898782187,2.1413750000000005,2.1389163039023216,3.1006253211426467
2026-06-04 01:38:00+00:00,0.0014999999999996128,0.0001757305060357848,2.142875,2.141550730506036,3.1008010516486824
2026-06-04 01:40:00+00:00,0.0005416666666659964,0.0003919413223241211,2.143416666666666,2.143266941322324,3.1011929929710065
2026-06-04 01:42:00+00:00,-0.0054601449275359926,9.187197456290264e-05,2.13795652173913,2.143508538641229,3.1012848649455695
2026-06-04 01:44:00+00:00,0.00491847826087044,0.0003684655635927592,2.1428750000000005,2.138324987302723,3.101653330509162
2026-06-04 01:46:00+00:00,-0.0023333333333344086,0.00027216457769581293,2.140541666666666,2.1431471645776963,3.101925495086858
2026-06-04 01:48:00+00:00,-0.002916666666666234,0.0001946624512007805,2.137625,2.1407363291178667,3.102120157538059
2026-06-04 01:50:00+00:00,0.0073750000000001315,0.0002774996841325963,2.145,2.1379024996841323,3.102397657222191
2026-06-04 01:52:00+00:00,-0.006541666666666224,0.00019248565480420744,2.138458333333334,2.145192485654804,3.1025901428769957
2026-06-04 01:54:00+00:00,0.0009166666666668987,0.0003162989576036283,2.1393750000000007,2.1387746322909376,3.102906441834599
2026-06-04 01:56:00+00:00,0.0011249999999991545,0.00010841070134967272,2.1405,2.1394834107013505,3.103014852535949
2026-06-04 01:58:00+00:00,-0.0034999999999998366,0.00037542565260077163,2.137,2.1408754256526006,3.1033902781885496
2026-06-04 02:00:00+00:00,0.004583333333333606,0.0003987541605407428,2.1415833333333336,2.137398754160541,3.1037890323490904
2026-06-04 02:02:00+00:00,0.0044999999999992815,0.00013584179450600657,2.146083333333333,2.1417191751278395,3.1039248741435963
2026-06-04 02:04:00+00:00,4.166666666671759e-05,0.00030532431943958643,2.1461249999999996,2.1463886576527726,3.104230198463036
2026-06-04 02:06:00+00:00,-0.004249999999999421,0.00011696329980621319,2.141875,2.146241963299806,3.1043471617628424
2026-06-04 02:08:00+00:00,0.00016666666666687036,0.00037959845705573346,2.142041666666667,2.142254598457056,3.104726760219898
2026-06-04 02:10:00+00:00,0.0022499999999996407,0.00017604806468198686,2.1442916666666667,2.1422177147313493,3.1049028082845798
2026-06-04 02:12:00+00:00,0.003291666666666693,0.00031313542369748685,2.1475833333333334,2.144604802090364,3.1052159437082776
2026-06-04 02:14:00+00:00,0.0020416666666669414,0.00025794360980698286,2.1496250000000003,2.1478412769431405,3.1054738873180847
2026-06-04 02:16:00+00:00,0.0009583333333322841,0.00028977966650074586,2.1505833333333326,2.149914779666501,3.1057636669845854
2026-06-04 02:18:00+00:00,-0.0017499999999990303,0.0002799673139427702,2.1488333333333336,2.1508633006472753,3.106043634298528
2026-06-04 02:20:00+00:00,0.0006249999999989875,0.0001838303476106115,2.1494583333333326,2.149017163680944,3.1062274646461385
2026-06-04 02:22:00+00:00,-0.0001249999999992646,0.0002638263051242504,2.1493333333333333,2.149722159638457,3.1064912909512628
2026-06-04 02:24:00+00:00,0.0035000000000002807,0.00018377165690372266,2.1528333333333336,2.149517104990237,3.1066750626081667
2026-06-04 02:26:00+00:00,0.0004275362318835185,0.0002234450026880633,2.153260869565217,2.1530567783360217,3.106898507610855
2026-06-04 02:28:00+00:00,-0.004719202898550545,0.00035580042346065166,2.1485416666666666,2.153616669988678,3.1072543080343156
2026-06-04 02:30:00+00:00,-0.007041666666666835,0.0002363821113637003,2.1414999999999997,2.14877804877803,3.107490690145679
2026-06-04 02:32:00+00:00,0.005250000000000198,0.0001802544066837423,2.14675,2.1416802544066833,3.1076709445523627
2026-06-04 02:34:00+00:00,-0.00470833333333287,0.00015747140790333604,2.142041666666667,2.146907471407903,3.1078284159602663
2026-06-04 02:36:00+00:00,0.002583333333332938,0.0004188127576683365,2.144625,2.1424604794243356,3.1082472287179344
2026-06-04 02:38:00+00:00,0.0009583333333331723,0.00021726151749799054,2.145583333333333,2.144842261517498,3.1084644902354324
2026-06-04 02:40:00+00:00,0.0,0.00025627302075732593,2.145583333333333,2.1458396063540905,3.1087207632561897
2026-06-04 02:42:00+00:00,0.0027083333333335347,0.00019717829123447027,2.1482916666666667,2.145780511624568,3.1089179415474244
2026-06-04 02:44:00+00:00,0.0042083333333335915,0.00022527489508498993,2.1525000000000003,2.1485169415617515,3.1091432164425092
2026-06-04 02:46:00+00:00,-0.00037500000000001427,0.0002499187036882732,2.1521250000000003,2.1527499187036887,3.1093931351461976
2026-06-04 02:48:00+00:00,-0.0024166666666665115,0.00018352117335110785,2.1497083333333338,2.1523085211733513,3.1095766563195486
2026-06-04 02:50:00+00:00,-0.0003750000000004583,0.0004295280038688965,2.1493333333333333,2.150137861337203,3.1100061843234172
2026-06-04 02:52:00+00:00,0.002583333333332938,0.00013442116498479578,2.1519166666666663,2.149467754498318,3.110140605488402
2026-06-04 02:54:00+00:00,0.0024166666666660674,0.00016084507550110624,2.1543333333333323,2.1520775117421675,3.1103014505639033
2026-06-04 02:56:00+00:00,-0.0042916666666661385,4.0104670896344414e-05,2.150041666666666,2.1543734380042285,3.1103415552347995
2026-06-04 02:58:00+00:00,0.0003333333333332966,0.0002903702417388147,2.1503749999999995,2.150332036908405,3.1106319254765387
2026-06-04 03:00:00+00:00,0.0036249999999999893,0.00037789380643511424,2.1539999999999995,2.1507528938064344,3.1110098192829736
2026-06-04 03:02:00+00:00,-0.0037916666666655274,0.00034960907790804917,2.150208333333334,2.1543496090779075,3.1113594283608816
2026-06-04 03:04:00+00:00,-0.0004583333333338935,0.0002449441422552765,2.14975,2.1504532774755893,3.111604372503137
2026-06-04 03:06:00+00:00,0.0028333333333332433,0.0001600082089037718,2.1525833333333333,2.149910008208904,3.1117643807120405
2026-06-04 03:08:00+00:00,8.333333333387927e-05,0.00019822529152343344,2.152666666666667,2.1527815586248567,3.111962606003564
2026-06-04 03:10:00+00:00,-0.0006231884057972259,0.0003512964357311029,2.15204347826087,2.1530179631023985,3.112313902439295
2026-06-04 03:12:00+00:00,0.0033315217391294283,0.0002526960317821194,2.1553749999999994,2.152296174292652,3.1125665984710773
2026-06-04 03:14:00+00:00,-0.010416666666666519,0.00013310848444232694,2.144958333333333,2.1555081084844416,3.1126997069555196
2026-06-04 03:16:00+00:00,0.007333333333333859,0.00026887056177167756,2.1522916666666667,2.1452272038951046,3.1129685775172913
2026-06-04 03:18:00+00:00,-0.002874999999999961,0.0003623858351880792,2.1494166666666668,2.152654052501855,3.1133309633524795
2026-06-04 03:20:00+00:00,0.0006249999999994316,0.00022435104047565957,2.150041666666666,2.1496410177071423,3.113555314392955
2026-06-04 03:22:00+00:00,0.0017499999999999183,0.00019581058815429316,2.151791666666666,2.1502374772548203,3.1137511249811096
2026-06-04 03:24:00+00:00,-0.0015833333333326038,0.00022808209255644924,2.1502083333333335,2.1520197487592228,3.113979207073666
2026-06-04 03:26:00+00:00,-0.001083333333333325,0.0002686515196691818,2.149125,2.1504769848530025,3.114247858593335
2026-06-04 03:28:00+00:00,0.004166666666665986,0.0002742218965819338,2.153291666666666,2.1493992218965823,3.114522080489917
2026-06-04 03:30:00+00:00,-0.0040000000000000036,0.00022416081970243952,2.149291666666666,2.1535158274863684,3.1147462413096196
2026-06-04 03:32:00+00:00,0.005416666666667069,0.0003448451741908499,2.1547083333333332,2.149636511840857,3.1150910864838104
2026-06-04 03:34:00+00:00,-0.004458333333333453,0.00021246250416149167,2.1502499999999998,2.1549207958374947,3.115303548987972
2026-06-04 03:36:00+00:00,0.0011250000000004867,0.00015869081214378512,2.1513750000000003,2.1504086908121436,3.1154622398001157
2026-06-04 03:38:00+00:00,0.0009583333333322841,0.00040204293622319166,2.1523333333333325,2.1517770429362235,3.1158642827363385
2026-06-04 03:40:00+00:00,-0.001666666666666039,5.827678101679726e-05,2.1506666666666665,2.1523916101143494,3.1159225595173554
2026-06-04 03:42:00+00:00,-8.333333333299109e-05,1.7584208224431915e-05,2.1505833333333335,2.150684250874891,3.11594014372558
2026-06-04 03:44:00+00:00,-0.007166666666666988,0.000549134424266638,2.1434166666666665,2.1511324677576003,3.1164892781498468
2026-06-04 03:46:00+00:00,0.0014166666666666217,-2.7264437606690156e-06,2.144833333333333,2.143413940222906,3.116486551706086
2026-06-04 03:48:00+00:00,0.007208333333333261,0.0003669139280293859,2.1520416666666664,2.1452002472613625,3.116853465634115
2026-06-04 03:50:00+00:00,-0.0028333333333327992,0.0003271756032481326,2.1492083333333336,2.1523688422699148,3.1171806412373635
2026-06-04 03:52:00+00:00,0.003617753623188058,0.00013029552270501246,2.1528260869565217,2.1493386288560385,3.1173109367600684
2026-06-04 03:54:00+00:00,-0.0020760869565217277,0.0003595419560248144,2.15075,2.1531856289125466,3.1176704787160934
2026-06-04 03:56:00+00:00,-0.00012499999999970868,0.0002897723301623848,2.1506250000000002,2.1510397723301624,3.117960251046256
2026-06-04 03:58:00+00:00,0.0022499999999996407,0.00014173863028795,2.152875,2.150766738630288,3.1181019896765436
2026-06-04 04:00:00+00:00,-0.0002916666666670231,0.00047255929652594784,2.152583333333333,2.1533475592965257,3.1185745489730694
2026-06-04 04:02:00+00:00,-0.002874999999999517,0.0001748187039823334,2.1497083333333333,2.152758152037315,3.1187493676770517
2026-06-04 04:04:00+00:00,0.0007916666666663019,0.0002602278311581293,2.1504999999999996,2.1499685611644916,3.11900959550821
2026-06-04 04:06:00+00:00,-0.00024999999999941735,0.0003246927767370678,2.15025,2.1508246927767365,3.119334288284947
2026-06-04 04:08:00+00:00,-0.0008333333333334636,0.00012228109706967577,2.1494166666666668,2.15037228109707,3.1194565693820167
2026-06-04 04:10:00+00:00,-0.0017499999999994742,2.9538247559681075e-05,2.1476666666666673,2.149446204914226,3.1194861076295766
2026-06-04 04:12:00+00:00,0.002874999999999517,0.00031636184050386635,2.150541666666667,2.1479830285071713,3.11980246947008
2026-06-04 04:14:00+00:00,-0.0007916666666671901,0.0004690268496050766,2.1497499999999996,2.151010693516272,3.120271496319685
2026-06-04 04:16:00+00:00,-0.0010416666666666075,0.00014970641777227683,2.148708333333333,2.149899706417772,3.1204212027374574
2026-06-04 04:18:00+00:00,-0.002583333333333826,0.0001494098200928208,2.146124999999999,2.148857743153426,3.1205706125575503
2026-06-04 04:20:00+00:00,0.002875000000001293,0.0003747292244806355,2.1490000000000005,2.14649972922448,3.120945341782031
2026-06-04 04:22:00+00:00,0.003749999999999254,0.0001903334875435609,2.1527499999999997,2.149190333487544,3.1211356752695747
2026-06-04 04:24:00+00:00,-0.002749999999999364,0.0002845630059018328,2.1500000000000004,2.1530345630059013,3.1214202382754763
2026-06-04 04:26:00+00:00,0.0001500000000000945,0.0003990376576159826,2.1501500000000004,2.1503990376576163,3.1218192759330923
2026-06-04 04:28:00+00:00,-0.0008583333333334053,6.483075129410575e-05,2.149291666666667,2.1502148307512945,3.1218841066843863
2026-06-04 04:30:00+00:00,-8.881784197001252e-16,0.0002429863879611992,2.149291666666666,2.149534653054628,3.122127093072348
2026-06-04 04:32:00+00:00,-0.0006666666666661492,0.00030139361415054103,2.148625,2.1495930602808166,3.1224284866864984
2026-06-04 04:34:00+00:00,0.0014184782608701596,0.0003283667101834746,2.15004347826087,2.1489533667101837,3.1227568533966816
2026-06-04 04:36:00+00:00,0.0010398550724630695,0.00020510572885781104,2.1510833333333332,2.150248583989728,3.1229619591255395
2026-06-04 04:38:00+00:00,-0.0029166666666671226,0.00022219048882831464,2.148166666666666,2.1513055238221614,3.1231841496143677
2026-06-04 04:40:00+00:00,0.0019583333333339503,0.00029641486052419514,2.150125,2.1484630815271903,3.123480564474892
2026-06-04 04:42:00+00:00,0.003375000000000128,0.00017758764768948125,2.1535,2.1503025876476896,3.1236581521225815
2026-06-04 04:44:00+00:00,-0.004458333333333453,0.0004257938076430949,2.1490416666666667,2.1539257938076433,3.1240839459302245
2026-06-04 04:46:00+00:00,-0.0018333333333337973,0.00013266568401981748,2.147208333333333,2.1491743323506864,3.1242166116142442
2026-06-04 04:48:00+00:00,-0.00020833333333269977,0.00028935049070662135,2.1470000000000002,2.1474976838240396,3.124505962104951
2026-06-04 04:50:00+00:00,0.0020416666666664973,0.00010976635187397087,2.1490416666666667,2.1471097663518743,3.124615728456825
2026-06-04 04:52:00+00:00,-0.0025679824561404274,0.00026546126053043917,2.1464736842105263,2.149307127927197,3.1248811897173554
2026-06-04 04:54:00+00:00,0.0013596491228073937,0.00020954159344543528,2.1478333333333337,2.146683225803972,3.125090731310801
2026-06-04 04:56:00+00:00,0.0019166666666667886,0.0002188477386564948,2.1497500000000005,2.14805218107199,3.1253095790494574
2026-06-04 04:58:00+00:00,0.0017083333333332007,0.00033327943676457055,2.1514583333333337,2.1500832794367652,3.1256428584862217
2026-06-04 05:00:00+00:00,0.0007499999999995843,0.00032705088549599387,2.1522083333333333,2.1517853842188295,3.125969909371718
2026-06-04 05:02:00+00:00,-0.0011666666666663161,0.00021249342158744205,2.151041666666667,2.1524208267549207,3.1261824027933054
2026-06-04 05:04:00+00:00,-0.0027083333333335347,0.00012858930001188732,2.1483333333333334,2.151170255966679,3.1263109920933174
2026-06-04 05:06:00+00:00,0.0014999999999996128,0.0002869860936576715,2.149833333333333,2.1486203194269913,3.126597978186975
2026-06-04 05:08:00+00:00,0.005749999999999922,0.00027617023481673063,2.155583333333333,2.15010950356815,3.1268741484217917
2026-06-04 05:10:00+00:00,-0.009500000000000064,0.0002617941393982248,2.146083333333333,2.1558451274727313,3.12713594256119
2026-06-04 05:12:00+00:00,0.007612318840580112,0.00026428220615097613,2.153695652173913,2.146347615539484,3.127400224767341
2026-06-04 05:14:00+00:00,-0.002975652173913712,0.00038128214670960663,2.1507199999999993,2.1540769343206225,3.1277815069140504
2026-06-04 05:16:00+00:00,-0.0007634782608687551,0.00011814654637902543,2.1499565217391305,2.1508381465463784,3.1278996534604295
2026-06-04 05:18:00+00:00,0.0027101449275366285,0.00021092501725067188,2.152666666666667,2.1501674467563814,3.12811057847768
2026-06-04 05:20:00+00:00,-0.0034166666666668455,8.599085131814106e-05,2.1492500000000003,2.1527526575179854,3.128196569328998
2026-06-04 05:22:00+00:00,-0.00025000000000030553,0.00037987618986511806,2.149,2.1496298761898656,3.1285764455188634
2026-06-04 05:24:00+00:00,0.00533333333333319,0.00017542447592129308,2.154333333333333,2.149175424475921,3.1287518699947845
2026-06-04 05:26:00+00:00,-0.005499999999999616,0.00028662975722298933,2.1488333333333336,2.154619963090556,3.1290384997520078
2026-06-04 05:28:00+00:00,0.003916666666666568,0.00015308165744255301,2.15275,2.1489864149907763,3.12919158140945
2026-06-04 05:30:00+00:00,-0.005541666666667222,0.00031313437564914955,2.147208333333333,2.1530631343756492,3.1295047157850995
2026-06-04 05:32:00+00:00,0.007541666666667001,0.00011873712161709424,2.15475,2.14732707045495,3.1296234529067166
2026-06-04 05:34:00+00:00,0.001583333333333048,0.00028758086108908947,2.156333333333333,2.155037580861089,3.1299110337678053
2026-06-04 05:36:00+00:00,-0.002958333333332952,0.00026270541742750756,2.153375,2.1565960387507603,3.130173739185233
2026-06-04 05:38:00+00:00,0.002583333333332938,8.682719389130683e-05,2.155958333333333,2.1534618271938912,3.1302605663791243
2026-06-04 05:40:00+00:00,-0.007083333333333552,0.00030857169721271193,2.1488749999999994,2.1562669050305456,3.130569138076337
2026-06-04 05:42:00+00:00,0.007625000000000437,0.00026480675434379503,2.1565,2.1491398067543432,3.130833944830681
2026-06-04 05:44:00+00:00,-0.002874999999999961,0.00035947540495539576,2.153625,2.1568594754049553,3.131193420235636
2026-06-04 05:46:00+00:00,0.00733333333333297,0.00013408369342018502,2.160958333333333,2.15375908369342,3.1313275039290565
2026-06-04 05:48:00+00:00,-0.010624999999999218,0.00015907387381106845,2.1503333333333337,2.161117407207144,3.1314865778028675
2026-06-04 05:50:00+00:00,0.0027083333333330906,0.0002919318337613924,2.1530416666666667,2.150625265167095,3.131778509636629
2026-06-04 05:52:00+00:00,-0.006041666666666501,0.00014240466500630447,2.1470000000000002,2.153184071331673,3.1319209143016353
2026-06-04 05:54:00+00:00,0.003374999999999684,0.00026031953538764303,2.150375,2.147260319535388,3.1321812338370227
2026-06-04 05:56:00+00:00,0.0017554347826083117,0.00047865998589737387,2.1521304347826082,2.150853659985897,3.13265989382292
2026-06-04 05:58:00+00:00,-0.0003804347826084076,3.4874348311854707e-06,2.15175,2.1521339222174394,3.1326633812577516
2026-06-04 06:00:00+00:00,0.0034166666666668455,0.0002462625870636005,2.1551666666666667,2.1519962625870632,3.132909643844815
2026-06-04 06:02:00+00:00,-0.001377192982456421,0.00028139475577817347,2.1537894736842103,2.1554480614224447,3.133191038600593
2026-06-04 06:04:00+00:00,-8.114035087736227e-05,0.00016396039918373188,2.153708333333333,2.153953434083394,3.133354998999777
2026-06-04 06:06:00+00:00,0.0016250000000006537,0.00019881481871316496,2.1553333333333335,2.153907148152046,3.13355381381849
2026-06-04 06:08:00+00:00,-0.004083333333333883,0.00016881076688875845,2.1512499999999997,2.1555021441002222,3.1337226245853786
2026-06-04 06:10:00+00:00,0.0014583333333333393,0.00037073668433968934,2.152708333333333,2.151620736684339,3.1340933612697186
2026-06-04 06:12:00+00:00,0.0004583333333338935,0.00019291902279168117,2.153166666666667,2.152901252356125,3.1342862802925104
2026-06-04 06:14:00+00:00,0.00012500000000015277,0.00038537949168428285,2.153291666666667,2.1535520461583513,3.1346716597841944
2026-06-04 06:16:00+00:00,0.005666666666666043,-2.537214897650245e-05,2.158958333333333,2.1532662945176906,3.134646287635218
2026-06-04 06:18:00+00:00,-0.0068749999999999645,0.0004303156121943778,2.152083333333333,2.1593886489455274,3.1350766032474127
2026-06-04 06:20:00+00:00,-0.0004166666666658436,1.1769637072573611e-05,2.1516666666666673,2.1520951029704056,3.135088372884485
2026-06-04 06:22:00+00:00,0.000583333333332714,0.00040027487867816576,2.15225,2.1520669415453453,3.1354886477631636
2026-06-04 06:24:00+00:00,0.003083333333333549,0.0003242829898371833,2.1553333333333335,2.1525742829898373,3.1358129307530005
2026-06-04 06:26:00+00:00,0.002166666666665762,0.00026762076412944677,2.1574999999999993,2.155600954097463,3.13608055151713
2026-06-04 06:28:00+00:00,0.004291666666667027,0.0001051517950448369,2.1617916666666663,2.1576051517950443,3.136185703312175
2026-06-04 06:30:00+00:00,0.0005416666666668846,-1.1094585453973442e-05,2.162333333333333,2.1617805720812124,3.136174608726721
2026-06-04 06:32:00+00:00,-0.00045833333333344933,0.0002463066050937671,2.1618749999999998,2.162579639938427,3.1364209153318146
2026-06-04 06:34:00+00:00,-0.0005833333333331581,0.0002598038956056912,2.1612916666666666,2.1621348038956056,3.1366807192274204
2026-06-04 06:36:00+00:00,-0.0019232456140345633,0.00011240743368396805,2.159368421052632,2.1614040741003504,3.136793126661104
2026-06-04 06:38:00+00:00,0.0008421052631577552,0.000648604167935657,2.16021052631579,2.1600170252205677,3.13744173082904
2026-06-04 06:40:00+00:00,0.0023311403508774475,0.0002845850149169161,2.1625416666666673,2.160495111330707,3.137726315843957
2026-06-04 06:42:00+00:00,8.3333333332547e-05,0.00030809169107422836,2.162625,2.1628497583577415,3.1380344075350313
2026-06-04 06:44:00+00:00,-0.002458333333333229,-7.656825811135429e-05,2.1601666666666666,2.1625484317418886,3.13795783927692
2026-06-04 06:46:00+00:00,-0.0034166666666668455,8.582054346332973e-05,2.1567499999999997,2.16025248721013,3.138043659820383
2026-06-04 06:48:00+00:00,0.0004166666666671759,0.00029020674619819584,2.157166666666667,2.157040206746198,3.1383338665665814
2026-06-04 06:50:00+00:00,-0.0015833333333339361,0.0002590849344463031,2.155583333333333,2.1574257516011133,3.1385929515010274
2026-06-04 06:52:00+00:00,-0.001500000000000057,0.00011868157505521732,2.154083333333333,2.155702014908388,3.138711633076083
2026-06-04 06:54:00+00:00,0.004875000000000184,0.00022011797324130296,2.158958333333333,2.1543034513065744,3.138931751049324
2026-06-04 06:56:00+00:00,0.002625000000000099,0.0004318866366519912,2.161583333333333,2.159390219969985,3.139363637685976
2026-06-04 06:58:00+00:00,-0.002458333333333229,0.00015557863260617138,2.159125,2.1617389119659394,3.139519216318582
2026-06-04 07:00:00+00:00,-0.0025416666666675525,0.00012515012939303582,2.1565833333333324,2.159250150129393,3.139644366447975
2026-06-04 07:02:00+00:00,0.0018750000000005151,1.3545030955960607e-05,2.158458333333333,2.1565968783642884,3.139657911478931
2026-06-04 07:04:00+00:00,0.0013750000000003482,-6.776413214780051e-05,2.1598333333333333,2.158390569201185,3.1395901473467833
2026-06-04 07:06:00+00:00,0.0011666666666676484,0.00012363098332811878,2.161000000000001,2.1599569643166614,3.1397137783301114
2026-06-04 07:08:00+00:00,-0.0002500000000007496,0.00024018443073142641,2.16075,2.1612401844307323,3.139953962760843
2026-06-04 07:10:00+00:00,0.0009166666666664547,1.7322196140106796e-05,2.1616666666666666,2.1607673221961403,3.139971284956983
2026-06-04 07:12:00+00:00,-0.0013333333333336306,0.00033681869599963424,2.160333333333333,2.1620034853626664,3.1403081036529827
2026-06-04 07:14:00+00:00,0.003000000000000558,0.00026000145271727235,2.1633333333333336,2.1605933347860504,3.1405681051057
2026-06-04 07:16:00+00:00,-0.0002916666666670231,0.0002210874179533059,2.1630416666666665,2.1635544207512867,3.1407891925236533
2026-06-04 07:18:00+00:00,0.003567028985507203,0.00034870356414462155,2.1666086956521737,2.163390370230811,3.1411378960877983
2026-06-04 07:20:00+00:00,-0.0009420289855075481,0.0005801252136006129,2.165666666666666,2.1671888208657744,3.141718021301399
2026-06-04 07:22:00+00:00,-0.0010833333333324369,0.0004572829439614562,2.1645833333333337,2.1661239496106277,3.14217530424536
2026-06-04 07:24:00+00:00,-0.002000000000001112,0.0019108740439014906,2.1625833333333326,2.166494207377235,3.1440861782892613
2026-06-04 07:26:00+00:00,-0.0019166666666663446,0.001428868229190306,2.1606666666666663,2.164012201562523,3.145515046518452
2026-06-04 07:28:00+00:00,0.0009999999999998899,0.000960240817007783,2.161666666666666,2.161626907483674,3.1464752873354596
2026-06-04 07:30:00+00:00,0.005666666666666931,0.0009127862363431551,2.167333333333333,2.1625794529030093,3.1473880735718027
2026-06-04 07:32:00+00:00,-0.0008750000000006253,0.0005201585078611233,2.1664583333333325,2.167853491841194,3.147908232079664
2026-06-04 07:34:00+00:00,-0.0036249999999999893,0.00029347246481722407,2.1628333333333325,2.1667518057981496,3.1482017045444812
2026-06-04 07:36:00+00:00,0.003458333333334007,0.00015288986459682701,2.1662916666666665,2.162986223197929,3.148354594409078
2026-06-04 07:38:00+00:00,0.0014166666666666217,-1.2560281053688149e-05,2.167708333333333,2.1662791063856126,3.1483420341280244
2026-06-04 07:40:00+00:00,-8.333333333343518e-05,8.354523052305041e-05,2.1676249999999997,2.167791878563856,3.1484255793585474
2026-06-04 07:42:00+00:00,0.0017500000000003624,0.0007965057973438367,2.169375,2.1684215057973435,3.149222085155891
2026-06-04 07:44:00+00:00,-0.00012500000000059686,0.00035791433695698676,2.1692499999999995,2.169732914336957,3.149579999492848
2026-06-04 07:46:00+00:00,-0.0006249999999998757,0.0005445298238967084,2.1686249999999996,2.1697945298238963,3.150124529316745
2026-06-04 07:48:00+00:00,-0.0009583333333331723,2.7004590704257187e-05,2.1676666666666664,2.1686520045907036,3.150151533907449
2026-06-04 07:50:00+00:00,0.00020833333333314386,0.0003772539729251923,2.1678749999999996,2.1680439206395916,3.1505287878803743
2026-06-04 07:52:00+00:00,0.0003749999999995701,0.00015161963001201884,2.168249999999999,2.1680266196300115,3.1506804075103862
2026-06-04 07:54:00+00:00,-0.003999999999998671,0.00010703513790696584,2.1642500000000005,2.1683570351379062,3.1507874426482934
2026-06-04 07:56:00+00:00,0.0032282608695650694,0.0005030601232622348,2.1674782608695655,2.1647530601232625,3.1512905027715554
2026-06-04 07:58:00+00:00,0.001563405797100792,0.0006244524180267363,2.1690416666666663,2.1681027132875923,3.151914955189582
2026-06-04 08:00:00+00:00,-0.0028333333333341315,-9.417547017800219e-05,2.166208333333332,2.168947491196488,3.1518207797194044
2026-06-04 08:02:00+00:00,0.0031666666666678722,0.0003305073489124108,2.169375,2.166538840682245,3.1521512870683166
2026-06-04 08:04:00+00:00,-0.0016250000000006537,0.00021562813416430775,2.1677499999999994,2.169590628134164,3.152366915202481
2026-06-04 08:06:00+00:00,-0.0023333333333326323,2.4100972785766236e-05,2.1654166666666668,2.1677741009727853,3.1523910161752666
2026-06-04 08:08:00+00:00,-0.0007916666666671901,0.0005402930884931713,2.1646249999999996,2.16595695975516,3.15293130926376
2026-06-04 08:10:00+00:00,-0.002666666666666373,2.30199109258408e-05,2.161958333333333,2.1646480199109255,3.1529543291746855
2026-06-04 08:12:00+00:00,0.0009583333333340606,0.00036264941934491024,2.1629166666666673,2.162320982752678,3.1533169785940305
2026-06-04 08:14:00+00:00,0.0009166666666655665,0.0003568002615744363,2.163833333333333,2.1632734669282416,3.1536737788556053
2026-06-04 08:16:00+00:00,0.007708333333333428,0.0003859124242638001,2.1715416666666663,2.1642192457575966,3.154059691279869
2026-06-04 08:18:00+00:00,-0.007249999999999535,-0.00011630605886843891,2.1642916666666667,2.171425360607798,3.1539433852210004
2026-06-04 08:20:00+00:00,0.00849999999999973,-0.0002887403955682703,2.1727916666666665,2.1640029262710985,3.153654644825432
2026-06-04 08:22:00+00:00,-0.005208333333333037,0.0006251829077178348,2.1675833333333334,2.173416849574384,3.15427982773315
2026-06-04 08:24:00+00:00,-0.003041666666666387,0.00028620582167055125,2.164541666666667,2.167869539155004,3.1545660335548207
2026-06-04 08:26:00+00:00,-0.0055000000000005045,-0.00012278509368963042,2.1590416666666665,2.1644188815729772,3.154443248461131
2026-06-04 08:28:00+00:00,0.005625000000000214,0.0005817978987469445,2.1646666666666667,2.1596234645654135,3.155025046359878
2026-06-04 08:30:00+00:00,-0.0010416666666670515,0.0005396815522883564,2.1636249999999997,2.165206348218955,3.155564727912166
2026-06-04 08:32:00+00:00,0.0036249999999999893,-2.820764375306887e-05,2.1672499999999997,2.1635967923562465,3.155536520268413
2026-06-04 08:34:00+00:00,-0.0045000000000001705,0.00018192866390257979,2.1627499999999995,2.1674319286639023,3.1557184489323156
2026-06-04 08:36:00+00:00,0.004791666666667194,-4.2492018566305624e-05,2.1675416666666667,2.162707507981433,3.155675956913749
2026-06-04 08:38:00+00:00,-0.005802536231884314,0.00036207561288023826,2.1617391304347824,2.167903742279547,3.1560380325266295
2026-06-04 08:40:00+00:00,0.0048858695652174156,0.00037842988315964346,2.166625,2.162117560317942,3.1564164624097892
2026-06-04 08:42:00+00:00,0.008083333333332998,0.0005494787081454412,2.174708333333333,2.1671744787081453,3.1569659411179347
2026-06-04 08:44:00+00:00,-0.015499999999999847,0.00016537840858409943,2.159208333333333,2.174873711741917,3.1571313195265187
2026-06-04 08:46:00+00:00,0.002000000000000668,0.0002435953040451708,2.1612083333333336,2.1594519286373783,3.157374914830564
2026-06-04 08:48:00+00:00,0.0017083333333327566,0.0003896308997645422,2.1629166666666664,2.1615979642330982,3.1577645457303283
2026-06-04 08:50:00+00:00,-0.0055833333333330515,-0.00018269206886177157,2.1573333333333333,2.1627339745978045,3.1575818536614664
2026-06-04 08:52:00+00:00,0.0016666666666669272,0.0006316016797596315,2.1590000000000003,2.157964935013093,3.158213455341226
2026-06-04 08:54:00+00:00,-0.0033333333333338544,0.0002287627999515259,2.1556666666666664,2.159228762799952,3.158442218141178
2026-06-04 08:56:00+00:00,-0.0018333333333337973,0.00030172427340095933,2.1538333333333326,2.1559683909400675,3.1587439424145787
2026-06-04 08:58:00+00:00,0.0070833333333339965,0.00021641993468313826,2.1609166666666666,2.1540497532680156,3.1589603623492617
2026-06-04 09:00:00+00:00,-0.00179166666666708,-4.14308696247889e-05,2.1591249999999995,2.1608752357970418,3.158918931479637
2026-06-04 09:02:00+00:00,0.000500000000000167,-0.0008726594786468898,2.1596249999999997,2.1582523405213525,3.1580462720009903
2026-06-04 09:04:00+00:00,-0.0025416666666666643,-0.0002609204928545532,2.157083333333333,2.159364079507145,3.1577853515081356
2026-06-04 09:06:00+00:00,-0.0009583333333331723,-0.00014570696706260662,2.156125,2.1569376263662705,3.157639644541073
2026-06-04 09:08:00+00:00,0.0012083333333334778,-0.00036403428421661065,2.1573333333333333,2.1557609657157832,3.1572756102568564
2026-06-04 09:10:00+00:00,0.00216666666666665,-0.0008653503895425564,2.1595,2.156467982943791,3.1564102598673136
2026-06-04 09:12:00+00:00,-0.00512500000000049,0.0004960340072089724,2.1543749999999995,2.159996034007209,3.1569062938745227
2026-06-04 09:14:00+00:00,0.007249999999999979,0.0005179335012410344,2.1616249999999995,2.1548929335012406,3.157424227375764
2026-06-04 09:16:00+00:00,-0.004833333333333023,0.0006230993876232814,2.1567916666666664,2.1622480993876225,3.158047326763387
2026-06-04 09:18:00+00:00,0.002251811594202735,4.4945082142166635e-05,2.159043478260869,2.1568366117488087,3.158092271845529
2026-06-04 09:20:00+00:00,-0.0003351449275359464,0.00033003572716062556,2.1587083333333332,2.15937351398803,3.15842230757269
2026-06-04 09:22:00+00:00,0.0010416666666670515,0.00019315064147422457,2.1597500000000003,2.1589014839748075,3.158615458214164
2026-06-04 09:24:00+00:00,-0.0005416666666668846,0.00021370968168287925,2.1592083333333334,2.159963709681683,3.158829167895847
2026-06-04 09:26:00+00:00,0.0007499999999995843,0.00034653882030392745,2.159958333333333,2.1595548721536373,3.1591757067161508
2026-06-04 09:28:00+00:00,4.166666666671759e-05,9.009762872785294e-05,2.1599999999999997,2.160048430962061,3.1592658043448787
2026-06-04 09:30:00+00:00,-0.005916666666666792,0.0002572115480433785,2.154083333333333,2.160257211548043,3.1595230158929217
2026-06-04 09:32:00+00:00,0.0014166666666666217,0.00018217233514100217,2.1554999999999995,2.154265505668474,3.159705188228063
2026-06-04 09:34:00+00:00,0.004541666666666888,0.00033477133357271777,2.1600416666666664,2.155834771333572,3.1600399595616357
2026-06-04 09:36:00+00:00,-0.0015416666666663303,0.0002865637301777394,2.1585,2.160328230396844,3.1603265232918134
2026-06-04 09:38:00+00:00,0.0027916666666665257,0.00010442340145041307,2.1612916666666666,2.1586044234014503,3.160430946693264
2026-06-04 09:40:00+00:00,-0.007333333333333414,0.00024341870790033567,2.153958333333333,2.1615350853745667,3.160674365401164
2026-06-04 09:42:00+00:00,0.005041666666666167,0.00043523934328301543,2.1589999999999994,2.154393572676616,3.161109604744447
2026-06-04 09:44:00+00:00,-0.0043333333333333,-4.7943441992774024e-05,2.154666666666666,2.1589520565580065,3.1610616613024547
2026-06-04 09:46:00+00:00,0.005083333333334217,0.0003048055355126227,2.1597500000000003,2.154971472202179,3.161366466837967
2026-06-04 09:48:00+00:00,-0.0022083333333338118,2.916985856911996e-05,2.1575416666666665,2.1597791698585693,3.161395636696536
2026-06-04 09:50:00+00:00,-0.0006666666666665932,0.00027790108664578234,2.156875,2.1578195677533123,3.161673537783182
2026-06-04 09:52:00+00:00,0.002458333333333229,0.0001599400857618473,2.159333333333333,2.1570349400857616,3.161833477868944
2026-06-04 09:54:00+00:00,-0.0037916666666664156,0.0004078842336311358,2.1555416666666667,2.1597412175669644,3.162241362102575
2026-06-04 09:56:00+00:00,-0.0006249999999998757,0.0002455672069918016,2.154916666666667,2.1557872338736583,3.1624869293095665
2026-06-04 09:58:00+00:00,0.0027355072463763896,0.00017031576430112194,2.157652173913043,2.155086982430968,3.162657245073868
2026-06-04 10:00:00+00:00,-0.0014021739130432032,0.00023485929712960274,2.15625,2.157887033210173,3.1628921043709974
2026-06-04 10:02:00+00:00,-0.0021249999999999325,0.00023830685213515262,2.154125,2.156488306852135,3.1631304112231327
2026-06-04 10:04:00+00:00,0.0015416666666663303,0.00015945745950252043,2.1556666666666664,2.1542844574595024,3.163289868682635
2026-06-04 10:06:00+00:00,-0.0008333333333330195,0.00030109701647108503,2.1548333333333334,2.1559677636831376,3.163590965699106
2026-06-04 10:08:00+00:00,0.00029166666666613494,0.00019761794751196784,2.1551249999999995,2.155030951280845,3.1637885836466184
2026-06-04 10:10:00+00:00,0.0012083333333334778,0.0004083757683013298,2.156333333333333,2.155533375768301,3.1641969594149195
2026-06-04 10:12:00+00:00,-0.001291666666666469,8.048702547480764e-05,2.1550416666666665,2.1564138203588077,3.164277446440394
2026-06-04 10:14:00+00:00,-0.001291666666666469,0.00026955336526342884,2.15375,2.1553112200319298,3.164546999805658
2026-06-04 10:16:00+00:00,0.0016666666666664831,3.5265831723028146e-05,2.1554166666666665,2.153785265831723,3.1645822656373808
2026-06-04 10:18:00+00:00,0.00016666666666642624,0.00040990382277711384,2.155583333333333,2.1558265704894435,3.1649921694601577
2026-06-04 10:20:00+00:00,0.0004583333333338935,0.00020344090407400925,2.156041666666667,2.155786774237407,3.165195610364232
2026-06-04 10:22:00+00:00,-0.003750000000000586,0.00014038717195700106,2.1522916666666663,2.156182053838624,3.165335997536189
2026-06-04 10:24:00+00:00,0.00012500000000059686,0.0003466137557600444,2.152416666666667,2.152638280422426,3.165682611291949
2026-06-04 10:26:00+00:00,0.0036249999999999893,0.00015500325406899343,2.156041666666667,2.152571669920736,3.165837614546018
2026-06-04 10:28:00+00:00,-0.003666666666666263,0.00027351813212343653,2.1523750000000006,2.1563151847987903,3.1661111326781413
2026-06-04 10:30:00+00:00,0.0024999999999995026,0.00016623309200316795,2.154875,2.1525412330920037,3.1662773657701444
2026-06-04 10:32:00+00:00,0.0007500000000000285,0.00033718760901436397,2.155625,2.1552121876090147,3.166614553379159
2026-06-04 10:34:00+00:00,0.002458333333332785,0.0001158680892937342,2.158083333333333,2.155740868089294,3.1667304214684524
2026-06-04 10:36:00+00:00,0.0034166666666668455,0.000300012286441979,2.1614999999999998,2.1583833456197747,3.1670304337548947
2026-06-04 10:38:00+00:00,-0.0022391304347828545,0.00018320990299492963,2.159260869565217,2.1616832099029946,3.1672136436578895
2026-06-04 10:40:00+00:00,-0.0030942028985498915,0.0002519739264777194,2.156166666666667,2.1595128434916946,3.167465617584367
2026-06-04 10:42:00+00:00,-0.0034166666666664014,0.00027981744303053627,2.1527500000000006,2.1564464841096975,3.1677454350273977
2026-06-04 10:44:00+00:00,-0.0011666666666672043,0.00022983600144892158,2.1515833333333334,2.1529798360014496,3.1679752710288467
2026-06-04 10:46:00+00:00,0.0074583333333331225,0.00018769292975773238,2.1590416666666665,2.1517710262630914,3.168162963958604
2026-06-04 10:48:00+00:00,-0.0047916666666663055,0.00022125143751809342,2.15425,2.1592629181041847,3.1683842153961224
2026-06-04 10:50:00+00:00,-0.0005416666666664405,0.0003014764099691878,2.153708333333334,2.1545514764099694,3.1686856918060915
2026-06-04 10:52:00+00:00,0.00316666666666654,0.00023001626576293725,2.1568750000000003,2.153938349599097,3.1689157080718546
2026-06-04 10:54:00+00:00,-0.00620833333333337,9.467759996185601e-05,2.150666666666667,2.156969677599962,3.1690103856718164
2026-06-04 10:56:00+00:00,0.007083333333332664,0.000173406458847821,2.1577499999999996,2.1508400731255146,3.169183792130664
2026-06-04 10:58:00+00:00,-0.0029166666666666785,0.00037874586973333954,2.154833333333333,2.158128745869733,3.169562538000397
2026-06-04 11:00:00+00:00,-0.0029166666666666785,0.0001973066771557896,2.1519166666666663,2.1550306400104886,3.1697598446775532
2026-06-04 11:02:00+00:00,-0.0009999999999998899,0.0002784303510561191,2.1509166666666664,2.152195097017722,3.170038275028609
2026-06-04 11:04:00+00:00,0.007416666666667293,9.724951058159136e-05,2.1583333333333337,2.151013916177248,3.170135524539191
2026-06-04 11:06:00+00:00,-0.001291666666666913,0.0002755356415484952,2.1570416666666667,2.1586088689748824,3.170411060180739
2026-06-04 11:08:00+00:00,-0.0057916666666670835,0.00022367242917725752,2.1512499999999997,2.157265339095844,3.1706347326099165
2026-06-04 11:10:00+00:00,0.005375000000000352,0.00018166874791492927,2.156625,2.1514316687479145,3.1708164013578317
2026-06-04 11:12:00+00:00,-0.001791666666666192,0.00045143955045683743,2.154833333333334,2.157076439550457,3.171267840908288
2026-06-04 11:14:00+00:00,-0.0010833333333337691,0.00017482656434486315,2.15375,2.1550081598976787,3.171442667472633
2026-06-04 11:16:00+00:00,-0.0005416666666668846,9.661124914417537e-05,2.153208333333333,2.1538466112491443,3.1715392787217773
2026-06-04 11:18:00+00:00,-0.002500000000000391,0.0003736015244697002,2.1507083333333328,2.1535819348578027,3.1719128802462473
2026-06-04 11:20:00+00:00,0.0055090579710150855,0.00015209334786047866,2.156217391304348,2.1508604266811933,3.1720649735941073
2026-06-04 11:22:00+00:00,-0.0031340579710152916,0.0002256668651631403,2.1530833333333326,2.156443058169511,3.172290640459271
2026-06-04 11:24:00+00:00,-0.007833333333332249,0.0003227056770895461,2.1452500000000003,2.153406039010422,3.17261334613636
2026-06-04 11:26:00+00:00,0.0019166666666663446,7.314754296869245e-05,2.1471666666666667,2.145323147542969,3.172686493679329
2026-06-04 11:28:00+00:00,0.009624999999999773,0.000300246001221197,2.1567916666666664,2.147466912667888,3.1729867396805504
2026-06-04 11:30:00+00:00,-0.007041666666667279,0.00026946690127560157,2.149749999999999,2.157061133567942,3.1732562065818257
2026-06-04 11:32:00+00:00,0.0067916666666678616,0.00035764446451013186,2.156541666666667,2.150107644464509,3.173613851046336
2026-06-04 11:34:00+00:00,-0.005416666666666625,0.00010443597803046068,2.1511250000000004,2.1566461026446975,3.1737182870243665
2026-06-04 11:36:00+00:00,-8.333333333432336e-05,0.00029211000197873347,2.151041666666666,2.151417110001979,3.174010397026345
2026-06-04 11:38:00+00:00,0.0052916666666669165,0.00035830683105930576,2.156333333333333,2.151399973497725,3.1743687038574047
2026-06-04 11:40:00+00:00,-0.004791666666665861,0.00012512654830544655,2.151541666666667,2.1564584598816383,3.17449383040571
2026-06-04 11:42:00+00:00,0.0037083333333329804,0.0003347729056452237,2.15525,2.1518764395723124,3.1748286033113553
2026-06-04 11:44:00+00:00,-0.004291666666667027,0.0001702455450625228,2.150958333333333,2.155420245545063,3.1749988488564176
2026-06-04 11:46:00+00:00,0.004291666666667027,0.00032172994408751935,2.15525,2.1512800632774205,3.175320578800505
2026-06-04 11:48:00+00:00,-0.002083333333333215,0.0002464921096494693,2.153166666666667,2.1554964921096498,3.1755670709101547
2026-06-04 11:50:00+00:00,0.0037083333333334245,0.00019461004878391547,2.1568750000000003,2.153361276715451,3.1757616809589386
2026-06-04 11:52:00+00:00,-0.0009583333333336164,0.0002913606474175636,2.1559166666666667,2.157166360647418,3.176053041606356
2026-06-04 11:54:00+00:00,-0.00020833333333403203,0.0002453968991369903,2.1557083333333327,2.156162063565804,3.176298438505493
2026-06-04 11:56:00+00:00,-0.007249999999999535,0.0001810483032992474,2.148458333333333,2.155889381636632,3.176479486808792
2026-06-04 11:58:00+00:00,0.007541666666667001,0.00017603863224695116,2.156,2.14863437196558,3.1766555254410394
2026-06-04 12:00:00+00:00,-0.00179166666666708,0.00046901060485584847,2.154208333333333,2.156469010604856,3.177124536045895
2026-06-04 12:02:00+00:00,-0.004469202898550684,-4.8291394040757775e-05,2.1497391304347824,2.154160041939292,3.1770762446518543
2026-06-04 12:04:00+00:00,0.0020108695652178987,0.0005002780789508706,2.1517500000000003,2.150239408513733,3.177576522730805
2026-06-04 12:06:00+00:00,0.0014999999999991687,0.0001387999027501595,2.1532499999999994,2.1518887999027503,3.1777153226335555
2026-06-04 12:08:00+00:00,-0.0013333333333327424,0.00025591825639514974,2.1519166666666667,2.1535059182563945,3.1779712408899505
2026-06-04 12:10:00+00:00,-0.0009166666666664547,0.0003257403010501996,2.1510000000000002,2.152242406967717,3.1782969811910005
2026-06-04 12:12:00+00:00,-0.0045000000000001705,1.4598319534947579e-05,2.1465,2.1510145983195352,3.1783115795105354
2026-06-04 12:14:00+00:00,0.001874999999999627,0.0003303328488642503,2.1483749999999997,2.1468303328488645,3.1786419123594
2026-06-04 12:16:00+00:00,0.0006666666666670373,0.00016099756653418346,2.1490416666666667,2.1485359975665337,3.178802909925934
2026-06-04 12:18:00+00:00,-0.0007083333333333108,0.00023291621551224765,2.1483333333333334,2.149274582882179,3.179035826141446
2026-06-04 12:20:00+00:00,0.0027083333333330906,0.00019656046673963165,2.1510416666666665,2.148529893800073,3.179232386608186
2026-06-04 12:22:00+00:00,-0.008541666666666448,0.0003018091653162807,2.1425,2.151343475831983,3.179534195773502
2026-06-04 12:24:00+00:00,-0.00045833333333344933,0.00022119222278703596,2.1420416666666666,2.142721192222787,3.1797553879962894
2026-06-04 12:26:00+00:00,0.002666666666666817,0.00031638384951894965,2.1447083333333334,2.1423580505161857,3.1800717718458085
2026-06-04 12:28:00+00:00,-0.001583333333333492,0.00015627034450878968,2.143125,2.144864603677842,3.180228042190317
2026-06-04 12:30:00+00:00,-0.002874999999999961,0.0002609012022148448,2.14025,2.143385901202215,3.180488943392532
2026-06-04 12:32:00+00:00,0.003249999999999975,5.503097531617771e-05,2.1435,2.140305030975316,3.1805439743678483
2026-06-04 12:34:00+00:00,0.004083333333333883,0.0002926413624857448,2.147583333333334,2.1437926413624857,3.180836615730334
2026-06-04 12:36:00+00:00,-0.009541666666666337,0.00021960862174937493,2.1380416666666675,2.1478029419550833,3.1810562243520835
2026-06-04 12:38:00+00:00,0.007041666666665947,0.00039017588489993846,2.1450833333333335,2.1384318425515674,3.1814464002369833
2026-06-04 12:40:00+00:00,-0.0002916666666670231,0.00015448604221453564,2.1447916666666664,2.145237819375548,3.181600886279198
2026-06-04 12:42:00+00:00,0.001791666666667524,0.0003904263684525533,2.146583333333334,2.145182093035119,3.1819913126476504
2026-06-04 12:44:00+00:00,-0.0049166666666677905,0.00011861292788912413,2.141666666666666,2.146701946261223,3.1821099255755394
2026-06-04 12:46:00+00:00,0.004376811594204,0.0002635276113481198,2.14604347826087,2.1419301942780145,3.1823734531868877
2026-06-04 12:48:00+00:00,-0.0038768115942029446,2.846242594144214e-05,2.142166666666667,2.1460719406868116,3.182401915612829
2026-06-04 12:50:00+00:00,0.003958333333332398,0.00028254603687669804,2.1461249999999996,2.1424492127035437,3.182684461649706
2026-06-04 12:52:00+00:00,-0.00670833333333265,0.00022664993450352815,2.139416666666667,2.1463516499345032,3.1829111115842093
2026-06-04 12:54:00+00:00,0.0037916666666668597,0.0002777161061142488,2.143208333333334,2.139694382772781,3.1831888276903237
2026-06-04 12:56:00+00:00,-0.0028333333333336874,0.00019660396074562962,2.140375,2.1434049372940795,3.183385431651069
2026-06-04 12:58:00+00:00,0.004874999999999296,0.0003837775498007191,2.1452499999999994,2.140758777549801,3.18376920920087
2026-06-04 13:00:00+00:00,-0.005749999999999034,0.0003133141159389966,2.1395000000000004,2.1455633141159383,3.184082523316809
2026-06-04 13:02:00+00:00,0.0014999999999996128,6.971570868820205e-05,2.141,2.1395697157086886,3.1841522390254973
2026-06-04 13:04:00+00:00,0.0024999999999995026,0.000309824114975786,2.1434999999999995,2.141309824114976,3.184462063140473
2026-06-04 13:06:00+00:00,-0.001458333333332007,0.00025893715963074373,2.1420416666666675,2.1437589371596304,3.1847210003001036
2026-06-04 13:08:00+00:00,-0.007250000000001311,8.123323589096557e-05,2.134791666666666,2.1421228999025583,3.1848022335359945
2026-06-04 13:10:00+00:00,0.0055000000000005045,0.0003235111022367615,2.1402916666666667,2.135115177768903,3.1851257446382313
2026-06-04 13:12:00+00:00,-0.0016249999999997655,0.00013204209525912372,2.138666666666667,2.140423708761926,3.1852577867334904
2026-06-04 13:14:00+00:00,0.0020416666666660532,0.00042990739736699927,2.140708333333333,2.139096574064034,3.1856876941308574
2026-06-04 13:16:00+00:00,0.0002916666666674672,0.00015588099455148257,2.1410000000000005,2.1408642143278844,3.185843575125409
2026-06-04 13:18:00+00:00,-0.0022500000000000853,0.00028618328863129933,2.1387500000000004,2.141286183288632,3.1861297584140402
2026-06-04 13:20:00+00:00,0.003166666666666096,0.0002891466453050164,2.1419166666666665,2.1390391466453056,3.1864189050593454
2026-06-04 13:22:00+00:00,0.0032083333333341457,0.00015008476322204232,2.1451250000000006,2.1420667514298883,3.1865689898225673
2026-06-04 13:24:00+00:00,-0.0017083333333336448,0.0003017604310685962,2.143416666666667,2.1454267604310693,3.186870750253636
2026-06-04 13:26:00+00:00,-0.0035000000000002807,0.00017058301662713357,2.1399166666666667,2.143587249683294,3.1870413332702627
2026-06-04 13:28:00+00:00,-0.0011340579710146237,0.00018144079740156643,2.138782608695652,2.1400981074640684,3.1872227740676644
2026-06-04 13:30:00+00:00,0.002217391304348393,0.0002559287368785227,2.1410000000000005,2.1390385374325307,3.187478702804543
2026-06-04 13:32:00+00:00,-0.002333333333333964,0.00027571642988667955,2.1386666666666665,2.1412757164298872,3.18775441923443
2026-06-04 13:34:00+00:00,0.0027500000000002522,0.00028950769795721643,2.1414166666666667,2.138956174364624,3.188043926932387
2026-06-04 13:36:00+00:00,-0.001791666666666192,6.84114084384928e-05,2.1396250000000006,2.1414850780751054,3.1881123383408254
2026-06-04 13:38:00+00:00,-0.003875000000000295,0.00031922091636802204,2.1357500000000003,2.1399442209163686,3.1884315592571935
2026-06-04 13:40:00+00:00,0.0024166666666665115,0.00024155056173909758,2.1381666666666668,2.1359915505617395,3.1886731098189327
2026-06-04 13:42:00+00:00,-0.0007083333333333108,0.00015673410589804514,2.1374583333333335,2.1383234007725647,3.1888298439248306
2026-06-04 13:44:00+00:00,0.001083333333332881,0.00026544344370870506,2.1385416666666663,2.137723776777042,3.189095287368539
2026-06-04 13:46:00+00:00,0.00012499999999970868,0.00022626896893291942,2.138666666666666,2.1387679356355993,3.189321556337472
2026-06-04 13:48:00+00:00,-0.0014999999999991687,0.00043002844694995746,2.137166666666667,2.139096695113616,3.189751584784422
2026-06-04 13:50:00+00:00,-0.0009166666666668987,0.00010835201064278389,2.13625,2.1372750186773097,3.189859936795065
2026-06-04 13:52:00+00:00,-0.00029166666666657903,0.0001595261066686136,2.1359583333333334,2.1364095261066685,3.1900194629017333
2026-06-04 13:54:00+00:00,-0.00016666666666598218,0.0002685886367689438,2.1357916666666674,2.136226921970102,3.1902880515385026
2026-06-04 13:56:00+00:00,-4.440892098500626e-16,0.00032087159249927027,2.135791666666667,2.136112538259167,3.190608923131002
2026-06-04 13:58:00+00:00,0.00012500000000015277,0.00027729059848930485,2.135916666666667,2.1360689572651563,3.190886213729491
2026-06-04 14:00:00+00:00,-0.00012500000000059686,9.158690541515691e-05,2.1357916666666665,2.1360082535720823,3.190977800634906
2026-06-04 14:02:00+00:00,0.0004999999999997229,0.000367631317116268,2.1362916666666663,2.1361592979837827,3.1913454319520227
2026-06-04 14:04:00+00:00,-0.003958333333332842,0.00010172624905437032,2.1323333333333334,2.136393392915721,3.191447158201077
2026-06-04 14:06:00+00:00,-0.0007500000000000285,0.00024766959195642637,2.1315833333333334,2.13258100292529,3.1916948277930333
2026-06-04 14:08:00+00:00,-0.0007083333333333108,0.0002687662809621162,2.130875,2.1318520996142953,3.191963594073995
2026-06-04 14:10:00+00:00,0.0032083333333337016,0.00027038394357073946,2.1340833333333338,2.131145383943571,3.192233978017566
2026-06-04 14:12:00+00:00,0.00013405797101428973,0.00021404558117498403,2.134217391304348,2.1342973789145088,3.192448023598741
2026-06-04 14:14:00+00:00,-0.0013423913043482116,0.0002602073942155519,2.132875,2.1344775986985636,3.1927082309929564
2026-06-04 14:16:00+00:00,0.0038333333333340214,0.00025488750085541473,2.136708333333334,2.1331298875008553,3.192963118493812
2026-06-04 14:18:00+00:00,0.0033333333333329662,0.0002701580891540512,2.140041666666667,2.136978491422488,3.193233276582966
2026-06-04 14:20:00+00:00,-0.005708333333333648,0.00015156932369182844,2.134333333333333,2.140193235990359,3.193384845906658
2026-06-04 14:22:00+00:00,0.0014166666666670658,0.00036704231395070516,2.1357500000000003,2.134700375647284,3.193751888220609
2026-06-04 14:24:00+00:00,-0.002166666666667094,0.00015424446707278789,2.133583333333333,2.135904244467073,3.1939061326876814
2026-06-04 14:26:00+00:00,0.0006249999999998757,0.0002739787493676801,2.134208333333333,2.133857312082701,3.194180111437049
2026-06-04 14:28:00+00:00,0.0007083333333337549,0.0001908800447514631,2.134916666666667,2.1343992133780847,3.1943709914818004
2026-06-04 14:30:00+00:00,-0.0014166666666666217,0.000249766212655196,2.1335,2.135166432879322,3.1946207576944556
2026-06-04 14:32:00+00:00,0.0016666666666664831,0.000328035002884719,2.1351666666666667,2.133828035002885,3.1949487926973403
2026-06-04 14:34:00+00:00,-0.0024166666666669556,0.00012575956950117604,2.1327499999999997,2.135292426236168,3.1950745522668416
2026-06-04 14:36:00+00:00,0.00020833333333358794,0.0002133837386499788,2.1329583333333333,2.1329633837386495,3.1952879360054913
2026-06-04 14:38:00+00:00,-0.0033333333333334103,0.0002089347734581383,2.129625,2.1331672681067912,3.1954968707789497
2026-06-04 14:40:00+00:00,0.0024999999999999467,0.00030030364387974854,2.132125,2.1299253036438794,3.1957971744228297
2026-06-04 14:42:00+00:00,0.000500000000000167,0.00023428653871326803,2.132625,2.132359286538713,3.196031460961543
2026-06-04 14:44:00+00:00,-0.0006666666666670373,0.00028655377371853503,2.131958333333333,2.1329115537737184,3.1963180147352612
2026-06-04 14:46:00+00:00,0.00279166666666697,0.00017871534770041655,2.13475,2.132137048681033,3.196496730082962
2026-06-04 14:48:00+00:00,-0.0044999999999997264,0.00012501912335087325,2.13025,2.134875019123351,3.1966217492063125
2026-06-04 14:50:00+00:00,0.0019166666666667886,0.0003707649816447964,2.132166666666667,2.130620764981645,3.1969925141879574
2026-06-04 14:52:00+00:00,0.0019166666666663446,0.00025436190461425854,2.1340833333333333,2.1324210285712812,3.1972468760925716
2026-06-04 14:54:00+00:00,-0.0026050724637682876,0.00025438234155683587,2.131478260869565,2.1343377156748904,3.1975012584341282
2026-06-04 14:56:00+00:00,-0.0003532608695655526,0.00021455283657023747,2.1311249999999995,2.1316928137061355,3.1977158112706987
2026-06-04 14:58:00+00:00,0.0005416666666673287,0.00029685818497087325,2.131666666666667,2.13142185818497,3.1980126694556694
2026-06-04 15:00:00+00:00,-0.004916666666666902,0.00011844209601014416,2.12675,2.131785108762677,3.19813111155168
2026-06-04 15:02:00+00:00,0.004000000000000448,0.00020797056898782187,2.1307500000000004,2.126957970568988,3.1983390821206674
2026-06-04 15:04:00+00:00,0.0010416666666661634,0.00045733272625747795,2.1317916666666665,2.131207332726258,3.198796414846925
2026-06-04 15:06:00+00:00,-0.004458333333333009,0.0002445479799837769,2.1273333333333335,2.1320362146466505,3.199040962826909
2026-06-04 15:08:00+00:00,-0.007500000000000284,0.0002528553351293891,2.1198333333333332,2.127586188668463,3.199293818162038
2026-06-04 15:10:00+00:00,0.007791666666666863,7.629902431895497e-05,2.127625,2.1199096323576523,3.199370117186357
2026-06-04 15:12:00+00:00,0.0016666666666664831,0.00020553176050692367,2.1292916666666666,2.127830531760507,3.199575648946864
2026-06-04 15:14:00+00:00,-0.002666666666666373,0.0003414945636565003,2.126625,2.129633161230323,3.1999171435105205
2026-06-04 15:16:00+00:00,-0.004458333333333897,0.00030100059602405335,2.1221666666666663,2.126926000596024,3.2002181441065445
2026-06-04 15:18:00+00:00,0.0035833333333332713,0.0001960039530725251,2.1257499999999996,2.1223626706197387,3.2004141480596173
2026-06-04 15:20:00+00:00,0.0030416666666672754,0.00025193462466507064,2.128791666666667,2.126001934624665,3.200666082684282
2026-06-04 15:22:00+00:00,-0.001083333333333325,0.0004129305863752376,2.1277083333333335,2.1292045972530422,3.2010790132706575
2026-06-04 15:24:00+00:00,-0.0018333333333333535,0.0001515221615166499,2.125875,2.12785985549485,3.201230535432174
2026-06-04 15:26:00+00:00,0.0003333333333332966,0.0001289251995039921,2.1262083333333335,2.126003925199504,3.201359460631678
2026-06-04 15:28:00+00:00,0.0009999999999998899,0.00019325701838046057,2.1272083333333334,2.1264015903517137,3.201552717650059
2026-06-04 15:30:00+00:00,-0.0011666666666663161,0.0003647318913911263,2.126041666666667,2.1275730652247247,3.2019174495414497
2026-06-04 15:32:00+00:00,0.0016249999999997655,0.00017239142403314552,2.127666666666667,2.1262140580907003,3.202089840965483
2026-06-04 15:34:00+00:00,0.0008750000000001812,0.00015113385960768009,2.128541666666667,2.1278178005262744,3.2022409748250906
2026-06-04 15:36:00+00:00,-0.0004547101449281499,0.00010731811095803697,2.128086956521739,2.128648984777625,3.2023482929360485
2026-06-04 15:38:00+00:00,-0.004086956521738738,0.0005408799955620595,2.124,2.128627836517301,3.2028891729316107
2026-06-04 15:40:00+00:00,-0.0022500000000000853,2.087560402772404e-05,2.12175,2.1240208756040277,3.2029100485356383
2026-06-04 15:42:00+00:00,0.00416666666666643,0.00030072548333551197,2.1259166666666665,2.1220507254833354,3.2032107740189737
2026-06-04 15:44:00+00:00,-0.005291666666666028,0.0002846578542763585,2.1206250000000004,2.126201324520943,3.2034954318732503
2026-06-04 15:46:00+00:00,0.00849999999999973,0.0002724664156169555,2.129125,2.1208974664156175,3.2037678982888673
2026-06-04 15:48:00+00:00,-0.0028333333333336874,0.00017942592447310626,2.1262916666666665,2.1293044259244733,3.20394732421334
2026-06-04 15:50:00+00:00,0.0034166666666672896,0.00023115863845059477,2.1297083333333338,2.126522825305117,3.2041784828517907
2026-06-04 15:52:00+00:00,0.0020416666666660532,0.00027459185764500084,2.13175,2.1299829251909785,3.204453074709436
2026-06-04 15:54:00+00:00,-0.0023333333333326323,0.0001812820180784654,2.129416666666667,2.1319312820180785,3.204634356727514
2026-06-04 15:56:00+00:00,-0.0012083333333339221,0.00027258694117574504,2.1282083333333333,2.129689253607843,3.20490694366869
2026-06-04 15:58:00+00:00,-0.0007499999999995843,0.0003304911041631826,2.1274583333333337,2.1285388244374963,3.205237434772853
2026-06-04 16:00:00+00:00,-0.0017499999999999183,3.3889744256152625e-05,2.1257083333333338,2.12749222307759,3.205271324517109
2026-06-04 16:02:00+00:00,0.0023333333333330764,0.0004539878799889835,2.128041666666667,2.126162321213323,3.205725312397098
2026-06-04 16:04:00+00:00,0.0016666666666664831,0.0002916011745109741,2.1297083333333333,2.1283332678411777,3.206016913571609
2026-06-04 16:06:00+00:00,0.0021250000000008207,-2.1725502144057175e-06,2.131833333333334,2.129706160783119,3.2060147410213946
2026-06-04 16:08:00+00:00,-0.005250000000001087,0.0003595099905505267,2.126583333333333,2.132192843323885,3.2063742510119453
2026-06-04 16:10:00+00:00,-0.005666666666666487,0.00029160274658348006,2.1209166666666666,2.1268749360799166,3.206665853758529
2026-06-04 16:12:00+00:00,0.006458333333333233,9.059649973640797e-05,2.127375,2.121007263166403,3.2067564502582653
2026-06-04 16:14:00+00:00,0.0017083333333336448,9.841389228433218e-05,2.1290833333333334,2.127473413892284,3.2068548641505497
2026-06-04 16:16:00+00:00,0.006829710144927503,0.0002768210728341942,2.135913043478261,2.1293601544061675,3.2071316852233838
2026-06-04 16:18:00+00:00,-0.008913043478261162,0.0004630781272425591,2.127,2.1363761216055037,3.2075947633506265
2026-06-04 16:20:00+00:00,-0.0017499999999999183,0.00024141379143107988,2.12525,2.127241413791431,3.2078361771420574
2026-06-04 16:22:00+00:00,0.0028333333333332433,0.00013619498679567682,2.128083333333333,2.1253861949867954,3.207972372128853
2026-06-04 16:24:00+00:00,0.000791666666666746,0.00016845600252658226,2.128875,2.12825178933586,3.2081408281313797
2026-06-04 16:26:00+00:00,0.0067500000000007,0.0003109292819474694,2.1356250000000006,2.1291859292819475,3.208451757413327
2026-06-04 16:28:00+00:00,0.0035833333333332713,0.000243843691501111,2.139208333333334,2.135868843691502,3.208695601104828
2026-06-04 16:30:00+00:00,-0.0021249999999999325,0.00018756873602976228,2.137083333333334,2.1393959020693636,3.208883169840858
2026-06-04 16:32:00+00:00,-0.006708333333333538,0.00017715794787118806,2.1303750000000004,2.137260491281205,3.209060327788729
2026-06-04 16:34:00+00:00,0.0011249999999991545,0.0002256207510362991,2.1314999999999995,2.1306006207510366,3.2092859485397653
2026-06-04 16:36:00+00:00,-0.007916666666665684,0.0005683813079569926,2.123583333333334,2.1320683813079566,3.2098543298477225
2026-06-04 16:38:00+00:00,-0.00829166666666703,1.8035393033639765e-05,2.115291666666667,2.1236013687263675,3.209872365240756
2026-06-04 16:40:00+00:00,0.0053749999999994635,0.00028343792601174075,2.1206666666666663,2.1155751045926787,3.2101558031667676
2026-06-04 16:42:00+00:00,0.0005416666666668846,0.0004916437327240207,2.121208333333333,2.12115831039939,3.210647446899492
2026-06-04 16:44:00+00:00,0.0033333333333338544,0.0003022121399019727,2.124541666666667,2.1215105454732353,3.210949659039394
2026-06-04 16:46:00+00:00,-0.0019583333333339503,8.825669293096591e-06,2.122583333333333,2.12455049233596,3.2109584847086867
2026-06-04 16:48:00+00:00,0.005208333333333481,0.0005072842820857243,2.1277916666666665,2.1230906176154187,3.2114657689907724
2026-06-04 16:50:00+00:00,-0.0023333333333330764,0.0002606978808374085,2.1254583333333334,2.128052364547504,3.21172646687161
2026-06-04 16:52:00+00:00,0.009583333333333055,0.00020457279627829374,2.1350416666666665,2.125662906129612,3.2119310396678884
2026-06-04 16:54:00+00:00,-0.0012416666666665854,6.079524117133029e-05,2.1338,2.135102461907838,3.2119918349090595
2026-06-04 16:56:00+00:00,0.014866666666666806,0.0005040169913941901,2.1486666666666667,2.1343040169913943,3.212495851900454
2026-06-04 16:58:00+00:00,-0.0004666666666666153,0.0002679100254705417,2.1482,2.1489345766921373,3.2127637619259244
2026-06-04 17:00:00+00:00,-0.005283333333333307,0.0008636411537104614,2.142916666666667,2.1490636411537105,3.213627403079635
2026-06-04 17:02:00+00:00,0.0007500000000000285,0.0010865458383533806,2.143666666666667,2.1440032125050204,3.2147139489179883
2026-06-04 17:04:00+00:00,-0.0007916666666663019,0.0008239913890137101,2.1428750000000005,2.1444906580556804,3.215537940307002
2026-06-04 17:06:00+00:00,0.0022083333333329236,0.002334677018224862,2.1450833333333335,2.1452096770182254,3.217872617325227
2026-06-04 17:08:00+00:00,0.006291666666666362,0.0017896426245567647,2.151375,2.14687297595789,3.2196622599497835
2026-06-04 17:10:00+00:00,-0.011249999999999982,0.0018373864665624875,2.140125,2.153212386466562,3.221499646416346
2026-06-04 17:12:00+00:00,0.0014583333333337833,0.0014340209588406439,2.1415833333333336,2.1415590209588404,3.2229336673751865
2026-06-04 17:14:00+00:00,0.01181666666666592,-0.0009728319387260687,2.1533999999999995,2.1406105013946077,3.2219608354364606
2026-06-04 17:16:00+00:00,0.0,-0.0008852648800237713,2.1533999999999995,2.1525147351199756,3.2210755705564367
2026-06-04 17:18:00+00:00,0.0,-0.0011769719074168127,2.1533999999999995,2.1522230280925827,3.21989859864902
2026-06-04 17:20:00+00:00,0.004266666666666641,0.00017205604856520936,2.157666666666666,2.153572056048565,3.220070654697585
2026-06-04 17:22:00+00:00,-0.010333333333333083,0.0016790530880289878,2.147333333333333,2.159345719754695,3.221749707785614
2026-06-04 17:24:00+00:00,-0.002624999999999656,9.594678649832687e-05,2.1447083333333334,2.1474292801198316,3.221845654572112
2026-06-04 17:26:00+00:00,0.0018749999999991829,-0.0008422749852760433,2.1465833333333326,2.1438660583480575,3.2210033795868362
2026-06-04 17:28:00+00:00,0.001500000000000057,0.00010599599798053243,2.1480833333333327,2.146689329331313,3.221109375584817
2026-06-04 17:30:00+00:00,0.0010833333333342132,0.000314693347550884,2.149166666666667,2.1483980266808835,3.2214240689323677
2026-06-04 17:32:00+00:00,-0.006041666666666945,0.000267986008974996,2.143125,2.149434652675642,3.221692054941343
2026-06-04 17:34:00+00:00,-0.004994565217391056,-1.1439393356945297e-05,2.138130434782609,2.143113560606643,3.221680615547986
2026-06-04 17:36:00+00:00,0.011369565217391298,0.0004469722444190942,2.1495,2.138577407027028,3.222127587792405
2026-06-04 17:38:00+00:00,-0.007166666666666988,0.0002249311352303554,2.142333333333333,2.1497249311352307,3.2223525189276354
2026-06-04 17:40:00+00:00,0.0060833333333332185,8.37653206738835e-05,2.1484166666666664,2.142417098654007,3.2224362842483094
2026-06-04 17:42:00+00:00,-0.0043333333333333,-0.00019302110925003635,2.144083333333333,2.148223645557416,3.222243263139059
2026-06-04 17:44:00+00:00,0.006583333333333386,-0.00016151572818244692,2.1506666666666665,2.143921817605151,3.222081747410877
2026-06-04 17:46:00+00:00,-0.000874999999999293,0.0002820927559708156,2.149791666666667,2.1509487594226373,3.2223638401668477
2026-06-04 17:48:00+00:00,-0.005125000000000934,0.00025611266936171896,2.1446666666666663,2.150047779336029,3.2226199528362094
2026-06-04 17:50:00+00:00,0.0032500000000004192,-0.00045862064665797806,2.1479166666666667,2.144208046020008,3.2221613321895513
2026-06-04 17:52:00+00:00,-0.001791666666666192,0.0003244454373294649,2.1461250000000005,2.1482411121039964,3.222485777626881
2026-06-04 17:54:00+00:00,0.003666666666666263,0.0006194768085454023,2.1497916666666668,2.146744476808546,3.223105254435426
2026-06-04 17:56:00+00:00,-0.004750000000000032,0.00016236160144518,2.1450416666666667,2.149954028268112,3.223267616036871
2026-06-04 17:58:00+00:00,-0.0009166666666668987,-0.00024801063343568607,2.144125,2.1447936560332312,3.2230196054034357
2026-06-04 18:00:00+00:00,0.0060833333333336626,-0.0003168060819928396,2.1502083333333335,2.143808193918007,3.2227027993214428
2026-06-04 18:02:00+00:00,-0.0009999999999998899,5.408406364342673e-05,2.1492083333333336,2.150262417396977,3.2227568833850864
2026-06-04 18:04:00+00:00,0.0004999999999997229,0.0002789559472972753,2.1497083333333333,2.1494872892806307,3.2230358393323835
2026-06-04 18:06:00+00:00,0.0009999999999998899,0.00017110127652992865,2.150708333333333,2.149879434609863,3.2232069406089137
2026-06-04 18:08:00+00:00,-0.00712500000000027,0.0004682512938354743,2.143583333333333,2.151176584627169,3.223675191902749
2026-06-04 18:10:00+00:00,0.005374999999999908,0.00033600541048988905,2.148958333333333,2.1439193387438227,3.2240111973132386
2026-06-04 18:12:00+00:00,-0.0012083333333330337,0.0004670821959152156,2.14775,2.1494254155292483,3.224478279509154
2026-06-04 18:14:00+00:00,-0.0021413043478260008,8.188721805344106e-05,2.145608695652174,2.1478318872180533,3.2245601667272075
2026-06-04 18:16:00+00:00,-0.0007336956521735161,0.0001344285013231569,2.1448750000000003,2.1457431241534968,3.224694595228531
2026-06-04 18:18:00+00:00,0.005041666666666167,0.0003381004591161527,2.1499166666666665,2.1452131004591166,3.2250326956876467
2026-06-04 18:20:00+00:00,0.006166666666667098,0.00023491589173981695,2.1560833333333336,2.150151582558406,3.225267611579387
2026-06-04 18:22:00+00:00,0.003249999999999531,3.9323874885055565e-05,2.159333333333333,2.156122657208219,3.2253069354542716
2026-06-04 18:24:00+00:00,-0.013624999999999332,0.00022267049496679827,2.1457083333333338,2.1595560038282997,3.2255296059492387
2026-06-04 18:26:00+00:00,0.012958333333333627,0.00036894556973124284,2.1586666666666674,2.146077278903065,3.22589855151897
2026-06-04 18:28:00+00:00,-0.004875000000000184,0.0002401309802662241,2.153791666666667,2.158906797646934,3.226138682499236
2026-06-04 18:30:00+00:00,-0.002583333333333826,0.00036139752560600486,2.1512083333333334,2.1541530641922733,3.226500080024842
2026-06-04 18:32:00+00:00,0.008291666666666586,0.00031125155681118924,2.1595,2.1515195848901447,3.2268113315816533
2026-06-04 18:34:00+00:00,-0.014083333333333226,0.0003230258558565914,2.1454166666666667,2.1598230258558564,3.2271343574375098
2026-06-04 18:36:00+00:00,0.027041666666666853,0.0019518909876542504,2.1724583333333336,2.147368557654321,3.229086248425164
2026-06-04 18:38:00+00:00,0.0010833333333337691,0.0025376352469122787,2.1735416666666674,2.174995968580246,3.2316238836720763
2026-06-04 18:40:00+00:00,0.00841666666666585,0.0025132282972332256,2.181958333333333,2.1760548949639005,3.23413711196931
2026-06-04 18:42:00+00:00,-0.010666666666666826,0.0022881609648462867,2.1712916666666664,2.1842464942981796,3.236425272934156
2026-06-04 18:44:00+00:00,0.004125000000000156,0.0004428376937284438,2.1754166666666666,2.171734504360395,3.2368681106278845
2026-06-04 18:46:00+00:00,-0.022374999999999368,-0.0013967953299480684,2.153041666666667,2.1740198713367187,3.235471315297936
2026-06-04 18:48:00+00:00,-0.004000000000000892,0.0024738704139984124,2.1490416666666663,2.1555155370806656,3.2379451857119346
2026-06-04 18:50:00+00:00,4.166666666716168e-05,-0.001229266899327263,2.1490833333333335,2.147812399767339,3.2367159188126076
2026-06-04 18:52:00+00:00,0.006749999999999812,-0.0011626974890627804,2.1558333333333333,2.1479206358442706,3.2355532213235447
2026-06-04 18:54:00+00:00,0.02845833333333303,-0.0014373715693749933,2.1842916666666663,2.1543959617639583,3.2341158497541698
2026-06-04 18:56:00+00:00,0.016360507246377054,-0.0012329916631180287,2.2006521739130434,2.183058675003548,3.2328828580910516
2026-06-04 18:58:00+00:00,-0.00840217391304332,-0.0012292826200523224,2.19225,2.199422891292991,3.2316535754709994
2026-06-04 19:00:00+00:00,0.021500000000000075,-0.0009476274242623297,2.21375,2.1913023725757377,3.230705948046737
2026-06-04 19:02:00+00:00,-0.01862499999999967,-0.0007814614564800148,2.1951250000000004,2.21296853854352,3.229924486590257
2026-06-04 19:04:00+00:00,-0.0031250000000002665,0.0001272813356869363,2.192,2.195252281335687,3.2300517679259437
2026-06-04 19:06:00+00:00,-0.019208333333333716,-0.000509966106774834,2.1727916666666665,2.1914900338932255,3.229541801819169
2026-06-04 19:08:00+00:00,0.011708333333333432,0.0003268323674176667,2.1845,2.173118499034084,3.229868634186587
2026-06-04 19:10:00+00:00,-0.0129999999999999,-0.00014979907179559632,2.1715,2.184350200928204,3.229718835114791
2026-06-04 19:12:00+00:00,0.0024166666666665115,0.00029376644237583686,2.1739166666666665,2.171793766442376,3.230012601557167
2026-06-04 19:14:00+00:00,0.00279166666666697,0.0003878638902678536,2.1767083333333335,2.174304530556934,3.230400465447435
2026-06-04 19:16:00+00:00,-0.005458333333333343,0.0008921071945998796,2.17125,2.1776004405279332,3.231292572642035
2026-06-04 19:18:00+00:00,-0.009916666666666797,0.00034155063424254583,2.1613333333333333,2.1715915506342425,3.2316341232762777
2026-06-04 19:20:00+00:00,0.006625000000000547,0.0005132979834451544,2.167958333333334,2.1618466313167786,3.2321474212597225
2026-06-04 19:22:00+00:00,0.025458333333332472,-0.00015167455429519552,2.1934166666666663,2.1678066587790386,3.2319957467054277
2026-06-04 19:24:00+00:00,0.012250000000000316,-0.0008763459886733442,2.2056666666666667,2.192540320677993,3.231119400716754
2026-06-04 19:26:00+00:00,0.015041666666666398,0.00035615047160531004,2.220708333333333,2.206022817138272,3.2314755511883595
2026-06-04 19:28:00+00:00,0.01695833333333363,0.0005019334712996368,2.2376666666666667,2.2212102668046327,3.231977484659659
2026-06-04 19:30:00+00:00,-0.007750000000000146,-0.000559071887594879,2.2299166666666665,2.2371075947790717,3.231418412772064
2026-06-04 19:32:00+00:00,0.04583333333333339,0.0008846697195742267,2.27575,2.2308013363862407,3.2323030824916383
2026-06-04 19:34:00+00:00,0.052374999999999616,-0.0001804529135891291,2.3281249999999996,2.275569547086411,3.232122629578049
2026-06-04 19:36:00+00:00,0.01530978260869631,0.0007216180274262001,2.343434782608696,2.3288466180274257,3.2328442476054757
2026-06-04 19:38:00+00:00,-0.033393115942029095,8.422646194229571e-05,2.3100416666666668,2.343519009070638,3.2329284740674176
2026-06-04 19:40:00+00:00,-0.006291666666666806,0.00021141812399337178,2.30375,2.31025308479066,3.233139892191411
2026-06-04 19:42:00+00:00,-0.05929166666666719,-2.8433011502780183e-06,2.2444583333333328,2.30374715669885,3.233137048890261
2026-06-04 19:44:00+00:00,-0.009583333333332611,0.0001344966244650814,2.234875,2.244592829957798,3.233271545514726
2026-06-04 19:46:00+00:00,-0.02791666666666659,3.216675278963065e-05,2.2069583333333336,2.23490716675279,3.2333037122675155
2026-06-04 19:48:00+00:00,-0.018625000000000114,0.0002436985368063949,2.1883333333333335,2.20720203187014,3.233547410804322
2026-06-04 19:50:00+00:00,0.03149999999999986,-0.00021075251504465434,2.2198333333333333,2.188122580818289,3.2333366582892773
2026-06-04 19:52:00+00:00,-0.03220833333333317,-0.0007725839630389112,2.187625,2.2190607493702945,3.2325640743262385
2026-06-04 19:54:00+00:00,0.016958333333333186,-0.00043920869535449877,2.2045833333333333,2.1871857913046457,3.232124865630884
2026-06-04 19:56:00+00:00,-0.023958333333333748,-0.00010735677411623019,2.1806249999999996,2.204475976559217,3.2320175088567678
2026-06-04 19:58:00+00:00,0.0008333333333334636,-0.00021537702833299266,2.181458333333333,2.1804096229716667,3.2318021318284345
2026-06-04 20:00:00+00:00,-0.000500000000000167,0.00010706553130874756,2.180958333333333,2.1815653988646417,3.2319091973597436
2026-06-04 20:02:00+00:00,0.015666666666667606,-0.0009012560015543018,2.1966250000000005,2.1800570773317784,3.231007941358189
2026-06-04 20:04:00+00:00,0.017999999999999794,-0.0011654313231506286,2.2146250000000003,2.1954595686768497,3.2298425100350387
2026-06-04 20:06:00+00:00,-0.0382083333333334,0.0001419917339614081,2.176416666666667,2.2147669917339616,3.229984501769
2026-06-04 20:08:00+00:00,0.006624999999999659,0.0014671026046075332,2.1830416666666665,2.1778837692712743,3.2314516043736075
2026-06-04 20:10:00+00:00,-0.0033333333333329662,-0.00039941849218054915,2.1797083333333336,2.182642248174486,3.231052185881427
2026-06-04 20:12:00+00:00,-0.0022916666666663588,0.0015702703868347167,2.1774166666666672,2.1812786037201684,3.232622456268262
2026-06-04 20:14:00+00:00,-0.008666666666667489,0.0009474247579151043,2.1687499999999997,2.1783640914245823,3.233569881026177
2026-06-04 20:16:00+00:00,0.054641304347826214,0.0009616598744564879,2.223391304347826,2.1697116598744564,3.234531540900633
2026-06-04 20:18:00+00:00,-0.04593297101449245,0.0008098296358559374,2.1774583333333335,2.224201133983682,3.2353413705364895
2026-06-04 20:20:00+00:00,-0.01362500000000022,-0.0005415941094978876,2.1638333333333333,2.1769167392238358,3.234799776426992
2026-06-04 20:22:00+00:00,0.016708333333333325,0.0009374164203180534,2.1805416666666666,2.1647707497536515,3.2357371928473095
2026-06-04 20:24:00+00:00,-0.010791666666666533,-0.00022905667925560705,2.16975,2.180312609987411,3.235508136168054
2026-06-04 20:26:00+00:00,-0.0011666666666672043,0.0011329350123801215,2.168583333333333,2.17088293501238,3.236641071180434
2026-06-04 20:28:00+00:00,0.025416666666667084,8.943106998532985e-05,2.194,2.1686727644033184,3.2367305022504196
2026-06-04 20:30:00+00:00,0.004625000000000323,0.00022139973635782145,2.1986250000000003,2.194221399736358,3.236951901986777
2026-06-04 20:32:00+00:00,0.04566666666666652,-0.00010530469547179588,2.244291666666667,2.1985196953045283,3.2368465972913056
2026-06-04 20:34:00+00:00,0.015416666666666856,5.36695605260244e-05,2.2597083333333337,2.244345336227193,3.2369002668518316
2026-06-04 20:36:00+00:00,0.00912500000000005,0.0011951995640991425,2.2688333333333337,2.2609035328974327,3.2380954664159307
2026-06-04 20:38:00+00:00,0.002458333333332785,-0.0002710147704152627,2.2712916666666665,2.2685623185629185,3.2378244516455155
2026-06-04 20:40:00+00:00,0.011291666666667588,0.0007365836336586822,2.282583333333334,2.272028250300325,3.238561035279174
2026-06-04 20:42:00+00:00,0.01041666666666563,0.0002900799323493825,2.2929999999999997,2.2828734132656834,3.2388511152115234
2026-06-04 20:44:00+00:00,-0.002625000000000099,0.0002463763003081976,2.2903749999999996,2.2932463763003077,3.239097491511832
2026-06-04 20:46:00+00:00,-0.023874999999999865,-0.0010054954132063753,2.2664999999999997,2.2893695045867934,3.2380919960986256
2026-06-04 20:48:00+00:00,-0.02549999999999919,0.001611478599409034,2.2410000000000005,2.2681114785994088,3.239703474698034
2026-06-04 20:50:00+00:00,0.020541666666666014,0.0005683351938301513,2.2615416666666666,2.241568335193831,3.2402718098918646
2026-06-04 20:52:00+00:00,-0.003875000000000295,-0.00045815636124455395,2.2576666666666663,2.261083510305422,3.23981365353062
2026-06-04 20:54:00+00:00,0.02011594202898559,0.0008900320588920246,2.277782608695652,2.2585566987255583,3.240703685589512
2026-06-04 20:56:00+00:00,0.02184239130434884,0.00022795789882847913,2.2996250000000007,2.2780105665944803,3.2409316434883406
2026-06-04 20:58:00+00:00,-0.061958333333334004,-0.0004622662827992778,2.2376666666666667,2.2991627337172016,3.240469377205541
2026-06-04 21:00:00+00:00,0.010541666666666671,-8.392398536669764e-05,2.2482083333333334,2.2375827426813,3.2403854532201746
2026-06-04 21:02:00+00:00,-0.005875000000000075,-0.0005875756582244398,2.2423333333333333,2.247620757675109,3.23979787756195
2026-06-04 21:04:00+00:00,0.021291666666667375,-3.2437042818244916e-05,2.2636250000000007,2.242300896290515,3.2397654405191316
2026-06-04 21:06:00+00:00,-0.0015833333333343802,-6.492496920205354e-05,2.2620416666666663,2.2635600750307985,3.23970051554993
2026-06-04 21:08:00+00:00,-0.008791666666666309,-0.00038884368445718737,2.25325,2.2616528229822093,3.2393116718654724
2026-06-04 21:10:00+00:00,0.025333333333333208,0.00033389726125940917,2.278583333333333,2.2535838972612594,3.239645569126732
2026-06-04 21:12:00+00:00,-0.02012500000000017,0.00022169895415812072,2.258458333333333,2.278805032287491,3.23986726808089
2026-06-04 21:14:00+00:00,0.012249999999999872,0.0002059803251952883,2.270708333333333,2.2586643136585285,3.2400732484060852
2026-06-04 21:16:00+00:00,0.011708333333333876,0.0007697433590267004,2.2824166666666668,2.2714780766923597,3.240842991765112
2026-06-04 21:18:00+00:00,0.013791666666666202,0.0009683427546792844,2.296208333333333,2.283385009421346,3.241811334519791
2026-06-04 21:20:00+00:00,-0.1091249999999997,-0.0002177099839318235,2.1870833333333333,2.295990623349401,3.2415936245358594
2026-06-04 21:22:00+00:00,0.005166666666666764,0.0001564312199285653,2.19225,2.187239764553262,3.241750055755788
2026-06-04 21:24:00+00:00,-0.005625000000000214,-0.0004913244709992706,2.186625,2.191758675529001,3.241258731284789
2026-06-04 21:26:00+00:00,0.029249999999999776,-0.00013631015748249298,2.2158749999999996,2.1864886898425175,3.241122421127306
2026-06-04 21:28:00+00:00,-0.0141249999999995,0.0019012435277300365,2.20175,2.2177762435277297,3.2430236646550363
2026-06-04 21:30:00+00:00,-0.00550000000000006,-0.0001411710138587702,2.19625,2.2016088289861413,3.2428824936411775
2026-06-04 21:32:00+00:00,-0.018833333333333258,-0.00020801291669095092,2.177416666666667,2.196041987083309,3.2426744807244865
2026-06-04 21:34:00+00:00,0.021278985507246162,-0.00010675624241895703,2.198695652173913,2.1773099104242477,3.2425677244820674
2026-06-04 21:36:00+00:00,0.0035126811594206053,0.0006084167544418705,2.2022083333333335,2.1993040689283547,3.2431761412365097
2026-06-04 21:38:00+00:00,-0.0014583333333337833,0.0004578588465228028,2.2007499999999998,2.2026661921798563,3.2436340000830324
2026-06-04 21:40:00+00:00,0.021958333333333524,-0.0005106379057590437,2.2227083333333333,2.2002393620942406,3.2431233621772733
2026-06-04 21:42:00+00:00,-0.02345833333333358,0.0008831327566875756,2.1992499999999997,2.2235914660900207,3.244006494933961
2026-06-04 21:44:00+00:00,0.03675000000000006,-9.711052954661215e-05,2.2359999999999998,2.199152889470453,3.2439093844044145
2026-06-04 21:46:00+00:00,-0.031041666666666412,-0.00030894047922139955,2.2049583333333334,2.235691059520778,3.243600443925193
2026-06-04 21:48:00+00:00,-0.011999999999999567,-0.0003702434465909473,2.192958333333334,2.2045880898867423,3.243230200478602
2026-06-04 21:50:00+00:00,0.04508333333333247,0.0025301605661706516,2.2380416666666663,2.1954884938995045,3.2457603610447725
2026-06-04 21:52:00+00:00,-0.013749999999999483,-4.1517333612616186e-05,2.224291666666667,2.2380001493330535,3.24571884371116
2026-06-04 21:54:00+00:00,-0.014166666666666217,0.0007419632657740456,2.2101250000000006,2.2250336299324407,3.246460806976934
2026-06-04 21:56:00+00:00,-0.022583333333333844,-0.0007197822397573763,2.1875416666666667,2.209405217760243,3.2457410247371765
2026-06-04 21:58:00+00:00,0.007708333333333428,0.0008682583306604387,2.19525,2.1884099249973272,3.246609283067837
2026-06-04 22:00:00+00:00,0.03304166666666619,0.0006412232875202185,2.2282916666666663,2.1958912232875205,3.2472505063553574
2026-06-04 22:02:00+00:00,-0.004583333333333162,0.00042347185655180575,2.223708333333333,2.228715138523218,3.247673978211909
2026-06-04 22:04:00+00:00,0.010791666666666977,-0.00016834533517246544,2.2345,2.2235399879981608,3.2475056328767367
2026-06-04 22:06:00+00:00,-0.015249999999999986,0.0002085103138815316,2.21925,2.2347085103138817,3.2477141431906182
2026-06-04 22:08:00+00:00,0.01083333333333325,0.0003546025042111172,2.2300833333333334,2.2196046025042113,3.2480687456948294
2026-06-04 22:10:00+00:00,0.007124999999999826,-0.0004154022773727186,2.2372083333333332,2.229667931055961,3.247653343417457
2026-06-04 22:12:00+00:00,-0.0009909420289853088,0.0007995430414253333,2.236217391304348,2.2380078763747586,3.248452886458882
2026-06-04 22:14:00+00:00,0.04299094202898557,-0.0003240790134295362,2.2792083333333335,2.2358933122909184,3.2481288074454526
2026-06-04 22:16:00+00:00,-0.012375000000000025,0.0013165541291235011,2.2668333333333335,2.280524887462457,3.249445361574576
2026-06-04 22:18:00+00:00,0.002333333333333964,0.00016252195284078698,2.2691666666666674,2.2669958552861744,3.2496078835274167
2026-06-04 22:20:00+00:00,0.010291666666665478,-0.0008016908854865885,2.279458333333333,2.268364975781181,3.24880619264193
2026-06-04 22:22:00+00:00,-0.024416666666666312,0.0005068006077780602,2.2550416666666666,2.279965133941111,3.2493129932497085
2026-06-04 22:24:00+00:00,-0.019374999999999254,0.0011264790346223507,2.2356666666666674,2.256168145701289,3.250439472284331
2026-06-04 22:26:00+00:00,0.005458333333332899,0.0005003341495369162,2.2411250000000003,2.2361670008162045,3.2509398064338675
2026-06-04 22:28:00+00:00,-0.01416666666666666,0.00033218422625209157,2.2269583333333336,2.2414571842262525,3.2512719906601197
2026-06-04 22:30:00+00:00,0.0069583333333334005,-0.0008811088443422062,2.233916666666667,2.2260772244889915,3.2503908818157776
2026-06-04 22:32:00+00:00,0.01083333333333325,0.0006060062432660793,2.2447500000000002,2.2345226729099332,3.250996888059044
2026-06-04 22:34:00+00:00,0.00883333333333347,-0.00020296499187434321,2.2535833333333337,2.244547035008126,3.250793923067169
2026-06-04 22:36:00+00:00,-0.015416666666666856,0.0006422587592774713,2.238166666666667,2.2542255920926113,3.251436181826447
2026-06-04 22:38:00+00:00,0.008708333333333318,-0.00014068576747860008,2.246875,2.2380259808991885,3.251295496058968
2026-06-04 22:40:00+00:00,-0.01895833333333341,0.00032392455730582655,2.2279166666666668,2.247198924557306,3.251619420616274
2026-06-04 22:42:00+00:00,-0.019500000000000295,-2.8850621408002708e-05,2.2084166666666665,2.227887816045259,3.2515905699948657
2026-06-04 22:44:00+00:00,0.018750000000000266,-0.00045292240784807543,2.2271666666666667,2.2079637442588185,3.2511376475870177
2026-06-04 22:46:00+00:00,0.0014166666666666217,3.9202416292022363e-07,2.2285833333333334,2.2271670586908296,3.2511380396111806
2026-06-04 22:48:00+00:00,-0.030124999999999957,0.0002695224478374785,2.1984583333333334,2.2288528557811706,3.2514075620590184
2026-06-04 22:50:00+00:00,0.02841123188405792,-8.521570494242047e-05,2.2268695652173913,2.198373117628391,3.2513223463540757
2026-06-04 22:52:00+00:00,0.0030471014492752246,0.0013942962586877754,2.2299166666666665,2.228263861476079,3.2527166426127634
2026-06-04 22:54:00+00:00,0.002749999999999808,0.0002157245546113394,2.2326666666666664,2.230132391221278,3.252932367167375
2026-06-04 22:56:00+00:00,-0.0033333333333329662,0.00015930444444527456,2.2293333333333334,2.2328259711111116,3.2530916716118203
2026-06-04 22:58:00+00:00,0.007666666666667155,0.000703507752157648,2.2370000000000005,2.230036841085491,3.253795179363978
2026-06-04 23:00:00+00:00,0.012791666666666313,-0.00011635846128530393,2.249791666666667,2.236883641538715,3.2536788209026923
2026-06-04 23:02:00+00:00,-0.021916666666666806,0.00010163349677651922,2.227875,2.2498933001634436,3.253780454399469
2026-06-04 23:04:00+00:00,-0.011666666666667158,-0.00017628587340002243,2.216208333333333,2.2276987141266,3.253604168526069
2026-06-04 23:06:00+00:00,0.0029166666666675667,0.0010391368477914251,2.2191250000000005,2.2172474701811242,3.2546433053738606
2026-06-04 23:08:00+00:00,0.002333333333333521,0.00011664050091832465,2.221458333333334,2.2192416405009188,3.254759945874779
2026-06-04 23:10:00+00:00,-0.024500000000000632,0.001014419675804531,2.1969583333333333,2.2224727530091384,3.2557743655505833
2026-06-04 23:12:00+00:00,0.017458333333333798,0.00047228732798241835,2.214416666666667,2.197430620661316,3.256246652878566
2026-06-04 23:14:00+00:00,-0.002000000000000224,-0.00016089423551842773,2.212416666666667,2.214255772431149,3.256085758643047
2026-06-04 23:16:00+00:00,0.007791666666666419,0.00042182694468641263,2.2202083333333333,2.212838493611353,3.256507585587734
2026-06-04 23:18:00+00:00,-0.013874999999999638,0.0007601159870002583,2.2063333333333337,2.2209684493203334,3.257267701574734
2026-06-04 23:20:00+00:00,0.058791666666666575,-0.0002539567356773603,2.2651250000000003,2.2060793765976565,3.2570137448390564
2026-06-04 23:22:00+00:00,-0.03241666666666676,-0.0001320011067436821,2.2327083333333335,2.2649929988932564,3.256881743732313
2026-06-04 23:24:00+00:00,-0.02404166666666674,0.0002858625858400854,2.208666666666667,2.2329941959191735,3.257167606318153
2026-06-04 23:26:00+00:00,0.047083333333333595,0.00030759072396899874,2.2557500000000004,2.208974257390636,3.2574751970421216
2026-06-04 23:28:00+00:00,-0.02861956521739195,0.00034324375633145473,2.2271304347826084,2.256093243756332,3.257818440798453
2026-06-04 23:30:00+00:00,0.010952898550724567,-0.0001592561359672271,2.238083333333333,2.2269711786466413,3.257659184662486
2026-06-04 23:32:00+00:00,0.009250000000000203,0.0008704026375585555,2.247333333333333,2.2389537359708918,3.2585295873000444
2026-06-04 23:34:00+00:00,-0.01454166666666623,0.0006563796385500891,2.232791666666667,2.2479897129718833,3.2591859669385945
2026-06-04 23:36:00+00:00,-0.025458333333333805,0.00020250604495713722,2.207333333333333,2.2329941727116243,3.259388472983552
2026-06-04 23:38:00+00:00,-0.00949999999999962,-0.00012681641161905668,2.1978333333333335,2.207206516921714,3.259261656571933
2026-06-04 23:40:00+00:00,0.004833333333333467,0.0011147529458004643,2.202666666666667,2.198948086279134,3.2603764095177334
2026-06-04 23:42:00+00:00,-0.002874999999999961,-0.00044427391296867193,2.199791666666667,2.2022223927536984,3.259932135604765
2026-06-04 23:44:00+00:00,-0.004416666666666735,0.0005523073906078152,2.1953750000000003,2.200343974057275,3.2604844429953723
2026-06-04 23:46:00+00:00,0.00804166666666628,0.0002579310332269353,2.2034166666666666,2.195632931033227,3.2607423740285992
2026-06-04 23:48:00+00:00,-0.011916666666666575,0.0002725303465655308,2.1915,2.203689197013232,3.261014904375165
2026-06-04 23:50:00+00:00,0.009375000000000355,-0.0009236632750057859,2.2008750000000004,2.190576336724994,3.260091241100159
2026-06-04 23:52:00+00:00,-0.0016250000000006537,0.0013316397368906042,2.1992499999999997,2.202206639736891,3.2614228808370496
2026-06-04 23:54:00+00:00,-0.016166666666665996,0.0007574188346042155,2.1830833333333337,2.2000074188346037,3.262180299671654
2026-06-04 23:56:00+00:00,0.003833333333333133,-0.0005837387532615828,2.186916666666667,2.1824995945800723,3.2615965609183926
2026-06-04 23:58:00+00:00,0.01987499999999942,0.0005005301345759914,2.2067916666666663,2.187417196801243,3.2620970910529685
2026-06-05 00:00:00+00:00,0.021458333333334245,0.0004946086614702438,2.2282500000000005,2.2072862753281366,3.2625916997144384
2026-06-05 00:02:00+00:00,-0.03200000000000047,-0.00044027456051353337,2.19625,2.227809725439487,3.2621514251539248
2026-06-05 00:04:00+00:00,0.01891666666666625,0.000488799853560756,2.2151666666666663,2.1967387998535606,3.2626402250074857
2026-06-05 00:06:00+00:00,-0.012253623188405172,0.0006372511843218497,2.202913043478261,2.2158039178509883,3.2632774761918077
2026-06-05 00:08:00+00:00,0.009253623188405058,0.0005622910990689395,2.212166666666666,2.20347533457733,3.2638397672908765
2026-06-05 00:10:00+00:00,0.011791666666667311,0.00027879087968415045,2.2239583333333335,2.2124454575463504,3.2641185581705607
2026-06-05 00:12:00+00:00,-0.034958333333333425,3.848334011854059e-05,2.189,2.223996816673452,3.2641570415106793
2026-06-05 00:14:00+00:00,-0.003750000000000586,0.00031387586984778964,2.1852499999999995,2.189313875869848,3.2644709173805273
2026-06-05 00:16:00+00:00,0.016458333333334352,0.0005080441171302671,2.201708333333334,2.18575804411713,3.264978961497657
2026-06-05 00:18:00+00:00,-0.0005000000000006111,0.00016339497710575828,2.201208333333333,2.2018717283104396,3.265142356474763
2026-06-05 00:20:00+00:00,-0.023125000000000284,7.62607705546435e-05,2.178083333333333,2.2012845941038877,3.265218617245318
2026-06-05 00:22:00+00:00,0.031041666666666856,0.0006112412447108952,2.209125,2.178694574578044,3.2658298584900285
2026-06-05 00:24:00+00:00,0.011625000000000442,0.0007958733001722758,2.2207500000000002,2.209920873300172,3.2666257317902008
2026-06-05 00:26:00+00:00,0.004583333333333606,0.00032991467757766737,2.225333333333334,2.2210799146775777,3.2669556464677787
2026-06-05 00:28:00+00:00,-0.04229166666666729,-0.000290005389911392,2.1830416666666665,2.2250433279434225,3.266665641077867
2026-06-05 00:30:00+00:00,0.0003333333333332966,-0.00010003301233517452,2.183375,2.1829416336543312,3.266565608065532
2026-06-05 00:32:00+00:00,-0.0008333333333334636,0.0016659378111360096,2.1825416666666664,2.1850409378111357,3.268231545876668
2026-06-05 00:34:00+00:00,0.012541666666666895,-0.0005627395327512619,2.1950833333333333,2.181978927133915,3.2676688063439165
2026-06-05 00:36:00+00:00,-0.009416666666666629,0.0008225471784049101,2.1856666666666666,2.1959058805117384,3.2684913535223217
2026-06-05 00:38:00+00:00,0.03054166666666624,-4.224153501369081e-05,2.216208333333333,2.185624425131653,3.268449111987308
2026-06-05 00:40:00+00:00,0.024250000000000327,0.00010377832769880464,2.240458333333333,2.216312111661032,3.2685528903150067
2026-06-05 00:42:00+00:00,-0.046333333333333566,0.0007637207492564033,2.1941249999999997,2.2412220540825896,3.269316611064263
2026-06-05 00:44:00+00:00,-0.0029076086956520975,0.0004353352397058784,2.1912173913043476,2.1945603352397054,3.2697519463039693
2026-06-05 00:46:00+00:00,-0.001092391304347018,-0.0005145707071447636,2.1901250000000005,2.190702820597203,3.2692373755968243
2026-06-05 00:48:00+00:00,0.0105833333333325,-0.00027103992357535795,2.200708333333333,2.1898539600764253,3.268966335673249
2026-06-05 00:50:00+00:00,-0.023083333333332682,0.0011799771860240217,2.1776250000000004,2.201888310519357,3.270146312859273
2026-06-05 00:52:00+00:00,0.028708333333333336,-0.0008373947481934036,2.2063333333333337,2.176787605251807,3.2693089181110797
2026-06-05 00:54:00+00:00,-0.011083333333333556,0.00016056943878839622,2.19525,2.206493902772122,3.269469487549868
2026-06-05 00:56:00+00:00,-0.009208333333333485,0.0003510852539911369,2.1860416666666667,2.1956010852539913,3.269820572803859
2026-06-05 00:58:00+00:00,0.0042083333333335915,0.00047065289660039826,2.1902500000000003,2.186512319563267,3.2702912257004595
2026-06-05 01:00:00+00:00,0.016416666666666302,4.8812380506805365e-05,2.2066666666666666,2.190298812380507,3.2703400380809664
2026-06-05 01:02:00+00:00,0.011874999999999858,4.0037071778588535e-05,2.2185416666666664,2.2067067037384454,3.2703800751527448
2026-06-05 01:04:00+00:00,-0.044458333333333044,-0.00022769736056212834,2.1740833333333334,2.2183139693061045,3.270152377792183
2026-06-05 01:06:00+00:00,-0.008333333333333304,0.000928705042538412,2.16575,2.175012038375872,3.271081082834721
2026-06-05 01:08:00+00:00,0.02537499999999993,-0.0009704811663055038,2.191125,2.1647795188336945,3.270110601668416
2026-06-05 01:10:00+00:00,-0.010166666666666657,0.0005594084421171946,2.1809583333333333,2.191684408442117,3.270670010110533
2026-06-05 01:12:00+00:00,-0.024499999999999744,0.001374677841861848,2.1564583333333336,2.1823330111751953,3.272044687952395
2026-06-05 01:14:00+00:00,0.007166666666666543,0.0008382888644311631,2.163625,2.157296622197765,3.2728829768168257
2026-06-05 01:16:00+00:00,0.001083333333333325,0.0002184940223426559,2.1647083333333335,2.163843494022343,3.2731014708391686
2026-06-05 01:18:00+00:00,4.440892098500626e-16,0.00022309285844673035,2.164708333333334,2.1649314261917803,3.2733245636976154
2026-06-05 01:20:00+00:00,-0.011208333333334153,0.001101429631312532,2.1534999999999997,2.1658097629646464,3.274425993328928
2026-06-05 01:22:00+00:00,-0.0014583333333333393,-0.00027760855015363336,2.1520416666666664,2.1532223914498463,3.274148384778774
2026-06-05 01:24:00+00:00,0.033833333333333826,0.000343874157406341,2.1858750000000002,2.152385540824073,3.2744922589361805
2026-06-05 01:26:00+00:00,-0.006048913043478876,0.0010219011688603504,2.1798260869565214,2.1868969011688604,3.2755141601050406
2026-06-05 01:28:00+00:00,-0.005409420289854694,0.0002979947933926756,2.1744166666666667,2.180124081749914,3.2758121548984334
2026-06-05 01:30:00+00:00,-0.010666666666666826,8.221106498966692e-05,2.16375,2.1744988777316565,3.275894365963423
2026-06-05 01:32:00+00:00,0.022250000000000103,0.0016609732061622173,2.186,2.165410973206162,3.2775553391695853
2026-06-05 01:34:00+00:00,0.0027083333333335347,0.000741417232590312,2.1887083333333335,2.1867414172325903,3.2782967564021757
2026-06-05 01:36:00+00:00,-0.0006250000000003197,-0.0004320840627575302,2.188083333333333,2.188276249270576,3.277864672339418
2026-06-05 01:38:00+00:00,-0.03654166666666692,-0.0009203121404472676,2.1515416666666662,2.187163021192886,3.276944360198971
2026-06-05 01:40:00+00:00,0.024500000000000632,0.0006792768745992612,2.176041666666667,2.1522209435412654,3.27762363707357
2026-06-05 01:42:00+00:00,-0.024458333333333915,-0.00044313468442602635,2.151583333333333,2.175598531982241,3.277180502389144
2026-06-05 01:44:00+00:00,-0.01887499999999953,-0.00043950319693728023,2.1327083333333334,2.151143830136396,3.2767409991922065
2026-06-05 01:46:00+00:00,0.08516666666666595,0.00041812471393489875,2.2178749999999994,2.1331264580472684,3.2771591239061415
2026-06-05 01:48:00+00:00,0.2345000000000006,0.0005424520680680102,2.452375,2.2184174520680675,3.2777015759742096
2026-06-05 01:50:00+00:00,-0.03275000000000006,0.0003190175949905857,2.419625,2.4526940175949905,3.2780205935692
2026-06-05 01:52:00+00:00,-0.040208333333333623,0.0003458874582622952,2.3794166666666663,2.419970887458262,3.2783664810274624
2026-06-05 01:54:00+00:00,0.00783333333333358,-0.0006383158704265047,2.38725,2.3787783507962397,3.277728165157036
2026-06-05 01:56:00+00:00,0.01245833333333346,0.0006962080954883503,2.3997083333333333,2.3879462080954883,3.2784243732525242
2026-06-05 01:58:00+00:00,-0.052375000000000504,0.0005413055031870035,2.347333333333333,2.40024963883652,3.278965678755711
2026-06-05 02:00:00+00:00,-0.047874999999999446,0.00044955096735302196,2.2994583333333334,2.347782884300686,3.2794152297230643
2026-06-05 02:02:00+00:00,-0.006416666666666515,-0.0006072517177089188,2.293041666666667,2.2988510816156245,3.2788079780053554
2026-06-05 02:04:00+00:00,-0.006650362318840752,0.0002920413548126403,2.286391304347826,2.2933337080214793,3.279100019360168
2026-06-05 02:06:00+00:00,-0.02830797101449312,9.773580501009877e-05,2.258083333333333,2.286489040152836,3.279197755165178
2026-06-05 02:08:00+00:00,-0.002874999999999517,0.0015118233511843128,2.2552083333333335,2.2595951566845174,3.2807095785163622
2026-06-05 02:10:00+00:00,-0.04070833333333379,-0.0006876375492040335,2.2144999999999997,2.2545206957841293,3.280021940967158
2026-06-05 02:12:00+00:00,-0.0004583333333330053,0.0012454796830811325,2.2140416666666667,2.215745479683081,3.2812674206502392
2026-06-05 02:14:00+00:00,-0.029958333333333087,0.00034391974750901355,2.1840833333333336,2.2143855864141755,3.2816113403977485
2026-06-05 02:16:00+00:00,0.014833333333333254,-0.0012967323909201375,2.198916666666667,2.1827866009424133,3.280314608006828
2026-06-05 02:18:00+00:00,-0.0007083333333337549,-0.001814882772663972,2.198208333333333,2.197101783894003,3.2784997252341643
2026-06-05 02:20:00+00:00,-0.003541666666666554,0.0007806472539279745,2.1946666666666665,2.198988980587261,3.2792803724880923
2026-06-05 02:22:00+00:00,-0.007458333333333567,0.0008838129400584836,2.187208333333333,2.195550479606725,3.2801641854281507
2026-06-05 02:24:00+00:00,0.010625000000000107,0.00033123836262767786,2.197833333333333,2.1875395716959605,3.2804954237907786
2026-06-05 02:26:00+00:00,-0.01633333333333331,-0.00033885020669544903,2.1814999999999998,2.1974944831266376,3.280156573584083
2026-06-05 02:28:00+00:00,-0.014499999999999515,0.0016873090888060722,2.1670000000000003,2.183187309088806,3.2818438826728893
2026-06-05 02:30:00+00:00,-0.03187500000000032,0.001233269919951582,2.135125,2.168233269919952,3.2830771525928406
2026-06-05 02:32:00+00:00,0.026583333333333403,0.00029866921249772845,2.1617083333333333,2.1354236692124977,3.2833758218053384
2026-06-05 02:34:00+00:00,0.013458333333332906,0.0008044075577829135,2.1751666666666662,2.1625127408911164,3.2841802293631215
2026-06-05 02:36:00+00:00,0.002875000000000405,0.0002983097319180344,2.1780416666666667,2.1754649763985845,3.2844785390950393
2026-06-05 02:38:00+00:00,-0.0075416666666661145,0.0005103351507956059,2.1705000000000005,2.1785520018174624,3.284988874245835
2026-06-05 02:40:00+00:00,-0.02225000000000099,0.00101385320567822,2.1482499999999995,2.1715138532056786,3.286002727451513
2026-06-05 02:42:00+00:00,-0.012293478260868795,0.00011111309398740197,2.1359565217391308,2.148361113093987,3.2861138405455006
2026-06-05 02:44:00+00:00,-0.0012481884057975456,0.0015564261923231462,2.134708333333333,2.137512947931454,3.2876702667378237
2026-06-05 02:46:00+00:00,0.028874999999999762,-0.0005378122270727389,2.163583333333333,2.1341705211062605,3.287132454510751
2026-06-05 02:48:00+00:00,0.012041666666667172,0.00022571612343499342,2.175625,2.163809049456768,3.287358170634186
2026-06-05 02:50:00+00:00,-0.012958333333333627,0.0006991850767904523,2.1626666666666665,2.1763241850767905,3.2880573557109765
2026-06-05 02:52:00+00:00,-0.006583333333332942,0.0001848579590053346,2.1560833333333336,2.1628515246256717,3.2882422136699816
2026-06-05 02:54:00+00:00,-0.02175000000000038,-0.0001446363856860542,2.134333333333333,2.1559386969476475,3.2880975772842955
2026-06-05 02:56:00+00:00,-0.01366666666666605,0.001121997055907885,2.120666666666667,2.135455330389241,3.2892195743402035
2026-06-05 02:58:00+00:00,0.008374999999999577,0.0002493946795196229,2.1290416666666667,2.1209160613461866,3.2894689690197234
2026-06-05 03:00:00+00:00,-0.0012083333333330337,0.0012436482186117,2.1278333333333337,2.1302853148852785,3.290712617238335
2026-06-05 03:02:00+00:00,0.017499999999999183,-0.0005400120805327326,2.145333333333333,2.127293321252801,3.290172605157802
2026-06-05 03:04:00+00:00,0.0015416666666672185,0.00030702792201186836,2.146875,2.1456403612553445,3.290479633079814
2026-06-05 03:06:00+00:00,-0.0014166666666666217,-9.7572194839193e-05,2.1454583333333335,2.146777427805161,3.290382060884975
2026-06-05 03:08:00+00:00,0.0027083333333330906,0.0003550159592801823,2.1481666666666666,2.1458133492926135,3.290737076844255
2026-06-05 03:10:00+00:00,-0.006499999999999506,0.0012027832418678487,2.141666666666667,2.1493694499085345,3.291939860086123
2026-06-05 03:12:00+00:00,0.0050833333333328845,0.0005361863110834594,2.14675,2.1422028529777504,3.2924760463972063
2026-06-05 03:14:00+00:00,-0.0024999999999999467,-4.8798125411842555e-05,2.14425,2.146701201874588,3.2924272482717947
2026-06-05 03:16:00+00:00,-0.0014166666666666217,-0.0003558327819530658,2.1428333333333334,2.143894167218047,3.2920714154898416
2026-06-05 03:18:00+00:00,0.0045000000000001705,-1.5508441026514372e-05,2.1473333333333335,2.142817824892307,3.292055907048815
2026-06-05 03:20:00+00:00,-0.006811594202898785,0.0006239860365166376,2.1405217391304348,2.14795731936985,3.2926798930853316
2026-06-05 03:22:00+00:00,0.003103260869565805,0.0004315905629967038,2.1436250000000006,2.1409533296934313,3.293111483648328
2026-06-05 03:24:00+00:00,-0.0025416666666666643,0.0009133941043787893,2.141083333333334,2.144538394104379,3.2940248777527072
2026-06-05 03:26:00+00:00,-0.004250000000000753,0.00027634263876821655,2.136833333333333,2.1413596759721023,3.294301220391475
2026-06-05 03:28:00+00:00,-0.00012499999999970868,0.00036608334972207526,2.1367083333333334,2.137199416683055,3.294667303741197
2026-06-05 03:30:00+00:00,-0.004416666666666735,0.00017311562543422015,2.1322916666666667,2.1368814489587677,3.2948404193666314
2026-06-05 03:32:00+00:00,0.0014166666666666217,-0.00021299953067982656,2.1337083333333333,2.132078667135987,3.2946274198359515
2026-06-05 03:34:00+00:00,-0.006624999999999659,0.00019025750403910664,2.1270833333333337,2.133898590837372,3.294817677339991
2026-06-05 03:36:00+00:00,0.0021250000000003766,0.0003178668379162298,2.129208333333334,2.1274012001712497,3.295135544177907
2026-06-05 03:38:00+00:00,-0.0008750000000006253,-0.00016271259938364406,2.1283333333333334,2.1290456207339505,3.2949728315785234
2026-06-05 03:40:00+00:00,-0.00025000000000030553,0.0007412961830073537,2.128083333333333,2.129074629516341,3.2957141277615305
2026-06-05 03:42:00+00:00,-4.16666666662735e-05,0.00024821772123683454,2.128041666666667,2.1283315510545697,3.2959623454827676
2026-06-05 03:44:00+00:00,0.0014999999999996128,0.0002999556918317648,2.1295416666666664,2.1283416223584988,3.2962623011745995
2026-06-05 03:46:00+00:00,-0.004624999999999435,-7.039944559800373e-05,2.124916666666667,2.1294712672210685,3.296191901729001
2026-06-05 03:48:00+00:00,0.005208333333333037,0.000456342320578729,2.130125,2.125373008987246,3.29664824404958
2026-06-05 03:50:00+00:00,-0.0033333333333334103,9.926333546171421e-05,2.1267916666666666,2.1302242633354616,3.296747507385042
2026-06-05 03:52:00+00:00,-0.0007499999999995843,0.00023228424236485548,2.126041666666667,2.1270239509090314,3.2969797916274066
2026-06-05 03:54:00+00:00,0.0019166666666663446,0.00033786936445777795,2.1279583333333334,2.126379536031125,3.2973176609918644
2026-06-05 03:56:00+00:00,0.16337500000000027,0.0004772550771012226,2.2913333333333337,2.1284355884104347,3.2977949160689657
2026-06-05 03:58:00+00:00,-0.0072898550724640465,-1.7860786543069982e-05,2.2840434782608696,2.2913154725467906,3.2977770552824226
2026-06-05 04:00:00+00:00,-0.10621014492753611,-2.4473971551435945e-05,2.1778333333333335,2.284019004289318,3.297752581310871
2026-06-05 04:02:00+00:00,-0.035916666666667034,0.0005005479513977255,2.1419166666666665,2.1783338812847313,3.2982531292622688
2026-06-05 04:04:00+00:00,0.004458333333333009,0.0003672676443432248,2.1463749999999995,2.14228393431101,3.298620396906612
2026-06-05 04:06:00+00:00,0.0008333333333343518,0.00016930387363145834,2.147208333333334,2.146544303873631,3.2987897007802434
2026-06-05 04:08:00+00:00,-0.0036666666666671515,0.00014392433509539016,2.1435416666666667,2.1473522576684294,3.298933625115339
2026-06-05 04:10:00+00:00,0.01737499999999992,0.0005055979723110078,2.1609166666666666,2.144047264638978,3.2994392230876497
2026-06-05 04:12:00+00:00,-0.001083333333332881,9.455602635472914e-05,2.1598333333333337,2.161011222693021,3.2995337791140047
2026-06-05 04:14:00+00:00,-0.0067916666666674175,0.0003231186081344425,2.1530416666666663,2.160156451941468,3.299856897722139
2026-06-05 04:16:00+00:00,-0.002749999999999364,0.0002554372022083288,2.150291666666667,2.1532971038688746,3.3001123349243473
2026-06-05 04:18:00+00:00,-0.0007916666666671901,0.0001506936793060139,2.1494999999999997,2.150442360345973,3.3002630286036534
2026-06-05 04:20:00+00:00,0.004291666666667027,0.00039775013023360894,2.1537916666666668,2.149897750130233,3.300660778733887
2026-06-05 04:22:00+00:00,-0.00024999999999986144,0.0002708786223859453,2.153541666666667,2.1540625452890527,3.300931657356273
2026-06-05 04:24:00+00:00,-0.0022083333333329236,0.0002834856122110879,2.151333333333334,2.153825152278878,3.301215142968484
2026-06-05 04:26:00+00:00,0.0034999999999998366,-0.0018119807268179868,2.154833333333334,2.149521352606516,3.299403162241666
2026-06-05 04:28:00+00:00,-0.001500000000000945,0.0010394072442624486,2.153333333333333,2.155872740577596,3.3004425694859285
2026-06-05 04:30:00+00:00,0.007166666666666988,0.002156063904364598,2.1605,2.1554893972376976,3.302598633390293
2026-06-05 04:32:00+00:00,-0.009458333333332458,0.000613969838557057,2.1510416666666674,2.161113969838557,3.3032126032288502
2026-06-05 04:34:00+00:00,-0.0035000000000007248,0.0002217707454692258,2.1475416666666667,2.1512634374121364,3.3034343739743193
2026-06-05 04:36:00+00:00,0.005958333333333066,0.00012184144079217823,2.1534999999999997,2.147663508107459,3.3035562154151115
2026-06-05 04:38:00+00:00,0.001282608695652332,0.00046005136364443537,2.154782608695652,2.153960051363644,3.3040162667787563
2026-06-05 04:40:00+00:00,-0.0026159420289859625,-0.00010012943278220615,2.152166666666666,2.15468247926287,3.303916137345974
2026-06-05 04:42:00+00:00,0.0012083333333339221,0.00016529613678962132,2.153375,2.152331962803456,3.3040814334827635
2026-06-05 04:44:00+00:00,0.0006666666666665932,0.0006391586322957365,2.1540416666666666,2.154014158632296,3.304720592115059
2026-06-05 04:46:00+00:00,-0.006458333333333233,0.00020140716627547767,2.1475833333333334,2.154243073832942,3.3049219992813343
2026-06-05 04:48:00+00:00,0.001874999999999627,0.00021689574862827267,2.149458333333333,2.1478002290819616,3.305138895029963
2026-06-05 04:50:00+00:00,-0.00533333333333319,8.713479607830452e-05,2.144125,2.1495454681294115,3.3052260298260414
2026-06-05 04:52:00+00:00,0.006000000000000228,0.0003500340615088245,2.150125,2.1444750340615086,3.3055760638875498
2026-06-05 04:54:00+00:00,-0.0005833333333336022,0.00034152443303411335,2.1495416666666665,2.150466524433034,3.3059175883205842
2026-06-05 04:56:00+00:00,0.0016250000000006537,-1.0826809103793172e-05,2.151166666666667,2.1495308398575625,3.3059067615114803
2026-06-05 04:58:00+00:00,-0.004250000000000309,0.00030023971293117324,2.146916666666667,2.151466906379598,3.3062070012244114
2026-06-05 05:00:00+00:00,-0.003541666666666554,0.0003281738692894113,2.1433750000000003,2.147244840535956,3.3065351750937007
2026-06-05 05:02:00+00:00,0.0012499999999997513,0.00024223755742419805,2.144625,2.1436172375574243,3.306777412651125
2026-06-05 05:04:00+00:00,0.003458333333333563,0.00037050192151213404,2.1480833333333336,2.144995501921512,3.3071479145726372
2026-06-05 05:06:00+00:00,-0.0022083333333338118,4.792363551677457e-05,2.1458749999999998,2.1481312569688504,3.307195838208154
2026-06-05 05:08:00+00:00,0.00016666666666687036,0.0003405015378569081,2.1460416666666666,2.146215501537857,3.3075363397460107
2026-06-05 05:10:00+00:00,0.0008333333333334636,0.0002501597548058523,2.146875,2.1462918264214723,3.307786499500817
2026-06-05 05:12:00+00:00,-0.00216666666666665,0.00021407283043175385,2.1447083333333334,2.1470890728304317,3.3080005723312484
2026-06-05 05:14:00+00:00,0.003833333333333133,0.0003324556707714524,2.1485416666666666,2.145040789004105,3.30833302800202
2026-06-05 05:16:00+00:00,-0.003374999999999684,0.0003476618040973449,2.145166666666667,2.148889328470764,3.3086806898061174
2026-06-05 05:18:00+00:00,0.00322463768115977,4.705375539681518e-05,2.1483913043478267,2.145213720422064,3.308727743561514
2026-06-05 05:20:00+00:00,2.536231883976114e-05,0.00020702732548425146,2.1484166666666664,2.148598331673311,3.3089347708869985
2026-06-05 05:22:00+00:00,-0.0003333333333332966,0.0001766087705424426,2.148083333333333,2.148593275437209,3.3091113796575407
2026-06-05 05:24:00+00:00,0.0033333333333334103,0.00030172165328011606,2.1514166666666665,2.1483850549866133,3.3094131013108212
2026-06-05 05:26:00+00:00,-0.002458333333333229,0.0003101254288727599,2.1489583333333333,2.1517267920955394,3.3097232267396937
2026-06-05 05:28:00+00:00,-0.002583333333332938,0.00019837568645983606,2.1463750000000004,2.149156709019793,3.3099216024261535
2026-06-05 05:30:00+00:00,0.001583333333333492,9.373330840994827e-05,2.147958333333334,2.1464687333084105,3.3100153357345636
2026-06-05 05:32:00+00:00,-0.0022083333333338118,5.844551679910264e-05,2.14575,2.148016778850133,3.3100737812513628
2026-06-05 05:34:00+00:00,0.0007916666666671901,0.0002755702271436261,2.1465416666666672,2.1460255702271436,3.3103493514785063
2026-06-05 05:36:00+00:00,-0.0010416666666670515,0.000344065950252067,2.1455,2.1468857326169193,3.3106934174287583
2026-06-05 05:38:00+00:00,0.0017083333333332007,0.0003001301918799253,2.1472083333333334,2.1458001301918803,3.3109935476206385
2026-06-05 05:40:00+00:00,-0.0006666666666661492,0.00031301018192117947,2.1465416666666672,2.1475213435152547,3.3113065578025593
2026-06-05 05:42:00+00:00,-0.0009166666666673429,0.00039284421596670545,2.145625,2.146934510882634,3.311699402018526
2026-06-05 05:44:00+00:00,0.001374999999999904,9.64603301836041e-05,2.147,2.1457214603301833,3.31179586234871
2026-06-05 05:46:00+00:00,0.00025000000000030553,0.00023118117148984672,2.14725,2.1472311811714895,3.3120270435201995
2026-06-05 05:48:00+00:00,-0.005625000000000214,-2.6080105628348917e-05,2.141625,2.1472239198943717,3.3120009634145715
2026-06-05 05:50:00+00:00,0.0006666666666674814,0.0003002554336562327,2.1422916666666674,2.141925255433656,3.3123012188482273
2026-06-05 05:52:00+00:00,0.00804166666666628,7.717676480144411e-05,2.1503333333333337,2.142368843431469,3.312378395613029
2026-06-05 05:54:00+00:00,0.0071666666666660985,6.99111697031086e-05,2.1574999999999998,2.1504032445030368,3.312448306782732
2026-06-05 05:56:00+00:00,-0.0001956521739123751,0.0005591857318455182,2.1573043478260874,2.158059185731845,3.3130074925145774
2026-06-05 05:58:00+00:00,-0.0031793478260873087,0.0005405854939792781,2.154125,2.1578449333200664,3.313548078008557
2026-06-05 06:00:00+00:00,-0.005374999999999908,0.00017364122167537634,2.14875,2.1542986412216756,3.3137217192302324
2026-06-05 06:02:00+00:00,-0.006833333333333247,0.0003327879020943766,2.141916666666667,2.1490827879020946,3.314054507132327
2026-06-05 06:04:00+00:00,0.0060833333333332185,0.000142408333175485,2.148,2.1420590749998425,3.314196915465502
2026-06-05 06:06:00+00:00,-0.002458333333333229,0.00019766301359047176,2.145541666666667,2.1481976630135904,3.3143945784790927
2026-06-05 06:08:00+00:00,0.004916666666666458,0.00034922287209575395,2.1504583333333334,2.1458908895387627,3.314743801351188
2026-06-05 06:10:00+00:00,0.0017083333333336448,0.00020927067295024312,2.152166666666667,2.1506676040062835,3.3149530720241387
2026-06-05 06:12:00+00:00,0.0005416666666664405,0.00014498391196440092,2.1527083333333334,2.1523116505786315,3.3150980559361027
2026-06-05 06:14:00+00:00,-0.004624999999999435,0.0002655576809774708,2.148083333333334,2.152973891014311,3.3153636136170803
2026-06-05 06:16:00+00:00,0.0050833333333328845,0.00021987849419622982,2.153166666666667,2.14830321182753,3.315583492111277
2026-06-05 06:18:00+00:00,-0.008458333333333456,0.00042012596223497397,2.1447083333333334,2.153586792628902,3.3160036180735117
2026-06-05 06:20:00+00:00,0.0019999999999997797,0.00035622697913393296,2.146708333333333,2.145064560312467,3.3163598450526455
2026-06-05 06:22:00+00:00,0.003083333333333993,0.0003773792147014997,2.149791666666667,2.147085712548035,3.316737224267347
2026-06-05 06:24:00+00:00,0.0034166666666664014,-0.00025699974402471217,2.1532083333333336,2.1495346669226425,3.3164802245233225
2026-06-05 06:26:00+00:00,-0.0006666666666665932,8.962233880688719e-05,2.152541666666667,2.1532979556721403,3.316569846862129
2026-06-05 06:28:00+00:00,-0.00020833333333358794,0.00038146345907195966,2.1523333333333334,2.152923130125739,3.316951310321201
2026-06-05 06:30:00+00:00,-0.0003749999999995701,0.00016641178424467768,2.151958333333334,2.152499745117578,3.317117722105446
2026-06-05 06:32:00+00:00,-0.00016666666666731444,0.00022131432041833145,2.1517916666666665,2.1521796476537522,3.3173390364258646
2026-06-05 06:34:00+00:00,-0.001922101449275626,0.00023585075085668899,2.149869565217391,2.1520275174175234,3.317574887176721
2026-06-05 06:36:00+00:00,-0.00011956521739042715,-0.00011731637746559657,2.1497500000000005,2.1497522488399254,3.3174575707992555
2026-06-05 06:38:00+00:00,0.0019166666666659005,1.2272700274477837e-05,2.1516666666666664,2.1497622727002748,3.31746984349953
2026-06-05 06:40:00+00:00,-0.0009166666666660106,0.0003814576948061045,2.1507500000000004,2.1520481243614724,3.3178513011943362
2026-06-05 06:42:00+00:00,0.00137499999999946,-0.0001933428600895876,2.152125,2.150556657139911,3.3176579583342463
2026-06-05 06:44:00+00:00,0.0008749999999997371,0.00040295473827664307,2.1529999999999996,2.1525279547382765,3.3180609130725234
2026-06-05 06:46:00+00:00,0.00012500000000059686,0.00010071645448138131,2.153125,2.153100716454481,3.3181616295270047
2026-06-05 06:48:00+00:00,0.0015000000000005007,0.0012349488933879374,2.1546250000000007,2.154359948893388,3.3193965784203927
2026-06-05 06:50:00+00:00,-0.0012083333333339221,-0.0001507826651601528,2.1534166666666668,2.1544742173348403,3.3192457957552324
2026-06-05 06:52:00+00:00,0.001791666666666192,-0.00018544686391636585,2.155208333333333,2.1532312198027506,3.319060348891316
2026-06-05 06:54:00+00:00,-0.003249999999999087,-5.797850482242602e-05,2.151958333333334,2.1551503548285105,3.3190023703864933
2026-06-05 06:56:00+00:00,0.0026249999999992113,0.0006665347029143621,2.154583333333333,2.152624868036248,3.319668905089408
2026-06-05 06:58:00+00:00,0.002083333333333659,0.000787523499069003,2.1566666666666667,2.155370856832402,3.320456428588477
2026-06-05 07:00:00+00:00,-0.001500000000000057,-1.1988046661522093e-05,2.1551666666666667,2.156654678620005,3.320444440541815
2026-06-05 07:02:00+00:00,-0.002583333333332938,0.00034531574789429777,2.1525833333333337,2.155511982414561,3.3207897562897095
2026-06-05 07:04:00+00:00,0.0016249999999988773,-0.00031185457762326354,2.1542083333333326,2.1522714787557105,3.3204779017120862
2026-06-05 07:06:00+00:00,-0.0009999999999990017,0.00012327779103844854,2.1532083333333336,2.154331611124371,3.3206011795031247
2026-06-05 07:08:00+00:00,0.00029166666666613494,0.00019191446846037868,2.1534999999999997,2.153400247801794,3.3207930939715853
2026-06-05 07:10:00+00:00,0.0019583333333335062,0.00022365304028301746,2.1554583333333333,2.1537236530402826,3.321016747011868
2026-06-05 07:12:00+00:00,-0.0005416666666668846,0.00021104554280946145,2.1549166666666664,2.1556693788761425,3.321227792554678
2026-06-05 07:14:00+00:00,0.002865942028985824,0.0002718150535753232,2.157782608695652,2.155188481720242,3.321499607608253
2026-06-05 07:16:00+00:00,0.004675724637681178,0.00045443434858067353,2.1624583333333334,2.158237043044233,3.321954041956834
2026-06-05 07:18:00+00:00,-0.0018750000000005151,0.00026583960598020463,2.160583333333333,2.1627241729393134,3.322219881562814
2026-06-05 07:20:00+00:00,-0.0033333333333334103,0.0006036937246098259,2.1572499999999994,2.1611870270579425,3.3228235752874236
2026-06-05 07:22:00+00:00,0.000791666666666746,0.0014492265681423676,2.158041666666666,2.158699226568142,3.324272801855566
2026-06-05 07:24:00+00:00,0.0006250000000003197,0.001430712794263955,2.1586666666666665,2.1594723794609303,3.32570351464983
2026-06-05 07:26:00+00:00,0.002375000000000238,0.0011824589644867493,2.1610416666666667,2.1598491256311534,3.326885973614317
2026-06-05 07:28:00+00:00,-0.0017500000000003624,0.0005948686335855873,2.1592916666666664,2.1616365353002522,3.3274808422479025
2026-06-05 07:30:00+00:00,0.0009999999999998899,0.0005723266859227602,2.1602916666666663,2.159863993352589,3.3280531689338253
2026-06-05 07:32:00+00:00,0.0008333333333334636,0.00013070950179824617,2.1611249999999997,2.1604223761684644,3.3281838784356235
2026-06-05 07:34:00+00:00,-0.0011250000000000426,8.122013528674932e-05,2.1599999999999997,2.1612062201352864,3.3282650985709106
2026-06-05 07:36:00+00:00,0.003874999999999851,0.00022994028225848298,2.1638749999999995,2.160229940282258,3.328495038853169
2026-06-05 07:38:00+00:00,-0.0027916666666660817,-7.071333607502522e-05,2.1610833333333335,2.1638042866639244,3.3284243255170938
2026-06-05 07:40:00+00:00,-4.166666666716168e-05,0.00023138711298812626,2.1610416666666663,2.1613147204463217,3.328655712630082
2026-06-05 07:42:00+00:00,0.0020416666666669414,0.0007075657953196755,2.1630833333333332,2.161749232461986,3.3293632784254017
2026-06-05 07:44:00+00:00,-0.0012500000000006395,0.0006330380300059018,2.1618333333333326,2.163716371363339,3.3299963164554076
2026-06-05 07:46:00+00:00,0.0004583333333338935,0.00047203160418811705,2.1622916666666665,2.1623053649375206,3.3304683480595956
2026-06-05 07:48:00+00:00,-0.00012499999999970868,0.0005030747959389569,2.162166666666667,2.1627947414626054,3.3309714228555345
2026-06-05 07:50:00+00:00,8.333333333299109e-05,0.0006652440313869765,2.16225,2.1628319106980536,3.3316366668869217
2026-06-05 07:52:00+00:00,0.00405434782608749,0.00028631115052845,2.1663043478260873,2.1625363111505282,3.33192297803745
2026-06-05 07:54:00+00:00,-0.001887681159421284,8.610980480442467e-05,2.164416666666666,2.1663904576308917,3.3320090878422546
2026-06-05 07:56:00+00:00,-0.003333333333332522,0.00026649620826352336,2.1610833333333335,2.1646831628749297,3.3322755840505183
2026-06-05 07:58:00+00:00,0.001083333333332881,0.0003374297081802804,2.1621666666666663,2.1614207630415136,3.3326130137586985
2026-06-05 08:00:00+00:00,-0.0024166666666665115,0.00014189007327268993,2.15975,2.162308556739939,3.332754903831971
2026-06-05 08:02:00+00:00,0.0014583333333333393,0.0003299843727920979,2.161208333333333,2.160079984372792,3.333084888204763
2026-06-05 08:04:00+00:00,-0.0004583333333325612,0.0003505989595626295,2.1607500000000006,2.1615589322928956,3.3334354871643255
2026-06-05 08:06:00+00:00,0.0008333333333330195,0.00021760422930428778,2.1615833333333336,2.160967604229305,3.33365309139363
2026-06-05 08:08:00+00:00,-0.0010416666666666075,0.00025521449193665246,2.160541666666667,2.1618385478252704,3.3339083058855667
2026-06-05 08:10:00+00:00,-0.0015000000000005007,0.00023487501785466222,2.1590416666666665,2.1607765416845215,3.334143180903421
2026-06-05 08:12:00+00:00,-0.0005416666666668846,0.0001409007156422783,2.1584999999999996,2.1591825673823086,3.3342840816190638
2026-06-05 08:14:00+00:00,0.010166666666667101,0.00023629302725502977,2.1686666666666667,2.1587362930272547,3.334520374646319
2026-06-05 08:16:00+00:00,-0.006541666666667112,0.00027756099496032837,2.1621249999999996,2.168944227661627,3.334797935641279
2026-06-05 08:18:00+00:00,-0.005333333333333634,3.661257383645925e-05,2.156791666666666,2.162161612573836,3.3348345482151154
2026-06-05 08:20:00+00:00,0.0015416666666672185,-7.847308596439789e-05,2.158333333333333,2.1567131935807016,3.334756075129151
2026-06-05 08:22:00+00:00,0.0045000000000001705,0.00041212987744554007,2.1628333333333334,2.1587454632107788,3.3351682050065965
2026-06-05 08:24:00+00:00,-0.001875000000000071,0.00010631460467507177,2.1609583333333333,2.1629396479380083,3.3352745196112714
2026-06-05 08:26:00+00:00,0.0010416666666666075,0.0002943407728646775,2.162,2.161252674106198,3.3355688603841362
2026-06-05 08:28:00+00:00,0.001291666666666469,0.00028809073660518615,2.1632916666666664,2.162288090736605,3.3358569511207414
2026-06-05 08:30:00+00:00,-0.0006666666666665932,0.0005559509306524402,2.162625,2.1638476175973187,3.3364129020513937
2026-06-05 08:32:00+00:00,-8.333333333343518e-05,0.00035245138499880805,2.1625416666666664,2.1629774513849984,3.336765353436393
2026-06-05 08:34:00+00:00,0.001197463768116247,0.00014017127399951716,2.1637391304347826,2.162681837940666,3.3369055247103923
2026-06-05 08:36:00+00:00,-0.0008641304347829504,0.00011581097065935133,2.1628749999999997,2.1638549414054418,3.337021335681052
2026-06-05 08:38:00+00:00,-0.004208333333333147,0.0004961068465684148,2.1586666666666665,2.163371106846568,3.33751744252762
2026-06-05 08:40:00+00:00,0.0037083333333338686,0.00013566677043367738,2.1623750000000004,2.1588023334371003,3.3376531092980537
2026-06-05 08:42:00+00:00,-0.0020416666666669414,0.0001591545735330406,2.1603333333333334,2.1625341545735335,3.337812263871587
2026-06-05 08:44:00+00:00,-0.0003333333333332966,-0.00016630006884222356,2.16,2.160167033264491,3.3376459638027445
2026-06-05 08:46:00+00:00,0.0013333333333336306,0.0002970012435689148,2.1613333333333338,2.160297001243569,3.3379429650463135
2026-06-05 08:48:00+00:00,-0.0006666666666670373,0.00028162847055739147,2.1606666666666667,2.1616149618038913,3.3382245935168706
2026-06-05 08:50:00+00:00,-0.0022083333333333677,0.000315980350909089,2.1584583333333334,2.1609826470175757,3.33854057386778
2026-06-05 08:52:00+00:00,0.00012499999999970868,0.00039280648622656264,2.158583333333333,2.15885113981956,3.3389333803540064
2026-06-05 08:54:00+00:00,-0.004708333333333314,0.0002641087541511529,2.1538749999999998,2.158847442087484,3.3391974891081575
2026-06-05 08:56:00+00:00,0.004875000000000629,-8.218740816420952e-06,2.1587500000000004,2.1538667812591834,3.339189270367341
2026-06-05 08:58:00+00:00,0.0034166666666668455,0.0003831350961699539,2.1621666666666672,2.1591331350961704,3.339572405463511
2026-06-05 09:00:00+00:00,-0.005541666666666778,0.00019310557539572066,2.1566250000000005,2.162359772242063,3.339765511038907
2026-06-05 09:02:00+00:00,0.0061666666666662096,-0.0005701094086591588,2.1627916666666667,2.1560548905913413,3.3391954016302474
2026-06-05 09:04:00+00:00,-0.005833333333333357,-0.0004841767813388814,2.1569583333333333,2.1623074898853276,3.338711224848909
2026-06-05 09:06:00+00:00,-0.00024999999999986144,-0.000187536672300943,2.1567083333333334,2.1567707966610326,3.3385236881766076
2026-06-05 09:08:00+00:00,0.0007499999999995843,-0.0010410085311158017,2.157458333333333,2.155667324802218,3.337482679645492
2026-06-05 09:10:00+00:00,-0.0069583333333334005,0.0007617257892463519,2.1504999999999996,2.1582200591225793,3.3382444054347387
2026-06-05 09:12:00+00:00,0.007458333333334011,0.000674337422785564,2.1579583333333336,2.1511743374227854,3.338918742857524
2026-06-05 09:14:00+00:00,-0.004827898550725518,0.00018031257336646248,2.153130434782608,2.1581386459067002,3.3390990554308906
2026-06-05 09:16:00+00:00,0.0044528985507246155,0.0002753632375970093,2.1575833333333327,2.1534057980202053,3.3393744186684877
2026-06-05 09:18:00+00:00,-0.0032083333333328135,0.00021396907364636112,2.154375,2.157797302406979,3.339588387742134
2026-06-05 09:20:00+00:00,0.00254166666666622,0.0003229718813672204,2.156916666666666,2.154697971881367,3.339911359623501
2026-06-05 09:22:00+00:00,-0.01374999999999904,0.00024851327086795324,2.143166666666667,2.157165179937534,3.340159872894369
2026-06-05 09:24:00+00:00,0.0043333333333333,0.00033134159538890194,2.1475000000000004,2.143498008262056,3.340491214489758
2026-06-05 09:26:00+00:00,0.002166666666666206,0.00021846991723089798,2.1496666666666666,2.147718469917231,3.340709684406989
2026-06-05 09:28:00+00:00,-0.004833333333333467,0.00024433050995378706,2.144833333333333,2.1499109971766206,3.3409540149169423
2026-06-05 09:30:00+00:00,-0.003374999999999684,0.000126015817319646,2.1414583333333335,2.144959349150653,3.341080030734262
2026-06-05 09:32:00+00:00,0.000874999999999293,0.00019036702509035453,2.1423333333333328,2.1416487003584237,3.3412703977593523
2026-06-05 09:34:00+00:00,0.0012500000000006395,0.0002968686654542463,2.1435833333333334,2.142630201998787,3.3415672664248066
2026-06-05 09:36:00+00:00,0.0013750000000003482,0.0001640646799932933,2.1449583333333337,2.1437473980133266,3.3417313311048
2026-06-05 09:38:00+00:00,-0.0016666666666669272,0.0002664307052424421,2.143291666666667,2.145224764038576,3.3419977618100427
2026-06-05 09:40:00+00:00,0.00045833333333344933,0.00014687773530990287,2.1437500000000003,2.1434385444019766,3.3421446395453525
2026-06-05 09:42:00+00:00,-0.002749999999999808,0.000246150969915678,2.1410000000000005,2.143996150969916,3.342390790515268
2026-06-05 09:44:00+00:00,0.001166666666665872,0.0001757897207668423,2.1421666666666663,2.1411757897207675,3.342566580236035
2026-06-05 09:46:00+00:00,4.166666666716168e-05,0.00016293802803069528,2.1422083333333335,2.142329604694697,3.3427295182640657
2026-06-05 09:48:00+00:00,0.0006249999999998757,0.0003700413042678905,2.1428333333333334,2.1425783746376013,3.3430995595683335
2026-06-05 09:50:00+00:00,0.003000000000000114,0.00028206131452069655,2.1458333333333335,2.1431153946478543,3.343381620882854
2026-06-05 09:52:00+00:00,-0.0010072463768118212,0.00015457250620236291,2.1448260869565217,2.1459879058395357,3.343536193389056
2026-06-05 09:54:00+00:00,-0.000659420289855106,7.799581457704442e-05,2.1441666666666666,2.144904082771099,3.3436141892036333
2026-06-05 09:56:00+00:00,0.0004166666666667318,0.0002345501228700991,2.1445833333333333,2.1444012167895368,3.3438487393265035
2026-06-05 09:58:00+00:00,-0.0004166666666667318,0.00035257191055759757,2.1441666666666666,2.1449359052438908,3.344201311237061
2026-06-05 10:00:00+00:00,0.0017500000000003624,0.0002710342575640344,2.145916666666667,2.1444377009242306,3.344472345494625
2026-06-05 10:02:00+00:00,-0.002083333333333215,0.00016089957401464587,2.1438333333333337,2.1460775662406815,3.34463324506864
2026-06-05 10:04:00+00:00,0.0024166666666665115,0.00018296727980484455,2.14625,2.1440163006131385,3.3448162123484444
2026-06-05 10:06:00+00:00,-0.0023333333333326323,0.0002421306564937934,2.1439166666666676,2.146492130656494,3.3450583430049385
2026-06-05 10:08:00+00:00,-0.0014583333333342274,0.00029535790377602765,2.1424583333333334,2.1442120245704435,3.3453537009087144
2026-06-05 10:10:00+00:00,-0.00029166666666657903,0.0002942820821577887,2.1421666666666668,2.1427526154154912,3.3456479829908723
2026-06-05 10:12:00+00:00,-0.0006666666666665932,0.0002158414120009484,2.1415,2.1423825080786676,3.345863824402873
2026-06-05 10:14:00+00:00,0.0022083333333329236,0.0001755685825676719,2.143708333333333,2.141675568582568,3.346039392985441
2026-06-05 10:16:00+00:00,4.166666666716168e-05,0.00023420217082211533,2.1437500000000003,2.1439425355041553,3.346273595156263
2026-06-05 10:18:00+00:00,-0.002666666666666373,0.00020505280241677737,2.141083333333334,2.143955052802417,3.34647864795868
2026-06-05 10:20:00+00:00,0.001791666666666192,0.0002522107854019493,2.142875,2.141335544118736,3.3467308587440816
2026-06-05 10:22:00+00:00,0.004916666666666014,8.931421259572085e-05,2.147791666666666,2.1429643142125956,3.3468201729566776
2026-06-05 10:24:00+00:00,-0.004791666666665861,0.0003191569854194467,2.1430000000000002,2.1481108236520856,3.3471393299420966
2026-06-05 10:26:00+00:00,0.0043333333333333,0.00024761718953956134,2.1473333333333335,2.1432476171895396,3.3473869471316364
2026-06-05 10:28:00+00:00,-0.0040000000000000036,0.0002662221436233193,2.1433333333333335,2.147599555476957,3.34765316927526
2026-06-05 10:30:00+00:00,0.005999999999999339,0.00019093454326500273,2.149333333333333,2.1435242678765984,3.3478441038185247
2026-06-05 10:32:00+00:00,-0.003985507246375697,0.00030087116205439673,2.145347826086957,2.149634204495387,3.348144974980579
2026-06-05 10:34:00+00:00,0.002402173913042649,0.00019118502681761754,2.14775,2.1455390111137747,3.3483361600073964
2026-06-05 10:36:00+00:00,-0.006333333333332636,0.00021576752459316872,2.141416666666667,2.147965767524593,3.34855192753199
2026-06-05 10:38:00+00:00,-0.0008333333333339077,0.0002787955959016683,2.1405833333333333,2.141695462262569,3.3488307231278913
2026-06-05 10:40:00+00:00,-0.0005833333333331581,0.0002044753277829248,2.14,2.1407878086611163,3.3490351984556743
2026-06-05 10:42:00+00:00,0.005249999999999756,0.0002452328795722028,2.14525,2.1402452328795722,3.349280431335247
2026-06-05 10:44:00+00:00,0.0015416666666663303,0.000300448274550296,2.146791666666666,2.14555044827455,3.349580879609797
2026-06-05 10:46:00+00:00,-0.005624999999999325,0.00019804240708857452,2.141166666666667,2.146989709073755,3.3497789220168857
2026-06-05 10:48:00+00:00,0.001958333333333062,0.00019901918813893855,2.143125,2.141365685854806,3.3499779412050246
2026-06-05 10:50:00+00:00,0.005583333333333496,0.00019816293264736406,2.1487083333333334,2.1433231629326475,3.350176104137672
2026-06-05 10:52:00+00:00,-0.005333333333333634,0.00016018899724195613,2.143375,2.1488685223305755,3.3503362931349137
2026-06-05 10:54:00+00:00,0.0014583333333337833,0.0003102139889572618,2.1448333333333336,2.1436852139889573,3.350646507123871
2026-06-05 10:56:00+00:00,8.333333333299109e-05,5.555237936398469e-05,2.1449166666666666,2.1448888857126978,3.350702059503235
2026-06-05 10:58:00+00:00,0.002374999999999794,0.0004103581517313336,2.1472916666666664,2.145327024818398,3.3511124176549663
2026-06-05 11:00:00+00:00,0.001291666666666913,0.00011095903088181881,2.1485833333333333,2.147402625697548,3.351223376685848
2026-06-05 11:02:00+00:00,-0.0015416666666667744,0.00030832540585344636,2.1470416666666665,2.1488916587391866,3.3515317020917017
2026-06-05 11:04:00+00:00,-0.00216666666666665,0.00013485348492393222,2.144875,2.1471765201515907,3.3516665555766254
2026-06-05 11:06:00+00:00,0.0028333333333332433,0.00038411187722031795,2.147708333333333,2.14525911187722,3.3520506674538457
2026-06-05 11:08:00+00:00,-0.0003333333333332966,0.0002647412513227137,2.147375,2.1479730745846557,3.3523154087051683
2026-06-05 11:10:00+00:00,0.002451086956521742,0.00021331980770140346,2.1498260869565216,2.147588319807701,3.35252872851287
2026-06-05 11:12:00+00:00,-0.00699275362318863,1.8786843691484202e-05,2.142833333333333,2.149844873800213,3.3525475153565614
2026-06-05 11:14:00+00:00,0.0009166666666668987,0.00020119598453551164,2.14375,2.1430345293178683,3.352748711341097
2026-06-05 11:16:00+00:00,0.0011666666666667604,0.00042671504213158206,2.1449166666666666,2.1441767150421316,3.3531754263832285
2026-06-05 11:18:00+00:00,0.0007083333333328669,0.00032591060890501094,2.1456249999999994,2.1452425772755714,3.3535013369921334
2026-06-05 11:20:00+00:00,-0.0007083333333328669,0.0001178635733279543,2.1449166666666666,2.1457428635733273,3.3536192005654613
2026-06-05 11:22:00+00:00,-0.0018333333333333535,0.00044546672298256205,2.1430833333333332,2.145362133389649,3.354064667288444
2026-06-05 11:24:00+00:00,0.001958333333333062,4.230295228383215e-05,2.1450416666666663,2.143125636285617,3.3541069702407276
2026-06-05 11:26:00+00:00,-0.0033749999999992397,0.0002243201230497092,2.141666666666667,2.145265986789716,3.3543312903637776
2026-06-05 11:28:00+00:00,-0.0012500000000001954,0.00018799948389639276,2.140416666666667,2.1418546661505635,3.3545192898476737
2026-06-05 11:30:00+00:00,0.005541666666666778,0.0002381554091504127,2.1459583333333336,2.1406548220758173,3.3547574452568245
2026-06-05 11:32:00+00:00,0.0021249999999999325,0.0001688060506712406,2.1480833333333336,2.1461271393840047,3.3549262513074956
2026-06-05 11:34:00+00:00,-0.004708333333333314,0.000448785368042624,2.1433750000000003,2.148532118701376,3.355375036675538
2026-06-05 11:36:00+00:00,0.004916666666666014,0.00018046034818202183,2.1482916666666663,2.1435554603481823,3.3555554970237202
2026-06-05 11:38:00+00:00,-0.0018333333333333535,0.0002807072360689044,2.146458333333333,2.148572373902735,3.355836204259789
2026-06-05 11:40:00+00:00,0.0014166666666670658,0.0001794898554216816,2.147875,2.1466378231887546,3.356015694115211
2026-06-05 11:42:00+00:00,-0.001583333333333492,0.0003862441315625557,2.1462916666666665,2.1482612441315627,3.356401938246773
2026-06-05 11:44:00+00:00,0.001583333333333492,0.00027868764692292637,2.147875,2.1465703543135892,3.3566806258936963
2026-06-05 11:46:00+00:00,0.0009166666666668987,0.00012859296818106786,2.148791666666667,2.148003592968181,3.356809218861877
2026-06-05 11:48:00+00:00,-0.0008333333333334636,0.0001353340150865845,2.1479583333333334,2.1489270006817534,3.3569445528769637
2026-06-05 11:50:00+00:00,0.00012862318840545228,0.0003681951671217357,2.148086956521739,2.1483265285004554,3.3573127480440856
2026-06-05 11:52:00+00:00,-0.00233695652173882,0.00015054590449045452,2.14575,2.1482375024262295,3.357463293948576
2026-06-05 11:54:00+00:00,-0.0035833333333332713,0.00032125622623905957,2.1421666666666668,2.146071256226239,3.357784550174815
2026-06-05 11:56:00+00:00,0.005499999999999616,0.00021934713368921847,2.1476666666666664,2.142386013800356,3.358003897308504
2026-06-05 11:58:00+00:00,-0.002624999999999656,0.0003301258593176334,2.1450416666666667,2.147996792525984,3.358334023167822
2026-06-05 12:00:00+00:00,-0.0016666666666669272,5.039598154446638e-05,2.143375,2.145092062648211,3.3583844191493664
2026-06-05 12:02:00+00:00,0.002291666666667247,0.00014172552968373377,2.145666666666667,2.1435167255296834,3.35852614467905
2026-06-05 12:04:00+00:00,0.003291666666666249,0.0002983678986007546,2.1489583333333333,2.145965034565268,3.358824512577651
2026-06-05 12:06:00+00:00,-0.0003749999999995701,0.0002076226169398381,2.1485833333333337,2.149165955950273,3.3590321351945907
2026-06-05 12:08:00+00:00,-0.006375000000000242,0.0003441057760888844,2.1422083333333335,2.1489274391094226,3.3593762409706796
2026-06-05 12:10:00+00:00,0.002166666666666206,8.076737840503552e-05,2.1443749999999997,2.1422891007117384,3.3594570083490845
2026-06-05 12:12:00+00:00,0.0011250000000004867,0.00036235544178629746,2.1455,2.144737355441786,3.359819363790871
2026-06-05 12:14:00+00:00,0.0034999999999993925,0.00022299172178218086,2.1489999999999996,2.145722991721782,3.360042355512653
2026-06-05 12:16:00+00:00,-0.003958333333332842,0.0001749083121151726,2.1450416666666667,2.1491749083121148,3.3602172638247683
2026-06-05 12:18:00+00:00,0.001666666666666039,0.0002428087437680268,2.1467083333333328,2.1452844754104348,3.3604600725685363
2026-06-05 12:20:00+00:00,-0.0007083333333333108,0.00029831340008721496,2.1459999999999995,2.14700664673342,3.3607583859686234
2026-06-05 12:22:00+00:00,0.004166666666667318,0.0002628841096690173,2.150166666666667,2.1462628841096687,3.3610212700782927
2026-06-05 12:24:00+00:00,-0.002500000000000391,0.00022839493498513343,2.1476666666666664,2.150395061601652,3.3612496650132777
2026-06-05 12:26:00+00:00,-0.0007083333333328669,0.0003382225567474482,2.1469583333333335,2.148004889223414,3.361587887570025
2026-06-05 12:28:00+00:00,0.0007500000000000285,3.3017244015349985e-05,2.1477083333333336,2.146991350577349,3.3616209048140404
2026-06-05 12:30:00+00:00,8.3333333332547e-05,0.00048710935159269024,2.147791666666666,2.1481954426849263,3.362108014165633
2026-06-05 12:32:00+00:00,0.0012518115942032892,1.7549622629301e-05,2.1490434782608694,2.1478092162892954,3.3621255637882625
2026-06-05 12:34:00+00:00,-0.00512681159420314,0.00038361248218759424,2.1439166666666662,2.149427090743057,3.36250917627045
2026-06-05 12:36:00+00:00,0.0032500000000004192,0.00029121654077118484,2.1471666666666667,2.1442078832074376,3.3628003928112213
2026-06-05 12:38:00+00:00,-0.002583333333332938,0.0002218687379887634,2.1445833333333337,2.1473885354046556,3.36302226154921
2026-06-05 12:40:00+00:00,-0.010583333333333833,0.00025630655830411955,2.134,2.144839639891638,3.363278568107514
2026-06-05 12:42:00+00:00,0.0022083333333338118,0.00020014164790818737,2.1362083333333337,2.134200141647908,3.363478709755422
2026-06-05 12:44:00+00:00,-0.013750000000000817,0.00012048841038872333,2.122458333333333,2.1363288217437226,3.363599198165811
2026-06-05 12:46:00+00:00,0.0006666666666674814,0.0004465870866551362,2.1231250000000004,2.122904920419988,3.364045785252466
2026-06-05 12:48:00+00:00,0.0015416666666663303,0.00014499124830276203,2.1246666666666667,2.123269991248303,3.364190776500769
2026-06-05 12:50:00+00:00,0.003874999999999851,0.00017371353701065007,2.1285416666666666,2.1248403802036773,3.3643644900377794
2026-06-05 12:52:00+00:00,-0.005999999999999339,0.00028944533908114705,2.122541666666667,2.1288311120057477,3.364653935376861
2026-06-05 12:54:00+00:00,-0.00020833333333447612,0.00032640790784106,2.1223333333333327,2.1228680745745083,3.364980343284702
2026-06-05 12:56:00+00:00,-0.0004583333333325612,0.00019313230062832182,2.121875,2.122526465633961,3.36517347558533
2026-06-05 12:58:00+00:00,0.0011249999999995988,0.00018085965459853332,2.1229999999999998,2.1220558596545986,3.3653543352399287
2026-06-05 13:00:00+00:00,-0.00024999999999986144,0.0002514970644842477,2.12275,2.123251497064484,3.365605832304413
2026-06-05 13:02:00+00:00,0.00016666666666687036,0.00016193294967522411,2.122916666666667,2.122911932949675,3.3657677652540885
2026-06-05 13:04:00+00:00,-0.0007083333333333108,0.0003092513565594513,2.1222083333333335,2.123225918023226,3.3660770166106477
2026-06-05 13:06:00+00:00,0.0027916666666660817,0.00018902919138779047,2.1249999999999996,2.122397362524721,3.3662660458020355
2026-06-05 13:08:00+00:00,0.0013333333333331865,0.00028082828565186257,2.1263333333333327,2.1252808282856512,3.366546874087687
2026-06-05 13:10:00+00:00,-0.0015072463768111,3.778219578088657e-05,2.1248260869565216,2.1263711155291136,3.366584656283468
2026-06-05 13:12:00+00:00,0.015840579710145075,-1.75678570327945e-05,2.1406666666666667,2.124808519099489,3.3665670884264354
2026-06-05 13:14:00+00:00,0.0112916666666667,2.9608466798280207e-05,2.1519583333333334,2.140696275133465,3.3665966968932337
2026-06-05 13:16:00+00:00,-0.009000000000000341,0.0004716003322973179,2.142958333333333,2.1524299336656307,3.367068297225531
2026-06-05 13:18:00+00:00,0.0010416666666674956,0.0001783883566191788,2.1440000000000006,2.1431367216899524,3.3672466855821503
2026-06-05 13:20:00+00:00,-0.00020833333333403203,0.00014265043234140142,2.1437916666666665,2.1441426504323418,3.3673893360144915
2026-06-05 13:22:00+00:00,0.0044166666666671794,0.00046473351959132526,2.1482083333333337,2.144256400186258,3.367854069534083
2026-06-05 13:24:00+00:00,-0.0075833333333341635,0.0001402886554132948,2.1406249999999996,2.148348621988747,3.367994358189496
2026-06-05 13:26:00+00:00,0.002083333333334547,0.0002115936720898696,2.142708333333334,2.1408365936720894,3.368205951861586
2026-06-05 13:28:00+00:00,0.0028333333333327992,0.00018764786367922846,2.145541666666667,2.142895981197013,3.368393599725265
2026-06-05 13:30:00+00:00,-0.004875000000000184,0.00022474510665048455,2.1406666666666667,2.1457664117733173,3.3686183448319156
2026-06-05 13:32:00+00:00,0.004249999999999865,0.0003088651507471561,2.1449166666666666,2.1409755318174137,3.368927209982663
2026-06-05 13:34:00+00:00,-0.0014166666666661776,0.0002042520934870798,2.1435000000000004,2.1451209187601536,3.36913146207615
2026-06-05 13:36:00+00:00,-0.0006666666666670373,0.00015098346467127746,2.1428333333333334,2.1436509834646715,3.3692824455408212
2026-06-05 13:38:00+00:00,0.002958333333332952,0.0003457375873500612,2.1457916666666663,2.1431790709206835,3.3696281831281714
2026-06-05 13:40:00+00:00,-0.0007083333333324227,6.390270449142619e-05,2.145083333333334,2.145855569371158,3.3696920858326624
2026-06-05 13:42:00+00:00,-0.0013750000000003482,0.0002601466074119885,2.1437083333333335,2.145343479940746,3.369952232440075
2026-06-05 13:44:00+00:00,-4.16666666662735e-05,0.0004832761147990138,2.1436666666666673,2.1441916094481326,3.370435508554874
2026-06-05 13:46:00+00:00,0.00045833333333344933,0.000618148407277874,2.1441250000000007,2.144284815073945,3.3710536569621516
2026-06-05 13:48:00+00:00,-0.004041666666667609,8.224565058479782e-05,2.140083333333333,2.1442072456505854,3.3711359026127363
2026-06-05 13:50:00+00:00,0.0011340579710141796,0.0003041452650601234,2.1412173913043473,2.1403874785983934,3.3714400478777966
2026-06-05 13:52:00+00:00,0.004074275362319746,0.00017853298728972628,2.145291666666667,2.141395924291637,3.3716185808650865
2026-06-05 13:54:00+00:00,0.0024166666666665115,0.00042409544531249953,2.1477083333333336,2.1457157621119793,3.372042676310399
2026-06-05 13:56:00+00:00,0.00012499999999970868,0.00014465482478648857,2.1478333333333333,2.14785298815812,3.3721873311351853
2026-06-05 13:58:00+00:00,-4.166666666716168e-05,0.0002622678572466846,2.147791666666666,2.14809560119058,3.372449598992432
2026-06-05 14:00:00+00:00,0.0003333333333337407,0.0003022755468263794,2.148125,2.1480939422134924,3.3727518745392584
2026-06-05 14:02:00+00:00,-0.0009999999999994458,0.0002168291975588541,2.1471250000000004,2.148341829197559,3.3729687037368175
2026-06-05 14:04:00+00:00,-0.0010833333333337691,0.00021000325873801612,2.1460416666666666,2.1473350032587386,3.373178706995555
2026-06-05 14:06:00+00:00,-0.0016249999999997655,0.0002450384666056335,2.144416666666667,2.146286705133272,3.373423745462161
2026-06-05 14:08:00+00:00,-0.002874999999999961,0.00025014770224997333,2.141541666666667,2.1446668143689167,3.373673893164411
2026-06-05 14:10:00+00:00,0.004666666666666598,0.00026789063657630167,2.1462083333333335,2.1418095573032434,3.373941783800987
2026-06-05 14:12:00+00:00,-0.0026250000000005436,0.0002990245008840733,2.143583333333333,2.1465073578342175,3.374240808301871
2026-06-05 14:14:00+00:00,-0.0008749999999997371,0.00016751957133720428,2.142708333333333,2.1437508529046703,3.3744083278732084
