Real_Future_Timestamp,Actual_Electrode_V_Abs,Actual_Electrode_V_Delta,TFT_Prediction_V_Abs,TFT_Prediction_V_Delta
2026-05-31 23:40:00,2.4048500000000006,-0.007799999999999585,2.4123431384352103,-0.0003068615647897453
2026-05-31 23:45:00,2.4079666666666677,0.0031166666666671006,2.4119862142271153,-0.00035692420809507026
2026-05-31 23:50:00,2.409516666666667,0.0015499999999994962,2.411599487676002,-0.0003867265511134768
2026-05-31 23:55:00,2.4089500000000017,-0.000566666666665494,2.4112166495101817,-0.0003828381658200089
2026-06-01 00:00:00,2.4093666666666675,0.0004166666666658436,2.410830248705256,-0.00038640080492550414
2026-06-01 00:05:00,2.4088813559322033,-0.00048531073446422823,2.4104469487162663,-0.0003832999889899476
2026-06-01 00:10:00,2.408650000000001,-0.00023135593220224848,2.4101028115004572,-0.0003441372158093653
2026-06-01 00:15:00,2.4083166666666673,-0.0003333333333337407,2.4098129327764894,-0.00028987872396763945
2026-06-01 00:20:00,2.4125833333333326,0.004266666666665309,2.4094151538983803,-0.0003977788781088801
2026-06-01 00:25:00,2.407683333333334,-0.004899999999998794,2.408791055295559,-0.0006240986028212864
2026-06-01 00:30:00,2.411200000000001,0.0035166666666670565,2.4064124748325906,-0.0012708585007431383
2026-06-01 00:35:00,2.41455,0.003349999999999298,2.4056338197788802,-0.0007786550537106525
2026-06-01 00:40:00,2.4128333333333334,-0.0017166666666668107,2.4051084937030893,-0.0005253260757905309
2026-06-01 00:45:00,2.406033898305085,-0.006799435028248535,2.4047075511227627,-0.00040094258032680804
2026-06-01 00:50:00,2.4092833333333337,0.003249435028248815,2.4042685791693454,-0.0004389719534173527
2026-06-01 00:55:00,2.402666666666667,-0.006616666666666493,2.403807958506703,-0.00046062066264229164
2026-06-01 01:00:00,2.4049500000000004,0.002283333333333193,2.4033431331378234,-0.00046482536887940823
2026-06-01 01:05:00,2.406883333333333,0.0019333333333326763,2.402886081221156,-0.0004570519166675901
2026-06-01 01:10:00,2.4111499999999997,0.004266666666666641,2.4024770095220056,-0.0004090716991505959
2026-06-01 01:15:00,2.4202500000000002,0.009100000000000552,2.402133138996191,-0.0003438705258142022
2026-06-01 01:20:00,2.421491525423729,0.0012415254237287954,2.417253888104382,-0.002996111895617919
2026-06-01 01:25:00,2.410066666666668,-0.011424858757060896,2.4165504388978993,-0.0007034492064828638
2026-06-01 01:30:00,2.4190333333333336,0.008966666666665457,2.4157804265555676,-0.0007700123423318148
2026-06-01 01:35:00,2.4090000000000007,-0.010033333333332894,2.415040419680616,-0.0007400068749516487
2026-06-01 01:40:00,2.4056833333333336,-0.0033166666666670785,2.4144758907971995,-0.0005645288834166186
2026-06-01 01:45:00,2.4129833333333335,0.007299999999999862,2.4140132996602826,-0.0004625911369169301
2026-06-01 01:50:00,2.407783333333334,-0.005199999999999427,2.4135015462291816,-0.0005117534311007507
2026-06-01 01:55:00,2.408183333333334,0.00039999999999995595,2.412964599579936,-0.0005369466492458121
2026-06-01 02:00:00,2.408491525423729,0.00030819209039512074,2.4124279841506096,-0.000536615429326235
2026-06-01 02:05:00,2.409116666666668,0.000625141242938998,2.411905154899058,-0.0005228292515516295
2026-06-01 02:10:00,2.4074500000000016,-0.0016666666666664831,2.40731423653705,-0.0018024301296182576
2026-06-01 02:15:00,2.40725,-0.00020000000000175433,2.406905968213151,-0.00040826832389866954
2026-06-01 02:20:00,2.4086666666666674,0.0014166666666675098,2.4065045707954345,-0.00040139741771666763
2026-06-01 02:25:00,2.411283333333333,0.0026166666666656013,2.405903104226887,-0.0006014665685475819
2026-06-01 02:30:00,2.415183333333334,0.003900000000001125,2.405177365947684,-0.0007257382792032109
2026-06-01 02:35:00,2.4077,-0.0074833333333339525,2.404484728899119,-0.0006926370485648325
2026-06-01 02:40:00,2.406576271186442,-0.0011237288135581558,2.4039516724979317,-0.0005330564011871562
2026-06-01 02:45:00,2.421333333333334,0.014757062146891986,2.4035041016790633,-0.0004475708188682755
2026-06-01 02:50:00,2.4147999999999996,-0.00653333333333439,2.402992522450736,-0.0005115792283276944
2026-06-01 02:55:00,2.4072000000000005,-0.007599999999999163,2.4024462008492358,-0.0005463216014999646
2026-06-01 03:00:00,2.404933333333334,-0.002266666666666417,2.405818567362896,-0.0013814326371045544
2026-06-01 03:05:00,2.4070166666666677,0.002083333333333659,2.4053021532325918,-0.0005164141303039462
2026-06-01 03:10:00,2.405883333333334,-0.0011333333333336526,2.4048793807125137,-0.0004227725200782697
2026-06-01 03:15:00,2.4087333333333336,0.002849999999999575,2.4045512173383496,-0.0003281633741638345
2026-06-01 03:20:00,2.4057288135593224,-0.0030045197740111718,2.404151220538935,-0.00039999679941512666
2026-06-01 03:25:00,2.4097166666666676,0.003987853107345174,2.4035412819016257,-0.0006099386373090171
2026-06-01 03:30:00,2.404600000000001,-0.005116666666666436,2.4027994059352342,-0.0007418759663916066
2026-06-01 03:35:00,2.4099333333333335,0.005333333333332302,2.4020887063702676,-0.0007106995649665972
2026-06-01 03:40:00,2.4142333333333337,0.0043000000000001926,2.4015389726888863,-0.000549733681381404
2026-06-01 03:45:00,2.4198666666666666,0.005633333333332935,2.4010709678511466,-0.00046800483773941934
2026-06-01 03:50:00,2.421750000000001,0.0018833333333345692,2.416840038232117,-0.003026628434549387
2026-06-01 03:55:00,2.4248644067796605,0.003114406779659351,2.416244947426481,-0.0005950908056359561
2026-06-01 04:00:00,2.4141833333333333,-0.010681073446327183,2.4156791867702814,-0.0005657606562000487
2026-06-01 04:05:00,2.406983333333334,-0.007199999999999207,2.4151199904918967,-0.0005591962783844963
2026-06-01 04:10:00,2.4050166666666675,-0.001966666666666672,2.414640423932261,-0.00047956655963533694
2026-06-01 04:15:00,2.4050666666666674,4.999999999988347e-05,2.4142587055560987,-0.00038171837616261036
2026-06-01 04:20:00,2.411483333333334,0.006416666666666515,2.4138018357351347,-0.00045686982096418644
2026-06-01 04:25:00,2.403750000000001,-0.007733333333332926,2.413131773095241,-0.0006700626398935082
2026-06-01 04:30:00,2.4068666666666667,0.0031166666666657683,2.41233001628192,-0.0008017568133211586
2026-06-01 04:35:00,2.40985,0.002983333333333338,2.411565302841897,-0.0007647134400231092
2026-06-01 04:40:00,2.406050847457627,-0.003799152542372841,2.408008889014697,-0.0018411109853029353
2026-06-01 04:45:00,2.403950000000001,-0.002100847457626287,2.4074077946271695,-0.0006010943875274305
2026-06-01 04:50:00,2.3991500000000006,-0.0048000000000003595,2.406841122853753,-0.0005666717734169292
2026-06-01 04:55:00,2.4020833333333345,0.0029333333333338985,2.406257239906404,-0.000583882947348594
2026-06-01 05:00:00,2.4062666666666668,0.0041833333333323175,2.405664035952727,-0.0005932039536772186
2026-06-01 05:05:00,2.402783333333333,-0.003483333333333949,2.4050913184148537,-0.000572717537873446
2026-06-01 05:10:00,2.4101500000000007,0.007366666666667854,2.4045824232806936,-0.00050889513415977
2026-06-01 05:15:00,2.4110500000000012,0.000900000000000567,2.40416210274772,-0.00042032053297358287
2026-06-01 05:20:00,2.4083050847457623,-0.002744915254238922,2.4036610831121252,-0.00050101963559495
2026-06-01 05:25:00,2.406566666666667,-0.0017384180790953607,2.4029413804556907,-0.0007197026564344379
2026-06-01 05:30:00,2.4027333333333334,-0.0038333333333335773,2.4048311854432507,-0.0017354812234164276
2026-06-01 05:35:00,2.4003333333333337,-0.0023999999999997357,2.403952960496514,-0.000878224946736413
2026-06-01 05:40:00,2.395,-0.005333333333333634,2.4033401199115922,-0.0006128405849221005
2026-06-01 05:45:00,2.3961666666666672,0.0011666666666672043,2.4028328513902637,-0.0005072685213281916
2026-06-01 05:50:00,2.397683333333333,0.0015166666666659445,2.4022610538381035,-0.0005717975521604817
2026-06-01 05:55:00,2.398249999999999,0.0005666666666659381,2.4016543967086723,-0.0006066571294311372
2026-06-01 06:00:00,2.398066666666667,-0.00018333333333231394,2.4010224134448603,-0.0006319832638119183
2026-06-01 06:05:00,2.4014576271186443,0.0033909604519775094,2.400400965571922,-0.0006214478729384628
2026-06-01 06:10:00,2.401683333333334,0.00022570621468975816,2.3998373355091154,-0.0005636300628065066
2026-06-01 06:15:00,2.4020333333333337,0.0003499999999996284,2.3993601293066273,-0.00047720620248815513
2026-06-01 06:20:00,2.403483333333333,0.0014499999999992852,2.4004358711603517,-0.001597462172981777
2026-06-01 06:25:00,2.3984,-0.0050833333333328845,2.3995322096950673,-0.0009036614652844342
2026-06-01 06:30:00,2.398883333333333,0.00048333333333294703,2.398631968911186,-0.0009002407838816022
2026-06-01 06:35:00,2.4008000000000007,0.0019166666666676768,2.3978026689079592,-0.0008293000032266779
2026-06-01 06:40:00,2.4006,-0.00020000000000086615,2.39715913165793,-0.0006435372500289025
2026-06-01 06:45:00,2.401186440677967,0.0005864406779672038,2.396608082404687,-0.0005510492532430567
2026-06-01 06:50:00,2.399683333333333,-0.0015031073446341026,2.3959841327382816,-0.0006239496664058242
2026-06-01 06:55:00,2.4011166666666672,0.0014333333333342857,2.3953195043456623,-0.0006646283926189166
2026-06-01 07:00:00,2.4020000000000006,0.0008833333333333471,2.3946370889232504,-0.0006824154224118555
2026-06-01 07:05:00,2.4028166666666664,0.0008166666666657996,2.393961689982708,-0.0006753989405429223
2026-06-01 07:10:00,2.402566666666666,-0.00025000000000030553,2.4011017732365487,-0.0017148934301174632
2026-06-01 07:15:00,2.4091333333333336,0.006566666666667498,2.400442071939318,-0.0006597012972310063
2026-06-01 07:20:00,2.4017333333333344,-0.007399999999999185,2.3998487878178563,-0.0005932841214614336
2026-06-01 07:25:00,2.404500000000001,0.002766666666666584,2.399065456603624,-0.0007833312142324012
2026-06-01 07:30:00,2.4087457627118645,0.004245762711863499,2.3981538883421494,-0.0009115682614747185
2026-06-01 07:35:00,2.4088666666666665,0.00012090395480202076,2.397288417303005,-0.0008654710391440694
2026-06-01 07:40:00,2.4070000000000005,-0.001866666666666017,2.3966096719514947,-0.0006787453515107232
2026-06-01 07:45:00,2.4036166666666667,-0.003383333333333738,2.39602693588816,-0.0005827360633347223
2026-06-01 07:50:00,2.409,0.0053833333333330735,2.395369863490521,-0.0006570723976390372
2026-06-01 07:55:00,2.403866666666667,-0.005133333333332768,2.394668494908077,-0.000701368582443759
2026-06-01 08:00:00,2.4105500000000006,0.0066833333333335965,2.4024336362054473,-0.0014330304612195954
2026-06-01 08:05:00,2.406333333333334,-0.004216666666666757,2.4016657160794264,-0.0007679201260208623
2026-06-01 08:10:00,2.404220338983051,-0.002112994350282893,2.401073427993284,-0.0005922880861425595
2026-06-01 08:15:00,2.4059,0.0016796610169489412,2.400600354342014,-0.00047307365127029254
2026-06-01 08:20:00,2.4063666666666674,0.00046666666666750345,2.400045897040033,-0.0005544573019808977
2026-06-01 08:25:00,2.4066166666666664,0.00024999999999897327,2.399254963899612,-0.0007909331404207786
2026-06-01 08:30:00,2.4022666666666663,-0.004350000000000076,2.398319829042728,-0.0009351348568838099
2026-06-01 08:35:00,2.401950000000001,-0.0003166666666651885,2.3974325415258972,-0.0008872875168311434
2026-06-01 08:40:00,2.4067166666666666,0.0047666666666654756,2.396740974610874,-0.0006915669150227815
2026-06-01 08:45:00,2.405766666666667,-0.0009499999999995623,2.3961526173540033,-0.0005883572568712235
2026-06-01 08:50:00,2.406016666666667,0.00024999999999986144,2.404025414471332,-0.00174125219533519
2026-06-01 08:55:00,2.406050847457628,3.418079096118021e-05,2.403189938034385,-0.000835476436946929
2026-06-01 09:00:00,2.4062333333333332,0.00018248587570512953,2.402522074072427,-0.0006678639619577171
2026-06-01 09:05:00,2.4037999999999995,-0.0024333333333337315,2.401895763681944,-0.0006263103904831564
2026-06-01 09:10:00,2.4033500000000014,-0.00044999999999806306,2.4013360507332253,-0.0005597129487185463
2026-06-01 09:15:00,2.400183333333333,-0.0031666666666683163,2.4008604596858794,-0.0004755910473463504
2026-06-01 09:20:00,2.4021166666666676,0.0019333333333344527,2.4002850337458375,-0.0005754259400416083
2026-06-01 09:25:00,2.399016666666667,-0.003100000000000769,2.3994635425961284,-0.0008214911497093336
2026-06-01 09:30:00,2.4027000000000007,0.003683333333333927,2.398497527219327,-0.000966015376800923
2026-06-01 09:35:00,2.4013389830508474,-0.0013610169491533597,2.3975864838944263,-0.0009110433249010186
2026-06-01 09:40:00,2.4033166666666674,0.0019776836158200695,2.399856663956829,-0.0014823190940184616
2026-06-01 09:45:00,2.404066666666667,0.0007499999999995843,2.399142209993629,-0.0007144539631996725
2026-06-01 09:50:00,2.397916666666667,-0.006149999999999878,2.3984947536718346,-0.0006474563217945448
2026-06-01 09:55:00,2.400083333333334,0.00216666666666665,2.3978482567656165,-0.0006464969062183338
2026-06-01 10:00:00,2.4174666666666673,0.017383333333333528,2.3972487734417727,-0.0005994833238437632
2026-06-01 10:05:00,2.3989500000000006,-0.018516666666666737,2.3966579665194305,-0.0005908069223419654
2026-06-01 10:10:00,2.3964333333333334,-0.0025166666666671667,2.3961143885184613,-0.0005435780009694311
2026-06-01 10:15:00,2.396083333333334,-0.0003499999999996284,2.3956407568382883,-0.0004736316801729754
2026-06-01 10:20:00,2.399338983050848,0.003255649717514242,2.39505527607373,-0.0005854807645583944
2026-06-01 10:25:00,2.397316666666667,-0.0020223163841808223,2.394216150075811,-0.0008391259979187507
2026-06-01 10:30:00,2.397249999999999,-6.666666666799159e-05,2.3953958496096783,-0.0019208170569887755
2026-06-01 10:35:00,2.397516666666667,0.00026666666666796957,2.394459524743135,-0.0009363248665433967
2026-06-01 10:40:00,2.3949666666666665,-0.0025500000000007184,2.39380400033434,-0.0006555244087950725
2026-06-01 10:45:00,2.3972833333333337,0.0023166666666671887,2.3932745697452478,-0.000529430589092394
2026-06-01 10:50:00,2.3938333333333337,-0.003449999999999953,2.392694467448574,-0.0005801022966732167
2026-06-01 10:55:00,2.3917499999999996,-0.002083333333334103,2.392082862649121,-0.0006116047994536651
2026-06-01 11:00:00,2.3958500000000007,0.004100000000001103,2.3915046994631086,-0.0005781631860121523
2026-06-01 11:05:00,2.394389830508475,-0.0014601694915254981,2.390928571909606,-0.0005761275535026235
2026-06-01 11:10:00,2.3919500000000005,-0.0024398305084747385,2.3903918160669466,-0.0005367558426590916
2026-06-01 11:15:00,2.389666666666666,-0.002283333333334525,2.389914874679754,-0.0004769413871926315
2026-06-01 11:20:00,2.3924499999999997,0.002783333333333804,2.3884922232172787,-0.0011744434493874375
2026-06-01 11:25:00,2.3971500000000003,0.004700000000000593,2.3875645072555542,-0.00092771596172424
2026-06-01 11:30:00,2.3961499999999996,-0.001000000000000778,2.386613553972859,-0.0009509532826955199
2026-06-01 11:35:00,2.3947166666666666,-0.0014333333333329534,2.3857477265552096,-0.0008658274176489186
2026-06-01 11:40:00,2.3956333333333335,0.0009166666666668988,2.3850944195301707,-0.0006533070250392401
2026-06-01 11:45:00,2.395616666666667,-1.6666666666331764e-05,2.3845691590041325,-0.0005252605260380672
2026-06-01 11:50:00,2.3922372881355933,-0.00337937853107384,2.3839975636243476,-0.0005715953797849228
2026-06-01 11:55:00,2.3898500000000005,-0.0023872881355928577,2.3833952365193953,-0.0006023271049521819
2026-06-01 12:00:00,2.3929833333333335,0.0031333333333329882,2.382825128495955,-0.0005701080234401556
2026-06-01 12:05:00,2.395633333333334,0.0026500000000004853,2.382254198740727,-0.0005709297552282909
2026-06-01 12:10:00,2.3952166666666677,-0.0004166666666662877,2.393850878138287,-0.0017824551950471515
2026-06-01 12:15:00,2.389933333333334,-0.005283333333333751,2.39320890339365,-0.0006419747446365588
2026-06-01 12:20:00,2.3896833333333345,-0.00024999999999941735,2.3925978013873457,-0.0006111020063045706
2026-06-01 12:25:00,2.3918500000000003,0.002166666666665762,2.391765595903658,-0.0008322054836876724
2026-06-01 12:30:00,2.3884,-0.003450000000000397,2.390803784827852,-0.0009618110758058618
2026-06-01 12:35:00,2.390559322033898,0.0021593220338980146,2.3899071453152674,-0.0008966395125845876
2026-06-01 12:40:00,2.386850000000001,-0.0037093220338970667,2.389225306835607,-0.0006818384796605324
2026-06-01 12:45:00,2.3871166666666666,0.0002666666666657491,2.388680487387955,-0.000544819447652336
2026-06-01 12:50:00,2.3847666666666667,-0.002349999999999852,2.3880976077043967,-0.0005828796835580935
2026-06-01 12:55:00,2.3885500000000004,0.003783333333333694,2.387487755976804,-0.0006098517275927018
2026-06-01 13:00:00,2.3903666666666674,0.0018166666666670217,2.3868889687489236,-0.001661031251076942
2026-06-01 13:05:00,2.387516666666667,-0.0028500000000004633,2.3861566938633336,-0.0007322748855896672
2026-06-01 13:10:00,2.386866666666667,-0.0006499999999998174,2.385625793749811,-0.0005309001135231282
2026-06-01 13:15:00,2.3857796610169495,-0.0010870056497176428,2.3851876202686495,-0.00043817348116094977
2026-06-01 13:20:00,2.388499999999999,0.002720338983049686,2.384629648581238,-0.0005579716874119492
2026-06-01 13:25:00,2.391633333333334,0.0031333333333347646,2.383809568190405,-0.0008200803908328378
2026-06-01 13:30:00,2.3886999999999996,-0.0029333333333343425,2.382849646487697,-0.0009599217027081037
2026-06-01 13:35:00,2.3908,0.002100000000000435,2.3819581101673277,-0.0008915363203690685
2026-06-01 13:40:00,2.389700000000001,-0.0010999999999992127,2.381286193170002,-0.0006719169973257107
2026-06-01 13:45:00,2.3889,-0.0008000000000008001,2.3807564534346257,-0.0005297397353763875
2026-06-01 13:50:00,2.3915833333333327,0.0026833333333327047,2.387459584535517,-0.0014404154644829408
2026-06-01 13:55:00,2.3935666666666657,0.001983333333333004,2.386749194566882,-0.000710389968634984
2026-06-01 14:00:00,2.38406779661017,-0.009498870056495523,2.3862170809807117,-0.0005321135861705344
2026-06-01 14:05:00,2.3827333333333334,-0.0013344632768368392,2.3857242980902233,-0.0004927828904883036
2026-06-01 14:10:00,2.384666666666668,0.0019333333333344527,2.385272752786949,-0.0004515453032745602
2026-06-01 14:15:00,2.3863333333333334,0.001666666666665595,2.384864160491901,-0.0004085922950477516
2026-06-01 14:20:00,2.3860000000000006,-0.00033333333333285253,2.384311610539798,-0.0005525499521028096
2026-06-01 14:25:00,2.384366666666667,-0.0016333333333333755,2.383490394540079,-0.0008212159997193748
2026-06-01 14:30:00,2.3873833333333345,0.0030166666666673336,2.3825360928650112,-0.0009543016750673683
2026-06-01 14:35:00,2.3867166666666666,-0.0006666666666679255,2.3816606641815556,-0.0008754286834556693
2026-06-01 14:40:00,2.3867457627118647,2.909604519807374e-05,2.3851694035683857,-0.0015472630982808627
2026-06-01 14:45:00,2.3872666666666675,0.0005209039548028649,2.3845339318709082,-0.0006354716974776487
2026-06-01 14:50:00,2.3866500000000017,-0.0006166666666658216,2.38399737177857,-0.0005365600923381205
2026-06-01 14:55:00,2.3845666666666667,-0.0020833333333349913,2.3834797581985314,-0.0005176135800384037
2026-06-01 15:00:00,2.3858833333333327,0.0013166666666659665,2.3830147088454754,-0.00046504935305594867
2026-06-01 15:05:00,2.385266666666667,-0.0006166666666658216,2.382547853362589,-0.00046685548288664925
2026-06-01 15:10:00,2.386683333333333,0.0014166666666661776,2.3821018101560205,-0.00044604320656838634
2026-06-01 15:15:00,2.3870500000000003,0.0003666666666672924,2.381687025281945,-0.000414784874075767
2026-06-01 15:20:00,2.388033333333333,0.00098333333333267,2.3811222430528955,-0.0005647822290490748
2026-06-01 15:25:00,2.3855254237288137,-0.0025079096045192983,2.380290844713958,-0.0008313983389377759
2026-06-01 15:30:00,2.3843666666666667,-0.0011587570621469645,2.383820315206905,-0.001705108521908825
2026-06-01 15:35:00,2.3875999999999995,0.003233333333332755,2.3828747966642885,-0.0009455185426162504
2026-06-01 15:40:00,2.3876333333333335,3.3333333333995796e-05,2.382262726916015,-0.00061206974827388
2026-06-01 15:45:00,2.3860333333333332,-0.0016000000000002679,2.381823421270168,-0.000439305645846651
2026-06-01 15:50:00,2.388733333333333,0.0026999999999999247,2.381367014478529,-0.0004564067916388569
2026-06-01 15:55:00,2.3871500000000005,-0.0015833333333326038,2.380891248613021,-0.0004757658655081999
2026-06-01 16:00:00,2.3890499999999997,0.0018999999999991246,2.380449437226918,-0.0004418113861034002
2026-06-01 16:05:00,2.388416666666666,-0.0006333333333334856,2.379994102502667,-0.0004553347242504807
2026-06-01 16:10:00,2.3932033898305085,0.004786723163842321,2.3795524323383304,-0.0004416701643369092
2026-06-01 16:15:00,2.3852166666666674,-0.00798672316384108,2.379136761333776,-0.0004156710045543706
2026-06-01 16:20:00,2.3961500000000004,0.010933333333333017,2.3842365343285907,-0.0009801323380766306
2026-06-01 16:25:00,2.392266666666666,-0.003883333333334349,2.383388135763622,-0.0008483985649685051
2026-06-01 16:30:00,2.3930500000000006,0.0007833333333344683,2.382517223941043,-0.0008709118225792774
2026-06-01 16:35:00,2.3951333333333342,0.002083333333333659,2.38176317868937,-0.0007540452516730364
2026-06-01 16:40:00,2.3942333333333337,-0.000900000000000567,2.3812354890757823,-0.0005276896135877189
2026-06-01 16:45:00,2.4029,0.008666666666666156,2.3808457814651827,-0.0003897076105997614
2026-06-01 16:50:00,3.1006969696969695,0.6977969696969697,2.380323231696885,-0.0005225497682974886
2026-06-01 16:55:00,1.8664,-1.2342969696969694,2.5126936518717176,0.1323704201748326
2026-06-01 17:00:00,1.8314,-0.03500000000000014,2.5131000695497687,0.00040641767805121474
2026-06-01 17:05:00,1.7852000000000001,-0.0461999999999998,2.5132430279105478,0.00014295836077902351
2026-06-01 17:10:00,1.8821999999999997,0.09699999999999953,1.814626174148682,0.02942617414868188
2026-06-01 17:15:00,2.1147,0.23250000000000037,1.8089091047670809,-0.005717069381601067
2026-06-01 17:20:00,2.1331999999999995,0.018499999999999517,1.8051794352245005,-0.003729669542580431
2026-06-01 17:25:00,2.1183,-0.01489999999999947,1.804407307848015,-0.0007721273764854963
2026-06-01 17:30:00,2.1176000000000004,-0.0006999999999997009,1.8037317736948077,-0.0006755341532071777
2026-06-01 17:35:00,2.1148999999999996,-0.002700000000000813,1.803143647153109,-0.0005881265416987112
2026-06-01 17:40:00,2.1111000000000004,-0.0037999999999991374,1.8027582684254233,-0.00038537872768575846
2026-06-01 17:45:00,1.6756,-0.43550000000000044,1.8024927108712268,-0.00026555755419649526
2026-06-01 17:50:00,1.7346000000000004,0.059000000000000385,1.8021789336929361,-0.00031377717829068885
2026-06-01 17:55:00,2.0843999999999996,0.3497999999999992,1.8018248447812524,-0.00035408891168384584
2026-06-01 18:00:00,2.0749,-0.00949999999999962,2.05203987570345,-0.032360124296549456
2026-06-01 18:05:00,2.0773,0.0024000000000001798,2.0443304641172877,-0.0077094115861624036
2026-06-01 18:10:00,2.0687,-0.008599999999999941,2.0434302396555064,-0.000900224461781179
2026-06-01 18:15:00,2.0632,-0.00550000000000006,2.041920149320161,-0.001510090335345863
2026-06-01 18:20:00,2.0711,0.007899999999999796,2.040542675567443,-0.0013774737527172869
2026-06-01 18:25:00,2.0588,-0.012299999999999756,2.0391954062629853,-0.0013472693044579533
2026-06-01 18:30:00,2.0581000000000005,-0.0006999999999997009,2.0378989624170476,-0.0012964438459377582
2026-06-01 18:35:00,2.0445,-0.013600000000000279,2.0367935963581987,-0.0011053660588490244
2026-06-01 18:40:00,2.0385,-0.006000000000000227,2.0359806020623625,-0.0008129942958363221
2026-06-01 18:45:00,2.0341,-0.0043999999999999595,2.03535686707374,-0.0006237349886221175
2026-06-01 18:50:00,2.0378000000000003,0.0037000000000002586,2.0345977576530268,0.0004977576530265978
2026-06-01 18:55:00,2.0447,0.006899999999999906,2.0344262041677204,-0.00017155348530612698
2026-06-01 19:00:00,2.0473000000000003,0.0026000000000001577,2.034210410327874,-0.00021579383984621852
2026-06-01 19:05:00,2.0411,-0.006200000000000205,2.0339743825809564,-0.00023602774691786204
2026-06-01 19:10:00,2.041375000000001,0.00027500000000069136,2.033748495042621,-0.00022588753833580822
2026-06-01 19:15:00,2.040716666666668,-0.0006583333333329833,2.0335455983915867,-0.00020289665103409622
2026-06-01 19:20:00,2.0364500000000003,-0.004266666666667529,2.033197298597703,-0.0003482997938836995
2026-06-01 19:25:00,2.0404500000000008,0.004000000000000448,2.032595678188167,-0.0006016204095357667
2026-06-01 19:30:00,2.0378,-0.0026500000000009294,2.0318758390835874,-0.0007198391045796613
2026-06-01 19:35:00,2.0414000000000008,0.003600000000000936,2.03123491616437,-0.0006409229192173849
2026-06-01 19:40:00,2.0410500000000007,-0.0003500000000000725,2.0396604782678747,-0.0017395217321259778
2026-06-01 19:45:00,2.0404576271186445,-0.0005923728813561624,2.039198663584375,-0.0004618146834997628
2026-06-01 19:50:00,2.0362166666666672,-0.004240960451977305,2.038830213665168,-0.0003684499192069308
2026-06-01 19:55:00,2.0423999999999998,0.006183333333332541,2.0384668695160637,-0.00036334414910420157
2026-06-01 20:00:00,2.0396500000000004,-0.002749999999999364,2.03814147326694,-0.00032539624912412924
2026-06-01 20:05:00,2.0430000000000006,0.003350000000000186,2.037811412533027,-0.0003300607339127388
2026-06-01 20:10:00,2.0427500000000003,-0.00025000000000030553,2.0375039395548997,-0.000307472978127524
2026-06-01 20:15:00,2.0439166666666675,0.0011666666666672043,2.037230441957768,-0.00027349759713161796
2026-06-01 20:20:00,2.0406101694915257,-0.003306497175141754,2.036821339404827,-0.00040910255294073286
2026-06-01 20:25:00,2.0349500000000007,-0.005660169491525036,2.036166331415162,-0.0006550079896650168
2026-06-01 20:30:00,2.0367833333333336,0.0018333333333329094,2.03391569603742,-0.0010343039625804735
2026-06-01 20:35:00,2.0336666666666674,-0.0031166666666662124,2.0332513635357707,-0.0006643325016495395
2026-06-01 20:40:00,2.0345500000000003,0.000883333333332903,2.032846367858934,-0.0004049956768365597
2026-06-01 20:45:00,2.0359333333333343,0.0013833333333339581,2.0325789353024333,-0.00026743255650080264
2026-06-01 20:50:00,2.0390338983050857,0.003100564971751485,2.0322795240683997,-0.0002994112340336646
2026-06-01 20:55:00,2.0334333333333334,-0.00560056497175232,2.0319570692838056,-0.00032245478459404665
2026-06-01 21:00:00,2.032916666666666,-0.0005166666666673869,2.031636147296757,-0.0003209219870488548
2026-06-01 21:05:00,2.0335333333333336,0.000616666666667598,2.0313042644990125,-0.0003318827977442149
2026-06-01 21:10:00,2.0375000000000005,0.003966666666666896,2.0309941342347146,-0.0003101302642979037
2026-06-01 21:15:00,2.0401333333333334,0.0026333333333328213,2.0307193850752214,-0.00027474915949307404
2026-06-01 21:20:00,2.0399333333333334,-0.00019999999999997797,2.0384096892259507,-0.001723644107382576
2026-06-01 21:25:00,1.9957333333333327,-0.04420000000000068,2.0376030544980344,-0.0008066347279163761
2026-06-01 21:30:00,1.995864406779661,0.0001310734463282337,2.0368243308425793,-0.0007787236554549502
2026-06-01 21:35:00,2.011600000000001,0.015735593220340016,2.0361485995537074,-0.0006757312888721838
2026-06-01 21:40:00,2.01385,0.002249999999999197,2.0356826771232392,-0.00046592243046783435
2026-06-01 21:45:00,1.9807999999999997,-0.03305000000000047,2.0353441888155297,-0.000338488307709616
2026-06-01 21:50:00,1.9843,0.0035000000000002807,2.034973894790103,-0.0003702940254270759
2026-06-01 21:55:00,1.984516666666667,0.00021666666666697587,2.034584246903154,-0.000389647886948461
2026-06-01 22:00:00,1.9853833333333335,0.0008666666666665712,2.03418641739823,-0.0003978295049243359
2026-06-01 22:05:00,1.9902333333333329,0.004849999999999355,2.033784454309817,-0.00040196308841284104
2026-06-01 22:10:00,2.0828833333333328,0.0926499999999999,1.9888073231734966,-0.0014260101598361802
2026-06-01 22:15:00,2.0876610169491516,0.004777683615818873,1.9885386571048016,-0.00026866606869507554
2026-06-01 22:20:00,2.0826999999999996,-0.004961016949152075,1.988233356749616,-0.00030530035518556715
2026-06-01 22:25:00,2.0789499999999994,-0.003750000000000142,1.9876761669964709,-0.00055718975314518
2026-06-01 22:30:00,2.082966666666666,0.004016666666666779,1.9869818854829797,-0.0006942815134911827
2026-06-01 22:35:00,2.0882833333333326,0.005316666666666414,1.9863356271662607,-0.0006462583167190483
2026-06-01 22:40:00,2.0207833333333327,-0.0674999999999999,1.985872235019263,-0.0004633921469976907
2026-06-01 22:45:00,1.949833333333333,-0.07094999999999962,1.9855221888964623,-0.0003500461228006924
2026-06-01 22:50:00,1.9556440677966094,0.00581073446327629,1.9851321247221112,-0.0003900641743509798
2026-06-01 22:55:00,1.947183333333333,-0.008460734463276331,1.98471810202052,-0.0004140227015912291
2026-06-01 23:00:00,1.9474499999999995,0.00026666666666641525,1.9531705568790498,0.005987223545716871
2026-06-01 23:05:00,1.9516333333333336,0.004183333333334094,1.952823490977136,-0.00034706590191391576
2026-06-01 23:10:00,1.9590333333333325,0.007399999999998963,1.952425072001345,-0.000398418975791022
2026-06-01 23:15:00,1.9704666666666661,0.011433333333333628,1.952266041001162,-0.00015903100018279095
2026-06-01 23:20:00,1.974033333333333,0.00356666666666694,1.9520250075438976,-0.00024103345726465372
2026-06-01 23:25:00,1.9798983050847456,0.00586497175141254,1.951544235656971,-0.00048077188692644
2026-06-01 23:30:00,1.9838928571428573,0.003994552058111722,1.9509232458411363,-0.0006209898158347436
2026-06-01 23:35:00,1.985783333333333,0.001890476190475665,1.9503395020067735,-0.0005837438343628551
2026-06-01 23:40:00,1.9841166666666663,-0.0016666666666667052,1.9499262626704266,-0.0004132393363469266
2026-06-01 23:45:00,1.985816666666666,0.0016999999999995907,1.9496133382570873,-0.0003129244133393247
2026-06-01 23:50:00,1.984566666666666,-0.0012499999999999734,1.9829056902498614,-0.0029109764168044282
2026-06-01 23:55:00,1.9853999999999996,0.0008333333333336856,1.982454793079166,-0.0004508971706953487
2026-06-02 00:00:00,1.9862166666666667,0.0008166666666671318,1.9820270689022668,-0.0004277241768993256
2026-06-02 00:05:00,1.978783333333333,-0.007433333333333847,1.9815966651191543,-0.00043040378311239827
2026-06-02 00:10:00,1.9803333333333326,0.0015499999999997183,1.9812227731383654,-0.00037389198078910976
2026-06-02 00:15:00,1.9803898305084744,5.6497175141778655e-05,1.9809153812848246,-0.0003073918535407184
2026-06-02 00:20:00,1.9763666666666666,-0.004023163841807786,1.9805053841931926,-0.0004099970916319858
2026-06-02 00:25:00,1.9771333333333325,0.0007666666666659161,1.979870173879609,-0.0006352103135835291
2026-06-02 00:30:00,1.973766666666666,-0.003366666666666518,1.9791068587903493,-0.0007633150892597371
2026-06-02 00:35:00,1.977566666666666,0.0038000000000000256,1.9783890670653688,-0.0007177917249805286
2026-06-02 00:40:00,2.0726999999999984,0.0951333333333324,1.9761254290304322,-0.0014412376362338928
2026-06-02 00:45:00,2.0722666666666667,-0.0004333333333317313,1.9755775164039877,-0.0005479126264443519
2026-06-02 00:50:00,1.994033333333333,-0.0782333333333336,1.9751012845183578,-0.0004762318856300203
2026-06-02 00:55:00,2.025016949152543,0.030983615819210053,1.974631666631704,-0.0004696178866535766
2026-06-02 01:00:00,2.017233333333333,-0.007783615819210166,1.974171888568872,-0.000459778062832215
2026-06-02 01:05:00,2.0061333333333335,-0.011099999999999444,1.973727040715956,-0.00044484785291605316
2026-06-02 01:10:00,1.9989000000000003,-0.007233333333333203,1.9733341453227304,-0.0003928953932254561
2026-06-02 01:15:00,1.9384500000000002,-0.060450000000000115,1.9730087058806824,-0.00032543944204808635
2026-06-02 01:20:00,1.8947666666666676,-0.04368333333333263,1.9725868414111756,-0.00042186446950678684
2026-06-02 01:25:00,1.943583333333333,0.0488166666666654,1.9719455134881747,-0.0006413279230008578
2026-06-02 01:30:00,2.01065,0.06706666666666705,1.92465333446557,-0.01892999886776301
2026-06-02 01:35:00,1.9565423728813558,-0.05410762711864425,1.9247884414933805,0.0001351070278103801
2026-06-02 01:40:00,1.867916666666666,-0.08862570621468979,1.9244853929650556,-0.00030304852832472727
2026-06-02 01:45:00,1.8586833333333321,-0.00923333333333387,1.9239496638241107,-0.0005357291409449185
2026-06-02 01:50:00,1.8628833333333332,0.004200000000001092,1.9233356698085673,-0.0006139940155434795
2026-06-02 01:55:00,1.8819166666666665,0.019033333333333236,1.9227129154690035,-0.0006227543395637547
2026-06-02 02:00:00,1.8766833333333328,-0.005233333333333645,1.9221082989416494,-0.0006046165273540328
2026-06-02 02:05:00,1.8390333333333329,-0.03764999999999996,1.9215322248983973,-0.0005760740432520866
2026-06-02 02:10:00,1.831599999999999,-0.007433333333333847,1.9210248485110297,-0.0005073763873676828
2026-06-02 02:15:00,1.8265454545454538,-0.005054545454545201,1.920602646753252,-0.0004222017577776443
2026-06-02 02:20:00,1.8179166666666673,-0.008628787878786515,1.8308212305785698,0.004275776033115909
2026-06-02 02:25:00,1.6258166666666667,-0.1921000000000006,1.8304736234651398,-0.00034760711342992777
2026-06-02 02:30:00,1.6339666666666663,0.008149999999999658,1.8297945320178166,-0.0006790914473231049
2026-06-02 02:35:00,1.6387,0.0047333333333337,1.829245103536338,-0.0005494284814786936
2026-06-02 02:40:00,1.6299333333333335,-0.00876666666666659,1.8288784163048097,-0.00036668723152827505
2026-06-02 02:45:00,1.6182999999999998,-0.011633333333333606,1.8285932808769987,-0.00028513542781107416
2026-06-02 02:50:00,1.6304067796610173,0.012106779661017475,1.8282375341888717,-0.0003557466881269249
2026-06-02 02:55:00,2.391366666666667,0.7609598870056495,1.827841286422842,-0.00039624776602970925
2026-06-02 03:00:00,2.371,-0.020366666666666866,1.8274278304054596,-0.000413456017382404
2026-06-02 03:05:00,2.363116666666666,-0.007883333333333908,1.8270155990762953,-0.0004122313291643672
2026-06-02 03:10:00,2.3607,-0.0024166666666660674,2.3548648911170584,-0.008251775549607829
2026-06-02 03:15:00,2.3619333333333334,0.0012333333333334195,2.3544764282855892,-0.00038846283146894795
2026-06-02 03:20:00,2.3646333333333343,0.002700000000000813,2.3540025095462704,-0.0004739187393189405
2026-06-02 03:25:00,2.3573666666666666,-0.007266666666667643,2.353272098873664,-0.0007304106726064199
2026-06-02 03:30:00,2.3520847457627116,-0.005281920903954962,2.3524375737717684,-0.0008345251018957239
2026-06-02 03:35:00,2.3465666666666665,-0.005518079096045181,2.3516566609681253,-0.0007809128036430174
2026-06-02 03:40:00,2.350933333333333,0.004366666666666408,2.351049434299891,-0.000607226668234361
2026-06-02 03:45:00,2.348533333333333,-0.0023999999999997357,2.350531569564587,-0.0005178647353034356
2026-06-02 03:50:00,2.348433333333333,-0.00010000000000021103,2.3499457747938695,-0.0005857947707180073
2026-06-02 03:55:00,2.349649999999999,0.0012166666666661996,2.3493244061762506,-0.0006213686176187969
2026-06-02 04:00:00,2.3531666666666666,0.0035166666666675006,2.3477494521795843,-0.0019005478204149496
2026-06-02 04:05:00,2.342933333333333,-0.01023333333333376,2.347141731072164,-0.0006077211074202039
2026-06-02 04:10:00,2.345166666666666,0.0022333333333333094,2.346705009770306,-0.00043672130185784205
2026-06-02 04:15:00,2.3456271186440674,0.00046045197740118837,2.34637356659481,-0.0003314431754959554
2026-06-02 04:20:00,2.3513,0.005672881355932802,2.3459712284535517,-0.00040233814125847304
2026-06-02 04:25:00,2.343433333333333,-0.007866666666667133,2.345354038509431,-0.0006171899441204172
2026-06-02 04:30:00,2.3450666666666664,0.0016333333333333755,2.3446005710289186,-0.0007534674805127394
2026-06-02 04:35:00,2.2974999999999994,-0.04756666666666698,2.343879007124248,-0.0007215639046704487
2026-06-02 04:40:00,2.2516333333333334,-0.045866666666666056,2.343323230011218,-0.0005557771130303858
2026-06-02 04:45:00,2.248516666666667,-0.0031166666666662124,2.342849182245105,-0.00047404776611260674
2026-06-02 04:50:00,2.2453389830508477,-0.003177683615819493,2.2566878696504005,0.008171202983733404
2026-06-02 04:55:00,2.2405666666666666,-0.0047723163841810745,2.2553414146492505,-0.001346455001149849
2026-06-02 05:00:00,2.2374166666666664,-0.003150000000000208,2.2543850484293144,-0.0009563662199361314
2026-06-02 05:05:00,2.065683333333334,-0.17173333333333218,2.2539658950298844,-0.0004191533994299787
2026-06-02 05:10:00,2.0242000000000004,-0.04148333333333376,2.2536907242607103,-0.0002751707691743885
2026-06-02 05:15:00,2.0197500000000006,-0.004449999999999843,2.2534931889447027,-0.00019753531600741464
2026-06-02 05:20:00,2.0153499999999998,-0.004400000000000848,2.253195915076018,-0.0002972738686848321
2026-06-02 05:25:00,2.0084,-0.00694999999999979,2.252663353702293,-0.0005325613737249351
2026-06-02 05:30:00,1.9997,-0.00869999999999993,2.251983577280336,-0.000679776421956923
2026-06-02 05:35:00,1.99571186440678,-0.003988135593220088,2.2513338048937417,-0.0006497723865945441
2026-06-02 05:40:00,2.011333333333333,0.015621468926553028,1.9956094433157507,-0.00010242109102918495
2026-06-02 05:45:00,2.0048500000000002,-0.00648333333333273,1.9953930422798847,-0.00021640103586600167
2026-06-02 05:50:00,1.976849999999999,-0.028000000000001135,1.995071680993032,-0.0003213612868528077
2026-06-02 05:55:00,1.9594166666666666,-0.017433333333332524,1.994722998459366,-0.00034868253366593437
2026-06-02 06:00:00,1.957783333333333,-0.0016333333333335975,1.9943380833385587,-0.00038491512080733863
2026-06-02 06:05:00,1.9513333333333331,-0.006449999999999845,1.9939432310015273,-0.00039485233703151826
2026-06-02 06:10:00,1.9343999999999997,-0.016933333333333467,1.9935866067628385,-0.0003566242386886324
2026-06-02 06:15:00,1.9289999999999998,-0.005399999999999849,1.9933000185007244,-0.00028658826211421776
2026-06-02 06:20:00,1.9256333333333338,-0.003366666666666074,1.9929142213307358,-0.0003857971699885972
2026-06-02 06:25:00,1.921483333333334,-0.004149999999999654,1.9922903128804264,-0.0006239084503093851
2026-06-02 06:30:00,1.918266666666667,-0.0032166666666670896,1.921024555638684,-0.00045877769465011787
2026-06-02 06:35:00,1.9095333333333337,-0.00873333333333326,1.9204276772049633,-0.000596878433720624
2026-06-02 06:40:00,1.9072333333333338,-0.0022999999999999687,1.919983735408717,-0.00044394179624623637
2026-06-02 06:45:00,1.9075500000000005,0.0003166666666667428,1.919632764438429,-0.00035097097028817027
2026-06-02 06:50:00,1.903650000000001,-0.0038999999999995705,1.9192024097064344,-0.0004303547319944349
2026-06-02 06:55:00,1.9448833333333335,0.04123333333333257,1.9187223960424171,-0.0004800136640173687
2026-06-02 07:00:00,1.9840508474576273,0.039167514124293756,1.9182144056942594,-0.0005079903481576845
2026-06-02 07:05:00,1.9625666666666672,-0.02148418079096004,1.9176999633096794,-0.000514442384580064
2026-06-02 07:10:00,1.9568999999999999,-0.005666666666667375,1.9172281418913468,-0.00047182141833260844
2026-06-02 07:15:00,1.9549833333333337,-0.0019166666666661225,1.9168310426440607,-0.00039709924728607816
2026-06-02 07:20:00,1.955466666666667,0.0004833333333331691,1.9490358219235704,-0.005947511409763282
2026-06-02 07:25:00,1.9512833333333326,-0.004183333333334316,1.9480529799958508,-0.0009828419277197037
2026-06-02 07:30:00,1.9494166666666657,-0.0018666666666669052,1.9470411657577573,-0.0010118142380933536
2026-06-02 07:35:00,1.947666666666666,-0.0017499999999996962,1.946088057898227,-0.0009531078595305602
2026-06-02 07:40:00,1.94857627118644,0.0009096045197740654,1.9453523896521008,-0.0007356682461260287
2026-06-02 07:45:00,1.94325,-0.005326271186440135,1.944731671329155,-0.0006207183229459836
2026-06-02 07:50:00,1.9405999999999999,-0.002650000000000041,1.9440441574995704,-0.0006875138295844426
2026-06-02 07:55:00,1.9394500000000001,-0.0011499999999997623,1.9433174083819722,-0.0007267491175982896
2026-06-02 08:00:00,1.9381166666666672,-0.0013333333333329644,1.9426007997201349,-0.0007166086618372411
2026-06-02 08:05:00,1.9206000000000005,-0.017516666666666625,1.9418964146624107,-0.0007043850577242119
2026-06-02 08:10:00,1.9188833333333337,-0.0017166666666668107,1.92161665738526,0.001016657385259453
2026-06-02 08:15:00,1.9202333333333341,0.0013500000000004064,1.9211949936944663,-0.0004216636907937068
2026-06-02 08:20:00,1.919915254237289,-0.00031807909604508744,1.920639409103647,-0.0005555845908192823
2026-06-02 08:25:00,1.9760999999999995,0.056184745762710486,1.919915021961575,-0.0007243871420719212
2026-06-02 08:30:00,2.098216666666666,0.12211666666666665,1.919068505360135,-0.0008465166014400399
2026-06-02 08:35:00,2.0940166666666653,-0.00420000000000087,1.9182714220627752,-0.0007970832973597221
2026-06-02 08:40:00,2.0927166666666657,-0.0012999999999996348,1.917667664330375,-0.000603757732400476
2026-06-02 08:45:00,2.092383333333333,-0.00033333333333285253,1.917164965769126,-0.0005026985612488007
2026-06-02 08:50:00,2.0870499999999996,-0.00533333333333319,1.9165861954376588,-0.000578770331467279
2026-06-02 08:55:00,2.0841355932203385,-0.0029144067796611495,1.9159581505735448,-0.0006280448641140536
2026-06-02 09:00:00,2.076249999999999,-0.007885593220339437,2.076684407678904,-0.007451185541434326
2026-06-02 09:05:00,2.072533333333334,-0.003716666666665258,2.075578726136085,-0.001105681542818814
2026-06-02 09:10:00,2.0710166666666656,-0.001516666666668165,2.074808317093075,-0.0007704090430104415
2026-06-02 09:15:00,2.0672,-0.003816666666665469,2.074194786374105,-0.0006135307189701385
2026-06-02 09:20:00,2.033616666666667,-0.033583333333333076,2.073546291422504,-0.0006484949516009034
2026-06-02 09:25:00,2.006866666666667,-0.026750000000000274,2.0726830873530364,-0.0008632040694676462
2026-06-02 09:30:00,1.9908813559322036,-0.015985310734463187,2.0716882150863927,-0.0009948722666436268
2026-06-02 09:35:00,1.939733333333335,-0.051148022598868526,2.0707537294529272,-0.0009344856334654533
2026-06-02 09:40:00,1.8882166666666662,-0.051516666666668876,2.070029437584986,-0.000724291867941411
2026-06-02 09:45:00,1.854233333333333,-0.033983333333333254,2.069422741846664,-0.0006066957383215384
2026-06-02 09:50:00,1.8348166666666665,-0.019416666666666416,1.8807948991276264,0.026561565794293404
2026-06-02 09:55:00,1.8195333333333328,-0.01528333333333376,1.8748144735507197,-0.00598042557690661
2026-06-02 10:00:00,1.8122833333333344,-0.007249999999998424,1.8704120543177787,-0.004402419232941127
2026-06-02 10:05:00,1.8011333333333335,-0.011150000000000881,1.8698703621809782,-0.0005416921368004093
2026-06-02 10:10:00,1.790866666666667,-0.010266666666666424,1.8695797962432839,-0.00029056593769426545
2026-06-02 10:15:00,1.7861525423728812,-0.004714124293785815,1.8693391252966196,-0.0002406709466644483
2026-06-02 10:20:00,1.7817000000000007,-0.004452542372880508,1.8689633714514369,-0.00037575384518271433
2026-06-02 10:25:00,1.7708333333333333,-0.010866666666667468,1.8683167568644121,-0.0006466145870245854
2026-06-02 10:30:00,1.7724666666666669,0.0016333333333335975,1.8675120637180247,-0.0008046931463875419
2026-06-02 10:35:00,1.766316666666667,-0.006149999999999878,1.8667553065966018,-0.00075675712142292
2026-06-02 10:40:00,1.7666000000000002,0.0002833333333331911,1.7660826892374484,-0.00023397742921866326
2026-06-02 10:45:00,1.7668666666666673,0.0002666666666670814,1.765796623359487,-0.00028606587796134746
2026-06-02 10:50:00,1.7670000000000006,0.00013333333333331865,1.7654548567685064,-0.0003417665909805967
2026-06-02 10:55:00,1.766566666666667,-0.00043333333333350765,1.765105522599555,-0.0003493341689512127
2026-06-02 11:00:00,1.7672203389830512,0.0006536723163841351,1.764793274714766,-0.00031224788478912584
2026-06-02 11:05:00,1.768783333333334,0.0015629943502828425,1.7644692967145341,-0.00032397800023199795
2026-06-02 11:10:00,1.7694833333333337,0.0006999999999997009,1.7641651741256559,-0.00030412258887807465
2026-06-02 11:15:00,1.7669666666666661,-0.0025166666666676107,1.7639018501580157,-0.0002633239676402416
2026-06-02 11:20:00,1.7638166666666673,-0.003149999999998876,1.7634991603933392,-0.0004026897646764669
2026-06-02 11:25:00,1.7657166666666673,0.0019000000000000128,1.762822544066857,-0.0006766163264821877
2026-06-02 11:30:00,1.7645833333333338,-0.0011333333333334306,1.764050149271766,-0.0016665173949013316
2026-06-02 11:35:00,1.7604166666666672,-0.004166666666666652,1.762997497731638,-0.0010526515401279386
2026-06-02 11:40:00,1.7564576271186443,-0.003959039548022902,1.7623149227335073,-0.0006825749981307564
2026-06-02 11:45:00,1.7545666666666668,-0.0018909604519774525,1.761807907680433,-0.0005070150530743881
2026-06-02 11:50:00,1.740716666666667,-0.013849999999999918,1.76127015103312,-0.0005377566473129679
2026-06-02 11:55:00,1.741466666666666,0.0007499999999991402,1.7607068921167712,-0.000563258916348724
2026-06-02 12:00:00,1.7398,-0.001666666666666039,1.7601793720031054,-0.0005275201136658905
2026-06-02 12:05:00,1.7378166666666663,-0.00198333333333367,1.7596531557235728,-0.0005262162795324699
2026-06-02 12:10:00,1.733830508474576,-0.003986158192090361,1.7591619755054915,-0.0004911802180812724
2026-06-02 12:15:00,1.7266000000000001,-0.0072305084745758474,1.75872143643695,-0.00044053906854171526
2026-06-02 12:20:00,1.7264000000000002,-0.00019999999999997797,1.7261951500534487,-0.0004048499465513773
2026-06-02 12:25:00,1.716783333333333,-0.00961666666666705,1.7254603485246438,-0.0007348015288049112
2026-06-02 12:30:00,1.7192833333333328,0.0024999999999997247,1.7246087257596454,-0.0008516227649983357
2026-06-02 12:35:00,1.7167499999999996,-0.0025333333333332764,1.7238322516007227,-0.0007764741589227778
2026-06-02 12:40:00,1.7200508474576266,0.003300847457627043,1.7232656692643695,-0.0005665823363531147
2026-06-02 12:45:00,1.7176499999999997,-0.00240084745762692,1.7228299541165717,-0.0004357151477978313
2026-06-02 12:50:00,1.7184666666666664,0.0008166666666666877,1.7223509234627201,-0.00047903065385175407
2026-06-02 12:55:00,1.7133333333333332,-0.005133333333333212,1.7218397659783158,-0.0005111574844043405
2026-06-02 13:00:00,1.7203499999999996,0.007016666666666449,1.7213608109005112,-0.0004789550778045397
2026-06-02 13:05:00,1.7205999999999995,0.00024999999999986144,1.720874787399335,-0.0004860235011761217
2026-06-02 13:10:00,1.7167966101694905,-0.0038033898305089853,1.7188897019875309,-0.0017102980124684836
2026-06-02 13:15:00,1.7178833333333325,0.0010867231638420627,1.7182757713251544,-0.0006139306623766513
2026-06-02 13:20:00,1.713749999999999,-0.004133333333333544,1.7176908462492706,-0.000584925075883738
2026-06-02 13:25:00,1.7196666666666665,0.005916666666667458,1.7168792960989048,-0.0008115501503658033
2026-06-02 13:30:00,1.7169499999999986,-0.0027166666666678108,1.7159401692581226,-0.0009391268407821007
2026-06-02 13:35:00,1.7188499999999998,0.001900000000001123,1.7150727618133605,-0.0008674074447621319
2026-06-02 13:40:00,1.7164745762711855,-0.0023754237288142743,1.714426611392917,-0.0006461504204436875
2026-06-02 13:45:00,1.7132166666666664,-0.0032579096045191047,1.713926530931183,-0.0005000804617337223
2026-06-02 13:50:00,1.7153999999999987,0.0021833333333323157,1.71339599817565,-0.0005305327555332032
2026-06-02 13:55:00,1.7114499999999997,-0.00394999999999901,1.7128407862291966,-0.0005552119464533069
2026-06-02 14:00:00,1.711649999999999,0.00019999999999931184,1.7103005337010824,-0.0011494662989174106
2026-06-02 14:05:00,1.7097166666666654,-0.0019333333333335645,1.7097054823784106,-0.0005950513226716117
2026-06-02 14:10:00,1.7103728813559322,0.0006562146892667986,1.7092630462564877,-0.00044243612192295236
2026-06-02 14:15:00,1.710299999999999,-7.288135593319645e-05,1.708893246443256,-0.00036979981323160107
2026-06-02 14:20:00,1.7101333333333324,-0.0001666666666666483,1.7083854328893031,-0.0005078135539530854
2026-06-02 14:25:00,1.7076666666666662,-0.002466666666666173,1.7076081538209744,-0.0007772790683286034
2026-06-02 14:30:00,1.6781500000000007,-0.029516666666665525,1.7066949660987087,-0.0009131877222656066
2026-06-02 14:35:00,1.6622166666666667,-0.01593333333333402,1.705857090553254,-0.0008378755454548465
2026-06-02 14:40:00,1.6634406779661015,0.0012240112994348351,1.7052434005918895,-0.0006136899613645318
2026-06-02 14:45:00,1.6691333333333342,0.005692655367232735,1.7047773260531176,-0.00046607453877194483
2026-06-02 14:50:00,1.6681166666666665,-0.001016666666667776,1.6684312241245705,-0.0007021092087638126
2026-06-02 14:55:00,1.6686166666666673,0.0005000000000008331,1.6679147870473685,-0.0005164370772018892
2026-06-02 15:00:00,1.67345,0.004833333333332801,1.6675432532453343,-0.0003715338020342892
2026-06-02 15:05:00,1.668683333333333,-0.00476666666666703,1.667175216686043,-0.0003680365592913593
2026-06-02 15:10:00,1.666779661016949,-0.0019036723163841085,1.6668181219939515,-0.00035709469209140965
2026-06-02 15:15:00,1.6671833333333343,0.0004036723163853839,1.666484003161961,-0.0003341188319906011
2026-06-02 15:20:00,1.6664,-0.0007833333333342463,1.665994688748761,-0.000489314413199668
2026-06-02 15:25:00,1.6654499999999997,-0.0009500000000004505,1.6652342341715276,-0.0007604545772336895
2026-06-02 15:30:00,1.6708333333333338,0.005383333333334184,1.664345178351376,-0.0008890558201514114
2026-06-02 15:35:00,1.6670666666666674,-0.003766666666666474,1.6635391375009534,-0.0008060408504227635
2026-06-02 15:40:00,1.6659833333333338,-0.001083333333333547,1.6657164835859002,-0.0013501830807671248
2026-06-02 15:45:00,1.657084745762713,-0.008898587570620897,1.665140995866127,-0.0005754877197732916
2026-06-02 15:50:00,1.6563500000000002,-0.0007347457627127074,1.6646634160195604,-0.0004775798465665273
2026-06-02 15:55:00,1.6260666666666668,-0.03028333333333344,1.6641962962415342,-0.0004671197780262544
2026-06-02 16:00:00,1.6276500000000003,0.001583333333333492,1.6637733288092738,-0.0004229674322603846
2026-06-02 16:05:00,1.631633333333334,0.003983333333333672,1.6633407575586798,-0.00043257125059385467
2026-06-02 16:10:00,1.6355000000000002,0.003866666666666241,1.6629238971103204,-0.0004168604483595922
2026-06-02 16:15:00,1.6300833333333342,-0.005416666666665959,1.6625345512438372,-0.0003893458664831355
2026-06-02 16:20:00,1.6310500000000003,0.0009666666666661161,1.661993974935746,-0.0005405763080913259
2026-06-02 16:25:00,1.630933333333334,-0.00011666666666632075,1.6611899417532565,-0.0008040331824893302
2026-06-02 16:30:00,1.634,0.003066666666665885,1.6292872574263144,-0.0016460759070196086
2026-06-02 16:35:00,1.6375932203389836,0.0035932203389836825,1.628380088729668,-0.0009071686966463467
2026-06-02 16:40:00,1.6396833333333334,0.002090112994349802,1.62783930615052,-0.000540782579147962
2026-06-02 16:45:00,1.6408666666666671,0.0011833333333337581,1.6274652610643414,-0.0003740450861787712
2026-06-02 16:50:00,1.6404500000000006,-0.00041666666666650976,1.6270634848383732,-0.0004017762259682764
2026-06-02 16:55:00,1.642233333333333,0.0017833333333323598,1.626634768556908,-0.0004287162814650095
2026-06-02 17:00:00,1.6412999999999995,-0.0009333333333334526,1.6262435144582696,-0.00039125409863847397
2026-06-02 17:05:00,1.639833333333334,-0.001466666666665617,1.6258338671514623,-0.00040964730680728765
2026-06-02 17:10:00,1.64345,0.0036166666666661573,1.6254350630045398,-0.0003988041469225799
2026-06-02 17:15:00,1.6413166666666674,-0.0021333333333326543,1.6250606293083831,-0.0003744336961566474
2026-06-02 17:20:00,1.6405166666666673,-0.0008000000000001339,1.6368515715579695,-0.004465095108697928
2026-06-02 17:25:00,1.6371333333333333,-0.00338333333333396,1.635929262192503,-0.0009223093654663854
2026-06-02 17:30:00,1.6297999999999997,-0.007333333333333636,1.6349903397552445,-0.0009389224372586181
2026-06-02 17:35:00,1.6147288135593216,-0.015071186440678064,1.6341598711761558,-0.0008304685790886486
2026-06-02 17:40:00,1.6099333333333334,-0.004795480225988191,1.6335778174203193,-0.0005820537558365029
2026-06-02 17:45:00,1.6067499999999995,-0.003183333333333982,1.6331511969499404,-0.0004266204703790342
2026-06-02 17:50:00,1.5864333333333334,-0.020316666666666094,1.6327020841512276,-0.0004491127987126636
2026-06-02 17:55:00,1.5829499999999994,-0.003483333333333949,1.632232525604262,-0.0004695585469656747
2026-06-02 18:00:00,1.579616666666667,-0.003333333333332522,1.631813894506949,-0.0004186310973129506
2026-06-02 18:05:00,1.5804333333333331,0.0008166666666662437,1.6313819845858049,-0.0004319099211441878
2026-06-02 18:10:00,1.5793666666666661,-0.0010666666666669933,1.580140772867647,-0.0002925604656860151
2026-06-02 18:15:00,1.5833559322033897,0.003989265536723519,1.5799416219220348,-0.00019915094561238079
2026-06-02 18:20:00,1.5829999999999997,-0.00035593220338991927,1.5796515705184087,-0.00029005140362617376
2026-06-02 18:25:00,1.57885,-0.004149999999999654,1.5791148193356381,-0.0005367511827703969
2026-06-02 18:30:00,1.6027666666666665,0.023916666666666364,1.5784535832365256,-0.0006612360991124596
2026-06-02 18:35:00,1.6103333333333332,0.0075666666666667215,1.5778624657043123,-0.0005911175322133891
2026-06-02 18:40:00,1.5957499999999998,-0.014583333333333393,1.577470354551161,-0.0003921111531513256
2026-06-02 18:45:00,1.5719833333333326,-0.023766666666667158,1.577197306473206,-0.0002730480779549458
2026-06-02 18:50:00,1.5743833333333328,0.0024000000000001798,1.5768789228169924,-0.0003183836562137553
2026-06-02 18:55:00,1.54593220338983,-0.02845112994350285,1.5765247488990863,-0.00035417391790602446
2026-06-02 19:00:00,1.857916666666666,0.31198446327683604,1.5637150822786254,0.01778287888879549
2026-06-02 19:05:00,1.8342166666666668,-0.023699999999999166,1.5612813710808648,-0.0024337111977606736
2026-06-02 19:10:00,1.824949999999999,-0.009266666666667867,1.5598284882254598,-0.0014528828554049376
2026-06-02 19:15:00,1.8179000000000007,-0.007049999999998224,1.5594313777793654,-0.00039711044609452796
2026-06-02 19:20:00,1.8154499999999996,-0.0024500000000011735,1.5590919445091456,-0.00033943327021975617
2026-06-02 19:25:00,1.808766666666667,-0.006683333333332486,1.5585413635588459,-0.0005505809502997826
2026-06-02 19:30:00,1.8079322033898308,-0.0008344632768362281,1.557881747121171,-0.0006596164376747708
2026-06-02 19:35:00,1.80805,0.00011779661016908527,1.5572994538750615,-0.0005822932461095041
2026-06-02 19:40:00,1.8123666666666665,0.004316666666666524,1.5569204455505614,-0.00037900832449999655
2026-06-02 19:45:00,1.8109166666666667,-0.0014499999999997293,1.5566625527877676,-0.0002578927627939104
2026-06-02 19:50:00,1.8108166666666667,-9.999999999998899e-05,1.8091203431002987,-0.0017963235663679767
2026-06-02 19:55:00,1.8104500000000006,-0.0003666666666661822,1.8087438457371066,-0.0003764973631921898
2026-06-02 20:00:00,1.8106500000000003,0.00019999999999975593,1.8084557474387504,-0.00028809829835626686
2026-06-02 20:05:00,1.808683333333334,-0.001966666666666228,1.8081528796999986,-0.0003028677387517699
2026-06-02 20:10:00,1.8123050847457627,0.0036217514124285977,1.8078734218351677,-0.0002794578648306795
2026-06-02 20:15:00,1.8156166666666669,0.003311581920904194,1.8076291433155574,-0.0002442785196105138
2026-06-02 20:20:00,1.8100500000000004,-0.005566666666666498,1.80724936999412,-0.0003797733214373682
2026-06-02 20:25:00,1.8105499999999997,0.0004999999999992788,1.806622701998555,-0.0006266679955648554
2026-06-02 20:30:00,1.8086999999999998,-0.0018499999999999073,1.8058778044799315,-0.0007448975186236347
2026-06-02 20:35:00,1.8089999999999997,0.00029999999999996696,1.8052087120657836,-0.0006690924141478994
2026-06-02 20:40:00,1.8065833333333334,-0.0024166666666662895,1.8076933536248574,-0.0013066463751422557
2026-06-02 20:45:00,1.8054333333333328,-0.0011500000000006505,1.8072659721779465,-0.0004273814469109282
2026-06-02 20:50:00,1.8060000000000005,0.0005666666666677145,1.8069223262764953,-0.00034364590145120465
2026-06-02 20:55:00,1.8062033898305083,0.00020338983050782744,1.806587669862277,-0.0003346564142183019
2026-06-02 21:00:00,1.8012499999999994,-0.00495338983050897,1.8062687089913037,-0.0003189608709733041
2026-06-02 21:05:00,1.8012666666666663,1.6666666666997898e-05,1.805945478793179,-0.0003232301981247582
2026-06-02 21:10:00,1.8057333333333334,0.004466666666667063,1.8056471614917582,-0.00029831730142088194
2026-06-02 21:15:00,1.8021666666666671,-0.003566666666666274,1.8053856260056198,-0.00026153548613834976
2026-06-02 21:20:00,1.7982166666666675,-0.003949999999999676,1.804993146454092,-0.0003924795515277174
2026-06-02 21:25:00,1.7998833333333342,0.0016666666666667052,1.8043576431852593,-0.0006355032688327895
2026-06-02 21:30:00,1.799366666666667,-0.0005166666666671649,1.7984018016334602,-0.0014815316998739259
2026-06-02 21:35:00,1.7986833333333334,-0.0006833333333335911,1.7976233265053927,-0.000778475128067554
2026-06-02 21:40:00,1.7985254237288135,-0.00015790960451989022,1.7971582938249044,-0.0004650326804883474
2026-06-02 21:45:00,1.7975333333333343,-0.000992090395479206,1.7968438477737496,-0.0003144460511548122
2026-06-02 21:50:00,1.7949666666666675,-0.002566666666666828,1.7965057123038917,-0.000338135469857825
2026-06-02 21:55:00,1.7937833333333335,-0.0011833333333339802,1.7961510562463376,-0.0003546560575540152
2026-06-02 22:00:00,1.7900833333333332,-0.0037000000000002586,1.795788300188049,-0.000362756058288566
2026-06-02 22:05:00,1.7930166666666671,0.0029333333333338985,1.795420810349535,-0.00036748983851406854
2026-06-02 22:10:00,1.7900666666666667,-0.0029500000000004523,1.7950822244424545,-0.0003385859070806325
2026-06-02 22:15:00,1.7852500000000004,-0.004816666666666247,1.794785642130024,-0.000296582312430512
2026-06-02 22:20:00,1.7844166666666677,-0.0008333333333327975,1.7846479281718985,-0.0006020718281019328
2026-06-02 22:25:00,1.7859500000000006,0.0015333333333329424,1.7840119108966503,-0.0006360172752481837
2026-06-02 22:30:00,1.7882711864406784,0.0023211864406778027,1.783321513062375,-0.0006903978342753872
2026-06-02 22:35:00,1.7839333333333334,-0.004337853107345024,1.7827049656296903,-0.0006165474326846929
2026-06-02 22:40:00,1.7884333333333338,0.004500000000000393,1.7822742219041494,-0.0004307437255407291
2026-06-02 22:45:00,1.7853333333333332,-0.0031000000000005468,1.781955100722529,-0.0003191211816206724
2026-06-02 22:50:00,1.788033333333334,0.002700000000000813,1.7815953877690411,-0.00035971295348778416
2026-06-02 22:55:00,1.7870500000000005,-0.000983333333333558,1.7812116361396289,-0.0003837516294122682
2026-06-02 23:00:00,1.7843000000000002,-0.0027500000000002522,1.780810413773597,-0.0004012223660319193
2026-06-02 23:05:00,1.7879333333333343,0.0036333333333340434,1.7804053707173786,-0.0004050430562183133
2026-06-02 23:10:00,1.7839666666666676,-0.003966666666666674,1.786520262288596,-0.001413071044738095
2026-06-02 23:15:00,1.7914000000000005,0.007433333333332959,1.7860490128280035,-0.000471249460592696
2026-06-02 23:20:00,1.7892833333333342,-0.0021166666666663225,1.7856109494939432,-0.0004380633340602473
2026-06-02 23:25:00,1.7946440677966111,0.005360734463276895,1.7849847269732286,-0.0006262225207144872
2026-06-02 23:30:00,1.7852833333333338,-0.009360734463277343,1.7842464391674508,-0.0007382878057779704
2026-06-02 23:35:00,1.7762333333333336,-0.009050000000000225,1.7835598278442397,-0.0006866113232111536
2026-06-02 23:40:00,1.7784833333333332,0.002249999999999641,1.7830534572565178,-0.0005063705877217648
2026-06-02 23:45:00,1.7756666666666674,-0.0028166666666658013,1.7826571399720554,-0.0003963172844623845
2026-06-02 23:50:00,1.7649000000000006,-0.010766666666666813,1.7822190198163965,-0.0004381201556588676
2026-06-02 23:55:00,1.767033333333334,0.0021333333333333204,1.7817570885022254,-0.0004619313141712864
2026-06-03 00:00:00,1.7709833333333338,0.003949999999999898,1.7662055858124253,-0.0008277475209086888
2026-06-03 00:05:00,1.7694333333333334,-0.0015500000000003844,1.7657195461873354,-0.00048603962508988053
2026-06-03 00:10:00,1.7716666666666676,0.0022333333333341976,1.7653866505962295,-0.0003328955911059338
2026-06-03 00:15:00,1.7733559322033896,0.0016892655367219955,1.7651367336659765,-0.0002499169302529467
2026-06-03 00:20:00,1.773433333333334,7.740112994447657e-05,1.7647860552823873,-0.0003506783835892564
2026-06-03 00:25:00,1.7697500000000004,-0.003683333333333705,1.7642087803463633,-0.0005772749360239571
2026-06-03 00:30:00,1.7690666666666675,-0.000683333333332925,1.763499238451897,-0.0007095418944662465
2026-06-03 00:35:00,1.761883333333333,-0.00718333333333443,1.7628282430653264,-0.0006709953865706738
2026-06-03 00:40:00,1.7562666666666662,-0.005616666666666825,1.76232752464014,-0.0005007184251862822
2026-06-03 00:45:00,1.7482666666666666,-0.007999999999999563,1.761926312986577,-0.0004012116535630489
2026-06-03 00:50:00,1.7434915254237293,-0.00477514124293732,1.748184913324885,-8.175334178163408e-05
2026-06-03 00:55:00,1.7414999999999994,-0.001991525423729934,1.7478004207863462,-0.0003844925385388623
2026-06-03 01:00:00,1.7310666666666665,-0.01043333333333285,1.7474018263584377,-0.00039859442790858926
2026-06-03 01:05:00,1.7261333333333335,-0.004933333333333012,1.7470329233159847,-0.0003689030424529365
2026-06-03 01:10:00,1.7422333333333333,0.01609999999999978,1.7467177033413903,-0.00031521997459439633
2026-06-03 01:15:00,1.7354166666666662,-0.006816666666667137,1.7464664086703718,-0.0002512946710184021
2026-06-03 01:20:00,1.7067457627118638,-0.028670903954802318,1.7461151515440136,-0.00035125712635818835
2026-06-03 01:25:00,1.6915333333333333,-0.015212429378530512,1.7455408765339944,-0.0005742750100192032
2026-06-03 01:30:00,1.6615833333333339,-0.029949999999999477,1.744834527527303,-0.0007063490066913906
2026-06-03 01:35:00,1.6411833333333337,-0.020400000000000196,1.7441646698889328,-0.000669857638370199
2026-06-03 01:40:00,1.586383333333333,-0.054800000000000626,1.653625772778395,0.012442439445061291
2026-06-03 01:45:00,1.6346166666666662,0.04823333333333313,1.6520007008334812,-0.001625071944913871
2026-06-03 01:50:00,1.7229833333333333,0.08836666666666715,1.6508188327169333,-0.0011818681165478603
2026-06-03 01:55:00,1.7202542372881349,-0.0027290960451984425,1.6503408110782627,-0.000478021638670601
2026-06-03 02:00:00,1.7169333333333325,-0.0033209039548023345,1.650022686977001,-0.0003181241012616214
2026-06-03 02:05:00,1.7229333333333325,0.006000000000000005,1.6497361075832035,-0.0002865793937975211
2026-06-03 02:10:00,1.7206166666666658,-0.0023166666666667446,1.6494963207601896,-0.00023978682301384143
2026-06-03 02:15:00,1.7175833333333332,-0.003033333333332555,1.6493192819827107,-0.00017703877747884264
2026-06-03 02:20:00,1.7159499999999994,-0.0016333333333338196,1.6490439022224168,-0.00027537976029404785
2026-06-03 02:25:00,1.7174745762711863,0.0015245762711868505,1.6485460873431084,-0.0004978148793083699
2026-06-03 02:30:00,1.7194999999999996,0.0020254237288133137,1.7130565529047643,-0.004418023366421914
2026-06-03 02:35:00,1.7142833333333327,-0.005216666666666869,1.7122208608375753,-0.0008356920671890583
2026-06-03 02:40:00,1.715849999999999,0.001566666666666272,1.711632261004876,-0.0005885998326993535
2026-06-03 02:45:00,1.7121500000000003,-0.0036999999999987043,1.7111433192130787,-0.0004889417917973263
2026-06-03 02:50:00,1.6939999999999997,-0.018150000000000555,1.7106152568495914,-0.0005280623634872039
2026-06-03 02:55:00,1.682101694915255,-0.011898305084744765,1.710070199094757,-0.0005450577548343991
2026-06-03 03:00:00,1.6654166666666668,-0.016685028248588196,1.709528200059263,-0.0005419990354939838
2026-06-03 03:05:00,1.664266666666667,-0.0011499999999997623,1.7090048880251207,-0.0005233120341423719
2026-06-03 03:10:00,1.6660333333333333,0.00176666666666625,1.7085429277966064,-0.0004619602285142048
2026-06-03 03:15:00,1.6665500000000006,0.0005166666666673869,1.7081635204024765,-0.00037940739412990006
2026-06-03 03:20:00,1.6537833333333336,-0.012766666666667037,1.6660098356428343,-0.0005401643571663388
2026-06-03 03:25:00,1.647816666666667,-0.005966666666666676,1.6654443326921453,-0.0005655029506889063
2026-06-03 03:30:00,1.6337966101694916,-0.014020056497175304,1.6647995629187347,-0.0006447697734108328
2026-06-03 03:35:00,1.622783333333333,-0.011013276836158603,1.6641839821553241,-0.0006155807634104248
2026-06-03 03:40:00,1.6200999999999994,-0.002683333333333593,1.6637165260218498,-0.00046745613347427535
2026-06-03 03:45:00,1.5866666666666664,-0.03343333333333298,1.6633232059478473,-0.0003933200740024505
2026-06-03 03:50:00,1.5817,-0.004966666666666342,1.6628566084597651,-0.0004665974880821756
2026-06-03 03:55:00,1.5772166666666665,-0.004483333333333617,1.6623504663753867,-0.0005061420843784428
2026-06-03 04:00:00,1.5757166666666669,-0.0014999999999996128,1.661824657158,-0.0005258092173867563
2026-06-03 04:05:00,1.572466666666667,-0.003249999999999975,1.6613067182428949,-0.0005179389151051412
2026-06-03 04:10:00,1.5815932203389833,0.009126553672316406,1.5722472799053921,-0.00021938676127464666
2026-06-03 04:15:00,1.6103166666666655,0.0287234463276822,1.5720757960799374,-0.00017148382545490964
2026-06-03 04:20:00,1.6760499999999996,0.06573333333333409,1.5718530236310126,-0.00022277244892466314
2026-06-03 04:25:00,1.6814,0.00535000000000041,1.5714152219553985,-0.0004378016756142694
2026-06-03 04:30:00,1.674800000000001,-0.006599999999999051,1.5708244833630234,-0.000590738592375095
2026-06-03 04:35:00,1.6682372881355936,-0.006562711864407378,1.570245828062768,-0.0005786553002553464
2026-06-03 04:40:00,1.6653666666666664,-0.002870621468927137,1.5698149657221103,-0.0004308623406576791
2026-06-03 04:45:00,1.6717500000000003,0.0063833333333338516,1.569455783791061,-0.000359181931049215
2026-06-03 04:50:00,1.6655833333333334,-0.006166666666666876,1.5690160789414118,-0.0004397048496492921
2026-06-03 04:55:00,1.6564833333333338,-0.009099999999999664,1.5685299072542787,-0.00048617168713317705
2026-06-03 05:00:00,1.6557500000000003,-0.0007333333333334746,1.6545015375029635,-0.001981795830370228
2026-06-03 05:05:00,1.6445666666666672,-0.011183333333333101,1.6538862683732103,-0.000615269129753154
2026-06-03 05:10:00,1.6389666666666673,-0.005599999999999827,1.6534121715084673,-0.0004740968647429947
2026-06-03 05:15:00,1.6358813559322039,-0.003085310734463498,1.6530455949041993,-0.00036657660426813463
2026-06-03 05:20:00,1.6295333333333326,-0.006348022598871239,1.6526108273565159,-0.0004347675476833059
2026-06-03 05:25:00,1.6274166666666658,-0.0021166666666667666,1.6519591979204664,-0.0006516294360494763
2026-06-03 05:30:00,1.6214333333333326,-0.0059833333333332295,1.6511690769982796,-0.0007901209221869281
2026-06-03 05:35:00,1.6146833333333328,-0.006749999999999812,1.6504125059841808,-0.0007565710140987565
2026-06-03 05:40:00,1.6056333333333335,-0.009049999999999336,1.6498261310747144,-0.0005863749094663109
2026-06-03 05:45:00,1.598749999999999,-0.006883333333334463,1.649322987840451,-0.000503143234263438
2026-06-03 05:50:00,1.6013333333333326,0.002583333333333604,1.598779183355745,2.9183355746068517e-05
2026-06-03 05:55:00,1.59885,-0.0024833333333325047,1.5983471806986806,-0.0004320026570643529
2026-06-03 06:00:00,1.6045999999999991,0.005749999999999034,1.5978394344114664,-0.000507746287214371
2026-06-03 06:05:00,1.5996271186440674,-0.004972881355931769,1.5973595923935313,-0.0004798420179349853
2026-06-03 06:10:00,1.60415,0.004522881355932595,1.5969380711924315,-0.0004215212010998253
2026-06-03 06:15:00,1.599283333333333,-0.004866666666667019,1.5965962382734773,-0.00034183291895421267
2026-06-03 06:20:00,1.603233333333334,0.003950000000001008,1.5961619675094996,-0.0004342707639777614
2026-06-03 06:25:00,1.6078166666666667,0.0045833333333327175,1.5954942085236286,-0.000667758985870947
2026-06-03 06:30:00,1.6111500000000005,0.0033333333333338544,1.5946820782262225,-0.0008121302974061544
2026-06-03 06:35:00,1.6064666666666665,-0.004683333333334039,1.5939082035813157,-0.0007738746449068689
2026-06-03 06:40:00,1.606133333333333,-0.00033333333333351867,1.604916387774339,-0.0015502788923274402
2026-06-03 06:45:00,1.6067333333333336,0.0006000000000006,1.604271511813401,-0.0006448759609380817
2026-06-03 06:50:00,1.6072666666666668,0.0005333333333332746,1.603656462648129,-0.0006150491652719282
2026-06-03 06:55:00,1.613152542372881,0.005885875706214128,1.6030263372733091,-0.0006301253748199622
2026-06-03 07:00:00,1.6146166666666661,0.001464124293785174,1.602390505373946,-0.0006358318993629807
2026-06-03 07:05:00,1.6177999999999997,0.003183333333333538,1.6017674508288895,-0.0006230545450565371
2026-06-03 07:10:00,1.6179999999999997,0.00019999999999997797,1.601203160585409,-0.0005642902434807584
2026-06-03 07:15:00,1.6140666666666659,-0.003933333333333788,1.600726162504976,-0.00047699808043281337
2026-06-03 07:20:00,1.6172333333333329,0.003166666666666984,1.6001601564986845,-0.0005660060062915039
2026-06-03 07:25:00,1.6159333333333339,-0.0012999999999989686,1.5993607644767396,-0.0007993920219449155
2026-06-03 07:30:00,1.5891333333333328,-0.026800000000001045,1.614022976673686,-0.0019103566596478806
2026-06-03 07:35:00,2.5868305084745775,0.9976971751412447,1.6130384762200853,-0.0009845004536007177
2026-06-03 07:40:00,2.6412000000000004,0.05436949152542292,1.612354105594241,-0.0006843706258442174
2026-06-03 07:45:00,2.600383333333333,-0.04081666666666761,1.6117939762935736,-0.00056012930066759
2026-06-03 07:50:00,2.6809166666666675,0.08053333333333468,1.6111722517964469,-0.0006217244971266196
2026-06-03 07:55:00,1.0341833333333335,-1.646733333333334,1.610513114380114,-0.000659137416333016
2026-06-03 08:00:00,1.8953220338983046,0.8611387005649711,1.6098618410122565,-0.0006512733678573314
2026-06-03 08:05:00,2.6883333333333326,0.793011299435028,1.6092168779464295,-0.0006449630658269345
2026-06-03 08:10:00,2.6754166666666674,-0.012916666666665133,1.6086258418018877,-0.0005910361445419189
2026-06-03 08:15:00,2.684516666666667,0.009099999999999664,1.6081181142757497,-0.0005077275261379834
2026-06-03 08:20:00,2.686233333333334,0.0017166666666668107,2.6657639704274985,-0.018752696239168733
2026-06-03 08:25:00,2.6917499999999994,0.005516666666665504,2.664461327865111,-0.001302642562387731
2026-06-03 08:30:00,2.6919333333333335,0.0001833333333340903,2.663372725311046,-0.0010886025540646676
2026-06-03 08:35:00,2.689266666666667,-0.002666666666666373,2.6623200003056513,-0.0010527250053945915
2026-06-03 08:40:00,2.691516666666667,0.002249999999999641,2.661522833265495,-0.0007971670401565511
2026-06-03 08:45:00,2.6929830508474577,0.001466384180790925,2.6608665002405525,-0.0006563330249422595
2026-06-03 08:50:00,2.6822999999999992,-0.010683050847458464,2.660158000816439,-0.0007084994241136962
2026-06-03 08:55:00,2.680666666666666,-0.0016333333333333755,2.659417425338396,-0.0007405754780427224
2026-06-03 09:00:00,2.6805666666666665,-9.999999999932285e-05,2.6587094978444954,-0.0007079274939009754
2026-06-03 09:05:00,2.6832833333333332,0.0027166666666667005,2.6580132820074476,-0.0006962158370475648
2026-06-03 09:10:00,2.6883333333333317,0.005049999999998445,2.681275467180959,-0.0020078661523742986
2026-06-03 09:15:00,2.7171999999999996,0.02886666666666793,2.680762755652138,-0.0005127115288211734
2026-06-03 09:20:00,2.723166666666667,0.005966666666667564,2.680230537342336,-0.0005322183098019673
2026-06-03 09:25:00,2.725266666666666,0.0020999999999986585,2.67945558386712,-0.0007749534752158846
2026-06-03 09:30:00,2.7178813559322035,-0.007385310734462358,2.6785366810344327,-0.0009189028326874316
2026-06-03 09:35:00,2.717949999999999,6.864406779572008e-05,2.6776682218508774,-0.0008684591835549567
2026-06-03 09:40:00,2.717516666666666,-0.00043333333333306356,2.6770003435841705,-0.0006678782667071245
2026-06-03 09:45:00,2.7146166666666653,-0.002900000000000791,2.6764438486735207,-0.0005564949106494905
2026-06-03 09:50:00,2.7146333333333326,1.6666666667219943e-05,2.675821376663862,-0.0006224720096591149
2026-06-03 09:55:00,2.7146666666666666,3.3333333333995796e-05,2.6751567940385748,-0.0006645826252870982
2026-06-03 10:00:00,2.7121333333333317,-0.0025333333333348307,2.712357291966337,-0.0023093747003299753
2026-06-03 10:05:00,2.7127666666666665,0.0006333333333348179,2.711682141571836,-0.0006751503945003985
2026-06-03 10:10:00,2.71365,0.0008833333333333471,2.711149608499522,-0.0005325330723140164
2026-06-03 10:15:00,2.708372881355931,-0.005277118644068768,2.7107069914078945,-0.00044261709162767644
2026-06-03 10:20:00,2.709116666666666,0.0007437853107350456,2.7101674493045556,-0.0005395421033389526
2026-06-03 10:25:00,2.6971499999999997,-0.011966666666666459,2.709378001325857,-0.0007894479786985139
2026-06-03 10:30:00,2.704933333333332,0.007783333333332365,2.708440175533736,-0.0009378257921210258
2026-06-03 10:35:00,2.7045833333333325,-0.0003499999999996284,2.7075556242966194,-0.0008845512371167345
2026-06-03 10:40:00,2.7015999999999996,-0.0029833333333328937,2.7068787055751575,-0.0006769187214615918
2026-06-03 10:45:00,2.6992166666666666,-0.00238333333333296,2.706322165969633,-0.0005565396055246811
2026-06-03 10:50:00,2.6972333333333323,-0.001983333333334336,2.6979155776106762,-0.001301089055990489
2026-06-03 10:55:00,2.698183333333333,0.0009500000000008946,2.6972177282762764,-0.0006978493343999131
2026-06-03 11:00:00,2.702135593220339,0.003952259887005649,2.6966565528564272,-0.0005611754198487644
2026-06-03 11:05:00,2.6931333333333334,-0.009002259887005426,2.6961228921229456,-0.0005336607334815907
2026-06-03 11:10:00,2.6987333333333345,0.00560000000000116,2.6956402200421885,-0.0004826720807575241
2026-06-03 11:15:00,2.696516666666667,-0.0022166666666674217,2.69522342117664,-0.0004167988655480255
2026-06-03 11:20:00,2.694616666666666,-0.001900000000000901,2.6946853919224196,-0.0005380292542205982
2026-06-03 11:25:00,2.695783333333334,0.0011666666666676484,2.6938842405690027,-0.0008011513534168615
2026-06-03 11:30:00,2.6947333333333336,-0.0010500000000002174,2.692933420409771,-0.0009508201592316445
2026-06-03 11:35:00,2.6935166666666666,-0.0012166666666670878,2.6920412380058045,-0.0008921824039666313
2026-06-03 11:40:00,2.691416666666667,-0.0020999999999995467,2.6920888540185075,-0.0014278126481591202
2026-06-03 11:45:00,2.6958644067796604,0.004447740112993426,2.691428943681858,-0.0006599103366493372
2026-06-03 11:50:00,2.6976333333333327,0.0017689265536722232,2.690844933667632,-0.0005840100142263285
2026-06-03 11:55:00,2.6870666666666665,-0.010566666666666169,2.6902666894474487,-0.0005782442201829523
2026-06-03 12:00:00,2.687133333333334,6.66666666675475e-05,2.689736295214056,-0.0005303942333928264
2026-06-03 12:05:00,2.68855,0.0014166666666661776,2.6892118962598324,-0.0005243989542234384
2026-06-03 12:10:00,2.6873666666666676,-0.001183333333332648,2.688724172811853,-0.00048772344797942235
2026-06-03 12:15:00,2.687733333333334,0.00036666666666640424,2.688289053081903,-0.0004351197299499725
2026-06-03 12:20:00,2.686166666666667,-0.0015666666666671603,2.6877210505129154,-0.0005680025689878424
2026-06-03 12:25:00,2.683866666666667,-0.0022999999999999687,2.6868850175907872,-0.0008360329221279533
2026-06-03 12:30:00,2.6868983050847453,0.0030316384180784084,2.6823499996499214,-0.0015166670167454813
2026-06-03 12:35:00,2.6864333333333335,-0.00046497175141180236,2.681372104319966,-0.000977895329955477
2026-06-03 12:40:00,2.687466666666667,0.0010333333333334416,2.680711050221116,-0.0006610540988497473
2026-06-03 12:45:00,2.6833666666666662,-0.004100000000000659,2.6802150945320915,-0.0004959556890248413
2026-06-03 12:50:00,2.683033333333334,-0.00033333333333240844,2.6796911030400747,-0.0005239914920166901
2026-06-03 12:55:00,2.6837,0.0006666666666661492,2.6791440296368734,-0.000547073403201288
2026-06-03 13:00:00,2.69185,0.008150000000000102,2.6786348122764103,-0.0005092173604630279
2026-06-03 13:05:00,2.685733333333334,-0.006116666666665882,2.678123473229719,-0.000511339046690892
2026-06-03 13:10:00,2.6908166666666675,0.005083333333333329,2.6776400769841593,-0.00048339624556005176
2026-06-03 13:15:00,2.694271186440678,0.003454519774010567,2.6771991399688697,-0.0004409370152895026
2026-06-03 13:20:00,2.684833333333332,-0.009437853107346239,2.6919113834350825,-0.002359803005595776
2026-06-03 13:25:00,2.686066666666667,0.001233333333335196,2.6909110470981523,-0.0010003363369298962
2026-06-03 13:30:00,2.686799999999999,0.0007333333333319203,2.689914403093017,-0.0009966440051351795
2026-06-03 13:35:00,2.68785,0.0010500000000011056,2.6890168641070726,-0.000897538985944487
2026-06-03 13:40:00,2.6859000000000006,-0.0019499999999994522,2.6883527455556013,-0.0006641185514713351
2026-06-03 13:45:00,2.6907,0.004799999999999471,2.6878384753218705,-0.0005142702337311103
2026-06-03 13:50:00,2.6937666666666673,0.003066666666667217,2.687296336647082,-0.0005421386747882092
2026-06-03 13:55:00,2.6888166666666673,-0.00495000000000001,2.686732917839716,-0.00056341880736626
2026-06-03 14:00:00,2.6904237288135593,0.001607062146891991,2.686208824255042,-0.0005240935846734864
2026-06-03 14:05:00,2.6879500000000003,-0.0024737288135590063,2.6856812552523546,-0.000527569002687804
2026-06-03 14:10:00,2.6888833333333335,0.0009333333333332305,2.686569422010027,-0.0013805779899735532
2026-06-03 14:15:00,2.6922666666666664,0.0033833333333328497,2.686031919099694,-0.0005375029103329075
2026-06-03 14:20:00,2.6922333333333337,-3.333333333266353e-05,2.685480352013489,-0.0005515670862047628
2026-06-03 14:25:00,2.693383333333333,0.0011499999999990962,2.684696130668644,-0.0007842213448450948
2026-06-03 14:30:00,2.691,-0.00238333333333296,2.683789304401351,-0.0009068262672927079
2026-06-03 14:35:00,2.6871166666666664,-0.0038833333333334608,2.682959696702115,-0.000829607699236063
2026-06-03 14:40:00,2.690266666666666,0.003149999999999764,2.6823503684246215,-0.0006093282774935555
2026-06-03 14:45:00,2.686881355932202,-0.003385310734464131,2.681883308336505,-0.00046706008811668673
2026-06-03 14:50:00,2.694916666666667,0.00803531073446484,2.6813834129655545,-0.0004998953709506506
2026-06-03 14:55:00,2.69455,-0.00036666666666684833,2.6808568066572853,-0.0005266063082688414
2026-06-03 15:00:00,2.6966833333333327,0.0021333333333326543,2.69252506992036,-0.0020249300796399165
2026-06-03 15:05:00,2.6837833333333334,-0.012899999999999245,2.691885339877085,-0.0006397300432751164
2026-06-03 15:10:00,2.692266666666666,0.00848333333333251,2.691409638748415,-0.0004757011286698281
2026-06-03 15:15:00,2.698066666666667,0.005800000000001138,2.6910027724727335,-0.0004068662756815776
2026-06-03 15:20:00,2.692683333333333,-0.005383333333333962,2.690465380821128,-0.0005373916516053713
2026-06-03 15:25:00,2.693016666666667,0.0003333333333337407,2.689668552617454,-0.0007968282036738742
2026-06-03 15:30:00,2.6906440677966095,-0.002372598870057363,2.688749025960371,-0.0009195266570836211
2026-06-03 15:35:00,2.2108000000000008,-0.4798440677966087,2.8114093324313765,0.12266030647100588
2026-06-03 15:40:00,2.113783333333333,-0.09701666666666764,2.8495255348148127,0.038116202383436236
2026-06-03 15:45:00,2.1145499999999995,0.0007666666666663602,2.8497652144397945,0.00023967962498144742
2026-06-03 15:50:00,2.1161333333333334,0.0015833333333339361,2.1227813466332015,0.00823134663320196
2026-06-03 15:55:00,2.113466666666666,-0.002666666666667261,2.121852098712405,-0.0009292479207962785
2026-06-03 16:00:00,2.1163,0.0028333333333336874,2.1212278909078948,-0.0006242078045103897
2026-06-03 16:05:00,2.117316666666666,0.0010166666666662216,2.1209589983724264,-0.0002688925354683029
2026-06-03 16:10:00,2.1161499999999998,-0.0011666666666663161,2.1207523501874808,-0.00020664818494552602
2026-06-03 16:15:00,2.1198644067796604,0.0037144067796606173,2.120551316528824,-0.0002010336586571713
2026-06-03 16:20:00,2.120816666666667,0.0009522598870064236,2.120177716767338,-0.00037359976148585176
2026-06-03 16:25:00,2.1148666666666665,-0.005950000000000344,2.1195256623498113,-0.0006520544175264947
2026-06-03 16:30:00,2.1201333333333334,0.005266666666666975,2.1187434738380806,-0.0007821885117306397
2026-06-03 16:35:00,2.115366666666666,-0.004766666666667252,2.11804139819684,-0.0007020756412412111
2026-06-03 16:40:00,2.1227833333333335,0.007416666666667293,2.114089427142488,-0.001277239524178036
2026-06-03 16:45:00,2.129733333333333,0.006949999999999346,2.113603955515622,-0.00048547162686615156
2026-06-03 16:50:00,2.1298,6.666666666710341e-05,2.1131944487330663,-0.00040950678255581043
2026-06-03 16:55:00,2.1257166666666674,-0.0040833333333325506,2.112778054573434,-0.0004163941596322347
2026-06-03 17:00:00,2.1271016949152535,0.0013850282485861065,2.112404141430149,-0.00037391314328488973
2026-06-03 17:05:00,2.126016666666666,-0.0010850282485872498,2.1120133304537916,-0.00039081097635749464
2026-06-03 17:10:00,2.1249333333333333,-0.001083333333332881,2.111633297109746,-0.0003800333440456368
2026-06-03 17:15:00,2.1268999999999996,0.001966666666666228,2.111276918619784,-0.00035637848996203315
2026-06-03 17:20:00,2.12615,-0.0007499999999995843,2.1107692345880418,-0.0005076840317419539
2026-06-03 17:25:00,2.1278333333333337,0.001683333333333703,2.1100019277041007,-0.0007673068839413613
2026-06-03 17:30:00,2.1274833333333336,-0.0003500000000000725,2.125597359016018,-0.002235974317315322
2026-06-03 17:35:00,2.1247,-0.002783333333333804,2.1246851826507434,-0.0009121763652751885
2026-06-03 17:40:00,2.1291833333333328,0.004483333333332951,2.1241293441638534,-0.0005558384868897977
2026-06-03 17:45:00,2.127,-0.002183333333332982,2.1237414496183518,-0.0003878945455014172
2026-06-03 17:50:00,2.129783333333333,0.00278333333333336,2.1233353464761806,-0.00040610314217121696
2026-06-03 17:55:00,2.1233666666666666,-0.006416666666666515,2.122909382565262,-0.00042596391091877077
2026-06-03 18:00:00,2.126683333333333,0.0033166666666661904,2.122532616411468,-0.0003767661537937997
2026-06-03 18:05:00,2.1272333333333333,0.0005500000000004945,2.1221405496859536,-0.00039206672551466847
2026-06-03 18:10:00,2.1245499999999997,-0.002683333333333593,2.121762158237119,-0.0003783914488346517
2026-06-03 18:15:00,2.1239166666666676,-0.0006333333333321534,2.12141025883832,-0.00035189939879889877
2026-06-03 18:20:00,2.1258,0.0018833333333323488,2.1225829411885213,-0.0013337254781460803
2026-06-03 18:25:00,2.1246271186440673,-0.0011728813559326312,2.121748900428412,-0.0008340407601096354
2026-06-03 18:30:00,2.1217999999999995,-0.0028271186440678164,2.12094094462564,-0.0008079558027719047
2026-06-03 18:35:00,2.1223666666666667,0.0005666666666672704,2.1202535765969155,-0.0006873680287245282
2026-06-03 18:40:00,2.1237166666666663,0.0013499999999995183,2.119788595403264,-0.00046498119365160934
2026-06-03 18:45:00,2.1213,-0.0024166666666660674,2.1194570406584683,-0.0003315547447955107
2026-06-03 18:50:00,2.1221499999999995,0.0008499999999993513,2.119090985440383,-0.00036605521808550376
2026-06-03 18:55:00,2.1253,0.0031500000000006523,2.118697893973121,-0.0003930914672619696
2026-06-03 19:00:00,2.1250166666666668,-0.00028333333333341315,2.118343951977892,-0.00035394199522877144
2026-06-03 19:05:00,2.1210333333333335,-0.003983333333333228,2.1179737729470016,-0.0003701790308905372
2026-06-03 19:10:00,2.1233050847457626,0.0022717514124290794,2.1200623438805857,-0.000970989452747948
2026-06-03 19:15:00,2.1213999999999995,-0.0019050847457631193,2.1196676335299927,-0.000394710350593004
2026-06-03 19:20:00,2.1231999999999998,0.0018000000000002458,2.1192495014056965,-0.0004181321242960551
2026-06-03 19:25:00,2.122883333333333,-0.00031666666666696486,2.1186212641969506,-0.0006282372087459415
2026-06-03 19:30:00,2.1232166666666665,0.0003333333333337407,2.117890806637061,-0.0007304575598893117
2026-06-03 19:35:00,2.1214833333333334,-0.0017333333333331424,2.117241651450192,-0.0006491551868691713
2026-06-03 19:40:00,2.119666666666666,-0.0018166666666674658,2.1167990819654965,-0.000442569484695418
2026-06-03 19:45:00,2.123599999999999,0.0039333333333329,2.1164828880264626,-0.0003161939390343496
2026-06-03 19:50:00,2.1277,0.004100000000001103,2.116129694660679,-0.0003531933657834155
2026-06-03 19:55:00,2.123220338983051,-0.004479661016949077,2.11574939731548,-0.00038029734519854936
2026-06-03 20:00:00,2.1294333333333335,0.0062129943502826634,2.12206559836792,-0.0011547406151308458
2026-06-03 20:05:00,2.125316666666666,-0.0041166666666674345,2.1215968333768385,-0.0004687649910815302
2026-06-03 20:10:00,2.1281,0.002783333333333804,2.121268822640886,-0.0003280107359526389
2026-06-03 20:15:00,2.1295666666666664,0.0014666666666665051,2.1210122474590882,-0.00025657518179779675
2026-06-03 20:20:00,2.125233333333333,-0.0043333333333333,2.1206365869337,-0.0003756605253878141
2026-06-03 20:25:00,2.130566666666667,0.005333333333334078,2.120021535031022,-0.0006150519026779714
2026-06-03 20:30:00,2.1350333333333333,0.004466666666666175,2.119289760450884,-0.0007317745801386654
2026-06-03 20:35:00,2.132833333333333,-0.002200000000000202,2.118630837920185,-0.0006589225306989538
2026-06-03 20:40:00,2.133677966101695,0.000844632768361997,2.1181753025833348,-0.00045553533684988736
2026-06-03 20:45:00,2.13585,0.0021720338983048926,2.1178451931959534,-0.0003301093873811587
2026-06-03 20:50:00,2.131866666666667,-0.003983333333333228,2.134100701485132,-0.001749298514868175
2026-06-03 20:55:00,2.1291333333333338,-0.0027333333333330323,2.133579275645892,-0.0005214258392396292
2026-06-03 21:00:00,2.1301666666666668,0.0010333333333329975,2.133193109449392,-0.00038616619650010575
2026-06-03 21:05:00,2.14875,0.018583333333333396,2.132834080056333,-0.0003590293930591592
2026-06-03 21:10:00,2.13555,-0.013200000000000323,2.132518785027043,-0.0003152950292899283
2026-06-03 21:15:00,2.113599999999999,-0.021950000000000802,2.132249047495475,-0.00026973753156790973
2026-06-03 21:20:00,2.132406779661018,0.018806779661018957,2.1318529875938355,-0.0003960599016394465
2026-06-03 21:25:00,2.1346333333333334,0.00222655367231539,2.131216467277917,-0.0006365203159185999
2026-06-03 21:30:00,2.1370166666666672,0.002383333333333848,2.130459604192231,-0.000756863085686151
2026-06-03 21:35:00,2.131166666666667,-0.005850000000000133,2.1297709920808994,-0.0006886121113315385
2026-06-03 21:40:00,2.13145,0.00028333333333296906,2.128757404792013,-0.0024092618746539905
2026-06-03 21:45:00,2.132283333333334,0.0008333333333339077,2.1285320345521686,-0.00022537023984442757
2026-06-03 21:50:00,2.134133333333333,0.0018499999999992411,2.128227824857687,-0.0003042096944815874
2026-06-03 21:55:00,2.1399833333333333,0.005850000000000133,2.1278715147997134,-0.0003563100579737822
2026-06-03 22:00:00,2.1337666666666673,-0.006216666666666093,2.127506682356213,-0.00036483244350004153
2026-06-03 22:05:00,2.1450000000000005,0.011233333333333206,2.127141943740538,-0.00036473861567503133
2026-06-03 22:10:00,2.1382833333333333,-0.006716666666667148,2.1268092488579016,-0.0003326948826366195
2026-06-03 22:15:00,2.134533333333334,-0.003749999999999254,2.1265200409469243,-0.000289207910977246
2026-06-03 22:20:00,2.133333333333333,-0.0012000000000012,2.1261079074407614,-0.0004121335061630381
2026-06-03 22:25:00,2.135100000000001,0.0017666666666680264,2.1254586332027907,-0.0006492742379708022
2026-06-03 22:30:00,2.1336333333333335,-0.0014666666666673933,2.132926417076175,-0.002173582923825879
2026-06-03 22:35:00,2.1365166666666666,0.002883333333333127,2.1321990300937355,-0.0007273869824395188
2026-06-03 22:40:00,2.1353166666666668,-0.0011999999999998678,2.1317244128331803,-0.00047461726055532513
2026-06-03 22:45:00,2.135593220338983,0.00027655367231638195,2.1313700708828938,-0.00035434195028643406
2026-06-03 22:50:00,2.138183333333333,0.002590112994349969,2.130986842032451,-0.00038322885044276894
2026-06-03 22:55:00,2.1349666666666662,-0.0032166666666668675,2.1305884224704523,-0.0003984195619988509
2026-06-03 23:00:00,2.136183333333333,0.0012166666666666437,2.130178840480565,-0.00040958198988721756
2026-06-03 23:05:00,2.1379333333333337,0.0017500000000008065,2.1297699614888432,-0.00040887899172184863
2026-06-03 23:10:00,2.1383500000000004,0.0004166666666667318,2.129397017863877,-0.0003729436249660654
2026-06-03 23:15:00,2.1354,-0.00295000000000023,2.129073424319761,-0.00032359354411584445
2026-06-03 23:20:00,2.1378166666666676,0.0024166666666673997,2.1342243589619416,-0.0011756410380583952
2026-06-03 23:25:00,2.136416666666667,-0.001400000000000734,2.1335000124800207,-0.0007243464819212151
2026-06-03 23:30:00,2.137203389830509,0.0007867231638423178,2.1327571112429684,-0.0007429012370520613
2026-06-03 23:35:00,2.1403333333333334,0.0031299435028242506,2.1320860871892244,-0.0006710240537442418
2026-06-03 23:40:00,2.135483333333333,-0.004850000000000243,2.1315977920403246,-0.0004882951488996471
2026-06-03 23:45:00,2.1375,0.0020166666666669997,2.1312188315537486,-0.00037896048657599837
2026-06-03 23:50:00,2.1347666666666663,-0.0027333333333339205,2.130798769802573,-0.0004200617511752601
2026-06-03 23:55:00,2.1385333333333336,0.003766666666667362,2.130355938950124,-0.00044283085244922
2026-06-04 00:00:00,2.139433333333334,0.000900000000000567,2.1299012713319563,-0.00045466761816772465
2026-06-04 00:05:00,2.1364000000000005,-0.0030333333333336654,2.129449217521062,-0.00045205381089401264
2026-06-04 00:10:00,2.135999999999999,-0.0004000000000017323,2.135233774716744,-0.0011662252832566598
2026-06-04 00:15:00,2.1377627118644065,0.0017627118644076845,2.134807859233685,-0.0004259154830587291
2026-06-04 00:20:00,2.1401499999999998,0.0023872881355933018,2.1343927845368,-0.0004150746968849784
2026-06-04 00:25:00,2.1384333333333334,-0.0017166666666663666,2.1337866296507073,-0.0006061548860927008
2026-06-04 00:30:00,2.1361833333333333,-0.0022500000000000853,2.133061298977613,-0.0007253306730945387
2026-06-04 00:35:00,2.13775,0.0015666666666667162,2.1323772996155084,-0.0006839993621043636
2026-06-04 00:40:00,2.1412666666666667,0.0035166666666666124,2.1318627755154496,-0.0005145241000591049
2026-06-04 00:45:00,2.1404,-0.0008666666666665712,2.1314482586215524,-0.0004145168938969032
2026-06-04 00:50:00,2.1391833333333334,-0.0012166666666666437,2.130984600396204,-0.00046365822534846877
2026-06-04 00:55:00,2.1425666666666667,0.0033833333333332938,2.130493396196512,-0.000491204199692281
2026-06-04 01:00:00,2.1395084745762714,-0.003058192090395373,2.1408649427224016,-0.0017017239442649343
2026-06-04 01:05:00,2.1389333333333336,-0.0005751412429377822,2.140221935804067,-0.00064300691833481
2026-06-04 01:10:00,2.1421333333333337,0.0032000000000000917,2.1397782127941323,-0.00044372300993468256
2026-06-04 01:15:00,2.1398166666666665,-0.0023166666666671887,2.139445559354181,-0.00033265343995144824
2026-06-04 01:20:00,2.137983333333333,-0.0018333333333333535,2.1390368887250704,-0.0004086706291104793
2026-06-04 01:25:00,2.143716666666667,0.005733333333334034,2.138415938155139,-0.0006209505699311658
2026-06-04 01:30:00,2.141666666666667,-0.0020500000000001073,2.1376671773022906,-0.0007487608528483775
2026-06-04 01:35:00,2.141466666666667,-0.00019999999999997797,2.136955823620054,-0.0007113536822371033
2026-06-04 01:40:00,2.1421500000000004,0.0006833333333333691,2.1364116355893117,-0.0005441880307418837
2026-06-04 01:45:00,2.142169491525423,1.9491525422576927e-05,2.135961619330939,-0.0004500162583730852
2026-06-04 01:50:00,2.1395,-0.0026694915254230622,2.1407299203263204,-0.0014395711991024307
2026-06-04 01:55:00,2.1389833333333343,-0.0005166666666656106,2.1400803083995137,-0.0006496119268071122
2026-06-04 02:00:00,2.1397833333333334,0.0007999999999990237,2.139556372872322,-0.0005239355271915342
2026-06-04 02:05:00,2.145616666666667,0.005833333333333801,2.139083502353759,-0.00047287051856296624
2026-06-04 02:10:00,2.14255,-0.003066666666667217,2.1386827311200736,-0.00040077123368560197
2026-06-04 02:15:00,2.149416666666667,0.006866666666667243,2.1383631260495353,-0.0003196050705381241
2026-06-04 02:20:00,2.149016666666666,-0.0004000000000012882,2.137957058216129,-0.0004060678334061491
2026-06-04 02:25:00,2.151133333333333,0.0021166666666672107,2.137335835856135,-0.000621222359994008
2026-06-04 02:30:00,2.146949152542373,-0.004184180790959946,2.136585001516172,-0.0007508343399633205
2026-06-04 02:35:00,2.144716666666666,-0.002232485875707013,2.135870621918519,-0.0007143795976527032
2026-06-04 02:40:00,2.1451166666666674,0.0004000000000012882,2.1435443265262517,-0.001172340140414309
2026-06-04 02:45:00,2.1511166666666672,0.005999999999999783,2.1430127960154572,-0.0005315305107944413
2026-06-04 02:50:00,2.1496666666666666,-0.0014500000000006175,2.142511814097795,-0.0005009819176626729
2026-06-04 02:55:00,2.1520666666666672,0.002400000000000624,2.142007341326552,-0.0005044727712429177
2026-06-04 03:00:00,2.152200000000001,0.00013333333333376274,2.1415087397216896,-0.0004986016048619565
2026-06-04 03:05:00,2.1495333333333337,-0.002666666666667261,2.141028029583582,-0.0004807101381078181
2026-06-04 03:10:00,2.153389830508475,0.00385649717514136,2.1406067053753217,-0.0004213242082604263
2026-06-04 03:15:00,2.1509666666666662,-0.002423163841808851,2.1402656538490423,-0.0003410515262793826
2026-06-04 03:20:00,2.149866666666667,-0.0010999999999992127,2.139840421561039,-0.00042523228800337494
2026-06-04 03:25:00,2.1498666666666666,-4.440892098500626e-16,2.1392009162092176,-0.0006395053518212222
2026-06-04 03:30:00,2.1516166666666674,0.0017500000000008065,2.148311739404162,-0.0015549272625045708
2026-06-04 03:35:00,2.1524333333333336,0.0008166666666662437,2.147486345430823,-0.0008253939733391692
2026-06-04 03:40:00,2.1513000000000004,-0.0011333333333332085,2.146925274834687,-0.0005610705961360245
2026-06-04 03:45:00,2.1472333333333333,-0.004066666666667107,2.1464740398302165,-0.00045123500447059785
2026-06-04 03:50:00,2.1488000000000005,0.0015666666666671603,2.1459663973600995,-0.0005076424701166255
2026-06-04 03:55:00,2.151508474576272,0.0027084745762713247,2.145428543085701,-0.0005378542743984421
2026-06-04 04:00:00,2.1523333333333334,0.0008248587570616195,2.1448786068457775,-0.0005499362399237738
2026-06-04 04:05:00,2.1502499999999993,-0.002083333333334103,2.144342908445939,-0.0005356983998385567
2026-06-04 04:10:00,2.1487666666666665,-0.001483333333332837,2.1438669469243536,-0.0004759615215852703
2026-06-04 04:15:00,2.1490000000000005,0.00023333333333397377,2.143475315256609,-0.00039163166774472185
2026-06-04 04:20:00,2.1486499999999995,-0.00035000000000096065,2.147775114140829,-0.0012248858591716715
2026-06-04 04:25:00,2.1510517241379308,0.0024017241379312715,2.146997283769027,-0.0007778303718015016
2026-06-04 04:30:00,2.149551724137932,-0.0014999999999987246,2.1462112236903144,-0.0007860600787131432
2026-06-04 04:35:00,2.1495762711864406,2.454704850851641e-05,2.1454871147284997,-0.0007241089618143077
2026-06-04 04:40:00,2.1496333333333335,5.706214689293887e-05,2.144932104054198,-0.0005550106743020322
2026-06-04 04:45:00,2.1501500000000004,0.0005166666666669428,2.1444601135835684,-0.00047199047062958547
2026-06-04 04:50:00,2.1481666666666674,-0.001983333333333004,2.143915966259834,-0.0005441473237342652
2026-06-04 04:55:00,2.1479090909090917,-0.00025757575757578977,2.1433336161349383,-0.0005823501248954142
2026-06-04 05:00:00,2.1513000000000004,0.003390909090908778,2.1427265602696632,-0.0006070558652751392
2026-06-04 05:05:00,2.1494000000000004,-0.0019000000000000128,2.142130679904384,-0.0005958803652793563
2026-06-04 05:10:00,2.150950000000001,0.0015500000000003844,2.148031395198164,-0.001368604801836403
2026-06-04 05:15:00,2.151203389830509,0.000253389830508155,2.1474786417228824,-0.0005527534752814563
2026-06-04 05:20:00,2.1512833333333337,7.994350282469753e-05,2.1469828903964947,-0.0004957513263877985
2026-06-04 05:25:00,2.151666666666666,0.0003833333333322919,2.1463069626999123,-0.0006759276965824742
2026-06-04 05:30:00,2.1491833333333337,-0.0024833333333322827,2.1455044104069443,-0.0008025522929680683
2026-06-04 05:35:00,2.155616666666667,0.006433333333333291,2.1447362005419155,-0.0007682098650288809
2026-06-04 05:40:00,2.1521000000000003,-0.0035166666666666124,2.1441352581097353,-0.0006009424321800498
2026-06-04 05:45:00,2.156616666666667,0.004516666666666502,2.143617174447285,-0.0005180836624502286
2026-06-04 05:50:00,2.153166666666668,-0.003449999999999065,2.1430224379610308,-0.0005947364862545014
2026-06-04 05:55:00,2.1492333333333344,-0.003933333333333344,2.1423851731982313,-0.0006372647627994771
2026-06-04 06:00:00,2.15335593220339,0.004122598870055505,2.147973864720404,-0.0012594686129305719
2026-06-04 06:05:00,2.155072727272727,0.0017167950693370848,2.1472452202106527,-0.0007286445097513495
2026-06-04 06:10:00,2.1517500000000003,-0.0033227272727267554,2.146692933763412,-0.0005522864472401769
2026-06-04 06:15:00,2.154033333333333,0.002283333333332749,2.1462651129925026,-0.00042782077090972807
2026-06-04 06:20:00,2.153633333333333,-0.00039999999999995595,2.1457660339081572,-0.0004990790843453089
2026-06-04 06:25:00,2.154633333333334,0.001000000000000778,2.1450438139862387,-0.0007222199219184313
2026-06-04 06:30:00,2.1610500000000012,0.006416666666667403,2.144181238644768,-0.0008625753414708009
2026-06-04 06:35:00,2.161086206896552,3.6206896550705636e-05,2.143356787964116,-0.0008244506806519095
2026-06-04 06:40:00,2.1612692307692316,0.00018302387267965514,2.142710597387802,-0.0006461905763139365
2026-06-04 06:45:00,2.1606000000000005,-0.0006692307692310884,2.1421531186357656,-0.0005574787520367579
2026-06-04 06:50:00,2.156316666666667,-0.004283333333333417,2.1587877751784292,-0.0018122248215713963
2026-06-04 06:55:00,2.1567857142857148,0.0004690476190476467,2.1579786880626064,-0.0008090871158229071
2026-06-04 07:00:00,2.1591875000000003,0.0024017857142855092,2.157285801579393,-0.0006928864832131193
2026-06-04 07:05:00,2.1589666666666667,-0.0002208333333335588,2.1566375816059042,-0.0006482199734889667
2026-06-04 07:10:00,2.161716666666666,0.002749999999999364,2.1560634750828944,-0.000574106523009769
2026-06-04 07:15:00,2.16255,0.0008333333333339077,2.1555826554262327,-0.0004808196566615375
2026-06-04 07:20:00,2.1650169491525424,0.002466949152542419,2.1550158931801087,-0.0005667622461239614
2026-06-04 07:25:00,2.163000000000001,-0.0020169491525412475,2.154217462857615,-0.0007984303224938191
2026-06-04 07:30:00,2.163733333333334,0.0007333333333328085,2.1532793095621443,-0.0009381532954706762
2026-06-04 07:35:00,2.1649833333333333,0.0012499999999993072,2.152389653378027,-0.0008896561841173287
2026-06-04 07:40:00,2.1673833333333334,0.0024000000000001798,2.163267615180542,-0.0017157181527912872
2026-06-04 07:45:00,2.16935,0.001966666666666672,2.1625245408839353,-0.000743074296606534
2026-06-04 07:50:00,2.167766666666668,-0.0015833333333321598,2.161844062878982,-0.0006804780049534217
2026-06-04 07:55:00,2.166416666666667,-0.0013500000000008505,2.161161837736219,-0.0006822251427630069
2026-06-04 08:00:00,2.167677966101696,0.0012612994350287288,2.1605032259534536,-0.0006586117827653939
2026-06-04 08:05:00,2.167816666666667,0.00013870056497111705,2.159857685876923,-0.0006455400765308455
2026-06-04 08:10:00,2.1638333333333346,-0.0039833333333323395,2.159268090550368,-0.0005895953265548461
2026-06-04 08:15:00,2.1645666666666665,0.0007333333333319203,2.1587615519725514,-0.0005065385778164144
2026-06-04 08:20:00,2.169583333333334,0.0050166666666675575,2.1581603621486436,-0.0006011898239080422
2026-06-04 08:25:00,2.1649333333333334,-0.004650000000000709,2.1573205135985978,-0.0008398485500455745
2026-06-04 08:30:00,2.162850000000001,-0.0020833333333323267,2.163360859456546,-0.0015724738767876926
2026-06-04 08:35:00,2.1653000000000007,0.002449999999999619,2.1623668575304165,-0.0009940019261291968
2026-06-04 08:40:00,2.165118644067798,-0.0001813559322028091,2.161666677777859,-0.0007001797525576468
2026-06-04 08:45:00,2.165966666666667,0.0008480225988689583,2.1611000234708033,-0.0005666543070553436
2026-06-04 08:50:00,2.1601833333333342,-0.005783333333332585,2.1604755210910995,-0.000624502379704116
2026-06-04 08:55:00,2.156116666666667,-0.004066666666667107,2.159813448487349,-0.0006620726037505247
2026-06-04 09:00:00,2.159300000000001,0.00318333333333376,2.159177352827346,-0.0006360956600028062
2026-06-04 09:05:00,2.1581500000000005,-0.0011500000000004285,2.1585447445600128,-0.0006326082673333971
2026-06-04 09:10:00,2.157716666666667,-0.00043333333333350765,2.1579606657815456,-0.0005840787784672875
2026-06-04 09:15:00,2.157533333333333,-0.0001833333333340903,2.1574524161467137,-0.000508249634831463
2026-06-04 09:20:00,2.158677966101695,0.001144632768362186,2.1561533781408277,-0.0013799551925052563
2026-06-04 09:25:00,2.159933333333334,0.001255367231638882,2.155193646354278,-0.0009597317865499307
2026-06-04 09:30:00,2.1572666666666667,-0.002666666666667261,2.1542282109030566,-0.0009654354512208665
2026-06-04 09:35:00,2.1579833333333336,0.0007166666666669208,2.1533478409689057,-0.0008803699341511268
2026-06-04 09:40:00,2.157733333333333,-0.0002500000000007496,2.152674930105672,-0.0006729108632339456
2026-06-04 09:45:00,2.1570499999999995,-0.0006833333333333691,2.15211545147153,-0.0005594786341413858
2026-06-04 09:50:00,2.1580833333333334,0.0010333333333338857,2.1514939388752223,-0.0006215125963079296
2026-06-04 09:55:00,2.15745,-0.0006333333333334856,2.1508337763301424,-0.0006601625450800121
2026-06-04 10:00:00,2.1559999999999997,-0.0014500000000001734,2.150204401738802,-0.0006293745913405257
2026-06-04 10:05:00,2.1549666666666667,-0.0010333333333329975,2.1495769263843942,-0.0006274753544078193
2026-06-04 10:10:00,2.1554666666666673,0.0005000000000006111,2.153646786557941,-0.0013198801087256945
2026-06-04 10:15:00,2.1546833333333333,-0.0007833333333340242,2.1530299079215434,-0.0006168786363974711
2026-06-04 10:20:00,2.1556500000000005,0.0009666666666672263,2.1524462729873926,-0.0005836349341510283
2026-06-04 10:25:00,2.1529166666666675,-0.0027333333333330323,2.1516524348285917,-0.0007938381588009478
2026-06-04 10:30:00,2.154283333333334,0.0013666666666667382,2.1507222760738824,-0.0009301587547088896
2026-06-04 10:35:00,2.1581000000000006,0.0038166666666663573,2.149845089029811,-0.000877187044071708
2026-06-04 10:40:00,2.1581355932203397,3.5593220339080744e-05,2.149170845756721,-0.00067424327308986
2026-06-04 10:45:00,2.153666666666667,-0.004468926553672592,2.1486151547537675,-0.0005556910029535017
2026-06-04 10:50:00,2.1548666666666665,0.0011999999999994237,2.1480025716295237,-0.0006125831242438093
2026-06-04 10:55:00,2.1550333333333347,0.00016666666666820262,2.147352891541245,-0.0006496800882789345
2026-06-04 11:00:00,2.1537833333333336,-0.0012500000000010836,2.153451220684857,-0.0015821126484778399
2026-06-04 11:05:00,2.1550166666666675,0.0012333333333338636,2.152690854957634,-0.0007603657272228953
2026-06-04 11:10:00,2.1546500000000015,-0.00036666666666596015,2.1521289247316107,-0.0005619302260231678
2026-06-04 11:15:00,2.153300000000001,-0.0013500000000004064,2.1516765649829597,-0.00045235974865128793
2026-06-04 11:20:00,2.154152542372882,0.0008525423728809045,2.1511215154578354,-0.0005550495251240372
2026-06-04 11:25:00,2.1493666666666673,-0.004785875706214693,2.1503116084670357,-0.0008099069907999105
2026-06-04 11:30:00,2.151450000000001,0.002083333333333659,2.1493539888833926,-0.0009576195836431244
2026-06-04 11:35:00,2.1532333333333336,0.0017833333333325818,2.1484523257460846,-0.0009016631373080611
2026-06-04 11:40:00,2.1534000000000004,0.00016666666666687036,2.147761185942966,-0.0006911398031183862
2026-06-04 11:45:00,2.1524500000000004,-0.0009500000000000064,2.147198825951115,-0.000562359991851126
2026-06-04 11:50:00,2.15615,0.0036999999999993705,2.150977048484539,-0.0014729515154613285
2026-06-04 11:55:00,2.1538500000000007,-0.0022999999999990806,2.1502028136096265,-0.0007742348749123628
2026-06-04 12:00:00,2.154266666666667,0.0004166666666662877,2.1496055831270766,-0.0005972304825502378
2026-06-04 12:05:00,2.150898305084746,-0.0033683615819208867,2.1490552619683023,-0.0005503211587739781
2026-06-04 12:10:00,2.152183333333334,0.0012850282485876718,2.1485584023832875,-0.0004968595850150605
2026-06-04 12:15:00,2.148216666666667,-0.003966666666666896,2.1481204297754326,-0.000437972607854819
2026-06-04 12:20:00,2.1491,0.000883333333332903,2.147553168703052,-0.0005672610723810349
2026-06-04 12:25:00,2.1418166666666663,-0.00728333333333353,2.1467201579751474,-0.0008330107279040836
2026-06-04 12:30:00,2.1432333333333338,0.0014166666666675098,2.1457414528815053,-0.0009787050936421163
2026-06-04 12:35:00,2.1447999999999996,0.001566666666665828,2.144826668835805,-0.0009147840457001231
2026-06-04 12:40:00,2.1428000000000007,-0.0019999999999988916,2.1433638745289563,-0.001436125471043258
2026-06-04 12:45:00,2.1449322033898315,0.002132203389830778,2.1426873357761527,-0.0006765387528038208
2026-06-04 12:50:00,2.144083333333333,-0.0008488700564983631,2.1420995805687943,-0.0005877552073583403
2026-06-04 12:55:00,2.1402666666666668,-0.0038166666666663573,2.141527046378578,-0.0005725341902165498
2026-06-04 13:00:00,2.1428333333333334,0.002566666666666606,2.1410087587015902,-0.0005182876769873999
2026-06-04 13:05:00,2.1419333333333332,-0.0009000000000001229,2.1404953803893743,-0.0005133783122157565
2026-06-04 13:10:00,2.1387166666666673,-0.0032166666666659793,2.140012633776853,-0.0004827466125217263
2026-06-04 13:15:00,2.139716666666667,0.0009999999999998899,2.139573211715079,-0.0004394220617733321
2026-06-04 13:20:00,2.1407,0.00098333333333267,2.13899305711728,-0.0005801545977994581
2026-06-04 13:25:00,2.1436166666666674,0.0029166666666675667,2.138143661352402,-0.0008493957648779447
2026-06-04 13:30:00,2.1396949152542373,-0.003921751412430119,2.141537684778637,-0.002078981888030628
2026-06-04 13:35:00,2.1397000000000004,5.0847457631064685e-06,2.14046461980542,-0.0010730649732168794
2026-06-04 13:40:00,2.137750000000001,-0.0019499999999994522,2.1397489914444656,-0.0007156283609542242
2026-06-04 13:45:00,2.138183333333333,0.0004333333333321754,2.139216767321418,-0.0005322241230475524
2026-06-04 13:50:00,2.1370500000000003,-0.0011333333333327644,2.138673362662942,-0.0005434046584758161
2026-06-04 13:55:00,2.1355500000000003,-0.0015000000000000568,2.138116301202417,-0.0005570614605254968
2026-06-04 14:00:00,2.13615,0.0005999999999999339,2.137601669618611,-0.0005146315838057112
2026-06-04 14:05:00,2.133566666666667,-0.002583333333333382,2.1370847949263143,-0.0005168746922966011
2026-06-04 14:10:00,2.1325000000000003,-0.0010666666666665492,2.1365924832515373,-0.0004923116747771212
2026-06-04 14:15:00,2.1350338983050854,0.0025338983050851027,2.1361367731108114,-0.0004557101407260156
2026-06-04 14:20:00,2.13625,0.0012161016949145953,2.1335189322652064,-0.0015149660398790848
2026-06-04 14:25:00,2.1349333333333336,-0.0013166666666664106,2.132509847118307,-0.001009085146899679
2026-06-04 14:30:00,2.13385,-0.0010833333333337691,2.13152880428826,-0.0009810428300467706
2026-06-04 14:35:00,2.133266666666666,-0.0005833333333336022,2.130669168922565,-0.0008596353656947067
2026-06-04 14:40:00,2.131783333333333,-0.001483333333333281,2.1300435747941466,-0.0006255941284185681
2026-06-04 14:45:00,2.1315999999999997,-0.00018333333333320212,2.129565386964828,-0.00047818782931848035
2026-06-04 14:50:00,2.1330999999999998,0.0015000000000000568,2.1290590387726223,-0.000506348192205697
2026-06-04 14:55:00,2.1328135593220336,-0.0002864406779661266,2.1285296907148474,-0.0005293480577751579
2026-06-04 15:00:00,2.12925,-0.0035635593220337825,2.128033926127688,-0.0004957645871591828
2026-06-04 15:05:00,2.1306666666666674,0.0014166666666675098,2.127528580109042,-0.0005053460186460244
2026-06-04 15:10:00,2.1242666666666663,-0.0064000000000010715,2.1293261314958607,-0.0013405351708066354
2026-06-04 15:15:00,2.12695,0.002683333333333593,2.1287396022353087,-0.0005865292605521326
2026-06-04 15:20:00,2.1260999999999997,-0.0008500000000002395,2.1281592091130386,-0.0005803931222701367
2026-06-04 15:25:00,2.1275166666666663,0.0014166666666666217,2.1273636979280943,-0.0007955111849439842
2026-06-04 15:30:00,2.1257,-0.0018166666666661335,2.12646142891063,-0.000902269017464402
2026-06-04 15:35:00,2.1286271186440677,0.0029271186440675834,2.1256468117624285,-0.0008146171482015702
2026-06-04 15:40:00,2.1233999999999993,-0.00522711864406844,2.1250545358620876,-0.0005922759003407805
2026-06-04 15:45:00,2.123866666666666,0.00046666666666661527,2.1246036256004666,-0.0004509102616210843
2026-06-04 15:50:00,2.1287999999999996,0.004933333333333678,2.1241203088982656,-0.00048331670220120443
2026-06-04 15:55:00,2.1304833333333333,0.001683333333333703,2.123609614342393,-0.000510694555872492
2026-06-04 16:00:00,2.126533333333333,-0.00395000000000012,2.125951788961636,-0.004531544371696929
2026-06-04 16:05:00,2.1275833333333334,0.0010500000000002174,2.1254144140873423,-0.0005373748742940078
2026-06-04 16:10:00,2.1272500000000005,-0.00033333333333285253,2.1249319375012594,-0.00048247658608308627
2026-06-04 16:15:00,2.1301525423728815,0.002902542372881012,2.1244752483472467,-0.0004566891540126835
2026-06-04 16:20:00,2.1276,-0.0025525423728813834,2.123896692229362,-0.0005785561178845588
2026-06-04 16:25:00,2.1291500000000005,0.0015500000000003844,2.123073101432904,-0.000823590796457772
2026-06-04 16:30:00,2.1383999999999994,0.00924999999999887,2.122140762710118,-0.0009323387227860553
2026-06-04 16:35:00,2.1292333333333344,-0.009166666666664991,2.121304087460877,-0.0008366752492409378
2026-06-04 16:40:00,2.119333333333333,-0.009900000000001352,2.1206973061081498,-0.0006067813527275566
2026-06-04 16:45:00,2.1238499999999996,0.004516666666666502,2.1202359592938835,-0.0004613468142663763
2026-06-04 16:50:00,2.124783333333333,0.0009333333333332305,2.1223894610180034,-0.0014605389819962137
2026-06-04 16:55:00,2.1345641025641022,0.009780769230769426,2.1218867156315695,-0.0005027453864337502
2026-06-04 17:00:00,2.1455319148936174,0.010967812329515159,2.1215063713664875,-0.0003803442650823579
2026-06-04 17:05:00,2.143533333333333,-0.001998581560284318,2.121115107840203,-0.00039126352628414266
2026-06-04 17:10:00,2.145716666666667,0.00218333333333387,2.1207414217734795,-0.0003736860667234301
2026-06-04 17:15:00,2.1450588235294124,-0.0006578431372545879,2.120395815474729,-0.00034560629875089505
2026-06-04 17:20:00,2.157666666666666,0.012607843137253827,2.119901925348362,-0.000493890126366943
2026-06-04 17:25:00,2.146083333333334,-0.01158333333333239,2.119150000399379,-0.0007519249489826103
2026-06-04 17:30:00,2.1482666666666663,0.0021833333333325378,2.118285103426008,-0.0008648969733712283
2026-06-04 17:35:00,2.1421186440677973,-0.006148022598869041,2.117513386896733,-0.0007717165292749833
2026-06-04 17:40:00,2.1465500000000004,0.004431355932203118,2.1406600364178785,-0.001458607649918638
2026-06-04 17:45:00,2.1484499999999995,0.0018999999999991246,2.140347338693989,-0.0003126977238895709
2026-06-04 17:50:00,2.1464,-0.002049999999999663,2.1400028152254422,-0.0003445234685468271
2026-06-04 17:55:00,2.1475999999999997,0.0011999999999998678,2.1396190835705244,-0.00038373165491799267
2026-06-04 18:00:00,2.1465166666666664,-0.001083333333333325,2.1392805011364198,-0.00033858243410466793
2026-06-04 18:05:00,2.14935,0.0028333333333336874,2.138925589712052,-0.000354911424367687
2026-06-04 18:10:00,2.1475166666666676,-0.0018333333333324653,2.138582937658868,-0.000342652053184153
2026-06-04 18:15:00,2.145,-0.0025166666666676107,2.1382654476609657,-0.00031748999790210894
2026-06-04 18:20:00,2.152683333333334,0.00768333333333393,2.1378012511842597,-0.00046419647670616776
2026-06-04 18:25:00,2.154966666666667,0.002283333333333193,2.137082989020864,-0.0007182621633955588
2026-06-04 18:30:00,2.1525166666666675,-0.002449999999999619,2.1519997266299367,-0.0029669400367305855
2026-06-04 18:35:00,2.1567833333333337,0.004266666666666197,2.151158262966937,-0.0008414636629998297
2026-06-04 18:40:00,2.176366666666667,0.019583333333333286,2.1506376832368455,-0.0005205797300912674
2026-06-04 18:45:00,2.172533333333334,-0.003833333333333133,2.1502671448358686,-0.0003705384009771058
2026-06-04 18:50:00,2.1466166666666666,-0.025916666666667254,2.149878864929779,-0.00038827990608934055
2026-06-04 18:55:00,2.1760169491525425,0.029400282485875895,2.149474334053875,-0.0004045308759039122
2026-06-04 19:00:00,2.2022833333333334,0.026266384180790858,2.1491154734648883,-0.000358860588986933
2026-06-04 19:05:00,2.192383333333334,-0.009899999999999576,2.1487449385409487,-0.0003705349239395058
2026-06-04 19:10:00,2.1739833333333336,-0.018400000000000194,2.148391936255467,-0.00035300228548158807
2026-06-04 19:15:00,2.173383333333334,-0.0005999999999994898,2.148068928970427,-0.0003230072850398493
2026-06-04 19:20:00,2.1670833333333346,-0.006299999999999528,2.1720549529348565,-0.0013283803984777266
2026-06-04 19:25:00,2.2047499999999993,0.03766666666666474,2.171511196460595,-0.0005437564742613171
2026-06-04 19:30:00,2.230199999999999,0.02544999999999975,2.170820338836385,-0.0006908576242099616
2026-06-04 19:35:00,2.309372881355933,0.07917288135593381,2.1701893130187817,-0.0006310258176032846
2026-06-04 19:40:00,2.3145000000000007,0.005127118644067785,2.169763475714642,-0.0004258373041399334
2026-06-04 19:45:00,2.233916666666666,-0.08058333333333456,2.1694651838827417,-0.0002982918319002927
2026-06-04 19:50:00,2.203866666666666,-0.030050000000000132,2.1691312359859447,-0.00033394789679710545
2026-06-04 19:55:00,2.1922833333333336,-0.01158333333333239,2.168771721120056,-0.00035951486588818224
2026-06-04 20:00:00,2.1818166666666676,-0.010466666666665958,2.168434010855465,-0.0003377102645913311
2026-06-04 20:05:00,2.19995,0.018133333333332224,2.1680829457153385,-0.0003510651401263911
2026-06-04 20:10:00,2.1802166666666674,-0.019733333333332492,2.198606838870741,-0.001343161129258708
2026-06-04 20:15:00,2.1849152542372883,0.004698587570620916,2.198906018907823,0.000299180037081853
2026-06-04 20:20:00,2.1787833333333335,-0.006131920903954757,2.1987217691634635,-0.00018424974435965488
2026-06-04 20:25:00,2.1742833333333333,-0.0045000000000001705,2.1981589667887227,-0.0005628023747407195
2026-06-04 20:30:00,2.1903166666666674,0.01603333333333401,2.197450757292719,-0.0007082094960034214
2026-06-04 20:35:00,2.2544333333333335,0.06411666666666616,2.196809877628846,-0.0006408796638730126
2026-06-04 20:40:00,2.2762499999999997,0.02181666666666615,2.196370247027181,-0.0004396306016653843
2026-06-04 20:45:00,2.2883166666666677,0.012066666666668002,2.1960555786670497,-0.000314668360131173
2026-06-04 20:50:00,2.25265,-0.035666666666667624,2.1957050641060976,-0.00035051456095218077
2026-06-04 20:55:00,2.2731694915254246,0.020519491525424538,2.195330633707376,-0.0003744303987211088
2026-06-04 21:00:00,2.2551333333333323,-0.018036158192092255,2.2722524998210565,-0.0009169917043681171
2026-06-04 21:05:00,2.258816666666667,0.003683333333334815,2.2719254463532224,-0.0003270534678339879
2026-06-04 21:10:00,2.261116666666666,0.0022999999999990806,2.2716001669246104,-0.00032527942861200986
2026-06-04 21:15:00,2.2666000000000013,0.005483333333335061,2.271331087658877,-0.00026907926573330404
2026-06-04 21:20:00,2.2513500000000004,-0.015250000000000874,2.270946653496168,-0.0003844341627091693
2026-06-04 21:25:00,2.1917999999999997,-0.05955000000000066,2.2703247715533124,-0.0006218819428556012
2026-06-04 21:30:00,2.2052999999999994,0.013499999999999623,2.26958187542759,-0.0007428961257223347
2026-06-04 21:35:00,2.1903220338983056,-0.014977966101693774,2.268905442598443,-0.0006764328291470181
2026-06-04 21:40:00,2.2102500000000003,0.019927966101694672,2.2684290188953637,-0.0004764237030791278
2026-06-04 21:45:00,2.2174499999999995,0.007199999999999207,2.2680771182349693,-0.0003519006603945195
2026-06-04 21:50:00,2.2110333333333334,-0.006416666666666071,2.2082326088159734,-0.009217391184025987
2026-06-04 21:55:00,2.21085,-0.00018333333333320212,2.2084597344246397,0.00022712560866603842
2026-06-04 22:00:00,2.2073499999999995,-0.0035000000000007248,2.208306776255801,-0.00015295816883878935
2026-06-04 22:05:00,2.226766666666667,0.019416666666667304,2.2079378875694755,-0.00036888868632534134
2026-06-04 22:10:00,2.2311333333333327,0.004366666666665964,2.207585888268929,-0.0003519993005466134
2026-06-04 22:15:00,2.2593389830508475,0.028205649717514714,2.2072883797504055,-0.00029750851852339613
2026-06-04 22:20:00,2.273400000000001,0.014061016949153515,2.206873600189623,-0.00041477956078203766
2026-06-04 22:25:00,2.2423166666666656,-0.03108333333333535,2.2062226585822855,-0.0006509416073379796
2026-06-04 22:30:00,2.234766666666666,-0.007549999999999724,2.2054482859288744,-0.0007743726534110606
2026-06-04 22:35:00,2.2440666666666664,0.00930000000000053,2.204735957705163,-0.0007123282237114178
2026-06-04 22:40:00,2.24045,-0.0036166666666663794,2.242935575898036,-0.0011310907686303488
2026-06-04 22:45:00,2.2196833333333332,-0.020766666666666822,2.2428011706684052,-0.0001344052296306974
2026-06-04 22:50:00,2.21593220338983,-0.0037511299435033507,2.2425093341930324,-0.0002918364753731383
2026-06-04 22:55:00,2.2307499999999996,0.014817796610169687,2.2421550590307224,-0.0003542751623097208
2026-06-04 23:00:00,2.2407333333333326,0.009983333333333011,2.241783385694682,-0.00037167333604091384
2026-06-04 23:05:00,2.2192666666666674,-0.02146666666666519,2.2414135250928697,-0.0003698606018118925
2026-06-04 23:10:00,2.2133833333333333,-0.005883333333334129,2.2410810576431834,-0.00033246744968649217
2026-06-04 23:15:00,2.2154499999999997,0.002066666666666439,2.2407991384389443,-0.00028191920423903426
2026-06-04 23:20:00,2.2319499999999994,0.016499999999999737,2.240401771165193,-0.0003973672737512447
2026-06-04 23:25:00,2.2258833333333325,-0.006066666666666887,2.2397713004712054,-0.0006304706939874037
2026-06-04 23:30:00,2.239254237288135,0.013370903954802671,2.2217399697267095,-0.004143363606623131
2026-06-04 23:35:00,2.2338666666666662,-0.005387570621468996,2.2212300776047864,-0.0005098921219229441
2026-06-04 23:40:00,2.2013166666666666,-0.032549999999999635,2.220800037734588,-0.0004300398701982903
2026-06-04 23:45:00,2.1993999999999994,-0.0019166666666672327,2.220411953608944,-0.0003880841256439163
2026-06-04 23:50:00,2.196983333333333,-0.0024166666666665115,2.219975344703847,-0.00043660890509736176
2026-06-04 23:55:00,2.1915833333333326,-0.0054000000000002935,2.2195209104584777,-0.00045443424536923175
2026-06-05 00:00:00,2.2101333333333333,0.018550000000000733,2.219061209854201,-0.0004597006042764167
2026-06-05 00:05:00,2.2027833333333344,-0.0073499999999988574,2.218610173067121,-0.000451036787080253
2026-06-05 00:10:00,2.217644067796609,0.014860734463274738,2.218205889592385,-0.00040428347473596643
2026-06-05 00:15:00,2.1919500000000003,-0.025694067796608877,2.2178630310414733,-0.0003428585509116681
2026-06-05 00:20:00,2.190150000000001,-0.0017999999999993577,2.1955142255271785,0.003564225527178354
2026-06-05 00:25:00,2.2187333333333323,0.028583333333331407,2.1948038503858407,-0.0007103751413379456
2026-06-05 00:30:00,2.1899166666666674,-0.028816666666664936,2.1939607441766857,-0.0008431062091548858
2026-06-05 00:35:00,2.1861666666666655,-0.0037500000000019185,2.1933153857961916,-0.0006453583804940454
2026-06-05 00:40:00,2.221816666666667,0.035650000000001736,2.1928841200060454,-0.0004312657901462246
2026-06-05 00:45:00,2.191457627118645,-0.030359039548022437,2.192558817841581,-0.00032530216446447814
2026-06-05 00:50:00,2.190066666666667,-0.0013909604519777297,2.1921831166213255,-0.00037570122025543844
2026-06-05 00:55:00,2.1984166666666662,0.008349999999999191,2.191777991805692,-0.0004051248156338637
2026-06-05 01:00:00,2.195399999999999,-0.0030166666666673336,2.1913612283710764,-0.00041676343461553346
2026-06-05 01:05:00,2.1909166666666673,-0.004483333333331618,2.190945941697178,-0.0004152866738982242
2026-06-05 01:10:00,2.1812666666666667,-0.009650000000000603,2.1893682601516082,-0.0015484065150589232
2026-06-05 01:15:00,2.160766666666667,-0.02049999999999974,2.189309685723482,-5.857442812633821e-05
2026-06-05 01:20:00,2.160433333333333,-0.0003333333333337407,2.1890492735166824,-0.00026041220679940856
2026-06-05 01:25:00,2.1705254237288143,0.01009209039548109,2.18851070120082,-0.0005385723158627014
2026-06-05 01:30:00,2.1716833333333336,0.001157909604519336,2.187824671755553,-0.0006860294452671076
2026-06-05 01:35:00,2.188933333333334,0.01725000000000021,2.187167655172527,-0.0006570165830259657
2026-06-05 01:40:00,2.167216666666667,-0.02171666666666683,2.186672004409748,-0.0004956507627788268
2026-06-05 01:45:00,2.14625,-0.0209666666666668,2.1862664310784066,-0.0004055733313416491
2026-06-05 01:50:00,2.403416666666666,0.25716666666666566,2.185800923033842,-0.0004655080445640587
2026-06-05 01:55:00,2.3871833333333337,-0.01623333333333221,2.185301942234798,-0.0004989807990443374
2026-06-05 02:00:00,2.338083333333334,-0.0490999999999997,2.371405812800769,-0.015777520532564458
2026-06-05 02:05:00,2.2819830508474572,-0.05610028248587673,2.370891514422921,-0.0005142983778480555
2026-06-05 02:10:00,2.2408333333333332,-0.041149717514123996,2.3703900832912694,-0.0005014311316515485
2026-06-05 02:15:00,2.1976166666666677,-0.04321666666666557,2.3698272979832415,-0.0005627853080278898
2026-06-05 02:20:00,2.1983500000000005,0.0007333333333328085,2.3692485688175506,-0.0005787291656912437
2026-06-05 02:25:00,2.1916166666666665,-0.006733333333333924,2.368505225592288,-0.0007433432252628347
2026-06-05 02:30:00,2.15585,-0.0357666666666665,2.3676566922128393,-0.0008485333794482449
2026-06-05 02:35:00,2.1711166666666677,0.01526666666666765,2.3668578192018543,-0.0007988730109849536
2026-06-05 02:40:00,2.1623499999999996,-0.008766666666668144,2.366234679009275,-0.0006231401925796643
2026-06-05 02:45:00,2.1380338983050855,-0.02431610169491405,2.3657066621545453,-0.0005280168547295099
2026-06-05 02:50:00,2.1710166666666666,0.032982768361581094,2.149830012706478,0.011796114401392822
2026-06-05 02:55:00,2.137883333333334,-0.03313333333333279,2.1482991568986263,-0.0015308558078520186
2026-06-05 03:00:00,2.1292999999999997,-0.008583333333334053,2.1470820880765906,-0.001217068822035895
2026-06-05 03:05:00,2.1452999999999998,0.016000000000000014,2.146555145686913,-0.0005269423896773606
2026-06-05 03:10:00,2.1457,0.00040000000000040004,2.146241928632941,-0.00031321705397208664
2026-06-05 03:15:00,2.1438833333333345,-0.0018166666666656894,2.14603228433677,-0.0002096442961711067
2026-06-05 03:20:00,2.1448644067796607,0.0009810734463262527,2.1457380303087286,-0.0002942540280410867
2026-06-05 03:25:00,2.1417500000000005,-0.0031144067796602393,2.1452234766411564,-0.0005145536675724999
2026-06-05 03:30:00,2.1344666666666665,-0.0072833333333339745,2.144571619326404,-0.0006518573147525436
2026-06-05 03:35:00,2.1299833333333336,-0.004483333333332951,2.1439495916385654,-0.0006220276878382953
2026-06-05 03:40:00,2.1285833333333337,-0.0013999999999998458,2.1294074682655997,-0.0005758650677337809
2026-06-05 03:45:00,2.1275,-0.0010833333333337691,2.12901161135889,-0.00039585690670977853
2026-06-05 03:50:00,2.128266666666667,0.0007666666666672484,2.128560864800311,-0.00045074655857879533
2026-06-05 03:55:00,2.1429833333333335,0.014716666666666267,2.128083107745617,-0.00047775705469414666
2026-06-05 04:00:00,2.2594915254237287,0.1165081920903952,2.1275942308770945,-0.0004888768685224011
2026-06-05 04:05:00,2.1457333333333337,-0.11375819209039495,2.127119462728183,-0.00047476814891184095
2026-06-05 04:10:00,2.15025,0.004516666666666502,2.1267053286214535,-0.00041413410672922586
2026-06-05 04:15:00,2.1554333333333338,0.00518333333333354,2.126377102142474,-0.000328226478979557
2026-06-05 04:20:00,2.151150000000001,-0.004283333333332973,2.1259665991424828,-0.00041050299999137246
2026-06-05 04:25:00,2.1529166666666675,0.0017666666666666941,2.125337510959027,-0.0006290881834557198
2026-06-05 04:30:00,2.1564999999999994,0.0035833333333319395,2.151404938579429,-0.0015117280872383022
2026-06-05 04:35:00,2.1508500000000006,-0.005649999999998823,2.1508354874606113,-0.0005694511188179725
2026-06-05 04:40:00,2.152728813559322,0.0018788135593212907,2.1503753191381962,-0.00046016832241508384
2026-06-05 04:45:00,2.1524833333333344,-0.0002454802259874711,2.149953538854935,-0.0004217802832613374
2026-06-05 04:50:00,2.14695,-0.0055333333333345,2.149446984954943,-0.0005065538999914585
2026-06-05 04:55:00,2.1500166666666676,0.003066666666667661,2.148900556748876,-0.0005464282060673152
2026-06-05 05:00:00,2.146433333333334,-0.003583333333333716,2.148330892524069,-0.0005696642248069552
2026-06-05 05:05:00,2.1461666666666663,-0.0002666666666675255,2.1477744563595587,-0.0005564361645105374
2026-06-05 05:10:00,2.1464333333333343,0.00026666666666796957,2.1472798748799584,-0.0004945814796000804
2026-06-05 05:15:00,2.1456166666666667,-0.0008166666666675759,2.14687493645996,-0.00040493841999843087
2026-06-05 05:20:00,2.1484745762711865,0.002857909604519815,2.1443471445926967,-0.001269522073970119
2026-06-05 05:25:00,2.1497000000000006,0.001225423728814068,2.143560992430652,-0.000786152162044716
2026-06-05 05:30:00,2.1474166666666665,-0.002283333333334081,2.1427676591435634,-0.0007933332870883144
2026-06-05 05:35:00,2.1464666666666674,-0.0009499999999991182,2.142032079822195,-0.0007355793213683884
2026-06-05 05:40:00,2.1461500000000004,-0.00031666666666696486,2.1414682354288463,-0.0005638443933486402
2026-06-05 05:45:00,2.145800000000001,-0.0003499999999996284,2.140987450123627,-0.0004807853052196814
2026-06-05 05:50:00,2.1437166666666667,-0.002083333333334103,2.1404287089979612,-0.0005587411256657132
2026-06-05 05:55:00,2.1549661016949164,0.01124943502824971,2.139827297555741,-0.0006014114422201949
2026-06-05 06:00:00,2.1522,-0.002766101694916312,2.1391962900395103,-0.0006310075162307601
2026-06-05 06:05:00,2.1451666666666673,-0.007033333333332781,2.1385746586713528,-0.0006216313681574788
2026-06-05 06:10:00,2.150066666666667,0.004899999999999682,2.143925185274756,-0.0012414813919114237
2026-06-05 06:15:00,2.1503500000000004,0.00028333333333341315,2.1434341261132372,-0.0004910591615185756
2026-06-05 06:20:00,2.147800000000001,-0.002549999999999386,2.1429481362368152,-0.0004859898764222484
2026-06-05 06:25:00,2.151150000000001,0.003349999999999742,2.1422570647322234,-0.0006910715045917201
2026-06-05 06:30:00,2.1527833333333337,0.0016333333333329314,2.1414296551103154,-0.0008274096219080447
2026-06-05 06:35:00,2.1505084745762715,-0.002274858757062237,2.140639335566718,-0.0007903195435971144
2026-06-05 06:40:00,2.151033333333334,0.0005248587570623187,2.140025739157988,-0.0006135964087299741
2026-06-05 06:45:00,2.1529833333333332,0.0019499999999994522,2.1394997573451966,-0.0005259818127914434
2026-06-05 06:50:00,2.153533333333334,0.0005500000000009386,2.138893799867882,-0.000605957477314573
2026-06-05 06:55:00,2.1535833333333345,5.000000000032756e-05,2.138241177916962,-0.0006526219509204927
2026-06-05 07:00:00,2.1558500000000005,0.002266666666665973,2.1516241780353846,-0.0019591552979498677
2026-06-05 07:05:00,2.1534333333333335,-0.0024166666666669556,2.150827781389621,-0.0007963966457638132
2026-06-05 07:10:00,2.154150000000001,0.0007166666666673649,2.150240846002612,-0.0005869353870086338
2026-06-05 07:15:00,2.156559322033899,0.00240932203389832,2.1497827734890347,-0.0004580725135773264
2026-06-05 07:20:00,2.1606166666666673,0.0040573446327680784,2.1492535512950144,-0.0005292221940207035
2026-06-05 07:25:00,2.1586166666666675,-0.0019999999999997797,2.1484949531124085,-0.0007585981826057819
2026-06-05 07:30:00,2.160316666666667,0.0016999999999995907,2.1475940140372294,-0.0009009390751789638
2026-06-05 07:35:00,2.1614333333333335,0.0011166666666664327,2.146738045564673,-0.0008559684725565012
2026-06-05 07:40:00,2.1614166666666677,-1.6666666665887675e-05,2.1460726408074096,-0.0006654047572632108
2026-06-05 07:45:00,2.1624000000000003,0.00098333333333267,2.1455037627500553,-0.0005688780573544122
2026-06-05 07:50:00,2.16225,-0.0001500000000005386,2.1605448254272472,-0.0018551745727528703
2026-06-05 07:55:00,2.1638644067796613,0.0016144067796615147,2.1597079580850993,-0.000836867342147984
2026-06-05 08:00:00,2.161583333333333,-0.002281073446328108,2.159025155448678,-0.0006828026364214603
2026-06-05 08:05:00,2.1606833333333335,-0.0008999999999996788,2.1583901540070483,-0.0006350014416298279
2026-06-05 08:10:00,2.160566666666667,-0.0001166666666665428,2.1578301028962623,-0.0005600511107858776
2026-06-05 08:15:00,2.1632500000000006,0.002683333333333593,2.1573627720377053,-0.0004673308585571072
2026-06-05 08:20:00,2.158516666666667,-0.0047333333333337,2.1568028670880386,-0.0005599049496663855
2026-06-05 08:25:00,2.1621333333333337,0.0036166666666668235,2.1560017044112643,-0.0008011626767746063
2026-06-05 08:30:00,2.16255,0.0004166666666662877,2.155057037687711,-0.0009446667235532565
2026-06-05 08:35:00,2.1628305084745767,0.0002805084745767239,2.1541654396526106,-0.0008915980351004205
2026-06-05 08:40:00,2.161233333333334,-0.0015971751412426904,2.161180307164621,-0.0016502013099553624
2026-06-05 08:45:00,2.160333333333334,-0.0009000000000001229,2.1604571148790117,-0.0007231922856098113
2026-06-05 08:50:00,2.1599833333333343,-0.0003499999999996284,2.1597994186527663,-0.0006576962262454261
2026-06-05 08:55:00,2.1562666666666668,-0.0037166666666674786,2.15914037509661,-0.0006590435561561892
2026-06-05 09:00:00,2.159733333333334,0.003466666666667173,2.1585246102208044,-0.0006157648758054761
2026-06-05 09:05:00,2.159633333333334,-9.999999999976694e-05,2.157920216271715,-0.0006043939490893049
2026-06-05 09:10:00,2.154133333333334,-0.00550000000000006,2.157369100638457,-0.0005511156332580541
2026-06-05 09:15:00,2.155016949152543,0.0008836158192089272,2.1568966403123526,-0.0004724603261042355
2026-06-05 09:20:00,2.1569999999999996,0.0019830508474565356,2.156320436234003,-0.0005762040783495406
2026-06-05 09:25:00,2.146116666666667,-0.01088333333333269,2.1554956319736465,-0.0008248042603570442
2026-06-05 09:30:00,2.1445333333333334,-0.001583333333333492,2.145254326348148,-0.0008623403185188278
2026-06-05 09:35:00,2.1437666666666666,-0.0007666666666668043,2.1443809579723525,-0.000873368375795731
2026-06-05 09:40:00,2.1434,-0.00036666666666640424,2.1437371017709146,-0.0006438562014377243
2026-06-05 09:45:00,2.1413333333333346,-0.002066666666665551,2.1432345178160532,-0.0005025839548615102
2026-06-05 09:50:00,2.144283333333334,0.002949999999999342,2.1426801939156532,-0.0005543239003998637
2026-06-05 09:55:00,2.1443559322033905,7.259887005650612e-05,2.142088568481877,-0.0005916254337762782
2026-06-05 10:00:00,2.1451000000000007,0.0007440677966101816,2.1415276960680076,-0.0005608724138694115
2026-06-05 10:05:00,2.1451666666666673,6.666666666665932e-05,2.1409664081561854,-0.0005612879118220864
2026-06-05 10:10:00,2.1422833333333338,-0.002883333333333571,2.1404470445160544,-0.0005193636401311072
2026-06-05 10:15:00,2.1422000000000008,-8.333333333299109e-05,2.1399939500820455,-0.0004530944340090143
2026-06-05 10:20:00,2.1429666666666667,0.0007666666666659161,2.1408876359813918,-0.0013123640186088357
2026-06-05 10:25:00,2.146766666666667,0.0038000000000004697,2.139928719564656,-0.0009589164167356806
2026-06-05 10:30:00,2.1455500000000005,-0.0012166666666666437,2.138962565648442,-0.0009661539162142645
2026-06-05 10:35:00,2.146152542372882,0.0006025423728814872,2.1380864079447357,-0.0008761577037063631
2026-06-05 10:40:00,2.1399,-0.006252542372882086,2.1374235689815206,-0.000662838963215201
2026-06-05 10:45:00,2.1451666666666673,0.005266666666667419,2.1368830541061192,-0.0005405148754011493
2026-06-05 10:50:00,2.1448500000000004,-0.00031666666666696486,2.1362885133208094,-0.000594540785309807
2026-06-05 10:55:00,2.144566666666667,-0.00028333333333341315,2.1356594166238567,-0.0006290966969528759
2026-06-05 11:00:00,2.147033333333334,0.002466666666666839,2.135061688809843,-0.0005977278140137279
2026-06-05 11:05:00,2.1455666666666673,-0.0014666666666665051,2.134464906079871,-0.0005967827299718459
2026-06-05 11:10:00,2.1491525423728817,0.003585875706214381,2.144000447848558,-0.001566218818109445
2026-06-05 11:15:00,2.144483333333334,-0.004669209039547706,2.143380434231438,-0.0006200136171196719
2026-06-05 11:20:00,2.1443333333333334,-0.0001500000000005386,2.142787292100647,-0.000593142130791046
2026-06-05 11:25:00,2.1439333333333335,-0.00039999999999995595,2.1419764669810846,-0.0008108251195626776
2026-06-05 11:30:00,2.142533333333333,-0.00140000000000029,2.141030669034404,-0.0009457979466804162
2026-06-05 11:35:00,2.147500000000001,0.004966666666667674,2.1401427037192646,-0.0008879653151391932
2026-06-05 11:40:00,2.1461333333333337,-0.0013666666666671823,2.1394634931833965,-0.000679210535868514
2026-06-05 11:45:00,2.147600000000001,0.0014666666666673933,2.138912514934283,-0.0005509782491132874
2026-06-05 11:50:00,2.1479999999999997,0.0003999999999986237,2.138314353561816,-0.0005981613724667257
2026-06-05 11:55:00,2.144983333333334,-0.0030166666666655573,2.13768437844358,-0.0006299751182361474
2026-06-05 12:00:00,2.144616666666667,-0.0003666666666672924,2.14355622112082,-0.001427112212514127
2026-06-05 12:05:00,2.1473666666666675,0.0027500000000006963,2.142852146191351,-0.000704074929469189
2026-06-05 12:10:00,2.14455,-0.0028166666666673557,2.1423214559997734,-0.0005306901915772123
2026-06-05 12:15:00,2.1468666666666674,0.0023166666666671887,2.141886493900911,-0.00043496209886277214
2026-06-05 12:20:00,2.1460333333333343,-0.0008333333333330195,2.1413367727412704,-0.0005497211596403791
2026-06-05 12:25:00,2.1480666666666672,0.0020333333333328873,2.1405259748330043,-0.0008107979082662672
2026-06-05 12:30:00,2.1480500000000005,-1.6666666666775853e-05,2.13956892429027,-0.0009570505427341972
2026-06-05 12:35:00,2.145966101694916,-0.002083898305084375,2.138672168590839,-0.0008967556994306311
2026-06-05 12:40:00,2.141466666666667,-0.00449943502824901,2.1379898079215045,-0.000682360669334718
2026-06-05 12:45:00,2.1285500000000006,-0.012916666666666465,2.137443440458254,-0.0005463674632507079
2026-06-05 12:50:00,2.12545,-0.003100000000000769,2.128574608098998,2.4608098996961635e-05
2026-06-05 12:55:00,2.1220000000000003,-0.003449999999999509,2.128034898013825,-0.0005397100851723045
2026-06-05 13:00:00,2.1229999999999998,0.0009999999999994458,2.12753307597818,-0.0005018220356454195
2026-06-05 13:05:00,2.1235166666666667,0.0005166666666669428,2.1270737029863778,-0.0004593729918018607
2026-06-05 13:10:00,2.1250000000000004,0.001483333333333725,2.126656357330694,-0.00041734565568386545
2026-06-05 13:15:00,2.1455833333333336,0.020583333333333176,2.126282432985375,-0.0003739243453192966
2026-06-05 13:20:00,2.143766666666667,-0.0018166666666665776,2.1257661180432486,-0.0005163149421263032
2026-06-05 13:25:00,2.1453833333333336,0.0016166666666665996,2.1249781991842513,-0.0007879188589971519
2026-06-05 13:30:00,2.1417166666666674,-0.003666666666666263,2.124046632575954,-0.0009315666082971398
2026-06-05 13:35:00,2.1442833333333335,0.002566666666666162,2.123182273364961,-0.0008643592109933575
2026-06-05 13:40:00,2.144566666666667,0.00028333333333341315,2.1412891824771982,-0.002994150856135129
2026-06-05 13:45:00,2.1441833333333333,-0.0003833333333336242,2.1406550019527844,-0.0006341805244141084
2026-06-05 13:50:00,2.140932203389831,-0.0032511299435022956,2.1400730073083127,-0.0005819946444716216
2026-06-05 13:55:00,2.1468833333333337,0.005951129943502664,2.139488889871918,-0.0005841174363947036
2026-06-05 14:00:00,2.147816666666667,0.0009333333333332305,2.138966092839085,-0.0005227970328330642
2026-06-05 14:05:00,2.146633333333334,-0.001183333333333092,2.1384527447144186,-0.0005133481246664122
2026-06-05 14:10:00,2.1435000000000004,-0.0031333333333334323,2.1379700506309742,-0.00048269408344412746
2026-06-05 14:15:00,2.1423666666666668,-0.0011333333333336526,2.1375270725895335,-0.0004429780414409694
2026-06-05 14:20:00,2.1461333333333332,0.003766666666666474,2.1369389406948733,-0.0005881318946602142
2026-06-05 14:25:00,2.138616666666666,-0.00751666666666706,2.1360823712235155,-0.0008565694713574854
2026-06-05 14:30:00,2.1369322033898306,-0.0016844632768355794,2.137287926205634,-0.0013287404610318912
2026-06-05 14:35:00,2.1355166666666667,-0.0014155367231638571,2.1364057825252405,-0.0008821436803937939
2026-06-05 14:40:00,2.1334666666666666,-0.0020500000000001073,2.135808512488885,-0.0005972700363555551
2026-06-05 14:45:00,2.131883333333334,-0.0015833333333326038,2.135370045057962,-0.00043846743092331353
2026-06-05 14:50:00,2.1328333333333327,0.0009499999999986741,2.1349060263040047,-0.0004640187539569116
2026-06-05 14:55:00,2.133166666666667,0.0003333333333341848,2.134419050926938,-0.0004869753770664982
2026-06-05 15:00:00,2.1355999999999997,0.0024333333333328433,2.133965072330039,-0.0004539785968988069
2026-06-05 15:05:00,2.1362166666666673,0.000616666666667598,2.133499856677025,-0.0004652156530143566
2026-06-05 15:10:00,2.1380847457627126,0.0018680790960452498,2.1330505380596176,-0.00044931861740747235
2026-06-05 15:15:00,2.1343666666666667,-0.003718079096045823,2.132629727606785,-0.0004208104528323844
2026-06-05 15:20:00,2.1358166666666674,0.0014500000000006175,2.1330304586641513,-0.0013362080025154208
2026-06-05 15:25:00,2.1345500000000004,-0.0012666666666669713,2.132093625115478,-0.0009368335486733434
2026-06-05 15:30:00,2.1353,0.0007499999999995843,2.131168188403383,-0.0009254367120953307
2026-06-05 15:35:00,2.1290333333333336,-0.006266666666666421,2.130362688377188,-0.0008055000261948066
2026-06-05 15:40:00,2.1063999999999994,-0.02263333333333417,2.129787616084632,-0.000575072292555799
2026-06-05 15:45:00,2.1266000000000003,0.020200000000000884,2.129355951205232,-0.0004316648794000275
2026-06-05 15:50:00,2.1318474576271185,0.005247457627118202,2.1288934641932387,-0.000462487011993409
2026-06-05 15:55:00,2.133566666666667,0.001719209039548364,2.1284051028744475,-0.0004883613187909765
2026-06-05 16:00:00,2.131500000000001,-0.002066666666665995,2.1279476543658187,-0.0004574485086289632
2026-06-05 16:05:00,2.1324,0.0008999999999992347,2.1274751604102278,-0.00047249395559069917
2026-06-05 16:10:00,2.12105,-0.011350000000000193,2.12936366195424,-0.0030363380457598924
2026-06-05 16:15:00,2.118016666666667,-0.003033333333332777,2.128967236790289,-0.0003964251639510366
2026-06-05 16:20:00,2.115183333333333,-0.0028333333333341315,2.12844793047496,-0.0005193063153290928
2026-06-05 16:25:00,2.1212033898305083,0.006020056497175297,2.1276592228804065,-0.0007887075945533842
2026-06-05 16:30:00,2.1239500000000002,0.0027466101694919587,2.1267647394070597,-0.0008944834733469572
2026-06-05 16:35:00,2.1231000000000004,-0.0008499999999997954,2.1259673047577254,-0.0007974346493340525
2026-06-05 16:40:00,2.102933333333332,-0.02016666666666822,2.1253969781577666,-0.0005703265999589902
2026-06-05 16:45:00,2.096616666666667,-0.006316666666665416,2.1249693290059506,-0.0004276491518158872
2026-06-05 16:50:00,2.1079999999999997,0.011383333333332857,2.1245101673503974,-0.0004591616555533961
2026-06-05 16:55:00,2.1121666666666656,0.004166666666665986,2.124023863102625,-0.00048630424777226745
2026-06-05 17:00:00,2.112399999999999,0.00023333333333352968,2.1090491295609675,-0.00311753710569829
2026-06-05 17:05:00,2.114423728813559,0.002023728813559611,2.108707390815273,-0.0003417387456946106
2026-06-05 17:10:00,2.1142499999999997,-0.00017372881355903758,2.1083705700933306,-0.00033682072194200926
2026-06-05 17:15:00,2.114066666666667,-0.00018333333333275803,2.108016533557135,-0.0003540365361958661
2026-06-05 17:20:00,2.1203999999999996,0.006333333333332636,2.107515850047013,-0.0005006835101219368
2026-06-05 17:25:00,2.1300499999999998,0.009650000000000158,2.106762422165194,-0.0007534278818185998
2026-06-05 17:30:00,2.1294333333333335,-0.0006166666666662657,2.1058985048898053,-0.0008639172753888996
2026-06-05 17:35:00,2.12525,-0.00418333333333365,2.105127809446776,-0.0007706954430297801
2026-06-05 17:40:00,2.1229166666666663,-0.0023333333333335204,2.1045820072487764,-0.0005458021979994206
2026-06-05 17:45:00,2.119813559322034,-0.00310310734463215,2.1041762507186106,-0.0004057565301657678
2026-06-05 17:50:00,2.1199999999999997,0.00018644067796547148,2.1183715539232337,-0.00144200539880042
2026-06-05 17:55:00,2.115983333333333,-0.004016666666666779,2.117924170825051,-0.0004473830981826959
2026-06-05 18:00:00,2.1176499999999994,0.0016666666666664831,2.1175855803985675,-0.0003385904264836643
2026-06-05 18:05:00,2.119416666666666,0.0017666666666666941,2.1172385613888194,-0.0003470190097481497
2026-06-05 18:10:00,2.1384500000000006,0.019033333333334568,2.116911526745299,-0.00032703464352026174
2026-06-05 18:15:00,2.1447833333333333,0.006333333333332636,2.1166143602729663,-0.00029716647233284034
2026-06-05 18:20:00,2.146300000000001,0.0015166666666677209,2.1161725473673734,-0.0004418129055928365
2026-06-05 18:25:00,2.1507796610169496,0.004479661016948633,2.1154768553208814,-0.0006956920464919839
2026-06-05 18:30:00,2.1519500000000003,0.0011703389830506339,2.114668507490008,-0.0008083478308737694
2026-06-05 18:35:00,2.151516666666667,-0.00043333333333306356,2.113949690083962,-0.0007188174060458191
2026-06-05 18:40:00,2.14805,-0.003466666666667173,2.148180021177115,-0.0033366454895521354
2026-06-05 18:45:00,2.1414,-0.006650000000000045,2.1477877880175016,-0.0003922331596134739
2026-06-05 18:50:00,2.144316666666666,0.0029166666666662344,2.1474053912995203,-0.00038239671798130843
2026-06-05 18:55:00,2.13695,-0.007366666666666077,2.147000657343714,-0.00040473395580652334
2026-06-05 19:00:00,2.1460500000000007,0.009100000000000552,2.1466536748562732,-0.0003469824874404809
2026-06-05 19:05:00,2.133440677966102,-0.012609322033898529,2.146302798242238,-0.0003508766140352681
2026-06-05 19:10:00,2.139966666666667,0.0065259887005648665,2.14597264960077,-0.0003301486414680032
2026-06-05 19:15:00,2.141966666666667,0.0019999999999997797,2.1456736516228827,-0.00029899797788713277
2026-06-05 19:20:00,2.1410333333333336,-0.0009333333333332305,2.145234173945112,-0.00043947767777092453
2026-06-05 19:25:00,2.1426333333333343,0.001600000000000712,2.1445454242977435,-0.0006887496473685283
2026-06-05 19:30:00,2.1405833333333333,-0.0020500000000009955,2.140079515384591,-0.00255381794874308
2026-06-05 19:35:00,2.14305,0.002466666666666839,2.1393322055151773,-0.0007473098694137959
2026-06-05 19:40:00,2.1413166666666665,-0.0017333333333335865,2.1388752541658245,-0.0004569513493528852
2026-06-05 19:45:00,2.1386779661016946,-0.002638700564971952,2.1385555216761376,-0.00031973248968689995
2026-06-05 19:50:00,2.143733333333333,0.0050553672316384635,2.1382120672890905,-0.00034345438704709466
2026-06-05 19:55:00,2.1369499999999997,-0.006783333333333363,2.13785119872433,-0.0003608685647609059
2026-06-05 20:00:00,2.1440499999999996,0.007099999999999884,2.13751669946457,-0.0003344992597598222
2026-06-05 20:05:00,2.136633333333334,-0.007416666666665517,2.137171854511464,-0.00034484495310560255
2026-06-05 20:10:00,2.143416666666667,0.006783333333332919,2.136846964261998,-0.0003248902494661409
2026-06-05 20:15:00,2.136366666666667,-0.007050000000000001,2.136554761964285,-0.0002922022977132002
2026-06-05 20:20:00,2.1491499999999997,0.012783333333332703,2.1353203463417474,-0.0010463203249197169
2026-06-05 20:25:00,2.1431186440677967,-0.006031355932202942,2.134690334429143,-0.0006300119126043606
2026-06-05 20:30:00,2.1415833333333327,-0.0015353107344640016,2.1340035257820333,-0.0006868086471096728
2026-06-05 20:35:00,2.1425499999999995,0.0009666666666667822,2.133393952945107,-0.0006095728369259468
2026-06-05 20:40:00,2.1364500000000004,-0.006099999999999106,2.132982616767082,-0.0004113361780253684
2026-06-05 20:45:00,2.1373000000000006,0.0008500000000002395,2.132692395534432,-0.0002902212326499294
2026-06-05 20:50:00,2.137149999999999,-0.00015000000000142677,2.132365149313296,-0.0003272462211360924
2026-06-05 20:55:00,2.1452,0.008050000000000779,2.1320135023756284,-0.00035164693766754805
2026-06-05 21:00:00,2.13565,-0.009549999999999947,2.131663854902199,-0.0003496474734292947
2026-06-05 21:05:00,2.1392711864406784,0.0036211864406783256,2.13130364697317,-0.00036020792902908725
2026-06-05 21:10:00,2.147333333333334,0.008062146892655608,2.1374800487326633,-0.0017911377080150575
2026-06-05 21:15:00,2.1467666666666663,-0.0005666666666677145,2.137163373654268,-0.00031667507839532223
2026-06-05 21:20:00,2.136316666666667,-0.010449999999999182,2.13679614202117,-0.0003672316330980592
2026-06-05 21:25:00,2.1361833333333333,-0.00013333333333376274,2.136194370392428,-0.0006017716287417584
2026-06-05 21:30:00,2.140716666666667,0.004533333333333722,2.135476971114087,-0.0007173992783409573
2026-06-05 21:35:00,2.1389333333333327,-0.0017833333333343582,2.134825291975781,-0.0006516791383062502
2026-06-05 21:40:00,2.1411666666666673,0.0022333333333346417,2.1343683717960964,-0.0004569201796844047
2026-06-05 21:45:00,2.1423220338983056,0.0011553672316382269,2.1340322493097763,-0.0003361224863204016
2026-06-05 21:50:00,2.140250000000001,-0.0020720338983046815,2.1336601288492743,-0.00037212046050194103
2026-06-05 21:55:00,2.1389000000000005,-0.0013500000000004064,2.133265429626851,-0.00039469922242296707
2026-06-05 22:00:00,2.1376666666666675,-0.0012333333333329755,2.1374863739625742,-0.0014136260374264002
2026-06-05 22:05:00,2.142700000000001,0.005033333333333445,2.137014603395968,-0.00047177056660612144
2026-06-05 22:10:00,2.141648148148149,-0.0010518518518520814,2.136682757496041,-0.00033184589992713725
2026-06-05 22:15:00,2.1470166666666675,0.005368518518518606,2.1364205809453174,-0.00026217655072342436
2026-06-05 22:20:00,2.132116666666667,-0.014900000000000357,2.1360480015757726,-0.0003725793695449443
2026-06-05 22:25:00,2.1400833333333336,0.007966666666666455,2.1354425662979484,-0.000605435277824239
2026-06-05 22:30:00,2.1352833333333328,-0.004800000000000804,2.1347119747102274,-0.0007305915877206192
2026-06-05 22:35:00,2.138915254237288,0.0036319209039552547,2.1340368439160025,-0.000675130794225138
2026-06-05 22:40:00,2.1382833333333338,-0.0006319209039542528,2.133550058918817,-0.00048678499718522706
2026-06-05 22:45:00,2.1392,0.0009166666666664547,2.133179490142244,-0.0003705687765733376
2026-06-05 22:50:00,2.1371166666666666,-0.002083333333333659,2.1374828536615573,-0.0017171463384427316
2026-06-05 22:55:00,2.1401,0.002983333333333338,2.136984504733643,-0.0004983489279145513
2026-06-05 23:00:00,2.1322666666666668,-0.007833333333333137,2.136571405291616,-0.00041309944202698283
2026-06-05 23:05:00,2.137916666666667,0.005650000000000155,2.136176571232318,-0.00039483405929758046
2026-06-05 23:10:00,2.13935593220339,0.0014392655367232443,2.1358299707842754,-0.00034660044804292933
2026-06-05 23:15:00,2.1466,0.007244067796609688,2.135538758590842,-0.00029121219343313887
2026-06-05 23:20:00,2.143783333333333,-0.0028166666666669116,2.135135006409086,-0.00040375218175612757
2026-06-05 23:25:00,2.1374166666666676,-0.006366666666665299,2.1345002829525113,-0.000634723456574737
2026-06-05 23:30:00,2.1389333333333336,0.0015166666666659445,2.1337388630590515,-0.0007614198934597809
2026-06-05 23:35:00,2.141566666666667,0.0026333333333332654,2.1330289768713584,-0.0007098861876934123
2026-06-05 23:40:00,2.1417500000000005,0.0001833333333336462,2.1398411297434095,-0.0017255369232572486
2026-06-05 23:45:00,2.145566666666667,0.0038166666666663573,2.13933256673077,-0.0005085630126397226
2026-06-05 23:50:00,2.1357966101694914,-0.009770056497175439,2.1388868432712074,-0.00044572345956228295
2026-06-05 23:55:00,2.146083333333334,0.010286723163842382,2.1384430978468685,-0.0004437454243392048
2026-06-06 00:00:00,2.1403166666666666,-0.005766666666667142,2.138003333208779,-0.0004397646380892953
2026-06-06 00:05:00,2.143966666666666,0.003649999999999487,2.137574994172188,-0.0004283390365912367
2026-06-06 00:10:00,2.149716666666667,0.00575000000000081,2.1371923220461704,-0.0003826721260172961
2026-06-06 00:15:00,2.1481166666666667,-0.0016000000000002679,2.136868446362042,-0.00032387568412814514
2026-06-06 00:20:00,2.1458000000000004,-0.0023166666666663005,2.13643931946238,-0.00042912689966235703
2026-06-06 00:25:00,2.145383333333333,-0.0004166666666671759,2.1357855080905437,-0.0006538113718364014
2026-06-06 00:30:00,2.1488644067796616,0.00348107344632842,2.1434058949056665,-0.001977438427666655
2026-06-06 00:35:00,2.14905,0.00018559322033828707,2.1426380929151576,-0.00076780199050889
2026-06-06 00:40:00,2.14725,-0.0017999999999998018,2.1421153761742047,-0.0005227167409529292
2026-06-06 00:45:00,2.1456666666666675,-0.0015833333333326038,2.141704962522015,-0.0004104136521898904
2026-06-06 00:50:00,2.1458999999999997,0.0002333333333321974,2.141256375821916,-0.0004485867000988304
2026-06-06 00:55:00,2.1456666666666675,-0.0002333333333321974,2.1407882720765965,-0.0004681037453193143
2026-06-06 01:00:00,2.1456500000000007,-1.6666666666775853e-05,2.1403179473903355,-0.0004703246862609947
2026-06-06 01:05:00,2.147516666666667,0.001866666666666461,2.139856780171241,-0.0004611672190947229
2026-06-06 01:10:00,2.1474237288135596,-9.293785310759972e-05,2.139444566839276,-0.000412213331964924
2026-06-06 01:15:00,2.148816666666667,0.0013929378531072345,2.1390982441532187,-0.00034632268605743204
2026-06-06 01:20:00,2.1465166666666673,-0.0022999999999995246,2.1473453932909092,-0.001471273375757685
2026-06-06 01:25:00,2.1469666666666662,0.00044999999999895124,2.146574831792942,-0.0007705614979673119
2026-06-06 01:30:00,2.1399,-0.0070666666666663325,2.1458054790173637,-0.0007693527755782422
2026-06-06 01:35:00,2.136983333333334,-0.0029166666666657903,2.1451030853800472,-0.0007023936373163499
2026-06-06 01:40:00,2.1386499999999997,0.001666666666665595,2.144574054156966,-0.0005290312230814461
2026-06-06 01:45:00,2.1341525423728815,-0.004497457627118173,2.144141348186549,-0.00043270597041719097
2026-06-06 01:50:00,2.1370833333333334,0.002930790960451901,2.1436556005169516,-0.00048574766959680554
2026-06-06 01:55:00,2.137733333333333,0.0006499999999993733,2.143141877478445,-0.0005137230385067479
2026-06-06 02:00:00,2.1354333333333333,-0.0022999999999995246,2.1426256994346073,-0.0005161780438376961
2026-06-06 02:05:00,2.1351833333333334,-0.00024999999999986144,2.142120800054739,-0.0005048993798682563
2026-06-06 02:10:00,2.134866666666667,-0.00031666666666652077,2.134019037858861,-0.0011642954744726997
2026-06-06 02:15:00,2.1316333333333333,-0.0032333333333336434,2.133558702639548,-0.000460335219312644
2026-06-06 02:20:00,2.1293833333333327,-0.0022500000000005294,2.133141997531621,-0.00041670510792685914
2026-06-06 02:25:00,2.135186440677966,0.005803107344633407,2.132547436153293,-0.0005945613783282607
2026-06-06 02:30:00,2.135866666666667,0.0006802259887006556,2.1318315880103476,-0.0007158481429453481
2026-06-06 02:35:00,2.13565,-0.00021666666666675383,2.1311477326391675,-0.0006838553711803242
2026-06-06 02:40:00,2.1340333333333334,-0.0016166666666665996,2.130622113411699,-0.000525619227468548
2026-06-06 02:45:00,2.134333333333333,0.0002999999999997449,2.130180935934376,-0.0004411774773226848
2026-06-06 02:50:00,2.1339,-0.00043333333333306356,2.129674967935125,-0.0005059679992510059
2026-06-06 02:55:00,2.136583333333334,0.002683333333334037,2.12913363619882,-0.0005413317363054498
2026-06-06 03:00:00,2.1364666666666667,-0.00011666666666743097,2.134905078263109,-0.0016782550702251792
2026-06-06 03:05:00,2.1369661016949153,0.0004994350282485627,2.134212248636772,-0.0006928296263371658
2026-06-06 03:10:00,2.140116666666667,0.0031505649717518125,2.133735844728008,-0.0004764039087638257
2026-06-06 03:15:00,2.1366000000000005,-0.0035166666666666124,2.1333866448216376,-0.0003491999063702728
2026-06-06 03:20:00,2.134116666666667,-0.002483333333333615,2.132973824152036,-0.0004128206696017546
2026-06-06 03:25:00,2.1310666666666664,-0.0030500000000004412,2.1323534113650533,-0.0006204127869828158
2026-06-06 03:30:00,2.1278,-0.003266666666666307,2.1316021448931246,-0.0007512664719285858
2026-06-06 03:35:00,2.1350333333333333,0.007233333333333203,2.130882850598883,-0.0007192942942415457
2026-06-06 03:40:00,2.1291166666666665,-0.005916666666666792,2.130325217412158,-0.0005576331867251448
2026-06-06 03:45:00,2.1188813559322033,-0.010235310734463265,2.1298498883366066,-0.0004753290755511471
2026-06-06 03:50:00,2.1211999999999995,0.0023186440677962494,2.1185735351974984,-0.0003078207347047031
2026-06-06 03:55:00,2.1510166666666675,0.029816666666667935,2.1180231416442528,-0.0005503935532456621
2026-06-06 04:00:00,2.1594500000000005,0.00843333333333307,2.1174907284020947,-0.0005324132421579825
2026-06-06 04:05:00,2.1602333333333337,0.000783333333333136,2.117008071222024,-0.00048265718007068834
2026-06-06 04:10:00,2.157133333333334,-0.0030999999999998806,2.1165966303055366,-0.00041144091648753756
2026-06-06 04:15:00,2.1610166666666677,0.003883333333333905,2.1162710105437097,-0.0003256197618270927
2026-06-06 04:20:00,2.1605000000000003,-0.0005166666666673869,2.1158628529972443,-0.00040815754646548216
2026-06-06 04:25:00,2.1656440677966113,0.005144067796611029,2.1152370121908772,-0.0006258408063671207
2026-06-06 04:30:00,2.1637,-0.0019440677966113817,2.114475909191273,-0.0007611029996041391
2026-06-06 04:35:00,2.21145,0.04775000000000018,2.1137484702504565,-0.0007274389408165292
2026-06-06 04:40:00,2.251733333333334,0.04028333333333389,2.1812254218559515,-0.03022457814404845
2026-06-06 04:45:00,2.263383333333334,0.011649999999999938,2.1790476624887423,-0.0021777593672094833
2026-06-06 04:50:00,2.284036363636364,0.020653030303030118,2.178355323748244,-0.0006923387404981835
2026-06-06 04:55:00,2.2887333333333335,0.004696969696969422,2.177165179883595,-0.0011901438646488018
2026-06-06 05:00:00,2.2657166666666675,-0.02301666666666602,2.1761128034174915,-0.0010523764661036828
2026-06-06 05:05:00,2.263983333333333,-0.0017333333333344747,2.175222372362297,-0.0008904310551943305
2026-06-06 05:10:00,2.224118644067797,-0.03986468926553588,2.1744763482895313,-0.0007460240727658171
2026-06-06 05:15:00,2.2143833333333327,-0.00973531073446443,2.173866280173216,-0.0006100681163154415
2026-06-06 05:20:00,2.2037833333333334,-0.010599999999999277,2.173202639835405,-0.0006636403378111952
2026-06-06 05:25:00,2.2364,0.03261666666666674,2.172336096247105,-0.0008665435882995628
2026-06-06 05:30:00,2.2172833333333335,-0.01911666666666667,2.2206671920369847,-0.015732807963015436
2026-06-06 05:35:00,2.226733333333333,0.009449999999999292,2.2208336520340226,0.00016645999703787992
2026-06-06 05:40:00,2.2298166666666663,0.003083333333333549,2.2204834037886276,-0.0003502482453948709
2026-06-06 05:45:00,2.2268166666666667,-0.0029999999999996696,2.2198942396953214,-0.0005891640933063731
2026-06-06 05:50:00,2.2349830508474575,0.008166384180790853,2.2191985780124965,-0.0006956616828246209
2026-06-06 05:55:00,2.2663166666666665,0.031333615819209015,2.218479698894838,-0.0007188791176587405
2026-06-06 06:00:00,2.2528833333333336,-0.013433333333332964,2.2177502025309765,-0.0007294963638614272
2026-06-06 06:05:00,2.2844666666666664,0.03158333333333285,2.217045968746901,-0.0007042337840755975
2026-06-06 06:10:00,2.259366666666666,-0.025100000000000566,2.2164135262225653,-0.0006324425243356706
2026-06-06 06:15:00,2.2605,0.0011333333333340967,2.2158792919584327,-0.0005342342641327968
2026-06-06 06:20:00,2.246,-0.014499999999999957,2.2585259043425077,-0.001974095657492414
2026-06-06 06:25:00,2.251016666666666,0.005016666666666225,2.257810822656538,-0.0007150816859696208
2026-06-06 06:30:00,2.249745762711864,-0.0012709039548020051,2.2569583013972583,-0.0008525212592798529
2026-06-06 06:35:00,2.2230500000000006,-0.02669576271186358,2.256138207354406,-0.0008200940428521912
2026-06-06 06:40:00,2.224783333333333,0.0017333333333322543,2.255500724095335,-0.0006374832590711183
2026-06-06 06:45:00,2.211066666666666,-0.013716666666666821,2.254957007746136,-0.0005437163491987062
2026-06-06 06:50:00,2.24045,0.029383333333333983,2.254339836664824,-0.0006171710813122272
2026-06-06 06:55:00,2.274816666666667,0.0343666666666671,2.25368154327909,-0.0006582933857338235
2026-06-06 07:00:00,2.24495,-0.029866666666667374,2.25300599146622,-0.000675551812869628
2026-06-06 07:05:00,2.272372881355932,0.027422881355932294,2.2523387559392134,-0.0006672355270071948
2026-06-06 07:10:00,2.2195833333333335,-0.05278954802259861,2.259787504306808,-0.012585377049123951
2026-06-06 07:15:00,2.2292500000000004,0.009666666666666934,2.2598208164913105,3.331218450259701e-05
2026-06-06 07:20:00,2.2136666666666662,-0.01558333333333417,2.2593216701058454,-0.0004991463854651563
2026-06-06 07:25:00,2.202033333333333,-0.011633333333333162,2.258424931379659,-0.0008967387261865615
2026-06-06 07:30:00,2.188383333333334,-0.013649999999999274,2.2574030233619897,-0.0010219080176694499
2026-06-06 07:35:00,2.2100833333333325,0.02169999999999872,2.256450802221293,-0.0009522211406963499
2026-06-06 07:40:00,2.2117833333333334,0.001700000000000923,2.2557016975564124,-0.0007491046648808595
2026-06-06 07:45:00,2.215593220338982,0.003809887005648438,2.255056813110624,-0.0006448844457882549
2026-06-06 07:50:00,2.210283333333332,-0.005309887005649827,2.254340349202703,-0.0007164639079208856
2026-06-06 07:55:00,2.1984500000000002,-0.011833333333331808,2.253582782718448,-0.0007575664842552652
2026-06-06 08:00:00,2.206866666666667,0.008416666666666739,2.1975151268368074,-0.0009348731631927731
2026-06-06 08:05:00,2.18665,-0.02021666666666677,2.1969414568857464,-0.0005736699510612943
2026-06-06 08:10:00,2.1886999999999994,0.002049999999999219,2.196416930417698,-0.0005245264680478675
2026-06-06 08:15:00,2.1943166666666656,0.005616666666666159,2.1959888374969254,-0.0004280929207726744
2026-06-06 08:20:00,2.1854166666666663,-0.008899999999999242,2.195474456446621,-0.0005143810503046068
2026-06-06 08:25:00,2.190101694915254,0.0046850282485877415,2.194719496648596,-0.0007549597980250807
2026-06-06 08:30:00,2.1955833333333334,0.00548163841807936,2.1938172909675226,-0.0009022056810731083
2026-06-06 08:35:00,2.1910999999999996,-0.004483333333333839,2.1929618464398493,-0.0008554445276733505
2026-06-06 08:40:00,2.1772666666666667,-0.01383333333333292,2.192302350175609,-0.0006594962642405047
2026-06-06 08:45:00,2.1753833333333343,-0.0018833333333323488,2.191744746808896,-0.0005576033667127977
2026-06-06 08:50:00,2.1763666666666674,0.000983333333333114,2.174943227119472,-0.0004401062138623354
2026-06-06 08:55:00,2.1842333333333337,0.007866666666666244,2.174320409460554,-0.0006228176589176723
2026-06-06 09:00:00,2.1741333333333333,-0.010100000000000442,2.1737556747342026,-0.0005647347263516922
2026-06-06 09:05:00,2.172898305084747,-0.001235028248586456,2.1732149973018835,-0.0005406774323189715
2026-06-06 09:10:00,2.17695,0.004051694915253368,2.17272867521037,-0.0004863220915137103
2026-06-06 09:15:00,2.17615,-0.000800000000000356,2.1723197062321677,-0.00040896897820203056
2026-06-06 09:20:00,2.1729166666666666,-0.0032333333333331993,2.1718057030808082,-0.0005140031513598928
2026-06-06 09:25:00,2.1774833333333334,0.00456666666666683,2.171040091597488,-0.0007656114833199218
2026-06-06 09:30:00,2.1769666666666665,-0.0005166666666669428,2.1701254410343696,-0.0009146505631187116
2026-06-06 09:35:00,2.1769166666666675,-4.999999999899529e-05,2.1692631655399377,-0.0008622754944318589
2026-06-06 09:40:00,2.1759999999999993,-0.000916666666668231,2.1750830654120845,-0.0018336012545830283
2026-06-06 09:45:00,2.1758166666666674,-0.00018333333333186985,2.174400296001039,-0.0006827694110453258
2026-06-06 09:50:00,2.176305084745763,0.0004884180790956094,2.1737769398342834,-0.0006233561667556617
2026-06-06 09:55:00,2.1660666666666675,-0.010238418079095535,2.173142841494579,-0.0006340983397044911
2026-06-06 10:00:00,2.173500000000001,0.007433333333333625,2.1725550234143927,-0.000587818080186426
2026-06-06 10:05:00,2.174383333333334,0.000883333333332903,2.1719776486533475,-0.0005773747610451739
2026-06-06 10:10:00,2.1775500000000005,0.00316666666666654,2.1714506576318606,-0.0005269910214867736
2026-06-06 10:15:00,2.169583333333334,-0.007966666666666455,2.1709972656438175,-0.00045339198804318626
2026-06-06 10:20:00,2.1709333333333336,0.0013499999999995183,2.1704329268816434,-0.0005643387621739617
2026-06-06 10:25:00,2.1723500000000007,0.0014166666666670658,2.169613166769351,-0.0008197601122928645
2026-06-06 10:30:00,2.173762711864408,0.001412711864407168,2.1702990153965467,-0.002050984603454056
2026-06-06 10:35:00,2.171516666666667,-0.0022460451977406315,2.1692915841374076,-0.0010074312591387806
2026-06-06 10:40:00,2.1697500000000005,-0.0017666666666666941,2.1686101572908125,-0.0006814268465954967
2026-06-06 10:45:00,2.1718666666666673,0.0021166666666667666,2.1680756459632313,-0.0005345113275810723
2026-06-06 10:50:00,2.17035,-0.0015166666666672768,2.1674972428283708,-0.0005784031348606882
2026-06-06 10:55:00,2.171716666666667,0.0013666666666671823,2.166889357791095,-0.0006078850372755395
2026-06-06 11:00:00,2.1696166666666667,-0.002100000000000435,2.166316772996936,-0.0005725847941593309
2026-06-06 11:05:00,2.1713333333333336,0.0017166666666668107,2.1657482856813717,-0.0005684873155641512
2026-06-06 11:10:00,2.1716271186440683,0.0002937853107347621,2.1652225223240746,-0.0005257633572970295
2026-06-06 11:15:00,2.1720500000000005,0.0004228813559321587,2.1647604574652446,-0.0004620648588299773
2026-06-06 11:20:00,2.170900000000001,-0.0011499999999995403,2.170443426003566,-0.0016065739964347798
2026-06-06 11:25:00,2.170733333333334,-0.00016666666666687036,2.1694684362485024,-0.0009749897550630952
2026-06-06 11:30:00,2.170133333333334,-0.0005999999999999339,2.1684956410045637,-0.0009727952439387879
2026-06-06 11:35:00,2.1698166666666676,-0.00031666666666652077,2.1676175479107007,-0.0008780930938631736
2026-06-06 11:40:00,2.172116666666668,0.002300000000000413,2.1669610408690754,-0.0006565070416251185
2026-06-06 11:45:00,2.1746949152542374,0.0025782485875693872,2.1664374647942886,-0.0005235760747868264
2026-06-06 11:50:00,2.1746666666666674,-2.824858757000115e-05,2.165868078362345,-0.0005693864319437289
2026-06-06 11:55:00,2.174466666666667,-0.00020000000000042206,2.1652680876074712,-0.0005999907548737541
2026-06-06 12:00:00,2.1714333333333338,-0.0030333333333332213,2.1647016544950843,-0.0005664331123869466
2026-06-06 12:05:00,2.168666666666668,-0.002766666666665696,2.164136385706834,-0.0005652687882500078
2026-06-06 12:10:00,2.1679000000000013,-0.0007666666666668043,2.1675763585574788,-0.0010903081091893166
2026-06-06 12:15:00,2.174550000000001,0.006649999999999601,2.167038651868137,-0.000537706689341753
2026-06-06 12:20:00,2.175033333333334,0.00048333333333294703,2.1664942181392,-0.0005444337289370085
2026-06-06 12:25:00,2.174101694915255,-0.0009316384180788617,2.1657210578513135,-0.0007731602878864396
2026-06-06 12:30:00,2.1754500000000005,0.0013483050847455935,2.16480978876363,-0.0009112690876836585
2026-06-06 12:35:00,2.1717666666666675,-0.0036833333333330387,2.1639584682812534,-0.0008513204823765027
2026-06-06 12:40:00,2.172233333333334,0.00046666666666661527,2.163319419088844,-0.000639049192409112
2026-06-06 12:45:00,2.1716,-0.0006333333333339297,2.1628145242648964,-0.0005048948239480671
2026-06-06 12:50:00,2.1719166666666663,0.0003166666666660767,2.162267015243048,-0.000547509021848273
2026-06-06 12:55:00,2.173816666666667,0.001900000000000901,2.161688860515673,-0.0005781547273749152
2026-06-06 13:00:00,2.174183333333334,0.00036666666666684833,2.172096157898999,-0.0017205087676683132
2026-06-06 13:05:00,2.172101694915255,-0.002081638418078846,2.171383149119015,-0.0007130087799840421
2026-06-06 13:10:00,2.1755333333333344,0.0034316384180792525,2.170867288971273,-0.0005158601477417516
2026-06-06 13:15:00,2.169383333333334,-0.006150000000000322,2.170446765316247,-0.00042052365502596555
2026-06-06 13:20:00,2.1702666666666675,0.0008833333333333471,2.1699072257358045,-0.0005395395804427211
2026-06-06 13:25:00,2.172816666666667,0.002549999999999386,2.1691039153367506,-0.0008033103990539649
2026-06-06 13:30:00,2.178866666666667,0.006050000000000111,2.1681593512374384,-0.0009445640993120578
2026-06-06 13:35:00,2.1759166666666663,-0.0029500000000006743,2.1672833264657037,-0.0008760247717347311
2026-06-06 13:40:00,2.1835166666666663,0.007600000000000051,2.166628368860808,-0.0006549576048958203
2026-06-06 13:45:00,2.1858833333333334,0.002366666666667072,2.166115959992468,-0.0005124088683395921
2026-06-06 13:50:00,2.132305084745763,-0.05357824858757043,2.1833506094031785,-0.002532723930154924
2026-06-06 13:55:00,2.1248333333333336,-0.007471751412429395,2.182652877587732,-0.0006977318154467703
2026-06-06 14:00:00,2.1199166666666667,-0.004916666666666902,2.1821171842037295,-0.0005356933840024236
2026-06-06 14:05:00,2.119249999999999,-0.0006666666666674814,2.1816052662312164,-0.0005119179725130036
2026-06-06 14:10:00,2.1167499999999992,-0.0024999999999999467,2.1811411640179386,-0.00046410221327776446
2026-06-06 14:15:00,2.11295,-0.0037999999999991374,2.1807264395144936,-0.00041472450344490935
2026-06-06 14:20:00,2.113883333333333,0.0009333333333327865,2.180169886802907,-0.0005565527115868387
2026-06-06 14:25:00,2.10965,-0.004233333333333089,2.179344263523319,-0.0008256232795875421
2026-06-06 14:30:00,2.110033898305085,0.0003838983050852285,2.17838575506048,-0.0009585084628395067
2026-06-06 14:35:00,2.1136166666666663,0.0035827683615812234,2.177508032106775,-0.0008777229537049034
2026-06-06 14:40:00,2.1116833333333327,-0.0019333333333335645,2.1122214294161585,-0.0013952372505079353
2026-06-06 14:45:00,2.11385,0.002166666666667094,2.1115950617620998,-0.0006263676540584271
2026-06-06 14:50:00,2.1093999999999995,-0.004450000000000287,2.1111039895595862,-0.0004910722025134698
2026-06-06 14:55:00,2.1107499999999995,0.0013499999999999623,2.1106281814008367,-0.00047580815874951384
2026-06-06 15:00:00,2.1112166666666674,0.00046666666666794754,2.1101965217401495,-0.0004316596606874426
2026-06-06 15:05:00,2.1115333333333335,0.0003166666666660767,2.109756636898597,-0.0004398848415524581
2026-06-06 15:10:00,2.112033333333333,0.0004999999999997229,2.1093333100003484,-0.0004233268982485926
2026-06-06 15:15:00,2.1130847457627118,0.001051412429378562,2.1089385364114417,-0.0003947735889066519
2026-06-06 15:20:00,2.111483333333333,-0.0016014124293786125,2.108391620894648,-0.0005469155167937524
2026-06-06 15:25:00,2.1103333333333327,-0.0011500000000004285,2.1075762237372015,-0.0008153971574464893
2026-06-06 15:30:00,2.109683333333334,-0.0006499999999989292,2.1086233068531413,-0.0017100264801916676
2026-06-06 15:35:00,2.1117,0.0020166666666661115,2.10765402959534,-0.0009692772578010093
2026-06-06 15:40:00,2.109683333333333,-0.0020166666666669997,2.1070399894730953,-0.0006140401222447719
2026-06-06 15:45:00,2.1097000000000006,1.6666666667664032e-05,2.106603467368212,-0.0004365221048831712
2026-06-06 15:50:00,2.109516666666666,-0.0001833333333345344,2.106149176317639,-0.0004542910505731207
2026-06-06 15:55:00,2.1130847457627113,0.0035680790960452846,2.1056745318651577,-0.000474644452481319
2026-06-06 16:00:00,2.110066666666667,-0.003018079096044346,2.1052333530438916,-0.00044117882126615466
2026-06-06 16:05:00,2.107366666666666,-0.002700000000000813,2.104778467517239,-0.0004548855266524992
2026-06-06 16:10:00,2.108649999999999,0.001283333333332859,2.1043372673894445,-0.0004412001277944071
2026-06-06 16:15:00,2.1108,0.0021500000000007624,2.1039221753677047,-0.0004150920217397602
2026-06-06 16:20:00,2.113183333333333,0.002383333333333404,2.10915376317936,-0.0016462368206397835
2026-06-06 16:25:00,2.1136,0.0004166666666667318,2.108161162906829,-0.0009926002725312523
2026-06-06 16:30:00,2.1121499999999997,-0.0014500000000001734,2.1072218766392004,-0.00093928626762826
2026-06-06 16:35:00,2.112610169491525,0.0004601694915251642,2.1064200994594637,-0.000801777179736641
2026-06-06 16:40:00,2.111199999999999,-0.0014101694915260587,2.1058569568456735,-0.0005631426137900985
2026-06-06 16:45:00,2.110933333333333,-0.0002666666666657491,2.1054396961124904,-0.000417260733183185
2026-06-06 16:50:00,2.1096166666666667,-0.0013166666666664106,2.104993017786714,-0.0004466783257762542
2026-06-06 16:55:00,2.1113999999999993,0.0017833333333325818,2.1045207100370713,-0.00047230774964286627
2026-06-06 17:00:00,2.1113499999999994,-4.999999999988347e-05,2.1040875641186703,-0.0004331459184011313
2026-06-06 17:05:00,2.1117666666666666,0.0004166666666671759,2.1036377564680127,-0.0004498076506576817
2026-06-06 17:10:00,2.109933333333333,-0.0018333333333333535,2.110328431606128,-0.0014382350605384058
2026-06-06 17:15:00,2.1115999999999997,0.0016666666666664831,2.1097817410221724,-0.0005466905839557928
2026-06-06 17:20:00,2.1120677966101686,0.0004677966101689357,2.1092403467389182,-0.0005413942832540976
2026-06-06 17:25:00,2.110333333333333,-0.0017344632768354629,2.1084918991990285,-0.0007484475398898605
2026-06-06 17:30:00,2.109716666666667,-0.0006166666666662657,2.107649857449769,-0.0008420417492594863
2026-06-06 17:35:00,2.109199999999999,-0.000516666666667831,2.106903625130475,-0.0007462323192938336
2026-06-06 17:40:00,2.1088333333333327,-0.00036666666666640424,2.1063787773627376,-0.0005248477677375663
2026-06-06 17:45:00,2.108416666666666,-0.0004166666666667318,2.105990686691026,-0.0003880906717115926
2026-06-06 17:50:00,2.108116666666666,-0.0002999999999997449,2.1055681557250345,-0.000422530965991556
2026-06-06 17:55:00,2.1088999999999993,0.000783333333333136,2.105116862795755,-0.00045129292927917016
2026-06-06 18:00:00,2.112542372881355,0.0036423728813557155,2.1075532575513636,-0.0013467424486355928
2026-06-06 18:05:00,2.112083333333333,-0.00045903954802195557,2.106989824775704,-0.0005634327756597363
2026-06-06 18:10:00,2.1092166666666663,-0.002866666666666795,2.106592328063334,-0.00039749671237011353
2026-06-06 18:15:00,2.1072666666666664,-0.0019499999999998963,2.1062705627415625,-0.0003217653217715364
2026-06-06 18:20:00,2.1115166666666663,0.004249999999999865,2.105824349403184,-0.00044621333837867165
2026-06-06 18:25:00,2.1086,-0.0029166666666662344,2.105132832290019,-0.0006915171131646207
2026-06-06 18:30:00,2.110266666666667,0.0016666666666669272,2.10433102037591,-0.0008018119141089584
2026-06-06 18:35:00,2.111883333333333,0.0016166666666661555,2.1036171151666854,-0.0007139052092246963
2026-06-06 18:40:00,2.106796610169491,-0.005086723163842066,2.103120495337305,-0.0004966198293803156
2026-06-06 18:45:00,2.1098,0.0030033898305088513,2.1027576033563427,-0.00036289198096240186
