Real_Future_Timestamp,Actual_Electrode_V_Abs,Actual_Electrode_V_Delta,TFT_Prediction_V_Abs,TFT_Prediction_V_Delta
2026-06-02 19:50:00,1.8108166666666667,-9.999999999998899e-05,2.098772097085613,-4.871744820279991e-05
2026-06-02 19:55:00,1.8104500000000006,-0.0003666666666661822,2.0985243071492836,-0.0002477899363295907
2026-06-02 20:00:00,1.8106500000000003,0.00019999999999975593,2.0988655640349743,0.00034125688569046163
2026-06-02 20:05:00,1.808683333333334,-0.001966666666666228,2.098656283384342,-0.00020928065063258796
2026-06-02 20:10:00,1.8123050847457627,0.0036217514124285977,2.0982427809700486,-0.0004135024142931603
2026-06-02 20:15:00,1.8156166666666669,0.003311581920904194,2.098489950286938,0.00024716931688945624
2026-06-02 20:20:00,1.8100500000000004,-0.005566666666666498,2.0987568247944366,0.00026687450749878096
2026-06-02 20:25:00,1.8105499999999997,0.0004999999999992788,2.098969488663897,0.0002126638694602863
2026-06-02 20:30:00,1.8086999999999998,-0.0018499999999999073,2.090267801736167,-0.008701686927730061
2026-06-02 20:35:00,1.8089999999999997,0.00029999999999996696,2.0895488182653144,-0.0007189834708525941
2026-06-02 20:40:00,1.8065833333333334,-0.0024166666666662895,2.089800927016149,0.0002521087508348288
2026-06-02 20:45:00,1.8054333333333328,-0.0011500000000006505,2.089687146785036,-0.0001137802311131053
2026-06-02 20:50:00,1.8060000000000005,0.0005666666666677145,2.0893143809883266,-0.000372765796709651
2026-06-02 20:55:00,1.8062033898305083,0.00020338983050782744,2.0889664515262365,-0.00034792946208986135
2026-06-02 21:00:00,1.8012499999999994,-0.00495338983050897,2.089229852415724,0.00026340088948736626
2026-06-02 21:05:00,1.8012666666666663,1.6666666666997898e-05,2.089044605179787,-0.00018524723593709634
2026-06-02 21:10:00,1.8057333333333334,0.004466666666667063,2.088604533136611,-0.0004400720431759194
2026-06-02 21:15:00,1.8021666666666671,-0.003566666666666274,2.0887966666721063,0.00019213353549519548
2026-06-02 21:20:00,1.7982166666666675,-0.003949999999999676,2.0890570073063093,0.0002603406342030448
2026-06-02 21:25:00,1.7998833333333342,0.0016666666666667052,2.089215175613239,0.00015816830692954274
2026-06-02 21:30:00,1.799366666666667,-0.0005166666666671649,2.0857144074758507,-0.003500768137388033
2026-06-02 21:35:00,1.7986833333333334,-0.0006833333333335911,2.0850248122157833,-0.0006895952600673908
2026-06-02 21:40:00,1.7985254237288135,-0.00015790960451989022,2.0852722595292725,0.000247447313489225
2026-06-02 21:45:00,1.7975333333333343,-0.000992090395479206,2.085111609264161,-0.00016065026511161818
2026-06-02 21:50:00,1.7949666666666675,-0.002566666666666828,2.0847032965421106,-0.0004083127220502967
2026-06-02 21:55:00,1.7937833333333335,-0.0011833333333339802,2.0844109588136766,-0.00029233772843417836
2026-06-02 22:00:00,1.7900833333333332,-0.0037000000000002586,2.0846279679645767,0.0002170091509001569
2026-06-02 22:05:00,1.7930166666666671,0.0029333333333338985,2.0844774098839856,-0.00015055808059109068
2026-06-02 22:10:00,1.7900666666666667,-0.0029500000000004523,2.0840986785078015,-0.0003787313761841659
2026-06-02 22:15:00,1.7852500000000004,-0.004816666666666247,2.08429169148333,0.00019301297552852553
2026-06-02 22:20:00,1.7844166666666677,-0.0008333333333327975,2.1241424663411927,0.00030776891498607176
2026-06-02 22:25:00,1.7859500000000006,0.0015333333333329424,2.12424363705399,0.00010117071279680407
2026-06-02 22:30:00,1.7882711864406784,0.0023211864406778027,2.1239673461198,-0.0002762909341898529
2026-06-02 22:35:00,1.7839333333333334,-0.004337853107345024,2.123655481441895,-0.00031186467790461885
2026-06-02 22:40:00,1.7884333333333338,0.004500000000000393,2.123865659564001,0.00021017812210586984
2026-06-02 22:45:00,1.7853333333333332,-0.0031000000000005468,2.123710695342439,-0.0001549642215618014
2026-06-02 22:50:00,1.788033333333334,0.002700000000000813,2.123286336701342,-0.0004243586410973471
2026-06-02 22:55:00,1.7870500000000005,-0.000983333333333558,2.1229704663017794,-0.00031587039956254727
2026-06-02 23:00:00,1.7843000000000002,-0.0027500000000002522,2.1231766609965486,0.00020619469476907738
2026-06-02 23:05:00,1.7879333333333343,0.0036333333333340434,2.1230047917427197,-0.00017186925382895818
2026-06-02 23:10:00,1.7839666666666676,-0.003966666666666674,2.1226779434556664,-0.0003268482870533123
2026-06-02 23:15:00,1.7914000000000005,0.007433333333332959,2.1229064606673864,0.00022851721172009195
2026-06-02 23:20:00,1.7892833333333342,-0.0021166666666663225,2.1233023388966914,0.0003958782293049578
2026-06-02 23:25:00,1.7946440677966111,0.005360734463276895,2.1233997781293525,9.743923266149726e-05
2026-06-02 23:30:00,1.7852833333333338,-0.009360734463277343,2.123551964555189,0.0001521864258364662
2026-06-02 23:35:00,1.7762333333333336,-0.009050000000000225,2.1239482778261323,0.0003963132709431119
2026-06-02 23:40:00,1.7784833333333332,0.002249999999999641,2.1233719239631843,-0.0005763538629479532
2026-06-02 23:45:00,1.7756666666666674,-0.0028166666666658013,2.123445034526656,7.311056347166896e-05
2026-06-02 23:50:00,1.7649000000000006,-0.010766666666666813,2.12302535002677,-0.0004196844998860645
2026-06-02 23:55:00,1.767033333333334,0.0021333333333333204,2.122634961809674,-0.0003903882170960171
2026-06-03 00:00:00,1.7709833333333338,0.003949999999999898,2.122862747773048,0.0002277859633741363
2026-06-03 00:05:00,1.7694333333333334,-0.0015500000000003844,2.1226303187756685,-0.00023242899737953364
2026-06-03 00:10:00,1.7716666666666676,0.0022333333333341976,2.122360094207522,-0.000270224568146701
2026-06-03 00:15:00,1.7733559322033896,0.0016892655367219955,2.1226186166004117,0.0002585223928897311
2026-06-03 00:20:00,1.773433333333334,7.740112994447657e-05,2.1230833170249763,0.0004647004245649505
2026-06-03 00:25:00,1.7697500000000004,-0.003683333333333705,2.1232564428199217,0.00017312579494499164
2026-06-03 00:30:00,1.7690666666666675,-0.000683333333332925,2.123370584606519,0.0001141417865974326
2026-06-03 00:35:00,1.761883333333333,-0.00718333333333443,2.1238533009830958,0.00048271637657692123
2026-06-03 00:40:00,1.7562666666666662,-0.005616666666666825,2.1233718784005595,-0.0004814225825365846
2026-06-03 00:45:00,1.7482666666666666,-0.007999999999999563,2.1234008965042763,2.901810371721628e-05
2026-06-03 00:50:00,1.7434915254237293,-0.00477514124293732,2.1285607614675603,-0.000499349769394462
2026-06-03 00:55:00,1.7414999999999994,-0.001991525423729934,2.1278995473547244,-0.00066121411283611
2026-06-03 01:00:00,1.7310666666666665,-0.01043333333333285,2.1280347308411827,0.00013518348645837067
2026-06-03 01:05:00,1.7261333333333335,-0.004933333333333012,2.127854305320289,-0.0001804255208936398
2026-06-03 01:10:00,1.7422333333333333,0.01609999999999978,2.1280840837626194,0.00022977844233043403
2026-06-03 01:15:00,1.7354166666666662,-0.006816666666667137,2.1281180165933744,3.3932830754959026e-05
2026-06-03 01:20:00,1.7067457627118638,-0.028670903954802318,2.1284974560690126,0.00037943947563817937
2026-06-03 01:25:00,1.6915333333333333,-0.015212429378530512,2.1283549081247495,-0.00014254794426288493
2026-06-03 01:30:00,1.6615833333333339,-0.029949999999999477,2.128717041023783,0.0003621328990334766
2026-06-03 01:35:00,1.6411833333333337,-0.020400000000000196,2.128620476614053,-9.656440973021499e-05
2026-06-03 01:40:00,1.586383333333333,-0.054800000000000626,2.1291808234131797,0.000560346799126576
2026-06-03 01:45:00,1.6346166666666662,0.04823333333333313,2.129378067745006,0.00019724433182664695
2026-06-03 01:50:00,1.7229833333333333,0.08836666666666715,2.129310572997704,-6.749474730208066e-05
2026-06-03 01:55:00,1.7202542372881349,-0.0027290960451984425,2.1288089280233455,-0.0005016449743586833
2026-06-03 02:00:00,1.7169333333333325,-0.0033209039548023345,2.129431652320231,0.000622724296885719
2026-06-03 02:05:00,1.7229333333333325,0.006000000000000005,2.1287050441309967,-0.0007266081892344052
2026-06-03 02:10:00,1.7206166666666658,-0.0023166666666667446,2.1289109909316566,0.00020594680065983182
2026-06-03 02:15:00,1.7175833333333332,-0.003033333333332555,2.1289025342912966,-8.456640359956957e-06
2026-06-03 02:20:00,1.7159499999999994,-0.0016333333333338196,2.1292196830673022,0.0003171487760057474
2026-06-03 02:25:00,1.7174745762711863,0.0015245762711868505,2.129189097782155,-3.058528514718964e-05
2026-06-03 02:30:00,1.7194999999999996,0.0020254237288133137,2.1289502856660496,-0.00023881211610536537
2026-06-03 02:35:00,1.7142833333333327,-0.005216666666666869,2.1236258951078835,-0.005324390558166448
2026-06-03 02:40:00,1.715849999999999,0.001566666666666272,2.12415269838214,0.0005268032742566115
2026-06-03 02:45:00,1.7121500000000003,-0.0036999999999987043,2.124218318319143,6.561993700290911e-05
2026-06-03 02:50:00,1.6939999999999997,-0.018150000000000555,2.1242762734518057,5.795513266292567e-05
2026-06-03 02:55:00,1.682101694915255,-0.011898305084744765,2.1247132022140174,0.00043692876221157944
2026-06-03 03:00:00,1.6654166666666668,-0.016685028248588196,2.1237188330537013,-0.000994369160316156
2026-06-03 03:05:00,1.664266666666667,-0.0011499999999997623,2.1236567651239078,-6.20679297934752e-05
2026-06-03 03:10:00,1.6660333333333333,0.00176666666666625,2.123418351566403,-0.00023841355750439387
2026-06-03 03:15:00,1.6665500000000006,0.0005166666666673869,2.1233179619367792,-0.00010038962962396516
2026-06-03 03:20:00,1.6537833333333336,-0.012766666666667037,2.3674153363449424,-0.0005947676596277348
2026-06-03 03:25:00,1.647816666666667,-0.005966666666666676,2.367754648796041,0.00033931245109856554
2026-06-03 03:30:00,1.6337966101694916,-0.014020056497175304,2.367802491443445,4.784264740406221e-05
2026-06-03 03:35:00,1.622783333333333,-0.011013276836158603,2.3688848665066473,0.001082375063202354
2026-06-03 03:40:00,1.6200999999999994,-0.002683333333333593,2.3692259559503404,0.0003410894436928682
2026-06-03 03:45:00,1.5866666666666664,-0.03343333333333298,2.3691420346239243,-8.392132641591808e-05
2026-06-03 03:50:00,1.5817,-0.004966666666666342,2.368665754825895,-0.000476279798029312
2026-06-03 03:55:00,1.5772166666666665,-0.004483333333333617,2.3691872222576773,0.000521467431782248
2026-06-03 04:00:00,1.5757166666666669,-0.0014999999999996128,2.3680510790022886,-0.0011361432553888026
2026-06-03 04:05:00,1.572466666666667,-0.003249999999999975,2.368080617663981,2.9538661692348694e-05
2026-06-03 04:10:00,1.5815932203389833,0.009126553672316406,2.3678350466058458,-0.0002455710581348279
2026-06-03 04:15:00,1.6103166666666655,0.0287234463276822,2.3679264962572804,9.144965143439178e-05
2026-06-03 04:20:00,1.6760499999999996,0.06573333333333409,2.3675966905105383,-0.00032980574674207764
2026-06-03 04:25:00,1.6814,0.00535000000000041,2.3680693905581296,0.00047270004759152463
2026-06-03 04:30:00,1.674800000000001,-0.006599999999999051,2.368355773696365,0.0002863831382351015
2026-06-03 04:35:00,1.6682372881355936,-0.006562711864407378,2.3695692637604195,0.0012134900640548075
2026-06-03 04:40:00,1.6653666666666664,-0.002870621468927137,2.369972212874072,0.000402949113652291
2026-06-03 04:45:00,1.6717500000000003,0.0063833333333338516,2.3699107238499257,-6.148902414611136e-05
2026-06-03 04:50:00,1.6655833333333334,-0.006166666666666876,2.3694022149891305,-0.0005085088607954905
2026-06-03 04:55:00,1.6564833333333338,-0.009099999999999664,2.3699719816563385,0.000569766667208322
2026-06-03 05:00:00,1.6557500000000003,-0.0007333333333334746,2.368770792006809,-0.0012011896495296435
2026-06-03 05:05:00,1.6445666666666672,-0.011183333333333101,2.368816589900311,4.579789350214495e-05
2026-06-03 05:10:00,1.6389666666666673,-0.005599999999999827,2.368523319250371,-0.0002932706499398026
2026-06-03 05:15:00,1.6358813559322039,-0.003085310734463498,2.368669837503078,0.00014651825270666874
2026-06-03 05:20:00,1.6295333333333326,-0.006348022598871239,2.3685547548082098,-0.00011508269486842144
2026-06-03 05:25:00,1.6274166666666658,-0.0021166666666667666,2.369028381719679,0.00047362691146932704
2026-06-03 05:30:00,1.6214333333333326,-0.0059833333333332295,2.3696204449995233,0.0005920632798443547
2026-06-03 05:35:00,1.6146833333333328,-0.006749999999999812,2.3708211346969645,0.001200689697441074
2026-06-03 05:40:00,1.6056333333333335,-0.009049999999999336,2.3712504788114663,0.0004293441145020925
2026-06-03 05:45:00,1.598749999999999,-0.006883333333334463,2.3711723857127307,-7.809309873598151e-05
2026-06-03 05:50:00,1.6013333333333326,0.002583333333333604,2.0048720143464087,-0.0005274085344659481
2026-06-03 05:55:00,1.59885,-0.0024833333333325047,2.005480086269356,0.0006080719229475509
2026-06-03 06:00:00,1.6045999999999991,0.005749999999999034,2.004342548399269,-0.0011375378700871203
2026-06-03 06:05:00,1.5996271186440674,-0.004972881355931769,2.0043501612672006,7.612867931428172e-06
2026-06-03 06:10:00,1.60415,0.004522881355932595,2.0039898228111883,-0.0003603384560121113
2026-06-03 06:15:00,1.599283333333333,-0.004866666666667019,2.004085965751017,9.614293982860715e-05
2026-06-03 06:20:00,1.603233333333334,0.003950000000001008,2.004181524604829,9.555885381194478e-05
2026-06-03 06:25:00,1.6078166666666667,0.0045833333333327175,2.0045335749947557,0.0003520503899265793
2026-06-03 06:30:00,1.6111500000000005,0.0033333333333338544,2.0054697482245496,0.0009361732297938882
2026-06-03 06:35:00,1.6064666666666665,-0.004683333333334039,2.0065206006413767,0.0010508524168271116
2026-06-03 06:40:00,1.606133333333333,-0.00033333333333351867,2.0069386371095455,0.000418036468168809
2026-06-03 06:45:00,1.6067333333333336,0.0006000000000006,2.0068058127322024,-0.00013282437734301407
2026-06-03 06:50:00,1.6072666666666668,0.0005333333333332746,2.006137186482006,-0.0006686262501963805
2026-06-03 06:55:00,1.613152542372881,0.005885875706214128,2.006855589588055,0.000718403106049012
2026-06-03 07:00:00,1.6146166666666661,0.001464124293785174,2.0063584832512085,-0.0004971063368465061
2026-06-03 07:05:00,1.6177999999999997,0.003183333333333538,2.005922865937933,-0.00043561731327551313
2026-06-03 07:10:00,1.6179999999999997,0.00019999999999997797,2.005698481952951,-0.00022438398498178427
2026-06-03 07:15:00,1.6140666666666659,-0.003933333333333788,2.005742130004916,4.3648051964828856e-05
2026-06-03 07:20:00,1.6172333333333329,0.003166666666666984,2.0058936460351315,0.00015151603021548704
2026-06-03 07:25:00,1.6159333333333339,-0.0012999999999989686,2.0059234976075024,2.985157237088277e-05
2026-06-03 07:30:00,1.5891333333333328,-0.026800000000001045,2.0071260107829407,0.0012025131754384724
2026-06-03 07:35:00,2.5868305084745775,0.9976971751412447,2.008030679139863,0.0009046683569224314
2026-06-03 07:40:00,2.6412000000000004,0.05436949152542292,2.008390403044793,0.0003597239049298891
2026-06-03 07:45:00,2.600383333333333,-0.04081666666666761,2.0080963347844594,-0.0002940682603337531
2026-06-03 07:50:00,2.6809166666666675,0.08053333333333468,2.0072526001387656,-0.0008437346456937392
2026-06-03 07:55:00,1.0341833333333335,-1.646733333333334,2.0078307064292322,0.0005781062904664324
2026-06-03 08:00:00,1.8953220338983046,0.8611387005649711,2.008133675888184,0.0003029694589519162
2026-06-03 08:05:00,2.6883333333333326,0.793011299435028,2.0066307504985224,-0.0015029253896617029
2026-06-03 08:10:00,2.6754166666666674,-0.012916666666665133,2.006705890160319,7.513966179648217e-05
2026-06-03 08:15:00,2.684516666666667,0.009099999999999664,2.006540391148692,-0.0001654990116270518
2026-06-03 08:20:00,2.686233333333334,0.0017166666666668107,1.9247165437957405,6.880413319621908e-05
2026-06-03 08:25:00,2.6917499999999994,0.005516666666665504,1.9244077295663942,-0.000308814229346381
2026-06-03 08:30:00,2.6919333333333335,0.0001833333333340903,1.9255069001890828,0.0010991706226885227
2026-06-03 08:35:00,2.689266666666667,-0.002666666666666373,1.9263865214948803,0.0008796213057975963
2026-06-03 08:40:00,2.691516666666667,0.002249999999999641,1.926642063156832,0.00025554166195166153
2026-06-03 08:45:00,2.6929830508474577,0.001466384180790925,1.926199739672724,-0.0004423234841081116
2026-06-03 08:50:00,2.6822999999999992,-0.010683050847458464,1.9253876328251143,-0.0008121068476096495
2026-06-03 08:55:00,2.680666666666666,-0.0016333333333333755,1.9257182166875761,0.00033058386246197886
2026-06-03 09:00:00,2.6805666666666665,-9.999999999932285e-05,1.9259839673289365,0.00026575064136035635
2026-06-03 09:05:00,2.6832833333333332,0.0027166666666667005,1.9241499893862846,-0.0018339779426520641
2026-06-03 09:10:00,2.6883333333333317,0.005049999999998445,1.9242001006171094,5.011123082502883e-05
2026-06-03 09:15:00,2.7171999999999996,0.02886666666666793,1.923905658821143,-0.0002944417959666603
2026-06-03 09:20:00,2.723166666666667,0.005966666666667564,1.9238276593413475,-7.799947979535587e-05
2026-06-03 09:25:00,2.725266666666666,0.0020999999999986585,1.923329383774409,-0.0004982755669385697
2026-06-03 09:30:00,2.7178813559322035,-0.007385310734462358,1.9242343906898687,0.0009050069154596496
2026-06-03 09:35:00,2.717949999999999,6.864406779572008e-05,1.925069341370965,0.0008349506810964785
2026-06-03 09:40:00,2.717516666666666,-0.00043333333333306356,1.9252153683894702,0.00014602701850505124
2026-06-03 09:45:00,2.7146166666666653,-0.002900000000000791,1.9246206538268562,-0.0005947145626140171
2026-06-03 09:50:00,2.7146333333333326,1.6666666667219943e-05,1.9238216940678754,-0.0007989597589807296
2026-06-03 09:55:00,2.7146666666666666,3.3333333333995796e-05,1.9240065322391744,0.00018483817129905106
2026-06-03 10:00:00,2.7121333333333317,-0.0025333333333348307,1.9242132157192053,0.00020668348003082134
2026-06-03 10:05:00,2.7127666666666665,0.0006333333333348179,1.9222171486030954,-0.001996067116109809
2026-06-03 10:10:00,2.71365,0.0008833333333333471,1.9222338756322017,1.672702910630272e-05
2026-06-03 10:15:00,2.708372881355931,-0.005277118644068768,1.9218934697798595,-0.00034040585234211887
2026-06-03 10:20:00,2.709116666666666,0.0007437853107350456,1.9216575153497517,-0.0002359544301078471
2026-06-03 10:25:00,2.6971499999999997,-0.011966666666666459,1.9210543213403704,-0.0006031940093814465
2026-06-03 10:30:00,2.704933333333332,0.007783333333332365,1.921791094213884,0.000736772873513712
2026-06-03 10:35:00,2.7045833333333325,-0.0003499999999996284,1.9226318189299367,0.0008407247160526354
2026-06-03 10:40:00,2.7015999999999996,-0.0029833333333328937,1.9227237848001257,9.196587018912888e-05
2026-06-03 10:45:00,2.6992166666666666,-0.00238333333333296,1.9220844595012767,-0.0006393252988491984
2026-06-03 10:50:00,2.6972333333333323,-0.001983333333334336,1.766367242513361,-0.0005738789856447016
2026-06-03 10:55:00,2.698183333333333,0.0009500000000008946,1.7665402455746473,0.00017300306128639802
2026-06-03 11:00:00,2.702135593220339,0.003952259887005649,1.7666829366915286,0.00014269111688130424
2026-06-03 11:05:00,2.6931333333333334,-0.009002259887005426,1.7646084727796336,-0.00207446391189502
2026-06-03 11:10:00,2.6987333333333345,0.00560000000000116,1.7646513853365688,4.291255693520698e-05
2026-06-03 11:15:00,2.696516666666667,-0.0022166666666674217,1.7644237956113555,-0.00022758972521330433
2026-06-03 11:20:00,2.694616666666666,-0.001900000000000901,1.764022102752105,-0.00040169285925049887
2026-06-03 11:25:00,2.695783333333334,0.0011666666666676484,1.7640482960502868,2.6193298181946743e-05
2026-06-03 11:30:00,2.6947333333333336,-0.0010500000000002174,1.7643294423784865,0.00028114632819965964
2026-06-03 11:35:00,2.6935166666666666,-0.0012166666666670878,1.7654772435161594,0.0011478011376727954
2026-06-03 11:40:00,2.691416666666667,-0.0020999999999995467,1.7662042310907515,0.0007269875745922661
2026-06-03 11:45:00,2.6958644067796604,0.004447740112993426,1.7666605523900676,0.0004563212993159185
2026-06-03 11:50:00,2.6976333333333327,0.0017689265536722232,1.76693700505421,0.000276452664142365
2026-06-03 11:55:00,2.6870666666666665,-0.010566666666666169,1.7673628566120558,0.00042585155784604723
2026-06-03 12:00:00,2.687133333333334,6.66666666675475e-05,1.7677514741581106,0.00038861754605462617
2026-06-03 12:05:00,2.68855,0.0014166666666661776,1.765686057463506,-0.002065416694604549
2026-06-03 12:10:00,2.6873666666666676,-0.001183333333332648,1.7655646624936323,-0.00012139496987373286
2026-06-03 12:15:00,2.687733333333334,0.00036666666666640424,1.7649222303819692,-0.0006424321116632087
2026-06-03 12:20:00,2.686166666666667,-0.0015666666666671603,1.764168351610333,-0.0007538787716361398
2026-06-03 12:25:00,2.683866666666667,-0.0022999999999999687,1.7647076419346515,0.0005392903243185095
2026-06-03 12:30:00,2.6868983050847453,0.0030316384180784084,1.7654236645397028,0.0007160226050513843
2026-06-03 12:35:00,2.6864333333333335,-0.00046497175141180236,1.7664244673887457,0.001000802849042964
2026-06-03 12:40:00,2.687466666666667,0.0010333333333334416,1.7669986887182008,0.0005742213294549938
2026-06-03 12:45:00,2.6833666666666662,-0.004100000000000659,1.7672666033915156,0.00026791467331491365
2026-06-03 12:50:00,2.683033333333334,-0.00033333333333240844,1.7673522848623937,8.568147087811311e-05
2026-06-03 12:55:00,2.6837,0.0006666666666661492,1.7674027700774637,5.04852150698957e-05
2026-06-03 13:00:00,2.69185,0.008150000000000102,1.7684913054331666,0.0010885353557029149
2026-06-03 13:05:00,2.685733333333334,-0.006116666666665882,1.76874924999751,0.0002579445643432755
2026-06-03 13:10:00,2.6908166666666675,0.005083333333333329,1.7688124461117578,6.319611424785443e-05
2026-06-03 13:15:00,2.694271186440678,0.003454519774010567,1.7680159780238376,-0.0007964680879202624
2026-06-03 13:20:00,2.684833333333332,-0.009437853107346239,1.7268250118674944,3.256491052076479e-05
2026-06-03 13:25:00,2.686066666666667,0.001233333333335196,1.7274363994730493,0.0006113876055547734
2026-06-03 13:30:00,2.686799999999999,0.0007333333333319203,1.7265207715618136,-0.0009156279112356839
2026-06-03 13:35:00,2.68785,0.0010500000000011056,1.7270912719477838,0.0005705003859703104
2026-06-03 13:40:00,2.6859000000000006,-0.0019499999999994522,1.7271534480122044,6.21760644206188e-05
2026-06-03 13:45:00,2.6907,0.004799999999999471,1.7270393737640093,-0.00011407424819515797
2026-06-03 13:50:00,2.6937666666666673,0.003066666666667217,1.7266521888331359,-0.00038718493087349845
2026-06-03 13:55:00,2.6888166666666673,-0.00495000000000001,1.7260937368860758,-0.0005584519470600744
2026-06-03 14:00:00,2.6904237288135593,0.001607062146891991,1.7262931647562214,0.0001994278701456384
2026-06-03 14:05:00,2.6879500000000003,-0.0024737288135590063,1.7255956122913259,-0.0006975524648954644
2026-06-03 14:10:00,2.6888833333333335,0.0009333333333332305,1.724726982196802,-0.0008686300945237688
2026-06-03 14:15:00,2.6922666666666664,0.0033833333333328497,1.724858127427881,0.0001311452310789016
2026-06-03 14:20:00,2.6922333333333337,-3.333333333266353e-05,1.7245268219785745,-0.00033130544930638203
2026-06-03 14:25:00,2.693383333333333,0.0011499999999990962,1.7239020299127314,-0.0006247920658430706
2026-06-03 14:30:00,2.691,-0.00238333333333296,1.724693699937409,0.0007916700246773696
2026-06-03 14:35:00,2.6871166666666664,-0.0038833333333334608,1.7252766439251717,0.0005829439877627338
2026-06-03 14:40:00,2.690266666666666,0.003149999999999764,1.7257575443763042,0.0004809004511326313
2026-06-03 14:45:00,2.686881355932202,-0.003385310734464131,1.7260468613213882,0.0002893169450838959
2026-06-03 14:50:00,2.694916666666667,0.00803531073446484,1.7260967527598938,4.989143850573395e-05
2026-06-03 14:55:00,2.69455,-0.00036666666666684833,1.7264279236791946,0.00033117091930069686
2026-06-03 15:00:00,2.6966833333333327,0.0021333333333326543,1.7265629739820003,0.00013505030280580485
2026-06-03 15:05:00,2.6837833333333334,-0.012899999999999245,1.7260135553945515,-0.0005494185874489591
2026-06-03 15:10:00,2.692266666666666,0.00848333333333251,1.725975680176792,-3.787521775937078e-05
2026-06-03 15:15:00,2.698066666666667,0.005800000000001138,1.725791931411639,-0.00018374876515298775
2026-06-03 15:20:00,2.692683333333333,-0.005383333333333962,1.7253130406605643,-0.00047889075107467684
2026-06-03 15:25:00,2.693016666666667,0.0003333333333337407,1.723931924396572,-0.0013811162639923954
2026-06-03 15:30:00,2.6906440677966095,-0.002372598870057363,1.724963381947661,0.0010314575510890244
2026-06-03 15:35:00,2.2108000000000008,-0.4798440677966087,1.7274318818039283,0.002468499856267178
2026-06-03 15:40:00,2.113783333333333,-0.09701666666666764,1.7280394736787872,0.0006075918748590001
2026-06-03 15:45:00,2.1145499999999995,0.0007666666666663602,1.72839545053309,0.0003559768543029159
2026-06-03 15:50:00,2.1161333333333334,0.0015833333333339361,1.6714675756977602,0.00014079738956471573
2026-06-03 15:55:00,2.113466666666666,-0.002666666666667261,1.6715970061388943,0.00012943044113408874
2026-06-03 16:00:00,2.1163,0.0028333333333336874,1.6721216095645108,0.0005246034256164685
2026-06-03 16:05:00,2.117316666666666,0.0010166666666662216,1.6717912646204198,-0.0003303449440910299
2026-06-03 16:10:00,2.1161499999999998,-0.0011666666666663161,1.6718738984119184,8.263379149854144e-05
2026-06-03 16:15:00,2.1198644067796604,0.0037144067796606173,1.671691669624329,-0.00018222878758932686
2026-06-03 16:20:00,2.120816666666667,0.0009522598870064236,1.6714036655260491,-0.00028800409827992854
2026-06-03 16:25:00,2.1148666666666665,-0.005950000000000344,1.6703383850200189,-0.001065280506030093
2026-06-03 16:30:00,2.1201333333333334,0.005266666666666975,1.6715357026668354,0.0011973176468164652
2026-06-03 16:35:00,2.115366666666666,-0.004766666666667252,1.672180262652473,0.0006445599856377364
2026-06-03 16:40:00,2.1227833333333335,0.007416666666667293,1.6728751124154029,0.0006948497629297539
2026-06-03 16:45:00,2.129733333333333,0.006949999999999346,1.6733342702938219,0.0004591578784189432
2026-06-03 16:50:00,2.1298,6.666666666710341e-05,1.6734905186823295,0.00015624838850757987
2026-06-03 16:55:00,2.1257166666666674,-0.0040833333333325506,1.6738986521546908,0.0004081334723613977
2026-06-03 17:00:00,2.1271016949152535,0.0013850282485861065,1.674202003906538,0.0003033517518472189
2026-06-03 17:05:00,2.126016666666666,-0.0010850282485872498,1.673886761540716,-0.00031524236582192573
2026-06-03 17:10:00,2.1249333333333333,-0.001083333333332881,1.6740434242572186,0.00015666271650251022
2026-06-03 17:15:00,2.1268999999999996,0.001966666666666228,1.67395823171797,-8.519253924863927e-05
2026-06-03 17:20:00,2.12615,-0.0007499999999995843,1.673699216977416,-0.00025901474055394733
2026-06-03 17:25:00,2.1278333333333337,0.001683333333333703,1.672746299285706,-0.0009529176917098838
2026-06-03 17:30:00,2.1274833333333336,-0.0003500000000000725,1.6741540186312847,0.0014077193455784784
2026-06-03 17:35:00,2.1247,-0.002783333333333804,1.6748083193388195,0.0006543007075349249
2026-06-03 17:40:00,2.1291833333333328,0.004483333333332951,1.6755357202222572,0.0007274008834375871
2026-06-03 17:45:00,2.127,-0.002183333333332982,1.6760367865057715,0.0005010662835144313
2026-06-03 17:50:00,2.129783333333333,0.00278333333333336,1.6762599442807162,0.00022315777494457718
2026-06-03 17:55:00,2.1233666666666666,-0.006416666666666515,1.6765359726886455,0.00027602840792946413
2026-06-03 18:00:00,2.126683333333333,0.0033166666666661904,1.6770832997945708,0.0005473271059250985
2026-06-03 18:05:00,2.1272333333333333,0.0005500000000004945,1.6768209508577352,-0.00026234893683562446
2026-06-03 18:10:00,2.1245499999999997,-0.002683333333333593,1.6769279592979551,0.0001070084402200524
2026-06-03 18:15:00,2.1239166666666676,-0.0006333333333321534,1.6768890337200388,-3.892557791630888e-05
2026-06-03 18:20:00,2.1258,0.0018833333333323488,1.596003550083932,-9.111240661601598e-05
2026-06-03 18:25:00,2.1246271186440673,-0.0011728813559326312,1.595778703028775,-0.00022484705515719063
2026-06-03 18:30:00,2.1217999999999995,-0.0028271186440678164,1.5970707031951952,0.001292000166420273
2026-06-03 18:35:00,2.1223666666666667,0.0005666666666672704,1.5976224704249369,0.0005517672297417138
2026-06-03 18:40:00,2.1237166666666663,0.0013499999999995183,1.5983008237019953,0.0006783532770584071
2026-06-03 18:45:00,2.1213,-0.0024166666666660674,1.5987645869432725,0.00046376324127721924
2026-06-03 18:50:00,2.1221499999999995,0.0008499999999993513,1.5990036612204814,0.00023907427720890875
2026-06-03 18:55:00,2.1253,0.0031500000000006523,1.599110617785368,0.00010695656488666526
2026-06-03 19:00:00,2.1250166666666668,-0.00028333333333341315,1.599692522005848,0.0005819042204800097
2026-06-03 19:05:00,2.1210333333333335,-0.003983333333333228,1.5994522571804233,-0.00024026482542468326
2026-06-03 19:10:00,2.1233050847457626,0.0022717514124290794,1.5992233544711223,-0.0002289027093011647
2026-06-03 19:15:00,2.1213999999999995,-0.0019050847457631193,1.5993336573779815,0.00011030290685924026
2026-06-03 19:20:00,2.1231999999999998,0.0018000000000002458,1.5994317717438367,9.811436585511669e-05
2026-06-03 19:25:00,2.122883333333333,-0.00031666666666696486,1.6003608449554192,0.0009290732115826251
2026-06-03 19:30:00,2.1232166666666665,0.0003333333333337407,1.6011851624436937,0.0008243174882743972
2026-06-03 19:35:00,2.1214833333333334,-0.0017333333333331424,1.6009421530282952,-0.00024300941539830107
2026-06-03 19:40:00,2.119666666666666,-0.0018166666666674658,1.6013941825654503,0.0004520295371549485
2026-06-03 19:45:00,2.123599999999999,0.0039333333333329,1.6015936293323412,0.00019944676689090174
2026-06-03 19:50:00,2.1277,0.004100000000001103,1.6015261788955821,-6.745043675895867e-05
2026-06-03 19:55:00,2.123220338983051,-0.004479661016949077,1.6012593197018041,-0.000266859193778109
2026-06-03 20:00:00,2.1294333333333335,0.0062129943502826634,1.6015986660125698,0.0003393463107657134
2026-06-03 20:05:00,2.125316666666666,-0.0041166666666674345,1.6013787955584942,-0.0002198704540755713
2026-06-03 20:10:00,2.1281,0.002783333333333804,1.6009552442187043,-0.00042355133978999593
2026-06-03 20:15:00,2.1295666666666664,0.0014666666666665051,1.601168716882842,0.0002134726641376208
2026-06-03 20:20:00,2.125233333333333,-0.0043333333333333,1.6015107342621366,0.0003420173792949194
2026-06-03 20:25:00,2.130566666666667,0.005333333333334078,1.6017905617142085,0.0002798274520716835
2026-06-03 20:30:00,2.1350333333333333,0.004466666666666175,1.603067646975396,0.0012770852611874693
2026-06-03 20:35:00,2.132833333333333,-0.002200000000000202,1.602420449528914,-0.0006471974464817323
2026-06-03 20:40:00,2.133677966101695,0.000844632768361997,1.602707781227811,0.0002873316988969234
2026-06-03 20:45:00,2.13585,0.0021720338983048926,1.6025684442334573,-0.00013933699435363746
2026-06-03 20:50:00,2.131866666666667,-0.003983333333333228,1.8306488870418125,-0.0004941180272476206
2026-06-03 20:55:00,2.1291333333333338,-0.0027333333333330323,1.8302377986234573,-0.0004110884183551034
2026-06-03 21:00:00,2.1301666666666668,0.0010333333333329975,1.830435436257268,0.0001976376338105768
2026-06-03 21:05:00,2.14875,0.018583333333333396,1.830116605533978,-0.00031883072329008146
2026-06-03 21:10:00,2.13555,-0.013200000000000323,1.8294511894802432,-0.0006654160537346337
2026-06-03 21:15:00,2.113599999999999,-0.021950000000000802,1.8295316173203735,8.042784013031815e-05
2026-06-03 21:20:00,2.132406779661018,0.018806779661018957,1.8295930860717406,6.146875136720306e-05
2026-06-03 21:25:00,2.1346333333333334,0.00222655367231539,1.8291409855809222,-0.0004521004908184495
2026-06-03 21:30:00,2.1370166666666672,0.002383333333333848,1.8343185050540638,0.005177519473141446
2026-06-03 21:35:00,2.131166666666667,-0.005850000000000133,1.8336084490744653,-0.0007100559795983358
2026-06-03 21:40:00,2.13145,0.00028333333333296906,1.8333595952294188,-0.0002488538450465912
2026-06-03 21:45:00,2.132283333333334,0.0008333333333339077,1.8329398105852095,-0.0004197846442092652
2026-06-03 21:50:00,2.134133333333333,0.0018499999999992411,1.832390426709742,-0.0005493838754675919
2026-06-03 21:55:00,2.1399833333333333,0.005850000000000133,1.8319955670800177,-0.00039485962972427165
2026-06-03 22:00:00,2.1337666666666673,-0.006216666666666093,1.8321060776092437,0.0001105105292260343
2026-06-03 22:05:00,2.1450000000000005,0.011233333333333206,1.831826603910558,-0.00027947369868562707
2026-06-03 22:10:00,2.1382833333333333,-0.006716666666667148,1.831261560782546,-0.0005650431280120882
2026-06-03 22:15:00,2.134533333333334,-0.003749999999999254,1.8313726337539094,0.00011107297136332949
2026-06-03 22:20:00,2.133333333333333,-0.0012000000000012,1.831531596962859,0.00015896320894970728
2026-06-03 22:25:00,2.135100000000001,0.0017666666666680264,1.8311592522658884,-0.0003723446969706322
2026-06-03 22:30:00,2.1336333333333335,-0.0014666666666673933,1.8378456045281912,0.006686352262302798
2026-06-03 22:35:00,2.1365166666666666,0.002883333333333127,1.8375500646378824,-0.0002955398903088728
2026-06-03 22:40:00,2.1353166666666668,-0.0011999999999998678,1.8372975654621904,-0.0002524991756920201
2026-06-03 22:45:00,2.135593220338983,0.00027655367231638195,1.8369091950295942,-0.0003883704325960855
2026-06-03 22:50:00,2.138183333333333,0.002590112994349969,1.8363596278230452,-0.000549567206548981
2026-06-03 22:55:00,2.1349666666666662,-0.0032166666666668675,1.8359290389987526,-0.00043058882429261076
2026-06-03 23:00:00,2.136183333333333,0.0012166666666666437,1.8360410883786056,0.0001120493798529511
2026-06-03 23:05:00,2.1379333333333337,0.0017500000000008065,1.8357599931187145,-0.00028109525989098897
2026-06-03 23:10:00,2.1383500000000004,0.0004166666666667318,1.835280557739922,-0.0004794353787925069
2026-06-03 23:15:00,2.1354,-0.00295000000000023,1.8354590779350433,0.00017852019512115523
2026-06-03 23:20:00,2.1378166666666676,0.0024166666666673997,1.7997590058002844,0.00035763655349173475
2026-06-03 23:25:00,2.136416666666667,-0.001400000000000734,1.7997325525202565,-2.6453280027814765e-05
2026-06-03 23:30:00,2.137203389830509,0.0007867231638423178,1.799746341333429,1.3788813172501507e-05
2026-06-03 23:35:00,2.1403333333333334,0.0031299435028242506,1.8030164589334203,0.0032701175999914033
2026-06-03 23:40:00,2.135483333333333,-0.004850000000000243,1.8023824041461012,-0.0006340547873192131
2026-06-03 23:45:00,2.1375,0.0020166666666669997,1.8023236050778122,-5.879906828899355e-05
2026-06-03 23:50:00,2.1347666666666663,-0.0027333333333339205,1.8018232160331364,-0.000500389044675663
2026-06-03 23:55:00,2.1385333333333336,0.003766666666667362,1.8013565877813478,-0.0004666282517887524
2026-06-04 00:00:00,2.139433333333334,0.000900000000000567,1.8015281768235885,0.00017158904224068853
2026-06-04 00:05:00,2.1364000000000005,-0.0030333333333336654,1.8012076384870985,-0.00032053833648998517
2026-06-04 00:10:00,2.135999999999999,-0.0004000000000017323,1.8008403081729953,-0.00036733031410303944
2026-06-04 00:15:00,2.1377627118644065,0.0017627118644076845,1.801055709214383,0.00021540104138773888
2026-06-04 00:20:00,2.1401499999999998,0.0023872881355933018,1.8014934131374372,0.00043770392305406554
2026-06-04 00:25:00,2.1384333333333334,-0.0017166666666663666,1.8016234506650797,0.00013003752764241574
2026-06-04 00:30:00,2.1361833333333333,-0.0022500000000000853,1.8015258207811113,-9.76298839682984e-05
2026-06-04 00:35:00,2.13775,0.0015666666666667162,1.8044022507435764,0.002876429962465152
2026-06-04 00:40:00,2.1412666666666667,0.0035166666666666124,1.8038702120698005,-0.0005320386737759855
2026-06-04 00:45:00,2.1404,-0.0008666666666665712,1.8038275587989427,-4.265327085766991e-05
2026-06-04 00:50:00,2.1391833333333334,-0.0012166666666666437,1.8032771908545746,-0.0005503679443682155
2026-06-04 00:55:00,2.1425666666666667,0.0033833333333332938,1.8025696339858384,-0.0007075568687363422
2026-06-04 01:00:00,2.1395084745762714,-0.003058192090395373,1.802680073465103,0.00011043947926464662
2026-06-04 01:05:00,2.1389333333333336,-0.0005751412429377822,1.802415158157417,-0.00026491530768580387
2026-06-04 01:10:00,2.1421333333333337,0.0032000000000000917,1.8026006841735271,0.00018552601610996648
2026-06-04 01:15:00,2.1398166666666665,-0.0023166666666671887,1.8025967429588625,-3.9412146645163414e-06
2026-06-04 01:20:00,2.137983333333333,-0.0018333333333333535,1.802965864172803,0.00036912121394056847
2026-06-04 01:25:00,2.143716666666667,0.005733333333334034,1.8027374431835248,-0.00022842098927828138
2026-06-04 01:30:00,2.141666666666667,-0.0020500000000001073,1.8036915750587663,0.0009541318752415525
2026-06-04 01:35:00,2.141466666666667,-0.00019999999999997797,1.8035722779342074,-0.0001192971245590751
2026-06-04 01:40:00,2.1421500000000004,0.0006833333333333691,1.8040987285783956,0.0005264506441881796
2026-06-04 01:45:00,2.142169491525423,1.9491525422576927e-05,1.804256632093383,0.0001579035149875728
2026-06-04 01:50:00,2.1395,-0.0026694915254230622,1.6394081106963498,-9.44587179416435e-05
2026-06-04 01:55:00,2.1389833333333343,-0.0005166666666656106,1.6388850236263734,-0.0005230870699764063
2026-06-04 02:00:00,2.1397833333333334,0.0007999999999990237,1.6395016152608055,0.0006165916344319127
2026-06-04 02:05:00,2.145616666666667,0.005833333333333801,1.6387364842054668,-0.0007651310553386456
2026-06-04 02:10:00,2.14255,-0.003066666666667217,1.6389092242266585,0.00017274002119180434
2026-06-04 02:15:00,2.149416666666667,0.006866666666667243,1.6388543404628486,-5.488376380988166e-05
2026-06-04 02:20:00,2.149016666666666,-0.0004000000000012882,1.6391739429826924,0.0003196025198437326
2026-06-04 02:25:00,2.151133333333333,0.0021166666666672107,1.639265864176094,9.192119340161992e-05
2026-06-04 02:30:00,2.146949152542373,-0.004184180790959946,1.639205945307332,-5.991886876200951e-05
2026-06-04 02:35:00,2.144716666666666,-0.002232485875707013,1.6388760763504437,-0.0003298689568883472
2026-06-04 02:40:00,2.1451166666666674,0.0004000000000012882,1.6393516579194938,0.000475581569050028
2026-06-04 02:45:00,2.1511166666666672,0.005999999999999783,1.6392639507012927,-8.770721820109668e-05
2026-06-04 02:50:00,2.1496666666666666,-0.0014500000000006175,1.639252966673379,-1.0984027913551775e-05
2026-06-04 02:55:00,2.1520666666666672,0.002400000000000624,1.639671653026197,0.0004186863528178399
2026-06-04 03:00:00,2.152200000000001,0.00013333333333376274,1.6386759664190316,-0.0009956866071653895
2026-06-04 03:05:00,2.1495333333333337,-0.002666666666667261,1.638607192021491,-6.87743975404661e-05
2026-06-04 03:10:00,2.153389830508475,0.00385649717514136,1.6383306130191568,-0.0002765790023342726
2026-06-04 03:15:00,2.1509666666666662,-0.002423163841808851,1.6381977451770078,-0.00013286784214903323
2026-06-04 03:20:00,2.149866666666667,-0.0010999999999992127,1.637709077671757,-0.0004886675052507063
2026-06-04 03:25:00,2.1498666666666666,-4.440892098500626e-16,1.6381076664262237,0.0003985887544667563
2026-06-04 03:30:00,2.1516166666666674,0.0017500000000008065,1.638202808430538,9.514200431409395e-05
2026-06-04 03:35:00,2.1524333333333336,0.0008166666666662437,1.6393544010220011,0.00115159259146319
2026-06-04 03:40:00,2.1513000000000004,-0.0011333333333332085,1.6396853478314424,0.00033094680944138234
2026-06-04 03:45:00,2.1472333333333333,-0.004066666666667107,1.6395580792418978,-0.00012726858954471636
2026-06-04 03:50:00,2.1488000000000005,0.0015666666666671603,1.6390694574433868,-0.000488621798510877
2026-06-04 03:55:00,2.151508474576272,0.0027084745762713247,1.6395912956727439,0.000521838229357094
2026-06-04 04:00:00,2.1523333333333334,0.0008248587570616195,1.6384586123412308,-0.0011326833315130872
2026-06-04 04:05:00,2.1502499999999993,-0.002083333333334103,1.6384839821134878,2.5369772256953034e-05
2026-06-04 04:10:00,2.1487666666666665,-0.001483333333332837,1.6381928045519953,-0.0002911775614924284
2026-06-04 04:15:00,2.1490000000000005,0.00023333333333397377,1.6381746730584015,-1.813149359391996e-05
2026-06-04 04:20:00,2.1486499999999995,-0.00035000000000096065,1.7033830237791456,-0.00026666178225049985
2026-06-04 04:25:00,2.1510517241379308,0.0024017241379312715,1.703890588010166,0.0005075642310204678
2026-06-04 04:30:00,2.149551724137932,-0.0014999999999987246,1.7041823616742973,0.0002917736641310766
2026-06-04 04:35:00,2.1495762711864406,2.454704850851641e-05,1.7054936198350723,0.0013112581607751335
2026-06-04 04:40:00,2.1496333333333335,5.706214689293887e-05,1.7058924311158992,0.00039881128082686854
2026-06-04 04:45:00,2.1501500000000004,0.0005166666666669428,1.7059354976579633,4.306654206396892e-05
2026-06-04 04:50:00,2.1481666666666674,-0.001983333333333004,1.7054547165857727,-0.00048078107219037223
2026-06-04 04:55:00,2.1479090909090917,-0.00025757575757578977,1.7060154078614365,0.0005606912756637071
2026-06-04 05:00:00,2.1513000000000004,0.003390909090908778,1.7048147040674346,-0.0012007037940019595
2026-06-04 05:05:00,2.1494000000000004,-0.0019000000000000128,1.704864472473963,4.9768406528436194e-05
2026-06-04 05:10:00,2.150950000000001,0.0015500000000003844,1.7045624539034028,-0.0003020185705601665
2026-06-04 05:15:00,2.151203389830509,0.000253389830508155,1.7046176487766307,5.5194873227838224e-05
2026-06-04 05:20:00,2.1512833333333337,7.994350282469753e-05,1.704538315543415,-7.933323321563706e-05
2026-06-04 05:25:00,2.151666666666666,0.0003833333333322919,1.7050382743516632,0.0004999588082481739
2026-06-04 05:30:00,2.1491833333333337,-0.0024833333333322827,1.7056120682287323,0.000573793877069074
2026-06-04 05:35:00,2.155616666666667,0.006433333333333291,1.706759747575715,0.0011476793469828396
2026-06-04 05:40:00,2.1521000000000003,-0.0035166666666666124,1.7071451840743783,0.00038543649866321723
2026-06-04 05:45:00,2.156616666666667,0.004516666666666502,1.7070429594225816,-0.00010222465179671315
2026-06-04 05:50:00,2.153166666666668,-0.003449999999999065,1.706462341133076,-0.0005806182895055585
2026-06-04 05:55:00,2.1492333333333344,-0.003933333333333344,1.7070852653409967,0.0006229242079207696
2026-06-04 06:00:00,2.15335593220339,0.004122598870055505,1.7059556501465036,-0.001129615194493066
2026-06-04 06:05:00,2.155072727272727,0.0017167950693370848,1.7059735881410014,1.7937994497794053e-05
2026-06-04 06:10:00,2.1517500000000003,-0.0033227272727267554,1.7056236792897688,-0.0003499088512327063
2026-06-04 06:15:00,2.154033333333333,0.002283333333332749,1.7056787437330847,5.506444331585941e-05
2026-06-04 06:20:00,2.153633333333333,-0.00039999999999995595,1.705781523977447,0.0001027802443622067
2026-06-04 06:25:00,2.154633333333334,0.001000000000000778,1.7061373189719826,0.00035579499453575376
2026-06-04 06:30:00,2.1610500000000012,0.006416666666667403,1.707034029384082,0.0008967104120992341
2026-06-04 06:35:00,2.161086206896552,3.6206896550705636e-05,1.708024407639611,0.0009903782555289503
2026-06-04 06:40:00,2.1612692307692316,0.00018302387267965514,1.7084019479938555,0.0003775403542446249
2026-06-04 06:45:00,2.1606000000000005,-0.0006692307692310884,1.7081937865405679,-0.0002081614532876597
2026-06-04 06:50:00,2.156316666666667,-0.004283333333333417,1.7445307207770957,-0.0006818133567289481
2026-06-04 06:55:00,2.1567857142857148,0.0004690476190476467,1.7452471022076206,0.0007163814305249471
2026-06-04 07:00:00,2.1591875000000003,0.0024017857142855092,1.7447486923584976,-0.0004984098491231326
2026-06-04 07:05:00,2.1589666666666667,-0.0002208333333335588,1.7443440464793074,-0.00040464587919005634
2026-06-04 07:10:00,2.161716666666666,0.002749999999999364,1.7441250185777668,-0.00021902790154077866
2026-06-04 07:15:00,2.16255,0.0008333333333339077,1.7441579949155295,3.2976337762870235e-05
2026-06-04 07:20:00,2.1650169491525424,0.002466949152542419,1.7443118011170138,0.00015380620148410426
2026-06-04 07:25:00,2.163000000000001,-0.0020169491525412475,1.7443540436226117,4.224250559797132e-05
2026-06-04 07:30:00,2.163733333333334,0.0007333333333328085,1.74548832377166,0.0011342801490485208
2026-06-04 07:35:00,2.1649833333333333,0.0012499999999993072,1.746335757299038,0.0008474335273776339
2026-06-04 07:40:00,2.1673833333333334,0.0024000000000001798,1.7466517996728301,0.00031604237379236224
2026-06-04 07:45:00,2.16935,0.001966666666666672,1.7463119598509327,-0.00033983982189746945
2026-06-04 07:50:00,2.167766666666668,-0.0015833333333321598,1.7454629187239112,-0.0008490411270213861
2026-06-04 07:55:00,2.166416666666667,-0.0013500000000008505,1.7460495299790357,0.0005866112551244696
2026-06-04 08:00:00,2.167677966101696,0.0012612994350287288,1.746347563048184,0.00029803306914812414
2026-06-04 08:05:00,2.167816666666667,0.00013870056497111705,1.7448749173514608,-0.0014726456967231773
2026-06-04 08:10:00,2.1638333333333346,-0.0039833333333323395,1.7449591619900562,8.424463859543334e-05
2026-06-04 08:15:00,2.1645666666666665,0.0007333333333319203,1.7447925437502714,-0.00016661823978490596
2026-06-04 08:20:00,2.169583333333334,0.0050166666666675575,1.7448669739596192,7.443020934805172e-05
2026-06-04 08:25:00,2.1649333333333334,-0.004650000000000709,1.7445938611837757,-0.00027311277584368975
2026-06-04 08:30:00,2.162850000000001,-0.0020833333333323267,1.745621596534545,0.001027735350769416
2026-06-04 08:35:00,2.1653000000000007,0.002449999999999619,1.746460723975565,0.0008391274410199915
2026-06-04 08:40:00,2.165118644067798,-0.0001813559322028091,1.7466650385295623,0.00020431455399733535
2026-06-04 08:45:00,2.165966666666667,0.0008480225988689583,1.7461783442938257,-0.0004866942357367564
2026-06-04 08:50:00,2.1601833333333342,-0.005783333333332585,1.745364966094854,-0.0008133781989715916
2026-06-04 08:55:00,2.156116666666667,-0.004066666666667107,1.7457029060076827,0.000337939912828796
2026-06-04 09:00:00,2.159300000000001,0.00318333333333376,1.7459823382975497,0.00027943228986682925
2026-06-04 09:05:00,2.1581500000000005,-0.0011500000000004285,1.7441667996469556,-0.001815538650593911
2026-06-04 09:10:00,2.157716666666667,-0.00043333333333350765,1.7442257608220726,5.8961175116935296e-05
2026-06-04 09:15:00,2.157533333333333,-0.0001833333333340903,1.7439169836179442,-0.0003087772041285412
2026-06-04 09:20:00,2.158677966101695,0.001144632768362186,2.808309338047391,-5.35658418753219e-05
2026-06-04 09:25:00,2.159933333333334,0.001255367231638882,2.807821116830363,-0.00048822121702814003
2026-06-04 09:30:00,2.1572666666666667,-0.002666666666667261,2.80875870078017,0.0009375839498069525
2026-06-04 09:35:00,2.1579833333333336,0.0007166666666669208,2.809603365984946,0.0008446652047761116
2026-06-04 09:40:00,2.157733333333333,-0.0002500000000007496,2.8097466761006156,0.00014331011566969752
2026-06-04 09:45:00,2.1570499999999995,-0.0006833333333333691,2.809249118861496,-0.0004975572391198252
2026-06-04 09:50:00,2.1580833333333334,0.0010333333333338857,2.808495124836344,-0.0007539940251519293
2026-06-04 09:55:00,2.15745,-0.0006333333333334856,2.8087007530776607,0.0002056282413167258
2026-06-04 10:00:00,2.1559999999999997,-0.0014500000000001734,2.8089180129734017,0.00021725989574107265
2026-06-04 10:05:00,2.1549666666666667,-0.0010333333333329975,2.8069319260459884,-0.0019860869274132566
2026-06-04 10:10:00,2.1554666666666673,0.0005000000000006111,2.80697171697885,3.979093286131074e-05
2026-06-04 10:15:00,2.1546833333333333,-0.0007833333333340242,2.80666100444187,-0.0003107125369798846
2026-06-04 10:20:00,2.1556500000000005,0.0009666666666672263,2.806467752088066,-0.00019325235380396934
2026-06-04 10:25:00,2.1529166666666675,-0.0027333333333330323,2.805869242854164,-0.000598509233902318
2026-06-04 10:30:00,2.154283333333334,0.0013666666666667382,2.806658820085462,0.0007895772312981992
2026-06-04 10:35:00,2.1581000000000006,0.0038166666666663573,2.8075042701359156,0.0008454500504537376
2026-06-04 10:40:00,2.1581355932203397,3.5593220339080744e-05,2.8076143440582038,0.00011007392228836555
2026-06-04 10:45:00,2.153666666666667,-0.004468926553672592,2.8071040762929056,-0.0005102677652984565
2026-06-04 10:50:00,2.1548666666666665,0.0011999999999994237,2.806580017130518,-0.0005240591623872651
2026-06-04 10:55:00,2.1550333333333347,0.00016666666666820262,2.8067786945768396,0.0001986774463211587
2026-06-04 11:00:00,2.1537833333333336,-0.0012500000000010836,2.8069433032560296,0.00016460867919028638
2026-06-04 11:05:00,2.1550166666666675,0.0012333333333338636,2.8048669902202494,-0.00207631303578045
2026-06-04 11:10:00,2.1546500000000015,-0.00036666666666596015,2.8049330231084637,6.603288821436399e-05
2026-06-04 11:15:00,2.153300000000001,-0.0013500000000004064,2.8047261613125456,-0.00020686179591797413
2026-06-04 11:20:00,2.154152542372882,0.0008525423728809045,2.804364721387754,-0.0003614399247913704
2026-06-04 11:25:00,2.1493666666666673,-0.004785875706214693,2.8043527325532405,-1.198883451368146e-05
2026-06-04 11:30:00,2.151450000000001,0.002083333333333659,2.8046949750345997,0.00034224248135937996
2026-06-04 11:35:00,2.1532333333333336,0.0017833333333325818,2.8058374624895928,0.0011424874549929753
2026-06-04 11:40:00,2.1534000000000004,0.00016666666666687036,2.806551360454613,0.0007138979650202997
2026-06-04 11:45:00,2.1524500000000004,-0.0009500000000000064,2.8070318177123332,0.0004804572577200027
2026-06-04 11:50:00,2.15615,0.0036999999999993705,2.7883119319407967,0.0003059794104069944
2026-06-04 11:55:00,2.1538500000000007,-0.0022999999999990806,2.7887584270257912,0.00044649508499460585
2026-06-04 12:00:00,2.154266666666667,0.0004166666666662877,2.789177523806756,0.00041909678096494884
2026-06-04 12:05:00,2.150898305084746,-0.0033683615819208867,2.787096290705286,-0.002081233101470199
2026-06-04 12:10:00,2.152183333333334,0.0012850282485876718,2.7870003179188165,-9.597278646943722e-05
2026-06-04 12:15:00,2.148216666666667,-0.003966666666666896,2.7863672208171777,-0.0006330971016387801
2026-06-04 12:20:00,2.1491,0.000883333333332903,2.785560475205472,-0.0008067456117058395
2026-06-04 12:25:00,2.1418166666666663,-0.00728333333333353,2.7860674850720786,0.0005070098666066298
2026-06-04 12:30:00,2.1432333333333338,0.0014166666666675098,2.7867954595584576,0.0007279744863790729
2026-06-04 12:35:00,2.1447999999999996,0.001566666666665828,2.7876986369265437,0.000903177368086252
2026-06-04 12:40:00,2.1428000000000007,-0.0019999999999988916,2.7882134398186444,0.0005148028921004243
2026-06-04 12:45:00,2.1449322033898315,0.002132203389830778,2.7884859165561227,0.0002724767374785251
2026-06-04 12:50:00,2.144083333333333,-0.0008488700564983631,2.788584120435705,9.820387958236023e-05
2026-06-04 12:55:00,2.1402666666666668,-0.0038166666666663573,2.7886415254152146,5.740497950916298e-05
2026-06-04 13:00:00,2.1428333333333334,0.002566666666666606,2.789733853068328,0.001092327653113431
2026-06-04 13:05:00,2.1419333333333332,-0.0009000000000001229,2.7899991565060724,0.0002653034377445755
2026-06-04 13:10:00,2.1387166666666673,-0.0032166666666659793,2.7900506655463384,5.150904026602955e-05
2026-06-04 13:15:00,2.139716666666667,0.0009999999999998899,2.7892939831644226,-0.0007566823819156204
2026-06-04 13:20:00,2.1407,0.00098333333333267,2.7892606437639977,-3.333940042497741e-05
2026-06-04 13:25:00,2.1436166666666674,0.0029166666666675667,2.7896803067428793,0.0004196629788812564
2026-06-04 13:30:00,2.1396949152542373,-0.003921751412430119,2.78875507850065,-0.0009252282422291952
2026-06-04 13:35:00,2.1397000000000004,5.0847457631064685e-06,2.7891955243800655,0.00044044587941567047
2026-06-04 13:40:00,2.137750000000001,-0.0019499999999994522,2.7891809070419575,-1.4617338107970697e-05
2026-06-04 13:45:00,2.138183333333333,0.0004333333333321754,2.7890872683470564,-9.363869490118142e-05
2026-06-04 13:50:00,2.1370500000000003,-0.0011333333333327644,2.7887238641481527,-0.000363404198903812
2026-06-04 13:55:00,2.1355500000000003,-0.0015000000000000568,2.7881874592587543,-0.0005364048893984731
2026-06-04 14:00:00,2.13615,0.0005999999999999339,2.788405427114587,0.00021796785583282308
2026-06-04 14:05:00,2.133566666666667,-0.002583333333333382,2.787719850006562,-0.0006855771080248485
2026-06-04 14:10:00,2.1325000000000003,-0.0010666666666665492,2.7867830017288497,-0.0009368482777122682
2026-06-04 14:15:00,2.1350338983050854,0.0025338983050851027,2.786918955659002,0.0001359539301523298
2026-06-04 14:20:00,2.13625,0.0012161016949145953,2.7916473432495557,-0.0005472412536751828
2026-06-04 14:25:00,2.1349333333333336,-0.0013166666666664106,2.790199916983208,-0.0014474262663478597
2026-06-04 14:30:00,2.13385,-0.0010833333333337691,2.7914107164385547,0.0012107994553465168
2026-06-04 14:35:00,2.133266666666666,-0.0005833333333336022,2.7917873554992103,0.00037663906065567765
2026-06-04 14:40:00,2.131783333333333,-0.001483333333333281,2.792153351545635,0.00036599604642507775
2026-06-04 14:45:00,2.1315999999999997,-0.00018333333333320212,2.792431087924287,0.00027773637865201295
2026-06-04 14:50:00,2.1330999999999998,0.0015000000000000568,2.7924820990791748,5.101115488763076e-05
2026-06-04 14:55:00,2.1328135593220336,-0.0002864406779661266,2.792819938862497,0.000337839783321917
2026-06-04 15:00:00,2.12925,-0.0035635593220337825,2.7929484296952056,0.0001284908327087332
2026-06-04 15:05:00,2.1306666666666674,0.0014166666666675098,2.792376181920299,-0.0005722477749067693
2026-06-04 15:10:00,2.1242666666666663,-0.0064000000000010715,2.79233683723121,-3.9344689088944754e-05
2026-06-04 15:15:00,2.12695,0.002683333333333593,2.7921187013199367,-0.00021813591127319563
2026-06-04 15:20:00,2.1260999999999997,-0.0008500000000002395,2.791437546312567,-0.0006811550073694287
2026-06-04 15:25:00,2.1275166666666663,0.0014166666666666217,2.789365792663441,-0.0020717536491260727
2026-06-04 15:30:00,2.1257,-0.0018166666666661335,2.7910737796344196,0.0017079869709786674
2026-06-04 15:35:00,2.1286271186440677,0.0029271186440675834,2.791350892127892,0.00027711249347226553
2026-06-04 15:40:00,2.1233999999999993,-0.00522711864406844,2.7917580027720392,0.0004071106441473564
2026-06-04 15:45:00,2.123866666666666,0.00046666666666661527,2.792123264402873,0.0003652616308338289
2026-06-04 15:50:00,2.1287999999999996,0.004933333333333678,2.7922213096731823,9.804527030904183e-05
2026-06-04 15:55:00,2.1304833333333333,0.001683333333333703,2.792693372600887,0.0004720629277048693
2026-06-04 16:00:00,2.126533333333333,-0.00395000000000012,2.7928474536770924,0.00015408107620541042
2026-06-04 16:05:00,2.1275833333333334,0.0010500000000002174,2.7924298350078987,-0.00041761866919396134
2026-06-04 16:10:00,2.1272500000000005,-0.00033333333333285253,2.7925246694825248,9.483447462628812e-05
2026-06-04 16:15:00,2.1301525423728815,0.002902542372881012,2.7922354996226555,-0.00028916985986944744
2026-06-04 16:20:00,2.1276,-0.0025525423728813834,2.7916384665409226,-0.0005970330817328006
2026-06-04 16:25:00,2.1291500000000005,0.0015500000000003844,2.7896147678451966,-0.0020236986957260982
2026-06-04 16:30:00,2.1383999999999994,0.00924999999999887,2.791618536711915,0.0020037688667184513
2026-06-04 16:35:00,2.1292333333333344,-0.009166666666664991,2.7918708590409764,0.00025232232906132965
2026-06-04 16:40:00,2.119333333333333,-0.009900000000001352,2.792277010429362,0.0004061513883857855
2026-06-04 16:45:00,2.1238499999999996,0.004516666666666502,2.792697683584637,0.0004206731552748432
2026-06-04 16:50:00,2.124783333333333,0.0009333333333332305,2.0985035630478843,-0.00027717108660594073
2026-06-04 16:55:00,2.1345641025641022,0.009780769230769426,2.098662570441566,0.00015900739368172385
2026-06-04 17:00:00,2.1455319148936174,0.010967812329515159,2.09882795484933,0.00016538440776367523
2026-06-04 17:05:00,2.143533333333333,-0.001998581560284318,2.0981711614481497,-0.0006567934011798866
2026-06-04 17:10:00,2.145716666666667,0.00218333333333387,2.09834304537875,0.00017188393059997388
2026-06-04 17:15:00,2.1450588235294124,-0.0006578431372545879,2.098042619000051,-0.00030042637869878795
2026-06-04 17:20:00,2.157666666666666,0.012607843137253827,2.0954075283357034,-0.00263509066434758
2026-06-04 17:25:00,2.146083333333334,-0.01158333333333239,2.1044043408186024,0.008996812482898965
2026-06-04 17:30:00,2.1482666666666663,0.0021833333333325378,2.1352422345182682,0.03083789369966578
2026-06-04 17:35:00,2.1421186440677973,-0.006148022598869041,2.133454415260472,-0.0017878192577957858
2026-06-04 17:40:00,2.1465500000000004,0.004431355932203118,2.126486904267934,-0.006967510992538018
2026-06-04 17:45:00,2.1484499999999995,0.0018999999999991246,2.1262171746122887,-0.0002697296556458141
2026-06-04 17:50:00,2.1464,-0.002049999999999663,2.1260435076631294,-0.00017366694915928464
2026-06-04 17:55:00,2.1475999999999997,0.0011999999999998678,2.1259817238198413,-6.178384328815247e-05
2026-06-04 18:00:00,2.1465166666666664,-0.001083333333333325,2.1263155614769684,0.00033383765712748857
2026-06-04 18:05:00,2.14935,0.0028333333333336874,2.126021760185874,-0.0002938012910948047
2026-06-04 18:10:00,2.1475166666666676,-0.0018333333333324653,2.126041769287882,2.000910200855684e-05
2026-06-04 18:15:00,2.145,-0.0025166666666676107,2.1259844144506794,-5.735483720297773e-05
2026-06-04 18:20:00,2.152683333333334,0.00768333333333393,2.123406583930978,-0.0025778305197015133
2026-06-04 18:25:00,2.154966666666667,0.002283333333333193,2.1223450162483224,-0.0010615676826553277
2026-06-04 18:30:00,2.1525166666666675,-0.002449999999999619,2.15028549140062,0.027940475152297296
2026-06-04 18:35:00,2.1567833333333337,0.004266666666666197,2.145859216026554,-0.004426275374065789
2026-06-04 18:40:00,2.176366666666667,0.019583333333333286,2.138305907074687,-0.007553308951867036
2026-06-04 18:45:00,2.172533333333334,-0.003833333333333133,2.138261614413438,-4.429266124922827e-05
2026-06-04 18:50:00,2.1466166666666666,-0.025916666666667254,2.1382385448887113,-2.3069524726578424e-05
2026-06-04 18:55:00,2.1760169491525425,0.029400282485875895,2.138117903024941,-0.00012064186377013307
2026-06-04 19:00:00,2.2022833333333334,0.026266384180790858,2.1385773859463364,0.00045948292139549906
2026-06-04 19:05:00,2.192383333333334,-0.009899999999999576,2.1383562761416863,-0.00022110980465026047
2026-06-04 19:10:00,2.1739833333333336,-0.018400000000000194,2.1379773549980734,-0.00037892114361306117
2026-06-04 19:15:00,2.173383333333334,-0.0005999999999994898,2.13809471281986,0.00011735782178679095
2026-06-04 19:20:00,2.1670833333333346,-0.006299999999999528,2.0370917218024287,-0.002804991588275838
2026-06-04 19:25:00,2.2047499999999993,0.03766666666666474,2.0220975828097014,-0.014994138992727314
2026-06-04 19:30:00,2.230199999999999,0.02544999999999975,2.0417375284036132,0.01963994559391195
2026-06-04 19:35:00,2.309372881355933,0.07917288135593381,2.031969261136864,-0.009768267266749687
2026-06-04 19:40:00,2.3145000000000007,0.005127118644067785,2.0264582732151974,-0.005510987921666329
2026-06-04 19:45:00,2.233916666666666,-0.08058333333333456,2.0264971223151016,3.8849099904399586e-05
2026-06-04 19:50:00,2.203866666666666,-0.030050000000000132,2.026366190875543,-0.00013093143955899428
2026-06-04 19:55:00,2.1922833333333336,-0.01158333333333239,2.0260823989862478,-0.00028379188929494056
2026-06-04 20:00:00,2.1818166666666676,-0.010466666666665958,2.0263887490492904,0.00030635006304267833
2026-06-04 20:05:00,2.19995,0.018133333333332224,2.026174515146147,-0.00021423390314329136
2026-06-04 20:10:00,2.1802166666666674,-0.019733333333332492,2.0256831356709863,-0.0004913794751606828
2026-06-04 20:15:00,2.1849152542372883,0.004698587570620916,2.025880239172771,0.00019710350178419526
2026-06-04 20:20:00,2.1787833333333335,-0.006131920903954757,2.024734818078739,-0.001145421094031564
2026-06-04 20:25:00,2.1742833333333333,-0.0045000000000001705,2.0226338512326034,-0.0021009668461357536
2026-06-04 20:30:00,2.1903166666666674,0.01603333333333401,2.018257474696141,-0.004376376536462524
2026-06-04 20:35:00,2.2544333333333335,0.06411666666666616,2.0052971089560154,-0.012960365740125414
2026-06-04 20:40:00,2.2762499999999997,0.02181666666666615,2.0026062572484165,-0.002690851707599139
2026-06-04 20:45:00,2.2883166666666677,0.012066666666668002,2.0024279375074916,-0.0001783197409245728
2026-06-04 20:50:00,2.25265,-0.035666666666667624,2.002029497275767,-0.00039844023172491667
2026-06-04 20:55:00,2.2731694915254246,0.020519491525424538,2.0016641248657723,-0.00036537240999461707
2026-06-04 21:00:00,2.2551333333333323,-0.018036158192092255,2.0019129134685305,0.0002487886027582671
2026-06-04 21:05:00,2.258816666666667,0.003683333333334815,2.001723374486222,-0.00018953898230833184
2026-06-04 21:10:00,2.261116666666666,0.0022999999999990806,2.0012261927762784,-0.000497181709943654
2026-06-04 21:15:00,2.2666000000000013,0.005483333333335061,2.001376399678665,0.00015020690238619317
2026-06-04 21:20:00,2.2513500000000004,-0.015250000000000874,2.001367287036923,-9.11264174175009e-06
2026-06-04 21:25:00,2.1917999999999997,-0.05955000000000066,1.9989911172555062,-0.002376169781416939
2026-06-04 21:30:00,2.2052999999999994,0.013499999999999623,1.985893448807953,-0.013097668447553208
2026-06-04 21:35:00,2.1903220338983056,-0.014977966101693774,1.9713839948725174,-0.014509453935435507
2026-06-04 21:40:00,2.2102500000000003,0.019927966101694672,1.970954502198813,-0.0004294926737043869
2026-06-04 21:45:00,2.2174499999999995,0.007199999999999207,1.9707419878137586,-0.00021251438505429196
2026-06-04 21:50:00,2.2110333333333334,-0.006416666666666071,2.062966819954877,-0.0004476287473929687
2026-06-04 21:55:00,2.21085,-0.00018333333333320212,2.0626505203459704,-0.00031629960890696465
2026-06-04 22:00:00,2.2073499999999995,-0.0035000000000007248,2.062833369191301,0.00018284884533066663
2026-06-04 22:05:00,2.226766666666667,0.019416666666667304,2.0626667593267083,-0.00016660986459270908
2026-06-04 22:10:00,2.2311333333333327,0.004366666666665964,2.0622487637075264,-0.0004179956191819655
2026-06-04 22:15:00,2.2593389830508475,0.028205649717514714,2.062399206750039,0.00015044304251244433
2026-06-04 22:20:00,2.273400000000001,0.014061016949153515,2.062645213814381,0.0002460070643421351
2026-06-04 22:25:00,2.2423166666666656,-0.03108333333333535,2.061208361511725,-0.0014368523026558092
2026-06-04 22:30:00,2.234766666666666,-0.007549999999999724,2.0457373752873096,-0.015470986224415421
2026-06-04 22:35:00,2.2440666666666664,0.00930000000000053,2.03727644732822,-0.008460927959089497
2026-06-04 22:40:00,2.24045,-0.0036166666666663794,2.0372775353239168,1.0879956966649955e-06
2026-06-04 22:45:00,2.2196833333333332,-0.020766666666666822,2.0370694714014475,-0.00020806392246936872
2026-06-04 22:50:00,2.21593220338983,-0.0037511299435033507,2.0366197837076117,-0.0004496876938361131
2026-06-04 22:55:00,2.2307499999999996,0.014817796610169687,2.036285299423622,-0.00033448428398976423
2026-06-04 23:00:00,2.2407333333333326,0.009983333333333011,2.036479793945083,0.00019449452146144382
2026-06-04 23:05:00,2.2192666666666674,-0.02146666666666519,2.036301867261024,-0.00017792668405941314
2026-06-04 23:10:00,2.2133833333333333,-0.005883333333334129,2.0359427150604987,-0.0003591522005248631
2026-06-04 23:15:00,2.2154499999999997,0.002066666666666439,2.036129279797586,0.00018656473708694195
2026-06-04 23:20:00,2.2319499999999994,0.016499999999999737,2.0364648475277765,0.00033556773019048614
2026-06-04 23:25:00,2.2258833333333325,-0.006066666666666887,2.0361869721456705,-0.00027787538210597215
2026-06-04 23:30:00,2.239254237288135,0.013370903954802671,2.035521216958702,-0.000665755186968548
2026-06-04 23:35:00,2.2338666666666662,-0.005387570621468996,2.0288287708304904,-0.0066924461282115415
2026-06-04 23:40:00,2.2013166666666666,-0.032549999999999635,2.0280930892869913,-0.000735681543498913
2026-06-04 23:45:00,2.1993999999999994,-0.0019166666666672327,2.0281203710847,2.728179770829286e-05
2026-06-04 23:50:00,2.196983333333333,-0.0024166666666665115,2.027680506353607,-0.00043986473109221144
2026-06-04 23:55:00,2.1915833333333326,-0.0054000000000002935,2.027276223338155,-0.00040428301545215536
2026-06-05 00:00:00,2.2101333333333333,0.018550000000000733,2.027494941959079,0.00021871862092370667
2026-06-05 00:05:00,2.2027833333333344,-0.0073499999999988574,2.027260861900641,-0.00023408005843802082
2026-06-05 00:10:00,2.217644067796609,0.014860734463274738,2.0269655820920125,-0.00029527980862849084
2026-06-05 00:15:00,2.1919500000000003,-0.025694067796608877,2.0272042080972725,0.00023862600526023032
2026-06-05 00:20:00,2.190150000000001,-0.0017999999999993577,2.0731706131083283,0.0004229739481077151
2026-06-05 00:25:00,2.2187333333333323,0.028583333333331407,2.073036187100628,-0.00013442600770063575
2026-06-05 00:30:00,2.1899166666666674,-0.028816666666664936,2.0725144159090667,-0.0005217711915612423
2026-06-05 00:35:00,2.1861666666666655,-0.0037500000000019185,2.0682655980419438,-0.0042488178671226395
2026-06-05 00:40:00,2.221816666666667,0.035650000000001736,2.0676675614247415,-0.0005980366172026562
2026-06-05 00:45:00,2.191457627118645,-0.030359039548022437,2.0676575719138044,-9.989510937031184e-06
2026-06-05 00:50:00,2.190066666666667,-0.0013909604519777297,2.0671364802882533,-0.000521091625550909
2026-06-05 00:55:00,2.1984166666666662,0.008349999999999191,2.0664613572786514,-0.000675123009601881
2026-06-05 01:00:00,2.195399999999999,-0.0030166666666673336,2.0665696229941974,0.00010826571554608131
2026-06-05 01:05:00,2.1909166666666673,-0.004483333333331618,2.0663826242251115,-0.0001869987690861013
2026-06-05 01:10:00,2.1812666666666667,-0.009650000000000603,2.066597806414985,0.00021518218987345432
2026-06-05 01:15:00,2.160766666666667,-0.02049999999999974,2.066680025754223,8.221933923814789e-05
2026-06-05 01:20:00,2.160433333333333,-0.0003333333333337407,2.067029537234221,0.00034951147999766943
2026-06-05 01:25:00,2.1705254237288143,0.01009209039548109,2.066318650782591,-0.0007108864516299796
2026-06-05 01:30:00,2.1716833333333336,0.001157909604519336,2.062936823160113,-0.003381827622477855
2026-06-05 01:35:00,2.188933333333334,0.01725000000000021,2.062179006085972,-0.0007578170741405902
2026-06-05 01:40:00,2.167216666666667,-0.02171666666666683,2.062662051100684,0.0004830450147116267
2026-06-05 01:45:00,2.14625,-0.0209666666666668,2.0628245165171015,0.0001624654164176511
2026-06-05 01:50:00,2.403416666666666,0.25716666666666566,2.0627422910792013,-8.222543790038039e-05
2026-06-05 01:55:00,2.3871833333333337,-0.01623333333333221,2.0622343095749573,-0.0005079815042436736
2026-06-05 02:00:00,2.338083333333334,-0.0490999999999997,2.062829720776274,0.0005954112013165698
2026-06-05 02:05:00,2.2819830508474572,-0.05610028248587673,2.0621015343311604,-0.0007281864451135814
2026-06-05 02:10:00,2.2408333333333332,-0.041149717514123996,2.0623232707896695,0.00022173645850892142
2026-06-05 02:15:00,2.1976166666666677,-0.04321666666666557,2.062465362239393,0.000142091449723862
2026-06-05 02:20:00,2.1983500000000005,0.0007333333333328085,2.0629456020015944,0.000480239762201167
2026-06-05 02:25:00,2.1916166666666665,-0.006733333333333924,2.062039428640709,-0.0009061733608855772
2026-06-05 02:30:00,2.15585,-0.0357666666666665,2.062468359746248,0.0004289311055387894
2026-06-05 02:35:00,2.1711166666666677,0.01526666666666765,2.029017702845658,-0.03345065690058942
2026-06-05 02:40:00,2.1623499999999996,-0.008766666666668144,2.030209308366893,0.0011916055212346805
2026-06-05 02:45:00,2.1380338983050855,-0.02431610169491405,2.0312793686685118,0.0010700603016189473
2026-06-05 02:50:00,2.1710166666666666,0.032982768361581094,2.1313757460980716,1.8121878337500976e-05
2026-06-05 02:55:00,2.137883333333334,-0.03313333333333279,2.131800906309096,0.0004251602110244634
2026-06-05 03:00:00,2.1292999999999997,-0.008583333333334053,2.1308169852362364,-0.0009839210728593395
2026-06-05 03:05:00,2.1452999999999998,0.016000000000000014,2.1307689192403783,-4.80659958582629e-05
2026-06-05 03:10:00,2.1457,0.00040000000000040004,2.130639975741478,-0.00012894349890027663
2026-06-05 03:15:00,2.1438833333333345,-0.0018166666666656894,2.130997759801486,0.0003577840600081934
2026-06-05 03:20:00,2.1448644067796607,0.0009810734463262527,2.130095401015727,-0.0009023587857590369
2026-06-05 03:25:00,2.1417500000000005,-0.0031144067796602393,2.1304814797070866,0.00038607869135953926
2026-06-05 03:30:00,2.1344666666666665,-0.0072833333333339745,2.1305851168400696,0.00010363713298274565
2026-06-05 03:35:00,2.1299833333333336,-0.004483333333332951,2.1317321018893836,0.0011469850493142585
2026-06-05 03:40:00,2.1285833333333337,-0.0013999999999998458,2.1320574538327466,0.0003253519433627689
2026-06-05 03:45:00,2.1275,-0.0010833333333337691,2.131980235435183,-7.721839756351269e-05
2026-06-05 03:50:00,2.128266666666667,0.0007666666666672484,2.1315091076185615,-0.00047112781662153326
2026-06-05 03:55:00,2.1429833333333335,0.014716666666666267,2.132045267495456,0.0005361598768946674
2026-06-05 04:00:00,2.2594915254237287,0.1165081920903952,2.130890535509635,-0.0011547319858210864
2026-06-05 04:05:00,2.1457333333333337,-0.11375819209039495,2.1309194161666554,2.8880657020538284e-05
2026-06-05 04:10:00,2.15025,0.004516666666666502,2.1307039783832864,-0.00021543778336906565
2026-06-05 04:15:00,2.1554333333333338,0.00518333333333354,2.131288020344586,0.0005840419612995903
2026-06-05 04:20:00,2.151150000000001,-0.004283333333332973,2.130770529123974,-0.0005174912206118215
2026-06-05 04:25:00,2.1529166666666675,0.0017666666666666941,2.1312773955477122,0.0005068664237379087
2026-06-05 04:30:00,2.1564999999999994,0.0035833333333319395,2.131594054307933,0.0003166587602208713
2026-06-05 04:35:00,2.1508500000000006,-0.005649999999998823,2.1328012835280714,0.0012072292201385957
2026-06-05 04:40:00,2.152728813559322,0.0018788135593212907,2.133176880594367,0.00037559706629532717
2026-06-05 04:45:00,2.1524833333333344,-0.0002454802259874711,2.1331019324775786,-7.494811678839573e-05
2026-06-05 04:50:00,2.14695,-0.0055333333333345,2.1325906589366856,-0.0005112735408930514
2026-06-05 04:55:00,2.1500166666666676,0.003066666666667661,2.133173235544219,0.0005825766075334432
2026-06-05 05:00:00,2.146433333333334,-0.003583333333333716,2.13193738061399,-0.0012358549302292443
2026-06-05 05:05:00,2.1461666666666663,-0.0002666666666675255,2.131975150072906,3.77694589161271e-05
2026-06-05 05:10:00,2.1464333333333343,0.00026666666666796957,2.1316729224063335,-0.000302227666572247
2026-06-05 05:15:00,2.1456166666666667,-0.0008166666666675759,2.1322800092951106,0.0006070868887771724
2026-06-05 05:20:00,2.1484745762711865,0.002857909604519815,2.137440732179567,-0.00017750879818286724
2026-06-05 05:25:00,2.1497000000000006,0.001225423728814068,2.1379325639902276,0.0004918318106607138
2026-06-05 05:30:00,2.1474166666666665,-0.002283333333334081,2.138521970997701,0.0005894070074731522
2026-06-05 05:35:00,2.1464666666666674,-0.0009499999999991182,2.139693830116812,0.0011718591191111462
2026-06-05 05:40:00,2.1461500000000004,-0.00031666666666696486,2.140100558739483,0.00040672862267113576
2026-06-05 05:45:00,2.145800000000001,-0.0003499999999996284,2.140003751032371,-9.680770711225033e-05
2026-06-05 05:50:00,2.1437166666666667,-0.002083333333334103,2.1394400925380572,-0.0005636584943135769
2026-06-05 05:55:00,2.1549661016949164,0.01124943502824971,2.140061118494717,0.0006210259566597861
2026-06-05 06:00:00,2.1522,-0.002766101694916312,2.1388733005129437,-0.001187817981773399
2026-06-05 06:05:00,2.1451666666666673,-0.007033333333332781,2.1388715126806592,-1.787832284393234e-06
2026-06-05 06:10:00,2.150066666666667,0.004899999999999682,2.1384959518340474,-0.00037556084661197214
2026-06-05 06:15:00,2.1503500000000004,0.00028333333333341315,2.1390326166588056,0.0005366648247581734
2026-06-05 06:20:00,2.147800000000001,-0.002549999999999386,2.1392318100376166,0.00019919337881114485
2026-06-05 06:25:00,2.151150000000001,0.003349999999999742,2.139568035709041,0.00033622567142441254
2026-06-05 06:30:00,2.1527833333333337,0.0016333333333329314,2.14048716737392,0.0009191316648786646
2026-06-05 06:35:00,2.1505084745762715,-0.002274858757062237,2.141603090187858,0.0011159228139381054
2026-06-05 06:40:00,2.151033333333334,0.0005248587570623187,2.142048529059376,0.0004454388715178485
2026-06-05 06:45:00,2.1529833333333332,0.0019499999999994522,2.141905944032873,-0.00014258502650255452
2026-06-05 06:50:00,2.153533333333334,0.0005500000000009386,2.1412369350018037,-0.000669009031069522
2026-06-05 06:55:00,2.1535833333333345,5.000000000032756e-05,2.1419681544599487,0.0007312194581452804
2026-06-05 07:00:00,2.1558500000000005,0.002266666666665973,2.141446020291295,-0.0005221341686539281
2026-06-05 07:05:00,2.1534333333333335,-0.0024166666666669556,2.1409838696574948,-0.00046215063380012543
2026-06-05 07:10:00,2.154150000000001,0.0007166666666673649,2.1407542741987404,-0.00022959545875428155
2026-06-05 07:15:00,2.156559322033899,0.00240932203389832,2.1410136689587342,0.0002593947599936252
2026-06-05 07:20:00,2.1606166666666673,0.0040573446327680784,2.1415247744633006,0.0005111055045665989
2026-06-05 07:25:00,2.1586166666666675,-0.0019999999999997797,2.14152073773221,-4.036731090987649e-06
2026-06-05 07:30:00,2.160316666666667,0.0016999999999995907,2.1427003094297405,0.0011795716975308947
2026-06-05 07:35:00,2.1614333333333335,0.0011166666666664327,2.143766576140804,0.0010662667110631161
2026-06-05 07:40:00,2.1614166666666677,-1.6666666665887675e-05,2.144210114620845,0.0004435384800414159
2026-06-05 07:45:00,2.1624000000000003,0.00098333333333267,2.143964019651433,-0.0002460949694124971
2026-06-05 07:50:00,2.16225,-0.0001500000000005386,2.1749778198601,-0.0008599698077257601
2026-06-05 07:55:00,2.1638644067796613,0.0016144067796615147,2.1755431041424136,0.0005652842823136098
2026-06-05 08:00:00,2.161583333333333,-0.002281073446328108,2.1758201117641134,0.00027700762169991384
2026-06-05 08:05:00,2.1606833333333335,-0.0008999999999996788,2.1743262786439628,-0.0014938331201504828
2026-06-05 08:10:00,2.160566666666667,-0.0001166666666665428,2.1743809589104517,5.4680266488712226e-05
2026-06-05 08:15:00,2.1632500000000006,0.002683333333333593,2.1741941326203613,-0.00018682629009025723
2026-06-05 08:20:00,2.158516666666667,-0.0047333333333337,2.1742543938708527,6.026125049138963e-05
2026-06-05 08:25:00,2.1621333333333337,0.0036166666666668235,2.1739632770176947,-0.00029111685315801094
2026-06-05 08:30:00,2.16255,0.0004166666666662877,2.175032498003975,0.0010692209862798825
2026-06-05 08:35:00,2.1628305084745767,0.0002805084745767239,2.1758847145250537,0.0008522165210790181
2026-06-05 08:40:00,2.161233333333334,-0.0015971751412426904,2.1760907250011816,0.00020601047612777443
2026-06-05 08:45:00,2.160333333333334,-0.0009000000000001229,2.1756039608396556,-0.0004867641615260518
2026-06-05 08:50:00,2.1599833333333343,-0.0003499999999996284,2.174772039589553,-0.0008319212501025243
2026-06-05 08:55:00,2.1562666666666668,-0.0037166666666674786,2.175086498292769,0.0003144587032161049
2026-06-05 09:00:00,2.159733333333334,0.003466666666667173,2.175348756569606,0.0002622582768369767
2026-06-05 09:05:00,2.159633333333334,-9.999999999976694e-05,2.173504938376922,-0.0018438181926843373
2026-06-05 09:10:00,2.154133333333334,-0.00550000000000006,2.1735353864092746,3.044803235316542e-05
2026-06-05 09:15:00,2.155016949152543,0.0008836158192089272,2.1732031104898257,-0.00033227591944909405
2026-06-05 09:20:00,2.1569999999999996,0.0019830508474565356,2.1731252598375086,-7.785065231706281e-05
2026-06-05 09:25:00,2.146116666666667,-0.01088333333333269,2.1726473281913075,-0.000477931646201135
2026-06-05 09:30:00,2.1445333333333334,-0.001583333333333492,2.1735712703727015,0.0009239421813939571
2026-06-05 09:35:00,2.1437666666666666,-0.0007666666666668043,2.174392440938723,0.0008211705660213441
2026-06-05 09:40:00,2.1434,-0.00036666666666640424,2.174497490030485,0.00010504909176234821
2026-06-05 09:45:00,2.1413333333333346,-0.002066666666665551,2.173878460775164,-0.0006190292553210415
2026-06-05 09:50:00,2.144283333333334,0.002949999999999342,2.1730613798684617,-0.0008170809067025004
2026-06-05 09:55:00,2.1443559322033905,7.259887005650612e-05,2.173229809734264,0.00016842986580240882
2026-06-05 10:00:00,2.1451000000000007,0.0007440677966101816,2.173437871761386,0.00020806202712180108
2026-06-05 10:05:00,2.1451666666666673,6.666666666665932e-05,2.1714294911165264,-0.0020083806448594715
2026-06-05 10:10:00,2.1422833333333338,-0.002883333333333571,2.171422024125974,-7.466990552338314e-06
2026-06-05 10:15:00,2.1422000000000008,-8.333333333299109e-05,2.1710500575553757,-0.00037196657059829224
2026-06-05 10:20:00,2.1429666666666667,0.0007666666666659161,2.1652772575515513,-0.00021510842927530312
2026-06-05 10:25:00,2.146766666666667,0.0038000000000004697,2.164669504312319,-0.0006077532392320291
2026-06-05 10:30:00,2.1455500000000005,-0.0012166666666666437,2.165479012021406,0.0008095077090867917
2026-06-05 10:35:00,2.146152542372882,0.0006025423728814872,2.16632533191065,0.0008463198892442388
2026-06-05 10:40:00,2.1399,-0.006252542372882086,2.1664001529288712,7.482101822100039e-05
2026-06-05 10:45:00,2.1451666666666673,0.005266666666667419,2.165769920791181,-0.0006302321376901307
2026-06-05 10:50:00,2.1448500000000004,-0.00031666666666696486,2.1651725001976074,-0.0005974205935735911
2026-06-05 10:55:00,2.144566666666667,-0.00028333333333341315,2.1653274514881273,0.00015495129051983292
2026-06-05 11:00:00,2.147033333333334,0.002466666666666839,2.165478504114933,0.00015105262680566297
2026-06-05 11:05:00,2.1455666666666673,-0.0014666666666665051,2.1633865506386085,-0.0020919534763242744
2026-06-05 11:10:00,2.1491525423728817,0.003585875706214381,2.1634044076562535,1.78570176449613e-05
2026-06-05 11:15:00,2.144483333333334,-0.004669209039547706,2.163155697321158,-0.00024871033509577336
2026-06-05 11:20:00,2.1443333333333334,-0.0001500000000005386,2.1627410331790493,-0.00041466414210863776
2026-06-05 11:25:00,2.1439333333333335,-0.00039999999999995595,2.162725404536962,-1.562864208709197e-05
2026-06-05 11:30:00,2.142533333333333,-0.00140000000000029,2.163015412000707,0.0002900074637446631
2026-06-05 11:35:00,2.147500000000001,0.004966666666667674,2.1641554215508996,0.0011400095501927418
2026-06-05 11:40:00,2.1461333333333337,-0.0013666666666671823,2.164863238120097,0.0007078165691975306
2026-06-05 11:45:00,2.147600000000001,0.0014666666666673933,2.16529563053371,0.00043239241361294286
2026-06-05 11:50:00,2.1479999999999997,0.0003999999999986237,2.165553859328221,0.0002582287945110197
2026-06-05 11:55:00,2.144983333333334,-0.0030166666666655573,2.165963913138253,0.0004100538100319798
2026-06-05 12:00:00,2.144616666666667,-0.0003666666666672924,2.1663747211168176,0.0004108079785644153
2026-06-05 12:05:00,2.1473666666666675,0.0027500000000006963,2.1642963313311188,-0.0020783897856985396
2026-06-05 12:10:00,2.14455,-0.0028166666666673557,2.1641477510634712,-0.0001485802676478146
2026-06-05 12:15:00,2.1468666666666674,0.0023166666666671887,2.16346980873858,-0.0006779423248909468
2026-06-05 12:20:00,2.1460333333333343,-0.0008333333333330195,2.1626401100315618,-0.0008296987070181856
2026-06-05 12:25:00,2.1480666666666672,0.0020333333333328873,2.163203630041102,0.0005635200095400704
2026-06-05 12:30:00,2.1480500000000005,-1.6666666666775853e-05,2.1639322384743127,0.0007286084332107433
2026-06-05 12:35:00,2.145966101694916,-0.002083898305084375,2.1649015611369746,0.000969322662661987
2026-06-05 12:40:00,2.141466666666667,-0.00449943502824901,2.165460565937164,0.0005590048001892806
2026-06-05 12:45:00,2.1285500000000006,-0.012916666666666465,2.1657100419098385,0.0002494759726746309
2026-06-05 12:50:00,2.12545,-0.003100000000000769,2.1495663617946876,6.353601459307269e-05
2026-06-05 12:55:00,2.1220000000000003,-0.003449999999999509,2.1496018946447175,3.5532850029810874e-05
2026-06-05 13:00:00,2.1229999999999998,0.0009999999999994458,2.150673369588106,0.0010714749433885034
2026-06-05 13:05:00,2.1235166666666667,0.0005166666666669428,2.1509139179991403,0.00024054841103437108
2026-06-05 13:10:00,2.1250000000000004,0.001483333333333725,2.150952298428508,3.83804293675263e-05
2026-06-05 13:15:00,2.1455833333333336,0.020583333333333176,2.150163949529501,-0.0007883488990071568
2026-06-05 13:20:00,2.143766666666667,-0.0018166666666665776,2.1500918286719326,-7.212085756819383e-05
2026-06-05 13:25:00,2.1453833333333336,0.0016166666666665996,2.150563168996897,0.0004713403249645174
2026-06-05 13:30:00,2.1417166666666674,-0.003666666666666263,2.1496358858144204,-0.0009272831824765743
2026-06-05 13:35:00,2.1442833333333335,0.002566666666666162,2.150077159657897,0.0004412738434766245
2026-06-05 13:40:00,2.144566666666667,0.00028333333333341315,2.1500688245115374,-8.335146359727161e-06
2026-06-05 13:45:00,2.1441833333333333,-0.0003833333333336242,2.1499441743475116,-0.0001246501640256009
2026-06-05 13:50:00,2.140932203389831,-0.0032511299435022956,2.1495544349812956,-0.00038973936621596007
2026-06-05 13:55:00,2.1468833333333337,0.005951129943502664,2.1489955308016753,-0.0005589041796204258
2026-06-05 14:00:00,2.147816666666667,0.0009333333333332305,2.1491945565213095,0.0001990257196341322
2026-06-05 14:05:00,2.146633333333334,-0.001183333333333092,2.14849323548452,-0.0007013210367895266
2026-06-05 14:10:00,2.1435000000000004,-0.0031333333333334323,2.1476433177173315,-0.0008499177671886515
2026-06-05 14:15:00,2.1423666666666668,-0.0011333333333336526,2.1477511736543486,0.00010785593701728691
2026-06-05 14:20:00,2.1461333333333332,0.003766666666666474,2.1472471258016266,-0.0005040478527221856
2026-06-05 14:25:00,2.138616666666666,-0.00751666666666706,2.1464071670909943,-0.0008399587106322971
2026-06-05 14:30:00,2.1369322033898306,-0.0016844632768355794,2.147374358779044,0.0009671916880499224
2026-06-05 14:35:00,2.1355166666666667,-0.0014155367231638571,2.147831728259945,0.00045736948090095925
2026-06-05 14:40:00,2.1334666666666666,-0.0020500000000001073,2.148276659987635,0.00044493172768995395
2026-06-05 14:45:00,2.131883333333334,-0.0015833333333326038,2.148563082349692,0.00028642236205726735
2026-06-05 14:50:00,2.1328333333333327,0.0009499999999986741,2.1486164849324814,5.3402582789108816e-05
2026-06-05 14:55:00,2.133166666666667,0.0003333333333341848,2.1489442762411453,0.0003277913086638699
2026-06-05 15:00:00,2.1355999999999997,0.0024333333333328433,2.1490834868954654,0.00013921065432016892
2026-06-05 15:05:00,2.1362166666666673,0.000616666666667598,2.148538832854433,-0.0005446540410328038
2026-06-05 15:10:00,2.1380847457627126,0.0018680790960452498,2.1484939410163215,-4.489183811105846e-05
2026-06-05 15:15:00,2.1343666666666667,-0.003718079096045823,2.148264037255075,-0.00022990376124649889
2026-06-05 15:20:00,2.1358166666666674,0.0014500000000006175,2.1340704138707887,-0.0006428676520849788
2026-06-05 15:25:00,2.1345500000000004,-0.0012666666666669713,2.132396758268597,-0.0016736556021914003
2026-06-05 15:30:00,2.1353,0.0007499999999995843,2.1336281192391464,0.0012313609705492542
2026-06-05 15:35:00,2.1290333333333336,-0.006266666666666421,2.1340270930564222,0.0003989738172757169
2026-06-05 15:40:00,2.1063999999999994,-0.02263333333333417,2.134536718628289,0.0005096255718666335
2026-06-05 15:45:00,2.1266000000000003,0.020200000000000884,2.1349079294734215,0.00037121084513277715
2026-06-05 15:50:00,2.1318474576271185,0.005247457627118202,2.1350028444718934,9.491499847156447e-05
2026-06-05 15:55:00,2.133566666666667,0.001719209039548364,2.135464804903045,0.0004619604311515145
2026-06-05 16:00:00,2.131500000000001,-0.002066666666665995,2.1356014043692535,0.00013659946620884133
2026-06-05 16:05:00,2.1324,0.0008999999999992347,2.1352234409007105,-0.0003779634685429642
2026-06-05 16:10:00,2.12105,-0.011350000000000193,2.1353006523568303,7.721145611976269e-05
2026-06-05 16:15:00,2.118016666666667,-0.003033333333332777,2.135013378434561,-0.0002872739222696031
2026-06-05 16:20:00,2.115183333333333,-0.0028333333333341315,2.134480638054386,-0.0005327403801746726
2026-06-05 16:25:00,2.1212033898305083,0.006020056497175297,2.132867252704053,-0.0016133853503332663
2026-06-05 16:30:00,2.1239500000000002,0.0027466101694919587,2.134282554539515,0.0014153018354622644
2026-06-05 16:35:00,2.1231000000000004,-0.0008499999999997954,2.1347228294638,0.0004402749242849358
2026-06-05 16:40:00,2.102933333333332,-0.02016666666666822,2.135258637009723,0.0005358075459232545
2026-06-05 16:45:00,2.096616666666667,-0.006316666666665416,2.1356922407794636,0.0004336037697401665
2026-06-05 16:50:00,2.1079999999999997,0.011383333333332857,2.1358473687522253,0.0001551279727617962
2026-06-05 16:55:00,2.1121666666666656,0.004166666666665986,2.1362798973745374,0.00043252862231212214
2026-06-05 17:00:00,2.112399999999999,0.00023333333333352968,2.1366252688832557,0.00034537150871834005
2026-06-05 17:05:00,2.114423728813559,0.002023728813559611,2.1363033165108227,-0.0003219523724331916
2026-06-05 17:10:00,2.1142499999999997,-0.00017372881355903758,2.136500645632371,0.00019732912154853187
2026-06-05 17:15:00,2.114066666666667,-0.00018333333333275803,2.136359425947716,-0.0001412196846551075
2026-06-05 17:20:00,2.1203999999999996,0.006333333333332636,2.135973511600417,-0.00038591434729889207
2026-06-05 17:25:00,2.1300499999999998,0.009650000000000158,2.1347684072551965,-0.0012051043452205614
2026-06-05 17:30:00,2.1294333333333335,-0.0006166666666662657,2.136323537031604,0.0015551297764073392
2026-06-05 17:35:00,2.12525,-0.00418333333333365,2.136718066307365,0.0003945292757614006
2026-06-05 17:40:00,2.1229166666666663,-0.0023333333333335204,2.1372734175454395,0.000555351238074191
2026-06-05 17:45:00,2.119813559322034,-0.00310310734463215,2.137734032750726,0.00046061520528691154
2026-06-05 17:50:00,2.1199999999999997,0.00018644067796547148,2.154107598249449,0.00019979815069798317
2026-06-05 17:55:00,2.115983333333333,-0.004016666666666779,2.1543881923829145,0.0002805941334656468
2026-06-05 18:00:00,2.1176499999999994,0.0016666666666664831,2.154908261741549,0.0005200693586343932
2026-06-05 18:05:00,2.119416666666666,0.0017666666666666941,2.154649739649201,-0.0002585220923479044
2026-06-05 18:10:00,2.1384500000000006,0.019033333333334568,2.1547165889701514,6.684932095021317e-05
2026-06-05 18:15:00,2.1447833333333333,0.006333333333332636,2.154677370120145,-3.9218850005987935e-05
2026-06-05 18:20:00,2.146300000000001,0.0015166666666677209,2.15435214951859,-0.0003252206015552503
2026-06-05 18:25:00,2.1507796610169496,0.004479661016948633,2.1540329291968727,-0.0003192203217173444
2026-06-05 18:30:00,2.1519500000000003,0.0011703389830506339,2.155371922868891,0.0013389936720178946
2026-06-05 18:35:00,2.151516666666667,-0.00043333333333306356,2.1557619910430565,0.00039006817416573357
2026-06-05 18:40:00,2.14805,-0.003466666666667173,2.1563036595722127,0.000541668529156218
2026-06-05 18:45:00,2.1414,-0.006650000000000045,2.15672162672358,0.00041796715136715605
2026-06-05 18:50:00,2.144316666666666,0.0029166666666662344,2.156942592093575,0.00022096536999521876
2026-06-05 18:55:00,2.13695,-0.007366666666666077,2.157041371343887,9.87792503124103e-05
2026-06-05 19:00:00,2.1460500000000007,0.009100000000000552,2.1576181342084757,0.0005767628645884318
2026-06-05 19:05:00,2.133440677966102,-0.012609322033898529,2.1573887621972996,-0.00022937201117641395
2026-06-05 19:10:00,2.139966666666667,0.0065259887005648665,2.1570943355629244,-0.0002944266343750765
2026-06-05 19:15:00,2.141966666666667,0.0019999999999997797,2.1572109671522712,0.0001166315893467308
2026-06-05 19:20:00,2.1410333333333336,-0.0009333333333332305,2.157143677185922,-6.728996634898638e-05
2026-06-05 19:25:00,2.1426333333333343,0.001600000000000712,2.1580430312450325,0.0008993540591106461
2026-06-05 19:30:00,2.1405833333333333,-0.0020500000000009955,2.1589418683219432,0.0008988370769104518
2026-06-05 19:35:00,2.14305,0.002466666666666839,2.1585783391083373,-0.00036352921360564643
2026-06-05 19:40:00,2.1413166666666665,-0.0017333333333335865,2.1589119407527195,0.000333601644382147
2026-06-05 19:45:00,2.1386779661016946,-0.002638700564971952,2.159074080227222,0.00016213947450252305
2026-06-05 19:50:00,2.143733333333333,0.0050553672316384635,2.158994415406135,-7.966482108697608e-05
2026-06-05 19:55:00,2.1369499999999997,-0.006783333333333363,2.158725755934657,-0.00026865947147818487
2026-06-05 20:00:00,2.1440499999999996,0.007099999999999884,2.159065322914673,0.00033956698001574967
2026-06-05 20:05:00,2.136633333333334,-0.007416666666665517,2.1588558535106346,-0.0002094694040382397
2026-06-05 20:10:00,2.143416666666667,0.006783333333332919,2.1583891312680756,-0.0004667222425586898
2026-06-05 20:15:00,2.136366666666667,-0.007050000000000001,2.1585979284325534,0.00020879716447740466
2026-06-05 20:20:00,2.1491499999999997,0.012783333333332703,2.162468602858379,-0.008415935892408974
2026-06-05 20:25:00,2.1431186440677967,-0.006031355932202942,2.1411675627808773,-0.021301040077501956
2026-06-05 20:30:00,2.1415833333333327,-0.0015353107344640016,2.178422290228717,0.03725472744783989
2026-06-05 20:35:00,2.1425499999999995,0.0009666666666667822,2.1755854782030237,-0.0028368120256931305
2026-06-05 20:40:00,2.1364500000000004,-0.006099999999999106,2.167928559240468,-0.007656918962555722
2026-06-05 20:45:00,2.1373000000000006,0.0008500000000002395,2.1662841686769316,-0.0016443905635363024
2026-06-05 20:50:00,2.137149999999999,-0.00015000000000142677,2.165513708739037,-0.0007704599378946776
2026-06-05 20:55:00,2.1452,0.008050000000000779,2.1649640254945015,-0.0005496832445356839
2026-06-05 21:00:00,2.13565,-0.009549999999999947,2.1650442602464635,8.023475196217958e-05
2026-06-05 21:05:00,2.1392711864406784,0.0036211864406783256,2.16446624343618,-0.000578016810283538
2026-06-05 21:10:00,2.147333333333334,0.008062146892655608,2.1629752375196767,-0.0014910059165033612
2026-06-05 21:15:00,2.1467666666666663,-0.0005666666666677145,2.1644914569299134,0.0015162194102368485
2026-06-05 21:20:00,2.136316666666667,-0.010449999999999182,2.1583823062605787,-0.0061091506693349285
2026-06-05 21:25:00,2.1361833333333333,-0.00013333333333376274,2.1401796146251644,-0.018202691635414082
2026-06-05 21:30:00,2.140716666666667,0.004533333333333722,2.175002187748712,0.03482257312354715
2026-06-05 21:35:00,2.1389333333333327,-0.0017833333333343582,2.1656250703858326,-0.009377117362878922
2026-06-05 21:40:00,2.1411666666666673,0.0022333333333346417,2.1577799558202595,-0.00784511456557314
2026-06-05 21:45:00,2.1423220338983056,0.0011553672316382269,2.15638813357776,-0.0013918222424996762
2026-06-05 21:50:00,2.140250000000001,-0.0020720338983046815,2.1556155134196526,-0.0007726201581073474
2026-06-05 21:55:00,2.1389000000000005,-0.0013500000000004064,2.1550156953210564,-0.0005998180985961634
2026-06-05 22:00:00,2.1376666666666675,-0.0012333333333329755,2.154936265595184,-7.942972587274758e-05
2026-06-05 22:05:00,2.142700000000001,0.005033333333333445,2.1544671912337896,-0.0004690743613942979
2026-06-05 22:10:00,2.141648148148149,-0.0010518518518520814,2.1532478044927403,-0.0012193867410488681
2026-06-05 22:15:00,2.1470166666666675,0.005368518518518606,2.154942226068965,0.0016944215762244677
2026-06-05 22:20:00,2.132116666666667,-0.014900000000000357,2.151466262816645,-0.0034759632523200888
2026-06-05 22:25:00,2.1400833333333336,0.007966666666666455,2.136809386646373,-0.014656876170271737
2026-06-05 22:30:00,2.1352833333333328,-0.004800000000000804,2.156662662879547,0.019853276233174084
2026-06-05 22:35:00,2.138915254237288,0.0036319209039552547,2.1503894360139117,-0.006273226865635708
2026-06-05 22:40:00,2.1382833333333338,-0.0006319209039542528,2.143166740076439,-0.007222695937472284
2026-06-05 22:45:00,2.1392,0.0009166666666664547,2.1421681207761423,-0.0009986193002971585
2026-06-05 22:50:00,2.1371166666666666,-0.002083333333333659,2.18603093297782,-0.000806894632311189
2026-06-05 22:55:00,2.1401,0.002983333333333338,2.1852922460735593,-0.000738686904260465
2026-06-05 23:00:00,2.1322666666666668,-0.007833333333333137,2.1851019309402226,-0.00019031513333705633
2026-06-05 23:05:00,2.137916666666667,0.005650000000000155,2.18455990917725,-0.0005420217629725354
2026-06-05 23:10:00,2.13935593220339,0.0014392655367232443,2.183312713281911,-0.001247195895339302
2026-06-05 23:15:00,2.1466,0.007244067796609688,2.1853036713188856,0.0019909580369751015
2026-06-05 23:20:00,2.143783333333333,-0.0028166666666669116,2.1843690988810427,-0.0009345724378430112
2026-06-05 23:25:00,2.1374166666666676,-0.006366666666665299,2.173455357985886,-0.010913740895156877
2026-06-05 23:30:00,2.1389333333333336,0.0015166666666659445,2.146948653369299,-0.02650670461658656
2026-06-05 23:35:00,2.141566666666667,0.0026333333333332654,2.167290756360167,0.02034210299086763
2026-06-05 23:40:00,2.1417500000000005,0.0001833333333336462,2.162712987615953,-0.004577768744213693
2026-06-05 23:45:00,2.145566666666667,0.0038166666666663573,2.162568506286224,-0.00014448132972950625
2026-06-05 23:50:00,2.1357966101694914,-0.009770056497175439,2.1618632053971014,-0.0007053008891222075
2026-06-05 23:55:00,2.146083333333334,0.010286723163842382,2.161099344303777,-0.0007638610933243041
2026-06-06 00:00:00,2.1403166666666666,-0.005766666666667142,2.160920431071984,-0.00017891323179345032
2026-06-06 00:05:00,2.143966666666666,0.003649999999999487,2.1603607310702757,-0.0005597000017082174
2026-06-06 00:10:00,2.149716666666667,0.00575000000000081,2.15951862260388,-0.000842108466395875
2026-06-06 00:15:00,2.1481166666666667,-0.0016000000000002679,2.1616204023368244,0.0021017797329446267
2026-06-06 00:20:00,2.1458000000000004,-0.0023166666666663005,2.1632175555368187,0.0015971531999945303
2026-06-06 00:25:00,2.145383333333333,-0.0004166666666671759,2.157313037449662,-0.005904518087156854
2026-06-06 00:30:00,2.1488644067796616,0.00348107344632842,2.137069943751905,-0.02024309369775694
2026-06-06 00:35:00,2.14905,0.00018559322033828707,2.152337880424763,0.015267936672857939
2026-06-06 00:40:00,2.14725,-0.0017999999999998018,2.151081532819446,-0.001256347605317104
2026-06-06 00:45:00,2.1456666666666675,-0.0015833333333326038,2.151388246886979,0.00030671406753323
2026-06-06 00:50:00,2.1458999999999997,0.0002333333333321974,2.1505456209230873,-0.0008426259638915881
2026-06-06 00:55:00,2.1456666666666675,-0.0002333333333321974,2.149415462533022,-0.0011301583900655851
2026-06-06 01:00:00,2.1456500000000007,-1.6666666666775853e-05,2.1492685592097196,-0.00014690332330217972
2026-06-06 01:05:00,2.147516666666667,0.001866666666666461,2.148931070655603,-0.0003374885541168293
2026-06-06 01:10:00,2.1474237288135596,-9.293785310759972e-05,2.149282014207304,0.0003509435517014144
2026-06-06 01:15:00,2.148816666666667,0.0013929378531072345,2.1508873465567584,0.001605332349454254
2026-06-06 01:20:00,2.1465166666666673,-0.0022999999999995246,2.046319493477979,0.005986813048650571
2026-06-06 01:25:00,2.1469666666666662,0.00044999999999895124,2.0233903219246967,-0.022929171553282078
2026-06-06 01:30:00,2.1399,-0.0070666666666663325,2.0318789015995686,0.00848857967487182
2026-06-06 01:35:00,2.136983333333334,-0.0029166666666657903,2.0256014938284594,-0.006277407771108994
2026-06-06 01:40:00,2.1386499999999997,0.001666666666665595,2.025298555963605,-0.0003029378648544221
2026-06-06 01:45:00,2.1341525423728815,-0.004497457627118173,2.0254064119624697,0.00010785599886446036
2026-06-06 01:50:00,2.1370833333333334,0.002930790960451901,2.02513108657237,-0.00027532539009924206
2026-06-06 01:55:00,2.137733333333333,0.0006499999999993733,2.0243895126223985,-0.0007415739499719644
2026-06-06 02:00:00,2.1354333333333333,-0.0022999999999995246,2.025002475938276,0.000612963315877589
2026-06-06 02:05:00,2.1351833333333334,-0.00024999999999986144,2.0225815834618386,-0.0024208924764372555
2026-06-06 02:10:00,2.134866666666667,-0.00031666666666652077,2.0222031024758893,-0.0003784809859493875
2026-06-06 02:15:00,2.1316333333333333,-0.0032333333333336434,2.0228823203227715,0.0006792178468822239
2026-06-06 02:20:00,2.1293833333333327,-0.0022500000000005294,2.031514339129475,0.008632018806703895
2026-06-06 02:25:00,2.135186440677966,0.005803107344633407,2.0114815152008996,-0.02003282392857572
2026-06-06 02:30:00,2.135866666666667,0.0006802259887006556,2.011218716558809,-0.000262798642090338
2026-06-06 02:35:00,2.13565,-0.00021666666666675383,2.004886531804457,-0.006332184754352691
2026-06-06 02:40:00,2.1340333333333334,-0.0016166666666665996,2.0032791778350667,-0.0016073539693901586
2026-06-06 02:45:00,2.134333333333333,0.0002999999999997449,2.006670672594776,0.003391494759709516
2026-06-06 02:50:00,2.1339,-0.00043333333333306356,2.005943957868499,-0.0007267147262770016
2026-06-06 02:55:00,2.136583333333334,0.002683333333334037,2.006391408442228,0.0004474505737289839
2026-06-06 03:00:00,2.1364666666666667,-0.00011666666666743097,2.004107764891729,-0.00228364355049888
2026-06-06 03:05:00,2.1369661016949153,0.0004994350282485627,2.0036167196598877,-0.0004910452318412286
2026-06-06 03:10:00,2.140116666666667,0.0031505649717518125,2.0017919943573785,-0.0018247253025091943
2026-06-06 03:15:00,2.1366000000000005,-0.0035166666666666124,2.0090363015961974,0.007244307238818799
2026-06-06 03:20:00,2.134116666666667,-0.002483333333333615,1.9897169977378157,-0.019319303858381702
2026-06-06 03:25:00,2.1310666666666664,-0.0030500000000004412,1.9900071281577536,0.00029013041993789537
2026-06-06 03:30:00,2.1278,-0.003266666666666307,1.9900943216063793,8.719344862568261e-05
2026-06-06 03:35:00,2.1350333333333333,0.007233333333333203,1.9948530515081078,0.0047587299017284
2026-06-06 03:40:00,2.1291166666666665,-0.005916666666666792,1.9884599679125758,-0.006393083595531928
2026-06-06 03:45:00,2.1188813559322033,-0.010235310734463265,1.9927374853556934,0.0042775174431174115
2026-06-06 03:50:00,2.1211999999999995,0.0023186440677962494,2.0620903294624773,0.00048030578208145883
2026-06-06 03:55:00,2.1510166666666675,0.029816666666667935,2.062654854834094,0.0005645253716167951
2026-06-06 04:00:00,2.1594500000000005,0.00843333333333307,2.060758390185302,-0.001896464648791642
2026-06-06 04:05:00,2.1602333333333337,0.000783333333333136,2.060337256262373,-0.00042113392292918183
2026-06-06 04:10:00,2.157133333333334,-0.0030999999999998806,2.059399111975913,-0.0009381442864599397
2026-06-06 04:15:00,2.1610166666666677,0.003883333333333905,2.061185022020445,0.0017859100445319347
2026-06-06 04:20:00,2.1605000000000003,-0.0005166666666673869,2.0599530449611576,-0.0012319770592875987
2026-06-06 04:25:00,2.1656440677966113,0.005144067796611029,2.0603180713649363,0.0003650264037787552
2026-06-06 04:30:00,2.1637,-0.0019440677966113817,2.0605687275076363,0.0002506561427000428
2026-06-06 04:35:00,2.21145,0.04775000000000018,2.061440495057429,0.0008717675497924879
2026-06-06 04:40:00,2.251733333333334,0.04028333333333389,2.0635171065059867,0.0020766114485580582
2026-06-06 04:45:00,2.263383333333334,0.011649999999999938,2.0643878806233347,0.0008707741173479824
2026-06-06 04:50:00,2.284036363636364,0.020653030303030118,2.0645307768213184,0.000142896197983591
2026-06-06 04:55:00,2.2887333333333335,0.004696969696969422,2.0651719949602922,0.0006412181389736398
2026-06-06 05:00:00,2.2657166666666675,-0.02301666666666602,2.0631133503135217,-0.00205864464677014
2026-06-06 05:05:00,2.263983333333333,-0.0017333333333344747,2.062658842529981,-0.00045450778354056966
2026-06-06 05:10:00,2.224118644067797,-0.03986468926553588,2.061319536497115,-0.0013393060328666117
2026-06-06 05:15:00,2.2143833333333327,-0.00973531073446443,2.0625519694735446,0.0012324329764299103
2026-06-06 05:20:00,2.2037833333333334,-0.010599999999999277,2.0624180742288023,-0.00013389524474242503
2026-06-06 05:25:00,2.2364,0.03261666666666674,2.0628030329056948,0.00038495867689236017
2026-06-06 05:30:00,2.2172833333333335,-0.01911666666666667,2.063357800696617,0.0005547677909224875
2026-06-06 05:35:00,2.226733333333333,0.009449999999999292,2.064741215861015,0.001383415164397803
2026-06-06 05:40:00,2.2298166666666663,0.003083333333333549,2.0662042004271406,0.001462984566125889
2026-06-06 05:45:00,2.2268166666666667,-0.0029999999999996696,2.066620484976562,0.00041628454942094104
2026-06-06 05:50:00,2.2349830508474575,0.008166384180790853,2.0662389744446514,-0.0003815105319100979
2026-06-06 05:55:00,2.2663166666666665,0.031333615819209015,2.0669178490258413,0.000678874581189478
2026-06-06 06:00:00,2.2528833333333336,-0.013433333333332964,2.064915870437717,-0.002001978588123976
2026-06-06 06:05:00,2.2844666666666664,0.03158333333333285,2.064434056365991,-0.00048181407172642575
2026-06-06 06:10:00,2.259366666666666,-0.025100000000000566,2.0631632210804534,-0.0012708352855373532
2026-06-06 06:15:00,2.2605,0.0011333333333340967,2.0638031796843257,0.0006399586038723075
2026-06-06 06:20:00,2.246,-0.014499999999999957,2.217063925894387,0.0001504276244432327
2026-06-06 06:25:00,2.251016666666666,0.005016666666666225,2.217324507912277,0.0002605820178899794
2026-06-06 06:30:00,2.249745762711864,-0.0012709039548020051,2.2182003230936473,0.000875815181370252
2026-06-06 06:35:00,2.2230500000000006,-0.02669576271186358,2.2193938149055352,0.0011934918118879367
2026-06-06 06:40:00,2.224783333333333,0.0017333333333322543,2.220266537244855,0.0008727223393198961
2026-06-06 06:45:00,2.211066666666666,-0.013716666666666821,2.2204183965069757,0.0001518592621204635
2026-06-06 06:50:00,2.24045,0.029383333333333983,2.2197919472585785,-0.0006264492483968398
2026-06-06 06:55:00,2.274816666666667,0.0343666666666671,2.220579055523929,0.0007871082653503694
2026-06-06 07:00:00,2.24495,-0.029866666666667374,2.2195883816226365,-0.0009906739012927642
2026-06-06 07:05:00,2.272372881355932,0.027422881355932294,2.2188064840145154,-0.00078189760812108
2026-06-06 07:10:00,2.2195833333333335,-0.05278954802259861,2.2183863459555346,-0.0004201380589805246
2026-06-06 07:15:00,2.2292500000000004,0.009666666666666934,2.2185668804104175,0.00018053445488287886
2026-06-06 07:20:00,2.2136666666666662,-0.01558333333333417,2.21882575446911,0.000258874058692438
2026-06-06 07:25:00,2.202033333333333,-0.011633333333333162,2.218806082409352,-1.9672059758007676e-05
2026-06-06 07:30:00,2.188383333333334,-0.013649999999999274,2.2199441804785915,0.0011380980692394537
2026-06-06 07:35:00,2.2100833333333325,0.02169999999999872,2.2209655942921644,0.001021413813572867
2026-06-06 07:40:00,2.2117833333333334,0.001700000000000923,2.2216334741014263,0.0006678798092619404
2026-06-06 07:45:00,2.215593220338982,0.003809887005648438,2.2215813558326434,-5.2118268782862413e-05
2026-06-06 07:50:00,2.210283333333332,-0.005309887005649827,2.220783185614726,-0.0007981702179170386
2026-06-06 07:55:00,2.1984500000000002,-0.011833333333331808,2.221427598607244,0.0006444129925177549
2026-06-06 08:00:00,2.206866666666667,0.008416666666666739,2.2217061773492213,0.00027857874197693717
2026-06-06 08:05:00,2.18665,-0.02021666666666677,2.2198340813414363,-0.0018720960077849144
2026-06-06 08:10:00,2.1886999999999994,0.002049999999999219,2.219845059393075,1.0978051638920274e-05
2026-06-06 08:15:00,2.1943166666666656,0.005616666666666159,2.219773749670776,-7.130972229913092e-05
2026-06-06 08:20:00,2.1854166666666663,-0.008899999999999242,2.219966401532228,0.0001926518614518586
2026-06-06 08:25:00,2.190101694915254,0.0046850282485877415,2.2196401690853365,-0.00032623244689148625
2026-06-06 08:30:00,2.1955833333333334,0.00548163841807936,2.22070267062761,0.0010625015422735427
2026-06-06 08:35:00,2.1910999999999996,-0.004483333333333839,2.221709484216483,0.0010068135888732803
2026-06-06 08:40:00,2.1772666666666667,-0.01383333333333292,2.222226809725958,0.0005173255094746253
2026-06-06 08:45:00,2.1753833333333343,-0.0018833333333323488,2.221987994747698,-0.00023881497825971781
2026-06-06 08:50:00,2.1763666666666674,0.000983333333333114,2.217660165388875,-0.000757377878724601
2026-06-06 08:55:00,2.1842333333333337,0.007866666666666244,2.218050845121336,0.00039067973246094504
2026-06-06 09:00:00,2.1741333333333333,-0.010100000000000442,2.2183101660764386,0.000259320955102932
2026-06-06 09:05:00,2.172898305084747,-0.001235028248586456,2.216331777025844,-0.001978389050594686
2026-06-06 09:10:00,2.17695,0.004051694915253368,2.216381916485088,5.013945924402496e-05
2026-06-06 09:15:00,2.17615,-0.000800000000000356,2.21617019248286,-0.00021172400222809845
2026-06-06 09:20:00,2.1729166666666666,-0.0032333333333331993,2.216183503048347,1.3310565486931254e-05
2026-06-06 09:25:00,2.1774833333333334,0.00456666666666683,2.215685961541996,-0.0004975415063510895
2026-06-06 09:30:00,2.1769666666666665,-0.0005166666666669428,2.216576367594881,0.000890406052885524
2026-06-06 09:35:00,2.1769166666666675,-4.999999999899529e-05,2.2174902162375076,0.0009138486426264602
2026-06-06 09:40:00,2.1759999999999993,-0.000916666666668231,2.217816375115564,0.0003261588780561299
2026-06-06 09:45:00,2.1758166666666674,-0.00018333333333186985,2.217405564352499,-0.000410810763065174
2026-06-06 09:50:00,2.176305084745763,0.0004884180790956094,2.216672474845063,-0.0007330895074360778
2026-06-06 09:55:00,2.1660666666666675,-0.010238418079095535,2.2169216391285818,0.0002491642835192327
2026-06-06 10:00:00,2.173500000000001,0.007433333333333625,2.21709722343042,0.0001755843018377648
2026-06-06 10:05:00,2.174383333333334,0.000883333333332903,2.215001088692474,-0.0020961347379455856
2026-06-06 10:10:00,2.1775500000000005,0.00316666666666654,2.2150296605818864,2.8571889412309923e-05
2026-06-06 10:15:00,2.169583333333334,-0.007966666666666455,2.214837334891272,-0.00019232569061423374
2026-06-06 10:20:00,2.1709333333333336,0.0013499999999995183,2.2144905510014863,-0.00034678388978561485
2026-06-06 10:25:00,2.1723500000000007,0.0014166666666670658,2.213859310629378,-0.0006312403721086324
2026-06-06 10:30:00,2.173762711864408,0.001412711864407168,2.2146679760946415,0.0008086654652636819
2026-06-06 10:35:00,2.171516666666667,-0.0022460451977406315,2.215592958031019,0.0009249819363774403
2026-06-06 10:40:00,2.1697500000000005,-0.0017666666666666941,2.2158507684530284,0.0002578104220092499
2026-06-06 10:45:00,2.1718666666666673,0.0021166666666667666,2.21539229143373,-0.000458477019298003
2026-06-06 10:50:00,2.17035,-0.0015166666666672768,2.214900365868268,-0.0004919255654621911
2026-06-06 10:55:00,2.171716666666667,0.0013666666666671823,2.215148901212063,0.0002485353437949963
2026-06-06 11:00:00,2.1696166666666667,-0.002100000000000435,2.2152362161176593,8.731490559611176e-05
2026-06-06 11:05:00,2.1713333333333336,0.0017166666666668107,2.2130781455801056,-0.002158070537553683
2026-06-06 11:10:00,2.1716271186440683,0.0002937853107347621,2.213132330228957,5.418464885164872e-05
2026-06-06 11:15:00,2.1720500000000005,0.0004228813559321587,2.213452085451054,0.00031975522209685747
2026-06-06 11:20:00,2.170900000000001,-0.0011499999999995403,2.200298917297731,-0.0006940864648590071
2026-06-06 11:25:00,2.170733333333334,-0.00016666666666687036,2.2001371118546484,-0.0001618054430827336
2026-06-06 11:30:00,2.170133333333334,-0.0005999999999999339,2.200488997668052,0.00035188581340385596
2026-06-06 11:35:00,2.1698166666666676,-0.00031666666666652077,2.201450714396053,0.0009617167280005872
2026-06-06 11:40:00,2.172116666666668,0.002300000000000413,2.2021183765615713,0.0006676621655184955
2026-06-06 11:45:00,2.1746949152542374,0.0025782485875693872,2.202593557226778,0.00047518066520628373
2026-06-06 11:50:00,2.1746666666666674,-2.824858757000115e-05,2.2028912844445867,0.00029772721780924207
2026-06-06 11:55:00,2.174466666666667,-0.00020000000000042206,2.203331250623275,0.0004399661786882408
2026-06-06 12:00:00,2.1714333333333338,-0.0030333333333332213,2.203691568547161,0.0003603179238859648
2026-06-06 12:05:00,2.168666666666668,-0.002766666666665696,2.2016082620491333,-0.0020833064980277454
2026-06-06 12:10:00,2.1679000000000013,-0.0007666666666668043,2.2014968116472526,-0.0001114504018805792
2026-06-06 12:15:00,2.174550000000001,0.006649999999999601,2.201049979281052,-0.00044683236620092715
2026-06-06 12:20:00,2.175033333333334,0.00048333333333294703,2.199564569593841,-0.0014854096872109759
2026-06-06 12:25:00,2.174101694915255,-0.0009316384180788617,2.19979775677114,0.00023318717729954775
2026-06-06 12:30:00,2.1754500000000005,0.0013483050847455935,2.200478245278831,0.0006804885076905957
2026-06-06 12:35:00,2.1717666666666675,-0.0036833333333330387,2.201218507187858,0.000740261909026989
2026-06-06 12:40:00,2.172233333333334,0.00046666666666661527,2.2017054733755366,0.00048696618767843727
2026-06-06 12:45:00,2.1716,-0.0006333333333339297,2.201975976227621,0.00027050285208436107
2026-06-06 12:50:00,2.1719166666666663,0.0003166666666660767,2.202066608411387,9.06321837660956e-05
2026-06-06 12:55:00,2.173816666666667,0.001900000000000901,2.2021176516245924,5.104321320557878e-05
2026-06-06 13:00:00,2.174183333333334,0.00036666666666684833,2.203204977837841,0.0010873262132482034
2026-06-06 13:05:00,2.172101694915255,-0.002081638418078846,2.2034622209363257,0.0002572430984848689
2026-06-06 13:10:00,2.1755333333333344,0.0034316384180792525,2.2035080205983895,4.579966206401261e-05
2026-06-06 13:15:00,2.169383333333334,-0.006150000000000322,2.2027597087067936,-0.0007483118915959046
2026-06-06 13:20:00,2.1702666666666675,0.0008833333333333471,2.2024427232685637,-0.0003169854382300199
2026-06-06 13:25:00,2.172816666666667,0.002549999999999386,2.201943904380583,-0.0004988188879809093
2026-06-06 13:30:00,2.178866666666667,0.006050000000000111,2.2008491123988105,-0.0010947919817723033
2026-06-06 13:35:00,2.1759166666666663,-0.0029500000000006743,2.2011448946319185,0.0002957822331083106
2026-06-06 13:40:00,2.1835166666666663,0.007600000000000051,2.2011247566877854,-2.0137944133372137e-05
2026-06-06 13:45:00,2.1858833333333334,0.002366666666667072,2.201036472594376,-8.828409340956688e-05
2026-06-06 13:50:00,2.132305084745763,-0.05357824858757043,2.2142983974823416,-0.0003863598001456945
2026-06-06 13:55:00,2.1248333333333336,-0.007471751412429395,2.2137427287242453,-0.0005556687580961042
2026-06-06 14:00:00,2.1199166666666667,-0.004916666666666902,2.213943908356285,0.0002011796320393827
2026-06-06 14:05:00,2.119249999999999,-0.0006666666666674814,2.2132458827233292,-0.000698025632955416
2026-06-06 14:10:00,2.1167499999999992,-0.0024999999999999467,2.212412553245298,-0.0008333294780315057
2026-06-06 14:15:00,2.11295,-0.0037999999999991374,2.2125952835855895,0.00018273034029166896
2026-06-06 14:20:00,2.113883333333333,0.0009333333333327865,2.211533552755685,-0.0010617308299043842
2026-06-06 14:25:00,2.10965,-0.004233333333333089,2.2052168720709306,-0.006316680684754665
2026-06-06 14:30:00,2.110033898305085,0.0003838983050852285,2.2112110033056056,0.0059941312346750925
2026-06-06 14:35:00,2.1136166666666663,0.0035827683615812234,2.211543137610896,0.0003321343052901338
2026-06-06 14:40:00,2.1116833333333327,-0.0019333333333335645,2.211907268791226,0.00036413118033002106
2026-06-06 14:45:00,2.11385,0.002166666666667094,2.2122086450185887,0.00030137622736289913
2026-06-06 14:50:00,2.1093999999999995,-0.004450000000000287,2.2122717584402025,6.311342161402386e-05
2026-06-06 14:55:00,2.1107499999999995,0.0013499999999999623,2.212609022493459,0.00033726405325642806
2026-06-06 15:00:00,2.1112166666666674,0.00046666666666794754,2.2127427753559044,0.00013375286244533496
2026-06-06 15:05:00,2.1115333333333335,0.0003166666666660767,2.2122044601011996,-0.0005383152547049028
2026-06-06 15:10:00,2.112033333333333,0.0004999999999997229,2.2121674585050246,-3.700159617512868e-05
2026-06-06 15:15:00,2.1130847457627118,0.001051412429378562,2.2119534838411594,-0.00021397466386507893
2026-06-06 15:20:00,2.111483333333333,-0.0016014124293786125,2.210793583601825,-0.0011599002393342796
2026-06-06 15:25:00,2.1103333333333327,-0.0011500000000004285,2.205861426315762,-0.004932157286063062
2026-06-06 15:30:00,2.109683333333334,-0.0006499999999989292,2.2104753365336913,0.0046139102179292785
2026-06-06 15:35:00,2.1117,0.0020166666666661115,2.2108379530514815,0.0003626165177900235
2026-06-06 15:40:00,2.109683333333333,-0.0020166666666669997,2.2112806239003513,0.00044267084887021765
2026-06-06 15:45:00,2.1097000000000006,1.6666666667664032e-05,2.211679680607103,0.00039905670675133726
2026-06-06 15:50:00,2.109516666666666,-0.0001833333333345344,2.211796690095904,0.00011700948880130148
2026-06-06 15:55:00,2.1130847457627113,0.0035680790960452846,2.2122686253792376,0.0004719352833334395
2026-06-06 16:00:00,2.110066666666667,-0.003018079096044346,2.212433016142257,0.00016439076301959856
2026-06-06 16:05:00,2.107366666666666,-0.002700000000000813,2.212062398600149,-0.00037061754210847313
2026-06-06 16:10:00,2.108649999999999,0.001283333333332859,2.2121605788775875,9.81802774389994e-05
2026-06-06 16:15:00,2.1108,0.0021500000000007624,2.2118854875482943,-0.00027509132929362263
2026-06-06 16:20:00,2.113183333333333,0.002383333333333404,2.1236553685911064,-0.0004915318568599228
2026-06-06 16:25:00,2.1136,0.0004166666666667318,2.1221546217922485,-0.001500746798857839
2026-06-06 16:30:00,2.1121499999999997,-0.0014500000000001734,2.123509205169986,0.0013545833777377423
2026-06-06 16:35:00,2.112610169491525,0.0004601694915251642,2.1238569825005267,0.0003477773305402482
2026-06-06 16:40:00,2.111199999999999,-0.0014101694915260587,2.124323346812042,0.00046636431151554067
2026-06-06 16:45:00,2.110933333333333,-0.0002666666666657491,2.1247261437435263,0.0004027969314840645
2026-06-06 16:50:00,2.1096166666666667,-0.0013166666666664106,2.1248548018634557,0.00012865811992958888
2026-06-06 16:55:00,2.1113999999999993,0.0017833333333325818,2.125281124674304,0.00042632281084823694
2026-06-06 17:00:00,2.1113499999999994,-4.999999999988347e-05,2.125600278255345,0.00031915358104096027
2026-06-06 17:05:00,2.1117666666666666,0.0004166666666671759,2.1252352310724487,-0.0003650471828960697
2026-06-06 17:10:00,2.109933333333333,-0.0018333333333333535,2.125426247461171,0.00019101638872216819
2026-06-06 17:15:00,2.1115999999999997,0.0016666666666664831,2.1252763864033684,-0.00014986105780282258
2026-06-06 17:20:00,2.1120677966101686,0.0004677966101689357,2.12489697503174,-0.0003794113716282397
2026-06-06 17:25:00,2.110333333333333,-0.0017344632768354629,2.123797682630191,-0.0010992924015487688
2026-06-06 17:30:00,2.109716666666667,-0.0006166666666662657,2.125295862520379,0.001498179890187991
2026-06-06 17:35:00,2.109199999999999,-0.000516666666667831,2.1255446484820295,0.00024878596165022057
2026-06-06 17:40:00,2.1088333333333327,-0.00036666666666640424,2.126020992958628,0.00047634447659828787
2026-06-06 17:45:00,2.108416666666666,-0.0004166666666667318,2.12645026824987,0.00042927529124248554
2026-06-06 17:50:00,2.108116666666666,-0.0002999999999997449,2.1266319026988927,0.00018163444902240136
2026-06-06 17:55:00,2.1088999999999993,0.000783333333333136,2.126884555911453,0.00025265321256020976
2026-06-06 18:00:00,2.112542372881355,0.0036423728813557155,2.127395411042637,0.0005108551311845058
2026-06-06 18:05:00,2.112083333333333,-0.00045903954802195557,2.1271292527189782,-0.00026615832365924297
2026-06-06 18:10:00,2.1092166666666663,-0.002866666666666795,2.127146198617049,1.694589807073431e-05
2026-06-06 18:15:00,2.1072666666666664,-0.0019499999999998963,2.1271081529383333,-3.804567871548405e-05
2026-06-06 18:20:00,2.1115166666666663,0.004249999999999865,2.1268538520697384,-0.00025430086859500636
2026-06-06 18:25:00,2.1086,-0.0029166666666662344,2.1265842413893337,-0.0002696106804048506
2026-06-06 18:30:00,2.110266666666667,0.0016666666666669272,2.128001605702415,0.0014173643130816166
2026-06-06 18:35:00,2.111883333333333,0.0016166666666661555,2.128087693061996,8.608735958089237e-05
2026-06-06 18:40:00,2.106796610169491,-0.005086723163842066,2.1285301633502383,0.00044247028824229525
2026-06-06 18:45:00,2.1098,0.0030033898305088513,2.128937756359655,0.00040759300941659954
2026-06-06 18:50:00,2.1091666666666664,-0.0006333333333334856,2.1430238102440584,0.00019798926607925014
2026-06-06 18:55:00,2.10965,0.0004833333333333911,2.1431064477846506,8.26375405922704e-05
2026-06-06 19:00:00,2.107249999999999,-0.002400000000000624,2.1436678742777713,0.0005614264931205395
2026-06-06 19:05:00,2.1101666666666667,0.0029166666666675667,2.1434442759982435,-0.00022359827952799942
2026-06-06 19:10:00,2.1094,-0.0007666666666668043,2.1430877555181738,-0.00035652048006968977
2026-06-06 19:15:00,2.1104,0.0009999999999998899,2.1432166812483167,0.00012892573014320214
2026-06-06 19:20:00,2.11155,0.0011499999999999844,2.143016023978364,-0.00020065726995302405
2026-06-06 19:25:00,2.1093389830508475,-0.002211016949152267,2.1438392066371517,0.0008231826587877048
2026-06-06 19:30:00,2.109416666666666,7.768361581828032e-05,2.144654211023888,0.0008150043867367139
2026-06-06 19:35:00,2.1102499999999997,0.0008333333333339077,2.1441276285351196,-0.000526582488768807
2026-06-06 19:40:00,2.1087666666666665,-0.001483333333333281,2.1443260471932173,0.00019841865809785172
2026-06-06 19:45:00,2.106733333333333,-0.0020333333333333314,2.1444668077078424,0.00014076051462499754
2026-06-06 19:50:00,2.1097833333333336,0.0030500000000004412,2.144375394359774,-9.141334806832503e-05
2026-06-06 19:55:00,2.1100166666666653,0.00023333333333175332,2.144107442545681,-0.00026795181409278396
2026-06-06 20:00:00,2.1089999999999995,-0.0010166666666657775,2.144440024540544,0.000332581994863071
2026-06-06 20:05:00,2.1101525423728806,0.0011525423728810935,2.14424032701149,-0.0001996975290544664
2026-06-06 20:10:00,2.109333333333333,-0.0008192090395477969,2.143705852745286,-0.0005344742662037141
2026-06-06 20:15:00,2.108566666666666,-0.0007666666666668043,2.1439185157525964,0.00021266300731045262
2026-06-06 20:20:00,2.1079499999999998,-0.0006166666666662657,2.1440408304188026,0.00012231466620623996
2026-06-06 20:25:00,2.1079999999999997,4.999999999988347e-05,2.1441885320991374,0.00014770168033479333
2026-06-06 20:30:00,2.1100499999999998,0.0020500000000001073,2.145431535632196,0.0012430035330583211
2026-06-06 20:35:00,2.109266666666666,-0.0007833333333335801,2.144557250239554,-0.0008742853926420974
2026-06-06 20:40:00,2.1101,0.0008333333333339077,2.144595572922266,3.832268271208553e-05
2026-06-06 20:45:00,2.109783333333333,-0.00031666666666696486,2.1444103783397797,-0.00018519458248642245
2026-06-06 20:50:00,2.1109491525423727,0.0011658192090395758,2.1440162481342604,-0.00039413020551909347
2026-06-06 20:55:00,2.107816666666666,-0.003132485875706692,2.143657901625387,-0.00035834650887343075
2026-06-06 21:00:00,2.1115166666666667,0.0037000000000007027,2.143915549281685,0.0002576476562978765
2026-06-06 21:05:00,2.1090666666666666,-0.0024500000000000632,2.1437399414613356,-0.00017560782034907756
2026-06-06 21:10:00,2.1084833333333335,-0.0005833333333331581,2.143205928893564,-0.0005340125677717609
2026-06-06 21:15:00,2.11115,0.002666666666666373,2.14337591759507,0.00016998870150614287
2026-06-06 21:20:00,2.1094,-0.0017499999999999183,2.14859915358889,0.0001614824194790329
2026-06-06 21:25:00,2.108033333333333,-0.0013666666666667382,2.14864793231287,4.877872398000008e-05
2026-06-06 21:30:00,2.111745762711864,0.0037124293785306683,2.1498138657766583,0.001165933463788375
2026-06-06 21:35:00,2.1098,-0.0019457627118639742,2.1489864640623764,-0.000827401714281631
2026-06-06 21:40:00,2.111516666666667,0.0017166666666672548,2.1490417201859002,5.525612352384464e-05
2026-06-06 21:45:00,2.1105499999999995,-0.0009666666666676704,2.148807676384717,-0.0002340438011834865
2026-06-06 21:50:00,2.1097166666666656,-0.0008333333333339077,2.14837508625996,-0.0004325901247565009
2026-06-06 21:55:00,2.107349999999999,-0.002366666666666628,2.1480756379045793,-0.00029944835538089123
2026-06-06 22:00:00,2.109066666666667,0.001716666666668143,2.148276409301459,0.0002007713968794872
2026-06-06 22:05:00,2.1112166666666665,0.00214999999999943,2.1481322908669913,-0.0001441184344678309
2026-06-06 22:10:00,2.1108000000000002,-0.0004166666666662877,2.14769516083191,-0.0004371300350807839
2026-06-06 22:15:00,2.108711864406779,-0.0020881355932211854,2.1478726097305008,0.000177448898590298
2026-06-06 22:20:00,2.1102333333333325,0.0015214689265534709,2.14813719393696,0.00026458420645918335
2026-06-06 22:25:00,2.108999999999999,-0.0012333333333334195,2.148165513066082,2.8319129122223253e-05
2026-06-06 22:30:00,2.1115,0.002500000000000835,2.1492278979990953,0.0010623849330132313
2026-06-06 22:35:00,2.108916666666666,-0.002583333333333826,2.1488954707651717,-0.000332427233923755
2026-06-06 22:40:00,2.108983333333333,6.666666666710341e-05,2.148974665824207,7.919505903508332e-05
2026-06-06 22:45:00,2.110516666666667,0.0015333333333336086,2.1487679454818833,-0.0002067203423231963
2026-06-06 22:50:00,2.110066666666666,-0.0004500000000007276,2.1483375356711,-0.000430409810783333
2026-06-06 22:55:00,2.107466666666667,-0.0025999999999992696,2.148022599969654,-0.0003149357014460181
2026-06-06 23:00:00,2.107661016949152,0.0001943502824852672,2.1482370468857046,0.0002144469160505874
2026-06-06 23:05:00,2.112133333333333,0.0044723163841808855,2.148084815137584,-0.00015223174812057722
2026-06-06 23:10:00,2.1106499999999992,-0.001483333333333725,2.147719164417579,-0.00036565072000522176
2026-06-06 23:15:00,2.1123499999999997,0.001700000000000479,2.1479368642698886,0.00021769985230960637
2026-06-06 23:20:00,2.1113999999999993,-0.0009500000000004505,2.14831661061826,0.00037974634837135057
2026-06-06 23:25:00,2.1091833333333327,-0.0022166666666665336,2.148379240826618,6.263020835842116e-05
2026-06-06 23:30:00,2.109266666666666,8.333333333343518e-05,2.148541879486955,0.0001626386603368278
2026-06-06 23:35:00,2.1108166666666666,0.0015500000000003844,2.149540141249916,0.0009982617629610735
2026-06-06 23:40:00,2.1076271186440674,-0.003189548022599187,2.1488979301634914,-0.0006422110864249045
2026-06-06 23:45:00,2.1104,0.002772881355932455,2.1489350855187808,3.715535528958639e-05
2026-06-06 23:50:00,2.110583333333333,0.00018333333333320212,2.146209779225319,-0.0004330972777709655
2026-06-06 23:55:00,2.111566666666666,0.000983333333333114,2.1458151855884777,-0.0003945936368414994
2026-06-07 00:00:00,2.1100499999999993,-0.0015166666666668327,2.1460356723487632,0.00022048676028576353
2026-06-07 00:05:00,2.1108833333333323,0.0008333333333330195,2.1458163829845587,-0.00021928936420438508
2026-06-07 00:10:00,2.110416666666666,-0.0004666666666661712,2.1455270613572583,-0.00028932162730050504
2026-06-07 00:15:00,2.1090833333333334,-0.0013333333333327424,2.1457731487738685,0.0002460874166100614
2026-06-07 00:20:00,2.1101499999999995,0.001066666666666105,2.146222507516537,0.0004493587426684589
2026-06-07 00:25:00,2.1096440677966095,-0.0005059322033900138,2.1464058156511143,0.00018330813457756621
2026-06-07 00:30:00,2.1100399999999992,0.0003959322033897372,2.146576600957132,0.00017078530601759173
2026-06-07 00:35:00,2.113949152542373,0.003909152542373562,2.147418330770426,0.0008417298132942857
2026-06-07 00:40:00,2.110483333333333,-0.0034658192090399886,2.1468930781411184,-0.0005252526293080702
2026-06-07 00:45:00,2.1105166666666664,3.333333333355171e-05,2.146897183773585,4.105632466447137e-06
2026-06-07 00:50:00,2.109033333333333,-0.001483333333333281,2.1463889281049813,-0.0005082556686034527
2026-06-07 00:55:00,2.1095999999999995,0.0005666666666663822,2.145728274137198,-0.0006606539677834989
2026-06-07 01:00:00,2.110844444444444,0.0012444444444446034,2.1458491442134324,0.0001208700762345671
2026-06-07 01:05:00,2.1117333333333335,0.0008888888888893831,2.14567948528286,-0.00016965893057219265
2026-06-07 01:10:00,2.1076530612244895,-0.004080272108843985,2.1459079077626204,0.00022842247976006706
2026-06-07 01:15:00,2.111647058823529,0.003993997599039734,2.145949712871307,4.1805108686984506e-05
2026-06-07 01:20:00,2.111391304347826,-0.0002557544757033625,2.146320831313261,0.0003711184419541122
2026-06-07 01:25:00,2.110666666666667,-0.000724637681158935,2.1462590821665732,-6.174914668799894e-05
2026-06-07 01:30:00,2.111916666666667,0.0012500000000001954,2.147040880289277,0.0007817981227039093
2026-06-07 01:35:00,2.1127333333333325,0.0008166666666653555,2.1469413013638845,-9.957892539293456e-05
2026-06-07 01:40:00,2.11115,-0.0015833333333326038,2.1474616732590586,0.0005203718951743099
2026-06-07 01:45:00,2.1141666666666667,0.0030166666666668895,2.1476325700373966,0.00017089677833813003
2026-06-07 01:50:00,2.112466666666667,-0.0016999999999995907,2.1475590919016647,-7.347813573210515e-05
2026-06-07 01:55:00,2.116966666666666,0.004499999999998838,2.1470616679772365,-0.0004974239244280184
2026-06-07 02:00:00,2.1157118644067787,-0.0012548022598872777,2.1476702823498783,0.0006086143726418538
2026-06-07 02:05:00,2.1160333333333328,0.00032146892655404713,2.146944751199033,-0.0007255311508453459
2026-06-07 02:10:00,2.1150500000000005,-0.0009833333333322258,2.1471488198548507,0.0002040686558176148
2026-06-07 02:15:00,2.112149999999999,-0.002900000000001679,2.1471322593995077,-1.656045534299766e-05
2026-06-07 02:20:00,2.1139666666666668,0.0018166666666679099,2.135574886647904,0.0003200444232372079
2026-06-07 02:25:00,2.114016666666666,4.999999999943938e-05,2.1356341280523283,5.9241404424048826e-05
2026-06-07 02:30:00,2.1127999999999996,-0.0012166666666666437,2.1355719842396717,-6.214381265669571e-05
2026-06-07 02:35:00,2.1128666666666662,6.666666666665932e-05,2.135420837045201,-0.00015114719447052537
2026-06-07 02:40:00,2.11235593220339,-0.0005107344632762079,2.1358962576076705,0.00047542056246971604
2026-06-07 02:45:00,2.1108499999999997,-0.0015059322033903477,2.1358704627363485,-2.579487132214588e-05
2026-06-07 02:50:00,2.1104833333333324,-0.0003666666666672924,2.135917711548442,4.724881209352114e-05
2026-06-07 02:55:00,2.1084333333333336,-0.002049999999998775,2.1363541487181674,0.0004364371697253311
2026-06-07 03:00:00,2.1137333333333332,0.005299999999999638,2.1353714844523597,-0.0009826642658076197
2026-06-07 03:05:00,2.110383333333333,-0.003350000000000186,2.13532418675919,-4.729769316982672e-05
2026-06-07 03:10:00,2.1067833333333326,-0.0036000000000004917,2.135143544310102,-0.0001806424490880543
2026-06-07 03:15:00,2.1070166666666665,0.00023333333333397377,2.1351288071127277,-1.4737197374448211e-05
2026-06-07 03:20:00,2.10857627118644,0.0015596045197736608,2.1346041881910685,-0.000524618921658858
2026-06-07 03:25:00,2.1094999999999993,0.000923728813559066,2.1350017380702115,0.0003975498791431212
2026-06-07 03:30:00,2.1124333333333336,0.0029333333333343425,2.1351065363001775,0.0001047982299655868
2026-06-07 03:35:00,2.108566666666666,-0.003866666666667573,2.1362539131189258,0.001147376818748364
2026-06-07 03:40:00,2.1130833333333325,0.004516666666666502,2.1365822465463027,0.00032833342737706813
2026-06-07 03:45:00,2.110966666666666,-0.0021166666666663225,2.136540169234902,-4.207731140062466e-05
2026-06-07 03:50:00,2.1105333333333327,-0.00043333333333350765,2.1361209852545477,-0.00041918398035441673
2026-06-07 03:55:00,2.111166666666667,0.0006333333333343738,2.136668284485329,0.0005472992307813302
2026-06-07 04:00:00,2.1121016949152542,0.0009350282485871553,2.1355156745136084,-0.0011526099717208067
2026-06-07 04:05:00,2.1128666666666667,0.0007649717514124355,2.135547566264199,3.1891750590527e-05
2026-06-07 04:10:00,2.1097166666666665,-0.003150000000000208,2.1353100005240893,-0.00023756574010961267
2026-06-07 04:15:00,2.110499999999999,0.000783333333332692,2.135433658453682,0.00012365792959313207
2026-06-07 04:20:00,2.1096500000000002,-0.0008499999999989072,2.135149747811358,-0.00028391064232456795
2026-06-07 04:25:00,2.1073666666666666,-0.002283333333333637,2.1356686089641244,0.0005188611527665995
2026-06-07 04:30:00,2.110066666666666,0.0026999999999994806,2.1359889288070275,0.0003203198429031835
2026-06-07 04:35:00,2.1082000000000005,-0.001866666666665573,2.1372042955875803,0.0012153667805529665
2026-06-07 04:40:00,2.103711864406779,-0.004488135593221365,2.1375756510054367,0.00037135541785597787
2026-06-07 04:45:00,2.097716666666666,-0.005995197740113145,2.1375324212035034,-4.322980193293736e-05
2026-06-07 04:50:00,2.088533333333333,-0.009183333333333099,2.264298647357137,-0.000386853816427539
2026-06-07 04:55:00,2.0919833333333324,0.003449999999999509,2.2649022020438605,0.0006035546867235237
2026-06-07 05:00:00,2.1035166666666663,0.01153333333333384,2.2633885896501202,-0.0015136123937399331
2026-06-07 05:05:00,2.104833333333333,0.0013166666666668547,2.263351992966386,-3.6596683734145256e-05
2026-06-07 05:10:00,2.1064499999999997,0.0016166666666665996,2.2628073127584276,-0.0005446802079585081
2026-06-07 05:15:00,2.1017166666666665,-0.004733333333333256,2.264047673645519,0.0012403608870915235
2026-06-07 05:20:00,2.1037288135593215,0.0020121468926550534,2.2638924181863262,-0.00015525545919319148
2026-06-07 05:25:00,2.101333333333333,-0.0023954802259886776,2.2642603351512944,0.00036791696496836057
2026-06-07 05:30:00,2.1039333333333334,0.002600000000000602,2.2649942726483663,0.0007339374970720718
2026-06-07 05:35:00,2.101866666666667,-0.002066666666666439,2.2662226557801506,0.0012283831317841049
2026-06-07 05:40:00,2.1022166666666657,0.0003499999999987402,2.266760470134185,0.0005378143540345206
2026-06-07 05:45:00,2.1035833333333334,0.0013666666666676264,2.266879314089482,0.00011884395529669121
2026-06-07 05:50:00,2.098933333333333,-0.004650000000000265,2.2664561701379973,-0.0004231439514845282
2026-06-07 05:55:00,2.09935,0.0004166666666667318,2.267112844103007,0.0006566739650097046
2026-06-07 06:00:00,2.1009999999999995,0.0016499999999997073,2.2656819154686136,-0.0014309286343932657
2026-06-07 06:05:00,2.094949999999999,-0.006050000000000555,2.2656251563158043,-5.6759152809187765e-05
2026-06-07 06:10:00,2.0961166666666657,0.0011666666666667602,2.265097018106085,-0.0005281382097193432
2026-06-07 06:15:00,2.0939,-0.0022166666666656454,2.2658745648906504,0.0007775467845653307
2026-06-07 06:20:00,2.10115,0.007249999999999979,2.2662236113034804,0.0003490464128296997
2026-06-07 06:25:00,2.0999499999999998,-0.001200000000000312,2.266477995659802,0.00025438435632162387
2026-06-07 06:30:00,2.0951000000000004,-0.004849999999999355,2.267647695638867,0.0011696999790652357
2026-06-07 06:35:00,2.096083333333332,0.0009833333333317817,2.26889014552326,0.001242449884393001
2026-06-07 06:40:00,2.0937457627118636,-0.0023375706214685543,2.2695187821755733,0.0006286366523134066
2026-06-07 06:45:00,2.0939833333333326,0.00023757062146900765,2.2696326321074403,0.00011384993186670751
2026-06-07 06:50:00,2.0916166666666665,-0.002366666666666184,2.269080632770131,-0.0005519993373092195
2026-06-07 06:55:00,2.0952499999999996,0.0036333333333331552,2.26984496584454,0.0007643330744089462
2026-06-07 07:00:00,2.0882333333333336,-0.007016666666666005,2.2692406290794604,-0.0006043367650793978
2026-06-07 07:05:00,2.0925499999999997,0.00431666666666608,2.2687024699131637,-0.0005381591662969584
2026-06-07 07:10:00,2.0895499999999996,-0.0030000000000001137,2.2684052008520914,-0.000297269061072209
2026-06-07 07:15:00,2.098483333333333,0.008933333333333238,2.268713313045161,0.00030811219306971173
2026-06-07 07:20:00,2.1029152542372875,0.0044319209039547225,2.460301942958908,0.013660008126478286
2026-06-07 07:25:00,2.1063,0.0033847457627125266,2.460472301405237,0.0001703584463290513
2026-06-07 07:30:00,2.1081666666666656,0.001866666666665573,2.4631979866456404,0.0027256852404035493
2026-06-07 07:35:00,2.1056333333333326,-0.0025333333333330543,2.465117380206972,0.0019193935613315803
2026-06-07 07:40:00,2.0981666666666667,-0.007466666666665844,2.471385059783584,0.006267679576611996
2026-06-07 07:45:00,2.100266666666666,0.0020999999999991026,2.4635669010716454,-0.007818158711938689
2026-06-07 07:50:00,2.100483333333333,0.00021666666666719792,2.4591295661090404,-0.004437334962604999
2026-06-07 07:55:00,2.10505,0.00456666666666683,2.459672964304424,0.0005433981953838821
2026-06-07 08:00:00,2.1064745762711863,0.0014245762711864174,2.4599452511213373,0.0002722868169131973
2026-06-07 08:05:00,2.10255,-0.003924576271186364,2.456941498854247,-0.0030037522670905183
2026-06-07 08:10:00,2.102233333333332,-0.00031666666666785304,2.456325892158277,-0.0006156066959699505
2026-06-07 08:15:00,2.101833333333332,-0.00039999999999995595,2.450226130099189,-0.006099762059088088
2026-06-07 08:20:00,2.0976999999999992,-0.004133333333332878,2.4657547560493525,0.015528625950163421
2026-06-07 08:25:00,2.1052166666666663,0.00751666666666706,2.4653432128658648,-0.0004115431834877598
2026-06-07 08:30:00,2.1050166666666663,-0.00019999999999997797,2.46844515641844,0.0031019435525753256
2026-06-07 08:35:00,2.107316666666667,0.002300000000000857,2.470919351431312,0.002474195012871867
2026-06-07 08:40:00,2.102566666666666,-0.004750000000001364,2.477568980089269,0.00664962865795729
2026-06-07 08:45:00,2.104389830508474,0.0018231638418080287,2.4648613402907555,-0.01270763979851334
2026-06-07 08:50:00,2.1027999999999993,-0.001589830508474499,2.461431242611257,-0.0034300976794988404
2026-06-07 08:55:00,2.1054333333333326,0.0026333333333332654,2.4616440888577253,0.0002128462464684248
2026-06-07 09:00:00,2.0952499999999987,-0.010183333333333877,2.46190502343808,0.00026093458035479584
2026-06-07 09:05:00,2.093866666666666,-0.0013833333333326259,2.4581499503264417,-0.0037550731116382705
2026-06-07 09:10:00,2.092816666666666,-0.0010500000000002174,2.457444344439019,-0.0007056058874229562
2026-06-07 09:15:00,2.0920166666666664,-0.0007999999999994678,2.449498562956348,-0.007945781482670847
2026-06-07 09:20:00,2.0977499999999996,0.005733333333333146,2.4682585508534336,0.01875998789708559
2026-06-07 09:25:00,2.093542372881355,-0.004207627118644641,2.4668636077024675,-0.001394943150966055
2026-06-07 09:30:00,2.089716666666666,-0.0038257062146889176,2.4700845161039906,0.0032209084015230064
2026-06-07 09:35:00,2.0906333333333325,0.0009166666666664547,2.4723334818655824,0.0022489657615917783
2026-06-07 09:40:00,2.090783333333333,0.0001500000000005386,2.483661586774034,0.011328104908451637
2026-06-07 09:45:00,2.089349999999999,-0.0014333333333338416,2.46675784515157,-0.016903741622464056
2026-06-07 09:50:00,2.088916666666666,-0.00043333333333306356,2.457242827226178,-0.004894007332069757
2026-06-07 09:55:00,2.087166666666666,-0.0017499999999999183,2.457040937305372,-0.00020188992080643345
2026-06-07 10:00:00,2.0897333333333323,0.002566666666666162,2.457268237051121,0.00022729974574917854
2026-06-07 10:05:00,2.084983050847457,-0.004750282485875168,2.452219293542724,-0.005048943508397203
2026-06-07 10:10:00,2.0919333333333343,0.006950282485877146,2.450467392552593,-0.0017519009901310761
2026-06-07 10:15:00,2.0993166666666654,0.007383333333331077,2.4373669319167823,-0.013100460635810529
2026-06-07 10:20:00,2.0971999999999995,-0.0021166666666658784,2.4614036379822757,0.0240367060654935
2026-06-07 10:25:00,2.0998333333333328,0.0026333333333332654,2.4586784927690055,-0.002725145213270289
2026-06-07 10:30:00,2.098616666666666,-0.0012166666666666437,2.4620413901889577,0.0033628974199523803
2026-06-07 10:35:00,2.1001666666666656,0.0015499999999994962,2.462905360933979,0.0008639707450206872
2026-06-07 10:40:00,2.0906499999999997,-0.009516666666665952,2.4963261785070645,0.033420817573085876
2026-06-07 10:45:00,2.093423728813559,0.0027737288135591953,2.4752990164613937,-0.021027162045670608
2026-06-07 10:50:00,2.0919,-0.001523728813559,2.471565587433736,-0.0037334290276579626
2026-06-07 10:55:00,2.097833333333333,0.005933333333333124,2.471440745445121,-0.00012484198861492538
2026-06-07 11:00:00,2.095516666666666,-0.0023166666666671887,2.471661506484041,0.00022076103891985848
2026-06-07 11:05:00,2.0927333333333324,-0.00278333333333336,2.466144250402802,-0.005517256081238878
2026-06-07 11:10:00,2.084683333333333,-0.008049999999999446,2.4631568947764575,-0.0029873556263444946
2026-06-07 11:15:00,2.0900833333333333,0.0054000000000002935,2.456521417751784,-0.006635477024673615
2026-06-07 11:20:00,2.0914333333333324,0.0013499999999990742,2.4545248548761016,-0.0019965628756822506
2026-06-07 11:25:00,2.0917796610169495,0.000346327683617087,2.457659298131151,0.0031344432550491326
2026-06-07 11:30:00,2.096533333333333,0.0047536723163834615,2.4384056767179576,-0.019253621413193034
2026-06-07 11:35:00,2.0960666666666663,-0.00046666666666661527,2.44854475948688,0.01013908276892219
2026-06-07 11:40:00,2.0960499999999995,-1.6666666666775853e-05,2.4514635807353176,0.002918821248437647
2026-06-07 11:45:00,2.0980833333333333,0.0020333333333337755,2.450506209470422,-0.0009573712648953659
2026-06-07 11:50:00,2.097866666666666,-0.00021666666666719792,2.450278864013894,-0.00022734545652825227
2026-06-07 11:55:00,2.0989666666666666,0.001100000000000545,2.450568717221678,0.0002898532077839451
2026-06-07 12:00:00,2.099233333333333,0.0002666666666661932,2.450958774281014,0.00039005705933599583
2026-06-07 12:05:00,2.0981525423728815,-0.0010807909604513277,2.4462183005086144,-0.004740473772399499
2026-06-07 12:10:00,2.0932833333333325,-0.004869209039549016,2.4421530332690122,-0.004065267239602356
2026-06-07 12:15:00,2.0978166666666658,0.004533333333333278,2.4730973534950844,0.030944320226072214
2026-06-07 12:20:00,2.097883333333333,6.666666666710341e-05,2.4533670512365657,-0.00345176854246031
2026-06-07 12:25:00,2.098033333333333,0.0001500000000000945,2.4704016997132703,0.017034648476704713
2026-06-07 12:30:00,2.098499999999999,0.0004666666666661712,2.459885267042049,-0.010516432671221598
2026-06-07 12:35:00,2.0974833333333334,-0.0010166666666657775,2.459186709110744,-0.0006985579313048513
2026-06-07 12:40:00,2.097083333333333,-0.00040000000000040004,2.4586861015397807,-0.0005006075709631566
2026-06-07 12:45:00,2.0989152542372875,0.0018319209039545647,2.457407634290707,-0.0012784672490738485
2026-06-07 12:50:00,2.0983,-0.000615254237287477,2.4571561502855674,-0.0002514840051396975
2026-06-07 12:55:00,2.0971833333333327,-0.0011166666666673208,2.456981720361785,-0.00017442992378202264
2026-06-07 13:00:00,2.0957166666666662,-0.0014666666666665051,2.4584000848484147,0.0014183644866295286
2026-06-07 13:05:00,2.0965666666666656,0.0008499999999993513,2.4587888490138816,0.00038876416546679813
2026-06-07 13:10:00,2.096833333333332,0.0002666666666666373,2.458283581904715,-0.0005052671091668536
2026-06-07 13:15:00,2.096316666666666,-0.0005166666666660547,2.4408411819344717,-0.017442399970242908
2026-06-07 13:20:00,2.0958333333333328,-0.0004833333333333911,2.5027849469392387,0.06194376500476665
2026-06-07 13:25:00,2.0954915254237285,-0.00034180790960425256,2.4973735958027463,-0.005411351136492442
2026-06-07 13:30:00,2.0939666666666663,-0.0015248587570622085,2.487879873559397,-0.009493722243348796
2026-06-07 13:35:00,2.0908999999999995,-0.003066666666666773,2.483472248280611,-0.004407625278786237
2026-06-07 13:40:00,2.0848499999999994,-0.006050000000000111,2.4788959743875933,-0.004576273893017717
2026-06-07 13:45:00,2.0953166666666667,0.01046666666666729,2.477224295771242,-0.001671678616351612
2026-06-07 13:50:00,2.0898499999999998,-0.005466666666666953,2.4766297111947,-0.0005945845765418489
2026-06-07 13:55:00,2.084466666666666,-0.005383333333333962,2.4760195188072425,-0.0006101923874575561
2026-06-07 14:00:00,2.085166666666666,0.000700000000000145,2.476443232202318,0.00042371339507562037
2026-06-07 14:05:00,2.0857627118644064,0.0005960451977404801,2.4756660781732314,-0.0007771540290866462
2026-06-07 14:10:00,2.0827,-0.003062711864406431,2.473541734554586,-0.002124343618645398
2026-06-07 14:15:00,2.0810833333333325,-0.0016166666666674878,2.4808427928396233,0.007301058285037063
2026-06-07 14:20:00,2.0786999999999995,-0.00238333333333296,2.516519401724902,0.03567660888527866
2026-06-07 14:25:00,2.0819333333333327,0.0032333333333331993,2.5057122571845456,-0.010807144540356186
2026-06-07 14:30:00,2.082383333333333,0.0004500000000002835,2.5235220115285326,0.017809754343986982
2026-06-07 14:35:00,2.081766666666666,-0.0006166666666671539,2.5194774786773597,-0.004044532851172936
2026-06-07 14:40:00,2.0806833333333326,-0.001083333333333325,2.513955154586565,-0.005522324090794504
2026-06-07 14:45:00,2.0829666666666666,0.002283333333334081,2.512701264677919,-0.0012538899086461425
2026-06-07 14:50:00,2.0842203389830507,0.001253672316384069,2.248477776008617,-0.00023426126345370176
2026-06-07 14:55:00,2.0821833333333326,-0.0020370056497180933,2.2489022901933198,0.0004245141847025035
2026-06-07 15:00:00,2.0825499999999995,0.00036666666666684833,2.2492018000482683,0.00029950985494824105
2026-06-07 15:05:00,2.082466666666666,-8.333333333343518e-05,2.2481844334491554,-0.0010173665991127093
2026-06-07 15:10:00,2.0830833333333327,0.0006166666666667098,2.246230399001279,-0.0019540344478767503
2026-06-07 15:15:00,2.08195,-0.0011333333333327644,2.262802351361814,0.016571952360535172
2026-06-07 15:20:00,2.0819999999999994,4.999999999943938e-05,2.280411321539079,0.017608970177265187
2026-06-07 15:25:00,2.0827666666666658,0.0007666666666663602,2.2685212028187878,-0.011890118720291344
2026-06-07 15:30:00,2.084559322033898,0.0017926553672320544,2.286482502934788,0.01796130011600042
2026-06-07 15:35:00,2.0833499999999994,-0.0012093220338984523,2.282883688285868,-0.0035988146489203438
2026-06-07 15:40:00,2.082983333333333,-0.00036666666666640424,2.2777170133742914,-0.005166674911576197
2026-06-07 15:45:00,2.0799999999999987,-0.002983333333334226,2.2765136757511875,-0.0012033376231041367
2026-06-07 15:50:00,2.0773166666666656,-0.002683333333333149,2.276268684532599,-0.0002449912185886039
2026-06-07 15:55:00,2.0800500000000004,0.0027333333333348087,2.2767785237690568,0.0005098392364577308
2026-06-07 16:00:00,2.0773333333333324,-0.002716666666668033,2.2770219125340905,0.00024338876503395994
2026-06-07 16:05:00,2.077866666666666,0.0005333333333337187,2.2760807603239783,-0.0009411522101122731
2026-06-07 16:10:00,2.07828813559322,0.00042146892655381407,2.274583931259306,-0.001496829064672288
2026-06-07 16:15:00,2.0782999999999996,1.1864406779693581e-05,2.2924242448119885,0.017840313552682455
2026-06-07 16:20:00,2.0688666666666666,-0.00943333333333296,2.308212780168599,0.015788535356610622
2026-06-07 16:25:00,2.0708333333333333,0.001966666666666672,2.296397919052555,-0.011814861116043842
2026-06-07 16:30:00,2.0709999999999997,0.00016666666666642627,2.3144413844920324,0.018043465439477078
2026-06-07 16:35:00,2.0678333333333323,-0.003166666666667428,2.311605492516418,-0.002835891975614406
2026-06-07 16:40:00,2.0702666666666665,0.0024333333333341756,2.3067597833265285,-0.004845709189889159
2026-06-07 16:45:00,2.0661333333333327,-0.004133333333333766,2.3056375128217943,-0.001122270504734528
2026-06-07 16:50:00,2.067576271186441,0.0014429378531084502,2.305430942254849,-0.00020657056694515282
2026-06-07 16:55:00,2.05825,-0.009326271186441026,2.3058094222772993,0.00037848002245047827
2026-06-07 17:00:00,2.065016666666666,0.006766666666665699,2.3063042913455205,0.0004948690682211876
2026-06-07 17:05:00,2.066866666666667,0.0018500000000010175,2.305659135641178,-0.0006451557043426487
2026-06-07 17:10:00,2.0709666666666657,0.004099999999998882,2.304780064826038,-0.0008790708151401148
2026-06-07 17:15:00,2.0753499999999994,0.004383333333333628,2.317521881381116,0.01274181655507791
2026-06-07 17:20:00,2.0684,-0.006949999999999346,2.2398498895808654,0.01195520684432568
2026-06-07 17:25:00,2.0700499999999997,0.0016499999999997073,2.2262206825643687,-0.0136292070164969
2026-06-07 17:30:00,2.072237288135593,0.002187288135593324,2.244940444875801,0.018719762311432558
2026-06-07 17:35:00,2.0697666666666668,-0.002470621468926293,2.2415586108386267,-0.003381834037174486
2026-06-07 17:40:00,2.0726833333333334,0.0029166666666666785,2.237342357639508,-0.004216253199118259
2026-06-07 17:45:00,2.0760833333333335,0.0034000000000000696,2.2369577218969594,-0.0003846357425489017
2026-06-07 17:50:00,2.0751166666666667,-0.0009666666666667822,2.2367951369244756,-0.00016258497248385463
2026-06-07 17:55:00,2.0728666666666657,-0.0022500000000009734,2.2368854030221335,9.026609765785711e-05
2026-06-07 18:00:00,2.0766999999999993,0.0038333333333335773,2.2374310985038584,0.0005456954817249986
2026-06-07 18:05:00,2.074783333333333,-0.0019166666666663446,2.2370599830172275,-0.00037111548663088765
2026-06-07 18:10:00,2.0777796610169488,0.002996327683615796,2.2368669805232746,-0.00019300249395294875
2026-06-07 18:15:00,2.077249999999999,-0.000529661016949845,2.2385426174645753,0.0016756369413005207
2026-06-07 18:20:00,2.0794166666666665,0.0021666666666675383,2.2461075360060496,0.007564918541474409
2026-06-07 18:25:00,2.0784333333333334,-0.000983333333333114,2.233509336481197,-0.012598199524852699
2026-06-07 18:30:00,2.081749999999999,0.0033166666666657463,2.2534649016691084,0.019955565187911868
2026-06-07 18:35:00,2.0780166666666657,-0.0037333333333333663,2.2490207783113365,-0.004444123357772224
2026-06-07 18:40:00,2.0755999999999992,-0.0024166666666665115,2.245275766231048,-0.003745012080288525
2026-06-07 18:45:00,2.075799999999999,0.00019999999999997797,2.245003588774542,-0.0002721774565057211
2026-06-07 18:50:00,2.080389830508474,0.004589830508474613,2.244909963642797,-9.362513174528593e-05
2026-06-07 18:55:00,2.0769833333333327,-0.0034064971751410766,2.244835653563571,-7.431007922578012e-05
2026-06-07 19:00:00,2.0785999999999993,0.0016166666666665996,2.2454147920978915,0.0005791385343203093
2026-06-07 19:05:00,2.078333333333332,-0.0002666666666675255,2.245166739627397,-0.0002480524704943843
2026-06-07 19:10:00,2.0804833333333326,0.0021500000000007624,2.244604262391931,-0.0005624772354659214
2026-06-07 19:15:00,2.0783666666666663,-0.0021166666666663225,2.2452187023981467,0.0006144400062156346
2026-06-07 19:20:00,2.0732000000000004,-0.005166666666665876,2.246468411034991,0.0012497086368441386
2026-06-07 19:25:00,2.079216666666666,0.006016666666665671,2.2407412342903523,-0.005727176744638519
2026-06-07 19:30:00,2.079016949152542,-0.00019971751412395378,2.240618483774107,-0.0001227505162451859
2026-06-07 19:35:00,2.075716666666666,-0.003300282485875883,2.235164937173564,-0.00545354660054329
2026-06-07 19:40:00,2.077866666666666,0.0021499999999998742,2.2320727398969207,-0.003092197276643203
2026-06-07 19:45:00,2.0757833333333333,-0.002083333333332771,2.231793547604162,-0.0002791922927583593
