Real_Future_Timestamp,Actual_Electrode_V_Abs,Actual_Electrode_V_Delta,TFT_Prediction_V_Abs,TFT_Prediction_V_Delta
2026-06-02 20:50:00,1.8060000000000005,0.0005666666666677145,1.8034003752562355,-0.0020329580770972106
2026-06-02 20:55:00,1.8062033898305083,0.00020338983050782744,1.8011932204726522,-0.002207154783583437
2026-06-02 21:00:00,1.8012499999999994,-0.00495338983050897,1.7991593993339767,-0.0020338211386754356
2026-06-02 21:05:00,1.8012666666666663,1.6666666666997898e-05,1.7963171640301119,-0.0028422353038647166
2026-06-02 21:10:00,1.8057333333333334,0.004466666666667063,1.7938657912231362,-0.0024513728069758415
2026-06-02 21:15:00,1.8021666666666671,-0.003566666666666274,1.7924016882064717,-0.001464103016664359
2026-06-02 21:20:00,1.7982166666666675,-0.003949999999999676,1.7900331693278297,-0.002368518878641948
2026-06-02 21:25:00,1.7998833333333342,0.0016666666666667052,1.7870466640921,-0.0029865052357299408
2026-06-02 21:30:00,1.799366666666667,-0.0005166666666671649,1.7848390553671962,-0.002207608724903769
2026-06-02 21:35:00,1.7986833333333334,-0.0006833333333335911,1.7823169675311725,-0.0025220878360235764
2026-06-02 21:40:00,1.7985254237288135,-0.00015790960451989022,1.7798284599210699,-0.002488507610102705
2026-06-02 21:45:00,1.7975333333333343,-0.000992090395479206,1.7776510801640604,-0.0021773797570094427
2026-06-02 21:50:00,1.7949666666666675,-0.002566666666666828,1.7751173481893823,-0.0025337319746781745
2026-06-02 21:55:00,1.7937833333333335,-0.0011833333333339802,1.77264845508333,-0.0024688931060523195
2026-06-02 22:00:00,1.7900833333333332,-0.0037000000000002586,1.7704773096054118,-0.0021711454779180747
2026-06-02 22:05:00,1.7930166666666671,0.0029333333333338985,1.768035481825317,-0.002441827780094823
2026-06-02 22:10:00,1.7900666666666667,-0.0029500000000004523,1.7657915467791634,-0.00224393504615361
2026-06-02 22:15:00,1.7852500000000004,-0.004816666666666247,1.7643726068513317,-0.001418939927831809
2026-06-02 22:20:00,1.7844166666666677,-0.0008333333333327975,1.7619677379572274,-0.0024048688941042105
2026-06-02 22:25:00,1.7859500000000006,0.0015333333333329424,1.7589141736958742,-0.0030535642613531886
2026-06-02 22:30:00,1.7882711864406784,0.0023211864406778027,1.7566187736752257,-0.0022954000206484616
2026-06-02 22:35:00,1.7839333333333334,-0.004337853107345024,1.7540017710847873,-0.0026170025904384457
2026-06-02 22:40:00,1.7884333333333338,0.004500000000000393,1.7514136154329896,-0.0025881556517978223
2026-06-02 22:45:00,1.7853333333333332,-0.0031000000000005468,1.7491334441997948,-0.0022801712331945983
2026-06-02 22:50:00,1.788033333333334,0.002700000000000813,1.7465002297541907,-0.0026332144456042445
2026-06-02 22:55:00,1.7870500000000005,-0.000983333333333558,1.7439356676681235,-0.0025645620860671545
2026-06-02 23:00:00,1.7843000000000002,-0.0027500000000002522,1.7416638978013292,-0.0022717698667941884
2026-06-02 23:05:00,1.7879333333333343,0.0036333333333340434,1.7386516143347317,-0.0030122834665974965
2026-06-02 23:10:00,1.7839666666666676,-0.003966666666666674,1.7360520254283074,-0.002599588906424389
2026-06-02 23:15:00,1.7914000000000005,0.007433333333332959,1.73444901668749,-0.0016030087408175177
2026-06-02 23:20:00,1.7892833333333342,-0.0021166666666663225,1.7306224321463102,-0.003826584541179529
2026-06-02 23:25:00,1.7946440677966111,0.005360734463276895,1.7272259755225112,-0.0033964566237990107
2026-06-02 23:30:00,1.7852833333333338,-0.009360734463277343,1.7247730757854005,-0.002452899737110769
2026-06-02 23:35:00,1.7762333333333336,-0.009050000000000225,1.7220312690446191,-0.002741806740781326
2026-06-02 23:40:00,1.7784833333333332,0.002249999999999641,1.7193265039230081,-0.002704765121610942
2026-06-02 23:45:00,1.7756666666666674,-0.0028166666666658013,1.7169333125150694,-0.0023931914079386354
2026-06-02 23:50:00,1.7649000000000006,-0.010766666666666813,1.7141910251013266,-0.002742287413742922
2026-06-02 23:55:00,1.767033333333334,0.0021333333333333204,1.711521454461522,-0.0026695706398046234
2026-06-03 00:00:00,1.7709833333333338,0.003949999999999898,1.709148066475439,-0.0023733879860828823
2026-06-03 00:05:00,1.7694333333333334,-0.0015500000000003844,1.706037257345029,-0.0031108091304100365
2026-06-03 00:10:00,1.7716666666666676,0.0022333333333341976,1.7033426963403724,-0.0026945610046567796
2026-06-03 00:15:00,1.7733559322033896,0.0016892655367219955,1.7016469666009426,-0.001695729739429789
2026-06-03 00:20:00,1.773433333333334,7.740112994447657e-05,1.6990625460093913,-0.0025844205915511536
2026-06-03 00:25:00,1.7697500000000004,-0.003683333333333705,1.6958718085543973,-0.00319073745499397
2026-06-03 00:30:00,1.7690666666666675,-0.000683333333332925,1.6934487219877932,-0.002423086566604303
2026-06-03 00:35:00,1.761883333333333,-0.00718333333333443,1.6912159344021602,-0.002232787585632918
2026-06-03 00:40:00,1.7562666666666662,-0.005616666666666825,1.688765996952888,-0.0024499374492721925
2026-06-03 00:45:00,1.7482666666666666,-0.007999999999999563,1.686522509929215,-0.0022434870236731313
2026-06-03 00:50:00,1.7434915254237293,-0.00477514124293732,1.6838926074450558,-0.0026299024841591094
2026-06-03 00:55:00,1.7414999999999994,-0.001991525423729934,1.6813321075008478,-0.002560499944208041
2026-06-03 01:00:00,1.7310666666666665,-0.01043333333333285,1.6790938916683624,-0.002238215832485355
2026-06-03 01:05:00,1.7261333333333335,-0.004933333333333012,1.6761216380745694,-0.0029722535937929434
2026-06-03 01:10:00,1.7422333333333333,0.01609999999999978,1.6735769265457179,-0.002544711528851493
2026-06-03 01:15:00,1.7354166666666662,-0.006816666666667137,1.6720590737586913,-0.0015178527870267269
2026-06-03 01:20:00,1.7067457627118638,-0.028670903954802318,1.6696936361690182,-0.002365437589673093
2026-06-03 01:25:00,1.6915333333333333,-0.015212429378530512,1.666727106750185,-0.0029665294188332236
2026-06-03 01:30:00,1.6615833333333339,-0.029949999999999477,1.6645160507775345,-0.0022110559726505378
2026-06-03 01:35:00,1.6411833333333337,-0.020400000000000196,1.6619885941373276,-0.002527456640206815
2026-06-03 01:40:00,1.586383333333333,-0.054800000000000626,1.6594865215699615,-0.0025020725673661633
2026-06-03 01:45:00,1.6346166666666662,0.04823333333333313,1.6572672943301205,-0.0022192272398409395
2026-06-03 01:50:00,1.7229833333333333,0.08836666666666715,1.6461277894169215,-0.011139504913199145
2026-06-03 01:55:00,1.7202542372881349,-0.0027290960451984425,1.6354476599835575,-0.010680129433363918
2026-06-03 02:00:00,1.7169333333333325,-0.0033209039548023345,1.6278949193971992,-0.007552740586358247
2026-06-03 02:05:00,1.7229333333333325,0.006000000000000005,1.6218872180289163,-0.006007701368282814
2026-06-03 02:10:00,1.7206166666666658,-0.0023166666666667446,1.617720029348889,-0.004167188680027559
2026-06-03 02:15:00,1.7175833333333332,-0.003033333333332555,1.6153588729823094,-0.0023611563665794214
2026-06-03 02:20:00,1.7159499999999994,-0.0016333333333338196,1.6124454041187977,-0.0029134688635117905
2026-06-03 02:25:00,1.7174745762711863,0.0015245762711868505,1.609066889442859,-0.0033785146759385707
2026-06-03 02:30:00,1.7194999999999996,0.0020254237288133137,1.6065186837773073,-0.0025482056655516585
2026-06-03 02:35:00,1.7142833333333327,-0.005216666666666869,1.6036791726065407,-0.0028395111707667023
2026-06-03 02:40:00,1.715849999999999,0.001566666666666272,1.6008829051060953,-0.0027962675004455048
2026-06-03 02:45:00,1.7121500000000003,-0.0036999999999987043,1.598392013147209,-0.0024908919588863595
2026-06-03 02:50:00,1.6939999999999997,-0.018150000000000555,1.5955303577681192,-0.002861655379089699
2026-06-03 02:55:00,1.682101694915255,-0.011898305084744765,1.592731679930455,-0.0027986778376641614
2026-06-03 03:00:00,1.6654166666666668,-0.016685028248588196,1.5902600537188585,-0.0024716262115965022
2026-06-03 03:05:00,1.664266666666667,-0.0011499999999997623,1.5824777254171127,-0.007782328301745341
2026-06-03 03:10:00,1.6660333333333333,0.00176666666666625,1.5768153892184604,-0.005662336198652255
2026-06-03 03:15:00,1.6665500000000006,0.0005166666666673869,1.5734492878304691,-0.003366101387991351
2026-06-03 03:20:00,1.6537833333333336,-0.012766666666667037,1.56986105814914,-0.0035882296813292166
2026-06-03 03:25:00,1.647816666666667,-0.005966666666666676,1.5660040893481721,-0.0038569688009677918
2026-06-03 03:30:00,1.6337966101694916,-0.014020056497175304,1.5631010035857387,-0.002903085762433502
2026-06-03 03:35:00,1.622783333333333,-0.011013276836158603,1.5599640470172216,-0.0031369565685169117
2026-06-03 03:40:00,1.6200999999999994,-0.002683333333333593,1.5569075446764693,-0.003056502340752394
2026-06-03 03:45:00,1.5866666666666664,-0.03343333333333298,1.5541816566057733,-0.0027258880706958516
2026-06-03 03:50:00,1.5817,-0.004966666666666342,1.5510879861374345,-0.0030936704683389668
2026-06-03 03:55:00,1.5772166666666665,-0.004483333333333617,1.5480634004788782,-0.0030245856585563
2026-06-03 04:00:00,1.5757166666666669,-0.0014999999999996128,1.545378115262683,-0.0026852852161949946
2026-06-03 04:05:00,1.572466666666667,-0.003249999999999975,1.541882655152514,-0.0034954601101692202
2026-06-03 04:10:00,1.5815932203389833,0.009126553672316406,1.5388197928384004,-0.0030628623141134154
2026-06-03 04:15:00,1.6103166666666655,0.0287234463276822,1.5367648753244103,-0.0020549175139901454
2026-06-03 04:20:00,1.6760499999999996,0.06573333333333409,1.5313537978217129,-0.005411077502697586
2026-06-03 04:25:00,1.6814,0.00535000000000041,1.5259200226748229,-0.005433775146890022
2026-06-03 04:30:00,1.674800000000001,-0.006599999999999051,1.522391631619152,-0.003528391055671045
2026-06-03 04:35:00,1.6682372881355936,-0.006562711864407378,1.5189660930632416,-0.003425538555910356
2026-06-03 04:40:00,1.6653666666666664,-0.002870621468927137,1.515739048001869,-0.00322704506137236
2026-06-03 04:45:00,1.6717500000000003,0.0063833333333338516,1.5128889773938257,-0.0028500706080434556
2026-06-03 04:50:00,1.6655833333333334,-0.006166666666666876,1.5096782206685502,-0.0032107567252754924
2026-06-03 04:55:00,1.6564833333333338,-0.009099999999999664,1.5065405662699891,-0.003137654398561013
2026-06-03 05:00:00,1.6557500000000003,-0.0007333333333334746,1.503751984307997,-0.0027885819619922624
2026-06-03 05:05:00,1.6445666666666672,-0.011183333333333101,1.5001324639395537,-0.0036195203684432223
2026-06-03 05:10:00,1.6389666666666673,-0.005599999999999827,1.4969495345409283,-0.0031829293986254106
2026-06-03 05:15:00,1.6358813559322039,-0.003085310734463498,1.4947800625902774,-0.002169471950650861
2026-06-03 05:20:00,1.6295333333333326,-0.006348022598871239,1.491779824027094,-0.003000238563183259
2026-06-03 05:25:00,1.6274166666666658,-0.0021166666666667666,1.488192334558166,-0.0035874894689282284
2026-06-03 05:30:00,1.6214333333333326,-0.0059833333333332295,1.4854330064168524,-0.0027593281413135825
2026-06-03 05:35:00,1.6146833333333328,-0.006749999999999812,1.4858865916577257,0.00045358524087299066
2026-06-03 05:40:00,1.6056333333333335,-0.009049999999999336,1.4862189748507533,0.0003323831930273619
2026-06-03 05:45:00,1.598749999999999,-0.006883333333334463,1.4864202644957403,0.00020128964498708344
2026-06-03 05:50:00,1.6013333333333326,0.002583333333333604,1.4860046959905342,-0.00041556850520600144
2026-06-03 05:55:00,1.59885,-0.0024833333333325047,1.4855307340257762,-0.0004739619647580478
2026-06-03 06:00:00,1.6045999999999991,0.005749999999999034,1.4853309857673618,-0.0001997482584144389
2026-06-03 06:05:00,1.5996271186440674,-0.004972881355931769,1.4842599402017624,-0.0010710455655992496
2026-06-03 06:10:00,1.60415,0.004522881355932595,1.4836020921747777,-0.0006578480269848906
2026-06-03 06:15:00,1.599283333333333,-0.004866666666667019,1.4840842356172201,0.00048214344244259914
2026-06-03 06:20:00,1.603233333333334,0.003950000000001008,1.4839813889866205,-0.00010284663059966688
2026-06-03 06:25:00,1.6078166666666667,0.0045833333333327175,1.4832988169868246,-0.0006825719997959676
2026-06-03 06:30:00,1.6111500000000005,0.0033333333333338544,1.4833982019475063,9.938496068157954e-05
2026-06-03 06:35:00,1.6064666666666665,-0.004683333333334039,1.4831936942125417,-0.00020450773496455844
2026-06-03 06:40:00,1.606133333333333,-0.00033333333333351867,1.4830064648895298,-0.00018722932301186898
2026-06-03 06:45:00,1.6067333333333336,0.0006000000000006,1.4829830638392796,-2.3401050250121042e-05
2026-06-03 06:50:00,1.6072666666666668,0.0005333333333332746,1.4825507006424452,-0.00043236319683413423
2026-06-03 06:55:00,1.613152542372881,0.005885875706214128,1.4821566186030983,-0.00039408203934691226
2026-06-03 07:00:00,1.6146166666666661,0.001464124293785174,1.482021708365757,-0.00013491023734136585
2026-06-03 07:05:00,1.6177999999999997,0.003183333333333538,1.4809880789606482,-0.0010336294051088186
2026-06-03 07:10:00,1.6179999999999997,0.00019999999999997797,1.4803591503530686,-0.0006289286075795359
2026-06-03 07:15:00,1.6140666666666659,-0.003933333333333788,1.4808564723033368,0.0004973219502682434
2026-06-03 07:20:00,1.6172333333333329,0.003166666666666984,1.4807629066728,-9.356563053671352e-05
2026-06-03 07:25:00,1.6159333333333339,-0.0012999999999989686,1.480086828396177,-0.0006760782766230568
2026-06-03 07:30:00,1.5891333333333328,-0.026800000000001045,1.4802027157483058,0.00011588735212860705
2026-06-03 07:35:00,2.5868305084745775,0.9976971751412447,1.4800129989651154,-0.00018971678319018503
2026-06-03 07:40:00,2.6412000000000004,0.05436949152542292,1.4798406702201312,-0.00017232874498422423
2026-06-03 07:45:00,2.600383333333333,-0.04081666666666761,1.479836392511302,-4.27770882931519e-06
2026-06-03 07:50:00,2.6809166666666675,0.08053333333333468,1.4793035659026057,-0.000532826608696258
2026-06-03 07:55:00,1.0341833333333335,-1.646733333333334,1.4787450616128643,-0.0005585042897413218
2026-06-03 08:00:00,1.8953220338983046,0.8611387005649711,1.478464583218026,-0.0002804783948381855
2026-06-03 08:05:00,2.6883333333333326,0.793011299435028,1.470803778689289,-0.0076608045287372036
2026-06-03 08:10:00,2.6754166666666674,-0.012916666666665133,1.4659796433252454,-0.004824135364043406
2026-06-03 08:15:00,2.684516666666667,0.009099999999999664,1.4630891809377669,-0.0028904623874786753
2026-06-03 08:20:00,2.686233333333334,0.0017166666666668107,1.4596264091946858,-0.003462771743081034
2026-06-03 08:25:00,2.6917499999999994,0.005516666666665504,1.4557334464572196,-0.0038929627374661734
2026-06-03 08:30:00,2.6919333333333335,0.0001833333333340903,1.4528341251668113,-0.002899321290408265
2026-06-03 08:35:00,2.689266666666667,-0.002666666666666373,1.449679800857954,-0.0031543243088574665
2026-06-03 08:40:00,2.691516666666667,0.002249999999999641,1.4465999037302069,-0.0030798971277469166
2026-06-03 08:45:00,2.6929830508474577,0.001466384180790925,1.443851067957389,-0.002748835772817928
2026-06-03 08:50:00,2.6822999999999992,-0.010683050847458464,1.4406960860403413,-0.003154981917047822
2026-06-03 08:55:00,2.680666666666666,-0.0016333333333333755,1.4375887198429063,-0.003107366197434954
2026-06-03 09:00:00,2.6805666666666665,-9.999999999932285e-05,1.4348830631277618,-0.002705656715144512
2026-06-03 09:05:00,2.6832833333333332,0.0027166666666667005,1.4312847728515665,-0.003598290276195129
2026-06-03 09:10:00,2.6883333333333317,0.005049999999998445,1.4280918281414814,-0.003192944710085178
2026-06-03 09:15:00,2.7171999999999996,0.02886666666666793,1.425870062152501,-0.0022217659889806284
2026-06-03 09:20:00,2.723166666666667,0.005966666666667564,1.4099014450450347,-0.01596861710746642
2026-06-03 09:25:00,2.725266666666666,0.0020999999999986585,1.4046951344972298,-0.005206310547804864
2026-06-03 09:30:00,2.7178813559322035,-0.007385310734462358,1.4015198211495932,-0.003175313347636572
2026-06-03 09:35:00,2.717949999999999,6.864406779572008e-05,1.3982812308219348,-0.0032385903276584025
2026-06-03 09:40:00,2.717516666666666,-0.00043333333333306356,1.3951867304631926,-0.0030945003587422473
2026-06-03 09:45:00,2.7146166666666653,-0.002900000000000791,1.3924590939375339,-0.0027276365256588145
2026-06-03 09:50:00,2.7146333333333326,1.6666666667219943e-05,1.3893497466744118,-0.003109347263122031
2026-06-03 09:55:00,2.7146666666666666,3.3333333333995796e-05,1.3863045784802321,-0.0030451681941797344
2026-06-03 10:00:00,2.7121333333333317,-0.0025333333333348307,1.383680011957609,-0.0026245665226230985
2026-06-03 10:05:00,2.7127666666666665,0.0006333333333348179,1.3801745595985928,-0.0035054523590160773
2026-06-03 10:10:00,2.71365,0.0008833333333333471,1.3770687868224945,-0.003105772776098369
2026-06-03 10:15:00,2.708372881355931,-0.005277118644068768,1.3749151656588638,-0.002153621163630728
2026-06-03 10:20:00,2.709116666666666,0.0007437853107350456,1.3719574634081138,-0.0029577022507499854
2026-06-03 10:25:00,2.6971499999999997,-0.011966666666666459,1.3684370423936816,-0.0035204210144321344
2026-06-03 10:30:00,2.704933333333332,0.007783333333332365,1.3657994443994326,-0.002637597994249112
2026-06-03 10:35:00,2.7045833333333325,-0.0003499999999996284,1.362571016780957,-0.0032284276184753324
2026-06-03 10:40:00,2.7015999999999996,-0.0029833333333328937,1.3596700402282755,-0.0029009765526814522
2026-06-03 10:45:00,2.6992166666666666,-0.00238333333333296,1.3571127459171604,-0.0025572943111152203
2026-06-03 10:50:00,2.6972333333333323,-0.001983333333334336,1.354153343278272,-0.0029594026388883223
2026-06-03 10:55:00,2.698183333333333,0.0009500000000008946,1.3512461314693036,-0.0029072118089683006
2026-06-03 11:00:00,2.702135593220339,0.003952259887005649,1.348751967762637,-0.002494163706666817
2026-06-03 11:05:00,2.6931333333333334,-0.009002259887005426,1.345374529628,-0.003377438134636939
2026-06-03 11:10:00,2.6987333333333345,0.00560000000000116,1.3423818171575508,-0.002992712470449144
2026-06-03 11:15:00,2.696516666666667,-0.0022166666666674217,1.3403202232995022,-0.0020615938580486287
2026-06-03 11:20:00,2.694616666666666,-0.001900000000000901,1.337447738880045,-0.002872484419457202
2026-06-03 11:25:00,2.695783333333334,0.0011666666666676484,1.3340087245845749,-0.003439014295470129
2026-06-03 11:30:00,2.6947333333333336,-0.0010500000000002174,1.331442145486323,-0.00256657909825195
2026-06-03 11:35:00,2.6935166666666666,-0.0012166666666670878,1.3285614712789013,-0.0028806742074216148
2026-06-03 11:40:00,2.691416666666667,-0.0020999999999995467,1.3257183087729592,-0.002843162505942178
2026-06-03 11:45:00,2.6958644067796604,0.004447740112993426,1.3231951186932345,-0.002523190079724584
2026-06-03 11:50:00,2.6976333333333327,0.0017689265536722232,1.3199884862963251,-0.0032066323969093175
2026-06-03 11:55:00,2.6870666666666665,-0.010566666666666169,1.3171637635893856,-0.002824722706939554
2026-06-03 12:00:00,2.687133333333334,6.66666666675475e-05,1.3148029895845361,-0.002360774004849537
2026-06-03 12:05:00,2.68855,0.0014166666666661776,1.311550887441118,-0.003252102143418146
2026-06-03 12:10:00,2.6873666666666676,-0.001183333333332648,1.3086703387546117,-0.0028805486865061372
2026-06-03 12:15:00,2.687733333333334,0.00036666666666640424,1.3067105609920093,-0.00195977776260252
2026-06-03 12:20:00,2.686166666666667,-0.0015666666666671603,1.303927262665183,-0.002783298326826213
2026-06-03 12:25:00,2.683866666666667,-0.0022999999999999687,1.3005696589792988,-0.0033576036858842455
2026-06-03 12:30:00,2.6868983050847453,0.0030316384180784084,1.2980759148012135,-0.0024937441780852206
2026-06-03 12:35:00,2.6864333333333335,-0.00046497175141180236,1.2952691131869614,-0.002806801614252219
2026-06-03 12:40:00,2.687466666666667,0.0010333333333334416,1.2925001171247188,-0.002768996062242528
2026-06-03 12:45:00,2.6833666666666662,-0.004100000000000659,1.290053175803343,-0.002446941321375641
2026-06-03 12:50:00,2.683033333333334,-0.00033333333333240844,1.2872209075206875,-0.0028322682826556374
2026-06-03 12:55:00,2.6837,0.0006666666666661492,1.2844437348503908,-0.002777172670296825
2026-06-03 13:00:00,2.69185,0.008150000000000102,1.2820864998936714,-0.002357234956719235
2026-06-03 13:05:00,2.685733333333334,-0.006116666666665882,1.2772050879665084,-0.004881411927163408
2026-06-03 13:10:00,2.6908166666666675,0.005083333333333329,1.274084009102165,-0.0031210788643433497
2026-06-03 13:15:00,2.694271186440678,0.003454519774010567,1.2721666523207305,-0.0019173567814347325
2026-06-03 13:20:00,2.684833333333332,-0.009437853107346239,1.2694540061110826,-0.0027126462096478034
2026-06-03 13:25:00,2.686066666666667,0.001233333333335196,1.2661651516582255,-0.003288854452857098
2026-06-03 13:30:00,2.686799999999999,0.0007333333333319203,1.2637386493819396,-0.0024265022762859673
2026-06-03 13:35:00,2.68785,0.0010500000000011056,1.2610013420017647,-0.0027373073801748595
2026-06-03 13:40:00,2.6859000000000006,-0.0019499999999994522,1.258303833066675,-0.0026975089350895942
2026-06-03 13:45:00,2.6907,0.004799999999999471,1.2559314001684707,-0.002372432898204331
2026-06-03 13:50:00,2.6937666666666673,0.003066666666667217,1.2531796397196875,-0.0027517604487832894
2026-06-03 13:55:00,2.6888166666666673,-0.00495000000000001,1.2504846757021897,-0.002694964017497755
2026-06-03 14:00:00,2.6904237288135593,0.001607062146891991,1.2482011469115584,-0.002283528790631224
2026-06-03 14:05:00,2.6879500000000003,-0.0024737288135590063,1.2450418920359767,-0.0031592548755818386
2026-06-03 14:10:00,2.6888833333333335,0.0009333333333332305,1.2422650523851901,-0.0027768396507865303
2026-06-03 14:15:00,2.6922666666666664,0.0033833333333328497,1.2404239690188623,-0.0018410833663276653
2026-06-03 14:20:00,2.6922333333333337,-3.333333333266353e-05,1.2374659480454826,-0.0029580209733797223
2026-06-03 14:25:00,2.693383333333333,0.0011499999999990962,1.234239122345161,-0.003226825700321638
2026-06-03 14:30:00,2.691,-0.00238333333333296,1.2318932272895784,-0.00234589505558263
2026-06-03 14:35:00,2.6871166666666664,-0.0038833333333334608,1.2292246663663577,-0.0026685609232206518
2026-06-03 14:40:00,2.690266666666666,0.003149999999999764,1.2265921280153638,-0.002632538350993856
2026-06-03 14:45:00,2.686881355932202,-0.003385310734464131,1.2242864322945095,-0.0023056957208544056
2026-06-03 14:50:00,2.694916666666667,0.00803531073446484,1.2216053380589198,-0.002681094235589688
2026-06-03 14:55:00,2.69455,-0.00036666666666684833,1.218982190511385,-0.0026231475475348757
2026-06-03 15:00:00,2.6966833333333327,0.0021333333333326543,1.2167515156597175,-0.002230674851667289
2026-06-03 15:05:00,2.6837833333333334,-0.012899999999999245,1.2136586505352978,-0.0030928651244198605
2026-06-03 15:10:00,2.692266666666666,0.00848333333333251,1.2109586949050386,-0.0026999556302591617
2026-06-03 15:15:00,2.698066666666667,0.005800000000001138,1.2092095981744444,-0.001749096730594038
2026-06-03 15:20:00,2.692683333333333,-0.005383333333333962,1.2066046750593504,-0.0026049231150940613
2026-06-03 15:25:00,2.693016666666667,0.0003333333333337407,1.2034031608290863,-0.0032015142302641436
2026-06-03 15:30:00,2.6906440677966095,-0.002372598870057363,1.2010741487381158,-0.0023290120909705576
2026-06-03 15:35:00,2.2108000000000008,-0.4798440677966087,1.2257770543952804,0.024702905657164854
2026-06-03 15:40:00,2.113783333333333,-0.09701666666666764,1.2505240274964742,0.024746973101193698
2026-06-03 15:45:00,2.1145499999999995,0.0007666666666663602,1.2481242748911476,-0.002399752605326597
2026-06-03 15:50:00,2.1161333333333334,0.0015833333333339361,1.2454752436183065,-0.002649031272840925
2026-06-03 15:55:00,2.113466666666666,-0.002666666666667261,1.242905261503214,-0.0025699821150927684
2026-06-03 16:00:00,2.1163,0.0028333333333336874,1.2407083052207764,-0.0021969562824374917
2026-06-03 16:05:00,2.117316666666666,0.0010166666666662216,1.2376658758720651,-0.003042429348711245
2026-06-03 16:10:00,2.1161499999999998,-0.0011666666666663161,1.2350267836665703,-0.0026390922054947367
2026-06-03 16:15:00,2.1198644067796604,0.0037144067796606173,1.2333508204272965,-0.00167596323927388
2026-06-03 16:20:00,2.120816666666667,0.0009522598870064236,1.2308013274316416,-0.0025494929956548654
2026-06-03 16:25:00,2.1148666666666665,-0.005950000000000344,1.2276429547050383,-0.00315837272660342
2026-06-03 16:30:00,2.1201333333333334,0.005266666666666975,1.2253431533044774,-0.0022998014005607553
2026-06-03 16:35:00,2.115366666666666,-0.004766666666667252,1.222733707868321,-0.0026094454361564284
2026-06-03 16:40:00,2.1227833333333335,0.007416666666667293,1.2201675574942525,-0.002566150374068569
2026-06-03 16:45:00,2.129733333333333,0.006949999999999346,1.2179311303331422,-0.0022364271611103465
2026-06-03 16:50:00,2.1298,6.666666666710341e-05,1.2105121061019506,-0.007419024231191622
2026-06-03 16:55:00,2.1257166666666674,-0.0040833333333325506,1.2076113617454947,-0.0029007443564557666
2026-06-03 17:00:00,2.1271016949152535,0.0013850282485861065,1.2053898080026932,-0.0022215537428014256
2026-06-03 17:05:00,2.126016666666666,-0.0010850282485872498,1.202392117987217,-0.0029976900154762816
2026-06-03 17:10:00,2.1249333333333333,-0.001083333333332881,1.1998113645419237,-0.0025807534452932457
2026-06-03 17:15:00,2.1268999999999996,0.001966666666666228,1.198203355029028,-0.0016080095128956737
2026-06-03 17:20:00,2.12615,-0.0007499999999995843,1.1957059910122523,-0.0024973640167759584
2026-06-03 17:25:00,2.1278333333333337,0.001683333333333703,1.1925908859902856,-0.0031151050219664863
2026-06-03 17:30:00,2.1274833333333336,-0.0003500000000000725,1.1903141254089333,-0.0022767605813524
2026-06-03 17:35:00,2.1247,-0.002783333333333804,1.1877265834482529,-0.0025875419606804463
2026-06-03 17:40:00,2.1291833333333328,0.004483333333332951,1.1851808372416606,-0.002545746206592298
2026-06-03 17:45:00,2.127,-0.002183333333332982,1.1829628310333238,-0.0022180062083366654
2026-06-03 17:50:00,2.129783333333333,0.00278333333333336,1.1803735101860104,-0.0025893208473133575
2026-06-03 17:55:00,2.1233666666666666,-0.006416666666666515,1.17783833770271,-0.002535172483300519
2026-06-03 18:00:00,2.126683333333333,0.0033166666666661904,1.1756509019758985,-0.0021874357268115434
2026-06-03 18:05:00,2.1272333333333333,0.0005500000000004945,1.1731535278676317,-0.0024973741082665334
2026-06-03 18:10:00,2.1245499999999997,-0.002683333333333593,1.1708087553417752,-0.002344772525856624
2026-06-03 18:15:00,2.1239166666666676,-0.0006333333333321534,1.1693578510492155,-0.0014509042925596187
2026-06-03 18:20:00,2.1258,0.0018833333333323488,1.1669476152859413,-0.0024102357632743484
2026-06-03 18:25:00,2.1246271186440673,-0.0011728813559326312,1.16389012360686,-0.0030574916790811232
2026-06-03 18:30:00,2.1217999999999995,-0.0028271186440678164,1.161640637103044,-0.0022494865038159514
2026-06-03 18:35:00,2.1223666666666667,0.0005666666666672704,1.1590753501860322,-0.002565286917011803
2026-06-03 18:40:00,2.1237166666666663,0.0013499999999995183,1.1565484558529155,-0.002526894333116661
2026-06-03 18:45:00,2.1213,-0.0024166666666660674,1.1543463801338048,-0.0022020757191109
2026-06-03 18:50:00,2.1221499999999995,0.0008499999999993513,1.1517796718475326,-0.0025667082862722177
2026-06-03 18:55:00,2.1253,0.0031500000000006523,1.149270390777404,-0.002509281070128544
2026-06-03 19:00:00,2.1250166666666668,-0.00028333333333341315,1.1471014394716734,-0.0021689513057305512
2026-06-03 19:05:00,2.1210333333333335,-0.003983333333333228,1.144141380493688,-0.0029600589779854966
2026-06-03 19:10:00,2.1233050847457626,0.0022717514124290794,1.141591376467918,-0.0025500040257698726
2026-06-03 19:15:00,2.1213999999999995,-0.0019050847457631193,1.1400177705147485,-0.0015736059531695494
2026-06-03 19:20:00,2.1231999999999998,0.0018000000000002458,1.1382806235551604,-0.0017371469595876998
2026-06-03 19:25:00,2.122883333333333,-0.00031666666666696486,1.1354317774933311,-0.0028488460618293424
2026-06-03 19:30:00,2.1232166666666665,0.0003333333333337407,1.1332658677984195,-0.0021659096949115473
2026-06-03 19:35:00,2.1214833333333334,-0.0017333333333331424,1.1307348961083874,-0.0025309716900321225
2026-06-03 19:40:00,2.119666666666666,-0.0018166666666674658,1.1282224943849897,-0.002512401723397614
2026-06-03 19:45:00,2.123599999999999,0.0039333333333329,1.1260254325650487,-0.002197061819941025
2026-06-03 19:50:00,2.1277,0.004100000000001103,1.1234676085108652,-0.0025578240541833676
2026-06-03 19:55:00,2.123220338983051,-0.004479661016949077,1.1209707192137237,-0.002496889297141531
2026-06-03 20:00:00,2.1294333333333335,0.0062129943502826634,1.1188011247162444,-0.002169594497479421
2026-06-03 20:05:00,2.125316666666666,-0.0041166666666674345,1.1158648242184601,-0.002936300497784308
2026-06-03 20:10:00,2.1281,0.002783333333333804,1.1133393615122977,-0.0025254627061623855
2026-06-03 20:15:00,2.1295666666666664,0.0014666666666665051,1.11179639500631,-0.0015429665059877727
2026-06-03 20:20:00,2.125233333333333,-0.0043333333333333,1.1093476786605656,-0.002448716345744417
2026-06-03 20:25:00,2.130566666666667,0.005333333333334078,1.106283843491436,-0.003063835169129491
2026-06-03 20:30:00,2.1350333333333333,0.004466666666666175,1.104022638259723,-0.0022612052317131023
2026-06-03 20:35:00,2.132833333333333,-0.002200000000000202,1.0992244878789277,-0.004798150380795339
2026-06-03 20:40:00,2.133677966101695,0.000844632768361997,1.0965017536796278,-0.0027227341992997487
2026-06-03 20:45:00,2.13585,0.0021720338983048926,1.094253466609682,-0.0022482870699459547
2026-06-03 20:50:00,2.131866666666667,-0.003983333333333228,1.091670361141278,-0.002583105468403925
2026-06-03 20:55:00,2.1291333333333338,-0.0027333333333330323,1.0891549086524437,-0.0025154524888342726
2026-06-03 21:00:00,2.1301666666666668,0.0010333333333329975,1.086951934228271,-0.002202974424172601
2026-06-03 21:05:00,2.14875,0.018583333333333396,1.0839988408668597,-0.002953093361411281
2026-06-03 21:10:00,2.13555,-0.013200000000000323,1.081456822229897,-0.0025420186369627742
2026-06-03 21:15:00,2.113599999999999,-0.021950000000000802,1.0799024138364914,-0.0015544083934055162
2026-06-03 21:20:00,2.132406779661018,0.018806779661018957,1.0774383964869119,-0.0024640173495795612
2026-06-03 21:25:00,2.1346333333333334,0.00222655367231539,1.074356893631703,-0.003081502855208923
2026-06-03 21:30:00,2.1370166666666672,0.002383333333333848,1.0720611048404387,-0.0022957887912642234
2026-06-03 21:35:00,2.131166666666667,-0.005850000000000133,1.069447406745451,-0.0026136980949878212
2026-06-03 21:40:00,2.13145,0.00028333333333296906,1.0668646071757681,-0.002582799569682835
2026-06-03 21:45:00,2.132283333333334,0.0008333333333339077,1.0645946232914056,-0.0022699838843625746
2026-06-03 21:50:00,2.134133333333333,0.0018499999999992411,1.0822210480037961,-0.0022558284568835367
2026-06-03 21:55:00,2.1399833333333333,0.005850000000000133,1.0798675874450154,-0.002353460558780677
2026-06-03 22:00:00,2.1337666666666673,-0.006216666666666093,1.077721507932832,-0.002146079512183384
2026-06-03 22:05:00,2.1450000000000005,0.011233333333333206,1.07478054562609,-0.0029409623067420654
2026-06-03 22:10:00,2.1382833333333333,-0.006716666666667148,1.0722259741818894,-0.0025545714442005915
2026-06-03 22:15:00,2.134533333333334,-0.003749999999999254,1.0706502596492102,-0.0015757145326790547
2026-06-03 22:20:00,2.133333333333333,-0.0012000000000012,1.0681569776950333,-0.0024932819541771192
2026-06-03 22:25:00,2.135100000000001,0.0017666666666680264,1.065041660764248,-0.0031153169307851576
2026-06-03 22:30:00,2.1336333333333335,-0.0014666666666673933,1.062695844441007,-0.0023458163232408904
2026-06-03 22:35:00,2.1365166666666666,0.002883333333333127,1.060027658150579,-0.0026681862904281836
2026-06-03 22:40:00,2.1353166666666668,-0.0011999999999998678,1.0573856867856992,-0.002641971364879658
2026-06-03 22:45:00,2.135593220338983,0.00027655367231638195,1.0550509957403085,-0.0023346910453908945
2026-06-03 22:50:00,2.138183333333333,0.002590112994349969,1.052360299396913,-0.002690696343395405
2026-06-03 22:55:00,2.1349666666666662,-0.0032166666666668675,1.0497340248827043,-0.0026262745142087767
2026-06-03 23:00:00,2.136183333333333,0.0012166666666666437,1.0473931291955552,-0.002340895687149125
2026-06-03 23:05:00,2.1379333333333337,0.0017500000000008065,1.0678527993941045,-0.00229417883084738
2026-06-03 23:10:00,2.1383500000000004,0.0004166666666667318,1.0654031411421927,-0.0024496582519119513
2026-06-03 23:15:00,2.1354,-0.00295000000000023,1.0638611209624276,-0.0015420201797649749
2026-06-03 23:20:00,2.1378166666666676,0.0024166666666673997,1.0613499048786392,-0.0025112160837883753
2026-06-03 23:25:00,2.136416666666667,-0.001400000000000734,1.0581946262117523,-0.003155278666887031
2026-06-03 23:30:00,2.137203389830509,0.0007867231638423178,1.0557908162882812,-0.0024038099234711
2026-06-03 23:35:00,2.1403333333333334,0.0031299435028242506,1.053058563056803,-0.0027322532314781422
2026-06-03 23:40:00,2.135483333333333,-0.004850000000000243,1.0503477838044917,-0.002710779252311423
2026-06-03 23:45:00,2.1375,0.0020166666666669997,1.0479391072827147,-0.0024086765217768715
2026-06-03 23:50:00,2.1347666666666663,-0.0027333333333339205,1.045173693340684,-0.0027654139420305334
2026-06-03 23:55:00,2.1385333333333336,0.003766666666667362,1.0424737359949086,-0.0026999573457756774
2026-06-04 00:00:00,2.139433333333334,0.000900000000000567,1.0400608824059379,-0.0024128535889707085
2026-06-04 00:05:00,2.1364000000000005,-0.0030333333333336654,1.0369001079979054,-0.0031607744080324753
2026-06-04 00:10:00,2.135999999999999,-0.0004000000000017323,1.0341494034883936,-0.0027507045095118456
2026-06-04 00:15:00,2.1377627118644065,0.0017627118644076845,1.0323854986805034,-0.0017639048078899858
2026-06-04 00:20:00,2.1401499999999998,0.0023872881355933018,1.0594007413856998,-0.002057620698580275
2026-06-04 00:25:00,2.1384333333333334,-0.0017166666666663666,1.0562757609312121,-0.0031249804544877633
2026-06-04 00:30:00,2.1361833333333333,-0.0022500000000000853,1.0538502110626267,-0.002425549868585464
2026-06-04 00:35:00,2.13775,0.0015666666666667162,1.051063744549265,-0.0027864665133615655
2026-06-04 00:40:00,2.1412666666666667,0.0035166666666666124,1.0482868668448202,-0.0027768777044448233
2026-06-04 00:45:00,2.1404,-0.0008666666666665712,1.0458070887255702,-0.002479778119250137
2026-06-04 00:50:00,2.1391833333333334,-0.0012166666666666437,1.0429682995017426,-0.0028387892238274474
2026-06-04 00:55:00,2.1425666666666667,0.0033833333333332938,1.0401956635842666,-0.0027726359174760477
2026-06-04 01:00:00,2.1395084745762714,-0.003058192090395373,1.0377209018158557,-0.0024747617684108014
2026-06-04 01:05:00,2.1389333333333336,-0.0005751412429377822,1.0344939841319845,-0.0032269176838714054
2026-06-04 01:10:00,2.1421333333333337,0.0032000000000000917,1.0316807379495991,-0.002813246182385353
2026-06-04 01:15:00,2.1398166666666665,-0.0023166666666671887,1.029857480274663,-0.0018232576749360576
2026-06-04 01:20:00,2.137983333333333,-0.0018333333333333535,1.027142930466473,-0.0027145498081900684
2026-06-04 01:25:00,2.143716666666667,0.005733333333334034,1.0238212071071708,-0.003321723359302118
2026-06-04 01:30:00,2.141666666666667,-0.0020500000000001073,1.0212690686973394,-0.0025521384098313583
2026-06-04 01:35:00,2.141466666666667,-0.00019999999999997797,0.9440092617313328,-0.002618123919358933
2026-06-04 01:40:00,2.1421500000000004,0.0006833333333333691,0.9412425000320561,-0.0027667616992766053
2026-06-04 01:45:00,2.142169491525423,1.9491525422576927e-05,0.938750188646808,-0.002492311385248166
2026-06-04 01:50:00,2.1395,-0.0026694915254230622,0.9358764196034861,-0.0028737690433219276
2026-06-04 01:55:00,2.1389833333333343,-0.0005166666666656106,0.9330602426705743,-0.0028161769329118295
2026-06-04 02:00:00,2.1397833333333334,0.0007999999999990237,0.9305519789224065,-0.002508263748167722
2026-06-04 02:05:00,2.145616666666667,0.005833333333333801,0.9272777887480224,-0.003274190174384122
2026-06-04 02:10:00,2.14255,-0.003066666666667217,0.9244195452490237,-0.0028582434989987545
2026-06-04 02:15:00,2.149416666666667,0.006866666666667243,0.9225513946973937,-0.0018681505516299339
2026-06-04 02:20:00,2.149016666666666,-0.0004000000000012882,0.9197970076237991,-0.002754387073594579
2026-06-04 02:25:00,2.151133333333333,0.0021166666666672107,0.9164341456119932,-0.0033628620118059246
2026-06-04 02:30:00,2.146949152542373,-0.004184180790959946,0.9138400402809919,-0.0025941053310013624
2026-06-04 02:35:00,2.144716666666666,-0.002232485875707013,0.9109176595855514,-0.0029223806954405116
2026-06-04 02:40:00,2.1451166666666674,0.0004000000000012882,0.9080151355319769,-0.0029025240535744804
2026-06-04 02:45:00,2.1511166666666672,0.005999999999999783,0.9054078309804303,-0.002607304551546594
2026-06-04 02:50:00,2.1496666666666666,-0.0014500000000006175,1.0200577088158858,-0.002040826461536707
2026-06-04 02:55:00,2.1520666666666672,0.002400000000000624,1.019431544020617,-0.0006261647952688576
2026-06-04 03:00:00,2.152200000000001,0.00013333333333376274,1.0193000276219042,-0.00013151639871269912
2026-06-04 03:05:00,2.1495333333333337,-0.002666666666667261,1.018390583483042,-0.0009094441388621838
2026-06-04 03:10:00,2.153389830508475,0.00385649717514136,1.0179083551078563,-0.00048222837518590797
2026-06-04 03:15:00,2.1509666666666662,-0.002423163841808851,1.018536487166188,0.0006281320583317687
2026-06-04 03:20:00,2.149866666666667,-0.0010999999999992127,1.018462278042347,-7.420912384107296e-05
2026-06-04 03:25:00,2.1498666666666666,-4.440892098500626e-16,1.0177798524978139,-0.0006824255445329139
2026-06-04 03:30:00,2.1516166666666674,0.0017500000000008065,1.017835887118716,5.603462090214635e-05
2026-06-04 03:35:00,2.1524333333333336,0.0008166666666662437,1.0175705554720256,-0.0002653316466904674
2026-06-04 03:40:00,2.1513000000000004,-0.0011333333333332085,1.017316004011217,-0.00025455146080855635
2026-06-04 03:45:00,2.1472333333333333,-0.004066666666667107,1.0172628002822004,-5.3203729016655595e-05
2026-06-04 03:50:00,2.1488000000000005,0.0015666666666671603,1.016744262076609,-0.0005185382055914125
2026-06-04 03:55:00,2.151508474576272,0.0027084745762713247,1.0162380243808855,-0.00050623769572347
2026-06-04 04:00:00,2.1523333333333334,0.0008248587570616195,1.0160655566588832,-0.00017246772200231139
2026-06-04 04:05:00,2.1502499999999993,-0.002083333333334103,0.9314759594338664,-0.0011701617762083939
2026-06-04 04:10:00,2.1487666666666665,-0.001483333333332837,0.9309714471820338,-0.0005045122518325736
2026-06-04 04:15:00,2.1490000000000005,0.00023333333333397377,0.9316270562326249,0.0006556090505910202
2026-06-04 04:20:00,2.1486499999999995,-0.00035000000000096065,0.9315834869662055,-4.3569266419331436e-05
2026-06-04 04:25:00,2.1510517241379308,0.0024017241379312715,0.9309240124789124,-0.0006594744872931004
2026-06-04 04:30:00,2.149551724137932,-0.0014999999999987246,0.9310108551999893,8.684272107677546e-05
2026-06-04 04:35:00,2.1495762711864406,2.454704850851641e-05,0.9307769938179152,-0.00023386138207398048
2026-06-04 04:40:00,2.1496333333333335,5.706214689293887e-05,0.930554265630929,-0.00022272818698623398
2026-06-04 04:45:00,2.1501500000000004,0.0005166666666669428,0.9305272657227883,-2.699990814065985e-05
2026-06-04 04:50:00,2.1481666666666674,-0.001983333333333004,0.930021050282012,-0.0005062154407763714
2026-06-04 04:55:00,2.1479090909090917,-0.00025757575757578977,0.9295179494726611,-0.0005031008093509009
2026-06-04 05:00:00,2.1513000000000004,0.003390909090908778,0.9293328186819354,-0.0001851307907256935
2026-06-04 05:05:00,2.1494000000000004,-0.0019000000000000128,0.9282882644020427,-0.001044554279892688
2026-06-04 05:10:00,2.150950000000001,0.0015500000000003844,0.9276629013642294,-0.000625363037813323
2026-06-04 05:15:00,2.151203389830509,0.000253389830508155,0.9281501436333746,0.0004872422691451783
2026-06-04 05:20:00,2.1512833333333337,7.994350282469753e-05,1.0390288897933202,0.0001160042220028566
2026-06-04 05:25:00,2.151666666666666,0.0003833333333322919,1.0384280202654774,-0.0006008695278427792
2026-06-04 05:30:00,2.1491833333333337,-0.0024833333333322827,1.0385665494243743,0.00013852915889680706
2026-06-04 05:35:00,2.155616666666667,0.006433333333333291,1.0383612843274903,-0.00020526509688413013
2026-06-04 05:40:00,2.1521000000000003,-0.0035166666666666124,1.0381596640891608,-0.00020162023832946102
2026-06-04 05:45:00,2.156616666666667,0.004516666666666502,1.0381499590138026,-9.705075358059016e-06
2026-06-04 05:50:00,2.153166666666668,-0.003449999999999065,1.0376507177322636,-0.0004992412815390539
2026-06-04 05:55:00,2.1492333333333344,-0.003933333333333344,1.0371488418366752,-0.0005018758955884133
2026-06-04 06:00:00,2.15335593220339,0.004122598870055505,1.0369508326481947,-0.00019800918848064333
2026-06-04 06:05:00,2.155072727272727,0.0017167950693370848,1.035877470633643,-0.001073362014551454
2026-06-04 06:10:00,2.1517500000000003,-0.0033227272727267554,1.0352224817140594,-0.0006549889195836187
2026-06-04 06:15:00,2.154033333333333,0.002283333333332749,1.0356792141157811,0.000456732401721545
2026-06-04 06:20:00,2.153633333333333,-0.00039999999999995595,1.035495203718733,-0.0001840103970479434
2026-06-04 06:25:00,2.154633333333334,0.001000000000000778,1.0347302609801399,-0.0007649427385932239
2026-06-04 06:30:00,2.1610500000000012,0.006416666666667403,1.0347756849106167,4.5423930476889056e-05
2026-06-04 06:35:00,2.161086206896552,3.6206896550705636e-05,1.0188416024419629,-0.0025845871792226035
2026-06-04 06:40:00,2.1612692307692316,0.00018302387267965514,1.0183683651553304,-0.00047323728663251443
2026-06-04 06:45:00,2.1606000000000005,-0.0006692307692310884,1.0183127368653389,-5.5628289991473045e-05
2026-06-04 06:50:00,2.156316666666667,-0.004283333333333417,1.0177989479584275,-0.0005137889069112824
2026-06-04 06:55:00,2.1567857142857148,0.0004690476190476467,1.0172924902607083,-0.0005064576977191338
2026-06-04 07:00:00,2.1591875000000003,0.0024017857142855092,1.0170917914616469,-0.00020069879906149275
2026-06-04 07:05:00,2.1589666666666667,-0.0002208333333335588,1.0160093077785852,-0.0010824836830617194
2026-06-04 07:10:00,2.161716666666666,0.002749999999999364,1.0153459820326647,-0.0006633257459203927
2026-06-04 07:15:00,2.16255,0.0008333333333339077,1.0157899762215714,0.0004439941889065865
2026-06-04 07:20:00,2.1650169491525424,0.002466949152542419,1.0155968424236805,-0.0001931337978908956
2026-06-04 07:25:00,2.163000000000001,-0.0020169491525412475,1.0148251833998434,-0.0007716590238369819
2026-06-04 07:30:00,2.163733333333334,0.0007333333333328085,1.0148758555893465,5.067218950295596e-05
2026-06-04 07:35:00,2.1649833333333333,0.0012499999999993072,1.0146184656550052,-0.00025738993434110396
2026-06-04 07:40:00,2.1673833333333334,0.0024000000000001798,1.0143842700300711,-0.00023419562493425615
2026-06-04 07:45:00,2.16935,0.001966666666666672,1.0143494562701698,-3.481375990125006e-05
2026-06-04 07:50:00,2.167766666666668,-0.0015833333333321598,2.0057451652327303,-0.0013994338069759876
2026-06-04 07:55:00,2.166416666666667,-0.0013500000000008505,2.0051882950389586,-0.0005568701937713938
2026-06-04 08:00:00,2.167677966101696,0.0012612994350287288,2.0050492232552033,-0.00013907178375527837
2026-06-04 08:05:00,2.167816666666667,0.00013870056497111705,2.0040304873158887,-0.0010187359393147141
2026-06-04 08:10:00,2.1638333333333346,-0.0039833333333323395,2.0034229518798807,-0.0006075354360080467
2026-06-04 08:15:00,2.1645666666666665,0.0007333333333319203,2.003902544510895,0.000479592631014403
2026-06-04 08:20:00,2.169583333333334,0.0050166666666675575,2.0037329906381984,-0.00016955387269658212
2026-06-04 08:25:00,2.1649333333333334,-0.004650000000000709,2.002979759585865,-0.000753231052333449
2026-06-04 08:30:00,2.162850000000001,-0.0020833333333323267,2.0030507629582908,7.100337242577144e-05
2026-06-04 08:35:00,2.1653000000000007,0.002449999999999619,2.002810177718608,-0.00024058523968285267
2026-06-04 08:40:00,2.165118644067798,-0.0001813559322028091,2.0025914019232047,-0.00021877579540319287
2026-06-04 08:45:00,2.165966666666667,0.0008480225988689583,2.002577448927508,-1.3952995696802126e-05
2026-06-04 08:50:00,2.1601833333333342,-0.005783333333332585,2.002063350693758,-0.000514098233749607
2026-06-04 08:55:00,2.156116666666667,-0.004066666666667107,2.0015465691691814,-0.0005167815245768162
2026-06-04 09:00:00,2.159300000000001,0.00318333333333376,2.001337310106786,-0.00020925906239580074
2026-06-04 09:05:00,2.1581500000000005,-0.0011500000000004285,2.125775330163013,-0.0006986426606466572
2026-06-04 09:10:00,2.157716666666667,-0.00043333333333350765,2.1253583183943023,-0.00041701176871072226
2026-06-04 09:15:00,2.157533333333333,-0.0001833333333340903,2.1259319917286312,0.0005736733343287897
2026-06-04 09:20:00,2.158677966101695,0.001144632768362186,2.1257957408728148,-0.00013625085581643853
2026-06-04 09:25:00,2.159933333333334,0.001255367231638882,2.1250543572428846,-0.0007413836299299268
2026-06-04 09:30:00,2.1572666666666667,-0.002666666666667261,2.1251313215123497,7.696426946497065e-05
2026-06-04 09:35:00,2.1579833333333336,0.0007166666666669208,2.124892891222018,-0.00023843029033175712
2026-06-04 09:40:00,2.157733333333333,-0.0002500000000007496,2.12467590918186,-0.00021698204015797648
2026-06-04 09:45:00,2.1570499999999995,-0.0006833333333333691,2.1246728188299597,-3.09035190016897e-06
2026-06-04 09:50:00,2.1580833333333334,0.0010333333333338857,2.1241818718339784,-0.0004909469959813676
2026-06-04 09:55:00,2.15745,-0.0006333333333334856,2.123697703649861,-0.00048416818411760245
2026-06-04 10:00:00,2.1559999999999997,-0.0014500000000001734,2.123520891120643,-0.00017681252921776514
2026-06-04 10:05:00,2.1549666666666667,-0.0010333333333329975,2.1224497490472003,-0.001071142073442918
2026-06-04 10:10:00,2.1554666666666673,0.0005000000000006111,2.121777779976699,-0.000671969070501057
2026-06-04 10:15:00,2.1546833333333333,-0.0007833333333340242,2.1221536090008235,0.0003758290241243278
2026-06-04 10:20:00,2.1556500000000005,0.0009666666666672263,2.2100552849350716,0.00012756377608595865
2026-06-04 10:25:00,2.1529166666666675,-0.0027333333333330323,2.209432068854676,-0.0006232160803960511
2026-06-04 10:30:00,2.154283333333334,0.0013666666666667382,2.209543800728458,0.00011173187378208695
2026-06-04 10:35:00,2.1581000000000006,0.0038166666666663573,2.209301949320485,-0.00024185140797284066
2026-06-04 10:40:00,2.1581355932203397,3.5593220339080744e-05,2.2090710510867893,-0.00023089823369562483
2026-06-04 10:45:00,2.153666666666667,-0.004468926553672592,2.209063031042349,-8.020044440153842e-06
2026-06-04 10:50:00,2.1548666666666665,0.0011999999999994237,2.2085822828505326,-0.0004807481918164989
2026-06-04 10:55:00,2.1550333333333347,0.00016666666666820262,2.2081183229491246,-0.00046395990140816155
2026-06-04 11:00:00,2.1537833333333336,-0.0012500000000010836,2.207964798284789,-0.00015352466433573658
2026-06-04 11:05:00,2.1550166666666675,0.0012333333333338636,2.2069240622799744,-0.001040736004814413
2026-06-04 11:10:00,2.1546500000000015,-0.00036666666666596015,2.2062767915122867,-0.0006472707676876764
2026-06-04 11:15:00,2.153300000000001,-0.0013500000000004064,2.206658352525393,0.0003815610131059448
2026-06-04 11:20:00,2.154152542372882,0.0008525423728809045,2.2063736304376755,-0.00028472208771729594
2026-06-04 11:25:00,2.1493666666666673,-0.004785875706214693,2.2055222253835454,-0.0008514050541300674
2026-06-04 11:30:00,2.151450000000001,0.002083333333333659,2.2055164602906188,-5.7650929267367095e-06
2026-06-04 11:35:00,2.1532333333333336,0.0017833333333325818,2.235369507336528,1.9574895965884823e-05
2026-06-04 11:40:00,2.1534000000000004,0.00016666666666687036,2.2352665706365697,-0.00010293669995795144
2026-06-04 11:45:00,2.1524500000000004,-0.0009500000000000064,2.2353154099660095,4.8839329439867744e-05
2026-06-04 11:50:00,2.15615,0.0036999999999993705,2.2348690109469667,-0.0004463990190431738
2026-06-04 11:55:00,2.1538500000000007,-0.0022999999999990806,2.234432859430314,-0.00043615151665237113
2026-06-04 12:00:00,2.154266666666667,0.0004166666666662877,2.234313038356857,-0.00011982107345697004
2026-06-04 12:05:00,2.150898305084746,-0.0033683615819208867,2.233307125573123,-0.0010059127837343106
2026-06-04 12:10:00,2.152183333333334,0.0012850282485876718,2.232688922205301,-0.0006182033678219861
2026-06-04 12:15:00,2.148216666666667,-0.003966666666666896,2.2330881227199746,0.00039920051467375115
2026-06-04 12:20:00,2.1491,0.000883333333332903,2.232797558414428,-0.0002905643055466249
2026-06-04 12:25:00,2.1418166666666663,-0.00728333333333353,2.2319316269974783,-0.00086593141694985
2026-06-04 12:30:00,2.1432333333333338,0.0014166666666675098,2.231906225662837,-2.540133464114859e-05
2026-06-04 12:35:00,2.1447999999999996,0.001566666666665828,2.2315702441034007,-0.00033598155943634854
2026-06-04 12:40:00,2.1428000000000007,-0.0019999999999988916,2.2312640037518405,-0.00030624035156000034
2026-06-04 12:45:00,2.1449322033898315,0.002132203389830778,2.2312056299776972,-5.837377414341164e-05
2026-06-04 12:50:00,2.144083333333333,-0.0008488700564983631,2.2608287595152827,-0.00039917347872690844
2026-06-04 12:55:00,2.1402666666666668,-0.0038166666666663573,2.2605153728332312,-0.000313386682051207
2026-06-04 13:00:00,2.1428333333333334,0.002566666666666606,2.26049346500459,-2.1907828641432237e-05
2026-06-04 13:05:00,2.1419333333333332,-0.0009000000000001229,2.2595518976229454,-0.0009415673816444327
2026-06-04 13:10:00,2.1387166666666673,-0.0032166666666659793,2.2589835121449973,-0.0005683854779481083
2026-06-04 13:15:00,2.139716666666667,0.0009999999999998899,2.2594232656678863,0.0004397535228888213
2026-06-04 13:20:00,2.1407,0.00098333333333267,2.259141143445565,-0.0002821222223213457
2026-06-04 13:25:00,2.1436166666666674,0.0029166666666675667,2.25826833140459,-0.0008728120409749048
2026-06-04 13:30:00,2.1396949152542373,-0.003921751412430119,2.2582321512495658,-3.6180155024157325e-05
2026-06-04 13:35:00,2.1397000000000004,5.0847457631064685e-06,2.2578829307542017,-0.00034922049536409774
2026-06-04 13:40:00,2.137750000000001,-0.0019499999999994522,2.2575643509904704,-0.00031857976373152934
2026-06-04 13:45:00,2.138183333333333,0.0004333333333321754,2.2575051894466034,-5.916154386693025e-05
2026-06-04 13:50:00,2.1370500000000003,-0.0011333333333327644,2.2570061290972867,-0.0004990603493164895
2026-06-04 13:55:00,2.1355500000000003,-0.0015000000000000568,2.256539990840393,-0.0004661382568938796
2026-06-04 14:00:00,2.13615,0.0005999999999999339,2.256419867103285,-0.00012012373710814644
2026-06-04 14:05:00,2.133566666666667,-0.002583333333333382,2.3047250384907323,-0.0006039196512307984
2026-06-04 14:10:00,2.1325000000000003,-0.0010666666666665492,2.3043817169437686,-0.0003433215469633465
2026-06-04 14:15:00,2.1350338983050854,0.0025338983050851027,2.3049554425407854,0.0005737255970166703
2026-06-04 14:20:00,2.13625,0.0012161016949145953,2.304719733452375,-0.00023570908841043933
2026-06-04 14:25:00,2.1349333333333336,-0.0013166666666664106,2.303854531354461,-0.0008652020979139519
2026-06-04 14:30:00,2.13385,-0.0010833333333337691,2.3038183678631747,-3.6163491286149104e-05
2026-06-04 14:35:00,2.133266666666666,-0.0005833333333336022,2.3034645056467564,-0.00035386221641842076
2026-06-04 14:40:00,2.131783333333333,-0.001483333333333281,2.3031420141570527,-0.0003224914897038758
2026-06-04 14:45:00,2.1315999999999997,-0.00018333333333320212,2.3030902371658932,-5.177699115946292e-05
2026-06-04 14:50:00,2.1330999999999998,0.0015000000000000568,2.3026078462772213,-0.00048239088867185775
2026-06-04 14:55:00,2.1328135593220336,-0.0002864406779661266,2.302161730648706,-0.0004461156285153323
2026-06-04 15:00:00,2.12925,-0.0035635593220337825,2.30205688228805,-0.00010484836065597066
2026-06-04 15:05:00,2.1306666666666674,0.0014166666666675098,2.3010741260319056,-0.0009827562561443527
2026-06-04 15:10:00,2.1242666666666663,-0.0064000000000010715,2.300491789486712,-0.0005823365451934447
2026-06-04 15:15:00,2.12695,0.002683333333333593,2.3009365117992946,0.0004447223125824621
2026-06-04 15:20:00,2.1260999999999997,-0.0008500000000002395,2.3477049656439872,0.00013396725447053332
2026-06-04 15:25:00,2.1275166666666663,0.0014166666666666217,2.347006555671527,-0.0006984099724602247
2026-06-04 15:30:00,2.1257,-0.0018166666666661335,2.3470353284233387,2.8772751811991326e-05
2026-06-04 15:35:00,2.1286271186440677,0.0029271186440675834,2.3466995182382435,-0.00033581018509530993
2026-06-04 15:40:00,2.1233999999999993,-0.00522711864406844,2.346380711530429,-0.00031880670781421277
2026-06-04 15:45:00,2.123866666666666,0.00046666666666661527,2.346336719951511,-4.399157891855077e-05
2026-06-04 15:50:00,2.1287999999999996,0.004933333333333678,2.3458672651402104,-0.00046945481130031264
2026-06-04 15:55:00,2.1304833333333333,0.001683333333333703,2.345435666532766,-0.0004315986074443646
2026-06-04 16:00:00,2.126533333333333,-0.00395000000000012,2.345336360806361,-9.930572640515551e-05
2026-06-04 16:05:00,2.1275833333333334,0.0010500000000002174,2.344374918461934,-0.0009614423444270991
2026-06-04 16:10:00,2.1272500000000005,-0.00033333333333285253,2.3438249535830296,-0.0005499648789041553
2026-06-04 16:15:00,2.1301525423728815,0.002902542372881012,2.3443135455962847,0.0004885920132548081
2026-06-04 16:20:00,2.1276,-0.0025525423728813834,2.3440116945045646,-0.0003018510917197659
2026-06-04 16:25:00,2.1291500000000005,0.0015500000000003844,2.343090387547622,-0.0009213069569424924
2026-06-04 16:30:00,2.1383999999999994,0.00924999999999887,2.3430163429084225,-7.40446391998999e-05
2026-06-04 16:35:00,2.1292333333333344,-0.009166666666664991,1.7455819628001714,-0.00336749164488422
2026-06-04 16:40:00,2.119333333333333,-0.009900000000001352,1.7449293186427992,-0.0006526441573723047
2026-06-04 16:45:00,2.1238499999999996,0.004516666666666502,1.7448201831965717,-0.0001091354462273603
2026-06-04 16:50:00,2.124783333333333,0.0009333333333332305,1.7443368362625944,-0.0004833469339774779
2026-06-04 16:55:00,2.1345641025641022,0.009780769230769426,1.7439041806772202,-0.00043265558537402464
2026-06-04 17:00:00,2.1455319148936174,0.010967812329515159,1.7438068278281975,-9.735284902270984e-05
2026-06-04 17:05:00,2.143533333333333,-0.001998581560284318,1.742870187781092,-0.0009366400471057152
2026-06-04 17:10:00,2.145716666666667,0.00218333333333387,1.742354027329501,-0.0005161604515908485
2026-06-04 17:15:00,2.1450588235294124,-0.0006578431372545879,1.7428862702842447,0.0005322429547437841
2026-06-04 17:20:00,2.157666666666666,0.012607843137253827,1.7426102777665635,-0.0002759925176812212
2026-06-04 17:25:00,2.146083333333334,-0.01158333333333239,1.7417065238068425,-0.0009037539597210811
2026-06-04 17:30:00,2.1482666666666663,0.0021833333333325378,1.7416310507829105,-7.54730239320963e-05
2026-06-04 17:35:00,2.1421186440677973,-0.006148022598869041,1.7412389062172435,-0.000392144565666949
2026-06-04 17:40:00,2.1465500000000004,0.004431355932203118,1.7408817674855859,-0.0003571387316576443
2026-06-04 17:45:00,2.1484499999999995,0.0018999999999991246,1.7408096949243879,-7.207256119784173e-05
2026-06-04 17:50:00,2.1464,-0.002049999999999663,1.7893459146741009,-0.0007107691881072319
2026-06-04 17:55:00,2.1475999999999997,0.0011999999999998678,1.789024731982558,-0.00032118269154273935
2026-06-04 18:00:00,2.1465166666666664,-0.001083333333333325,1.7890156041302343,-9.12785232381991e-06
2026-06-04 18:05:00,2.14935,0.0028333333333336874,1.7881534010005442,-0.0008622031296901295
2026-06-04 18:10:00,2.1475166666666676,-0.0018333333333324653,1.7876976599500949,-0.00045574105044919827
2026-06-04 18:15:00,2.145,-0.0025166666666676107,1.788289208439566,0.0005915484894711095
2026-06-04 18:20:00,2.152683333333334,0.00768333333333393,1.7880552971674022,-0.0002339112721638129
2026-06-04 18:25:00,2.154966666666667,0.002283333333333193,1.7871861084372689,-0.0008691887301333471
2026-06-04 18:30:00,2.1525166666666675,-0.002449999999999619,1.7871209337980145,-6.517463925440219e-05
2026-06-04 18:35:00,2.1567833333333337,0.004266666666666197,1.786736016286792,-0.0003849175112225657
2026-06-04 18:40:00,2.176366666666667,0.019583333333333286,1.7863831318928591,-0.00035288439393269097
2026-06-04 18:45:00,2.172533333333334,-0.003833333333333133,1.7863130620871386,-7.006980572057157e-05
2026-06-04 18:50:00,2.1466166666666666,-0.025916666666667254,1.7858303529409627,-0.0004827091461759331
2026-06-04 18:55:00,2.1760169491525425,0.029400282485875895,1.7853875533251409,-0.00044279961582187506
2026-06-04 19:00:00,2.2022833333333334,0.026266384180790858,1.7852806729521846,-0.00010688037295612611
2026-06-04 19:05:00,2.192383333333334,-0.009899999999999576,1.7977816213908404,-0.021377109789661314
2026-06-04 19:10:00,2.1739833333333336,-0.018400000000000194,1.7959775947779582,-0.0018040266128823562
2026-06-04 19:15:00,2.173383333333334,-0.0005999999999994898,1.7963196071319623,0.0003420123540042162
2026-06-04 19:20:00,2.1670833333333346,-0.006299999999999528,1.7960007817239751,-0.00031882540798708824
2026-06-04 19:25:00,2.2047499999999993,0.03766666666666474,1.7950989379938331,-0.0009018437301421256
2026-06-04 19:30:00,2.230199999999999,0.02544999999999975,1.7949968160684753,-0.00010212192535783167
2026-06-04 19:35:00,2.309372881355933,0.07917288135593381,1.7945826559308697,-0.00041416013760544766
2026-06-04 19:40:00,2.3145000000000007,0.005127118644067785,1.7942026327533693,-0.0003800231775005321
2026-06-04 19:45:00,2.233916666666666,-0.08058333333333456,1.7941065571306682,-9.607562270110635e-05
2026-06-04 19:50:00,2.203866666666666,-0.030050000000000132,1.793608807240076,-0.0004977498905920933
2026-06-04 19:55:00,2.1922833333333336,-0.01158333333333239,1.793156076046603,-0.00045273119347315064
2026-06-04 20:00:00,2.1818166666666676,-0.010466666666665958,1.7930345098540426,-0.00012156619256036352
2026-06-04 20:05:00,2.19995,0.018133333333332224,1.792126436845019,-0.0009080730090235162
2026-06-04 20:10:00,2.1802166666666674,-0.019733333333332492,1.791635933331938,-0.0004905035130809715
2026-06-04 20:15:00,2.1849152542372883,0.004698587570620916,1.7922005820213103,0.0005646486893722827
2026-06-04 20:20:00,2.1787833333333335,-0.006131920903954757,1.8332072854382624,0.001151658951589504
2026-06-04 20:25:00,2.1742833333333333,-0.0045000000000001705,1.8326473165168409,-0.0005599689214215748
2026-06-04 20:30:00,2.1903166666666674,0.01603333333333401,1.8327175776339208,7.026111707994433e-05
2026-06-04 20:35:00,2.2544333333333335,0.06411666666666616,1.832388145711031,-0.0003294319228899624
2026-06-04 20:40:00,2.2762499999999997,0.02181666666666615,1.832056626805452,-0.0003315189055789362
2026-06-04 20:45:00,2.2883166666666677,0.012066666666668002,1.831989028891683,-6.759791376900196e-05
2026-06-04 20:50:00,2.25265,-0.035666666666667624,1.8315143757904453,-0.0004746531012376462
2026-06-04 20:55:00,2.2731694915254246,0.020519491525424538,1.8310837505951891,-0.0004306251952560764
2026-06-04 21:00:00,2.2551333333333323,-0.018036158192092255,1.8309757595959508,-0.00010799099923844508
2026-06-04 21:05:00,2.258816666666667,0.003683333333334815,1.8300954800776752,-0.0008802795182756508
2026-06-04 21:10:00,2.261116666666666,0.0022999999999990806,1.8296328905256116,-0.0004625895520636165
2026-06-04 21:15:00,2.2666000000000013,0.005483333333335061,1.8302400501690541,0.000607159643442576
2026-06-04 21:20:00,2.2513500000000004,-0.015250000000000874,1.8300301997571742,-0.00020985041187995875
2026-06-04 21:25:00,2.1917999999999997,-0.05955000000000066,1.8291904790368783,-0.0008397207202959152
2026-06-04 21:30:00,2.2052999999999994,0.013499999999999623,1.8291202529075294,-7.022612934870316e-05
2026-06-04 21:35:00,2.1903220338983056,-0.014977966101693774,1.8824185078380358,0.006112964764634337
2026-06-04 21:40:00,2.2102500000000003,0.019927966101694672,1.8822997375711823,-0.00011877026685340952
2026-06-04 21:45:00,2.2174499999999995,0.007199999999999207,1.8823369181515763,3.718058039395337e-05
2026-06-04 21:50:00,2.2110333333333334,-0.006416666666666071,1.8818884375440545,-0.00044848060752182193
2026-06-04 21:55:00,2.21085,-0.00018333333333320212,1.8814597406585676,-0.000428696885486845
2026-06-04 22:00:00,2.2073499999999995,-0.0035000000000007248,1.8813401171998891,-0.00011962345867848619
2026-06-04 22:05:00,2.226766666666667,0.019416666666667304,1.8804582052624734,-0.0008819119374158387
2026-06-04 22:10:00,2.2311333333333327,0.004366666666665964,1.8799949015516442,-0.0004633037108292007
2026-06-04 22:15:00,2.2593389830508475,0.028205649717514714,1.8806091914072605,0.0006142898556162697
2026-06-04 22:20:00,2.273400000000001,0.014061016949153515,1.8804174003018321,-0.0001917911054283701
2026-06-04 22:25:00,2.2423166666666656,-0.03108333333333535,1.87959637740313,-0.0008210228987021079
2026-06-04 22:30:00,2.234766666666666,-0.007549999999999724,1.8795271291119198,-6.924829121023193e-05
2026-06-04 22:35:00,2.2440666666666664,0.00930000000000053,1.8791314971427031,-0.00039563196921658483
2026-06-04 22:40:00,2.24045,-0.0036166666666663794,1.878754991818231,-0.0003765053244721646
2026-06-04 22:45:00,2.2196833333333332,-0.020766666666666822,1.8786329707167415,-0.00012202110148951903
2026-06-04 22:50:00,2.21593220338983,-0.0037511299435033507,1.9322672978181978,0.01816541115973635
2026-06-04 22:55:00,2.2307499999999996,0.014817796610169687,1.9326615582788191,0.0003942604606211094
2026-06-04 23:00:00,2.2407333333333326,0.009983333333333011,1.9326762330316936,1.4674752874531556e-05
2026-06-04 23:05:00,2.2192666666666674,-0.02146666666666519,1.9318592158488952,-0.000817017182798439
2026-06-04 23:10:00,2.2133833333333333,-0.005883333333334129,1.9314296040272516,-0.00042961182164353684
2026-06-04 23:15:00,2.2154499999999997,0.002066666666666439,1.9320690255590927,0.0006394215318410851
2026-06-04 23:20:00,2.2319499999999994,0.016499999999999737,1.931905991700077,-0.00016303385901572545
2026-06-04 23:25:00,2.2258833333333325,-0.006066666666666887,1.9311104342148118,-0.0007955574852651369
2026-06-04 23:30:00,2.239254237288135,0.013370903954802671,1.9310503518176931,-6.0082397118690984e-05
2026-06-04 23:35:00,2.2338666666666662,-0.005387570621468996,1.9306622019903836,-0.00038814982730940454
2026-06-04 23:40:00,2.2013166666666666,-0.032549999999999635,1.9302893408128197,-0.0003728611775640512
2026-06-04 23:45:00,2.1993999999999994,-0.0019166666666672327,1.930159579038744,-0.00012976177407557108
2026-06-04 23:50:00,2.196983333333333,-0.0024166666666665115,1.9296158452265095,-0.0005437338122346888
2026-06-04 23:55:00,2.1915833333333326,-0.0054000000000002935,1.929113102830711,-0.0005027423957986051
2026-06-05 00:00:00,2.2101333333333333,0.018550000000000733,1.9289322521624575,-0.0001808506682534069
2026-06-05 00:05:00,2.2027833333333344,-0.0073499999999988574,1.9625195936666646,-0.007996733853911267
2026-06-05 00:10:00,2.217644067796609,0.014860734463274738,1.9615641913613293,-0.0009554023053353086
2026-06-05 00:15:00,2.1919500000000003,-0.025694067796608877,1.962151332924138,0.0005871415628086845
2026-06-05 00:20:00,2.190150000000001,-0.0017999999999993577,1.9620149233039175,-0.00013640962022064103
2026-06-05 00:25:00,2.2187333333333323,0.028583333333331407,1.961252371478459,-0.0007625518254581864
2026-06-05 00:30:00,2.1899166666666674,-0.028816666666664936,1.961213637665823,-3.873381263629407e-05
2026-06-05 00:35:00,2.1861666666666655,-0.0037500000000019185,1.9608474916130545,-0.0003661460527685067
2026-06-05 00:40:00,2.221816666666667,0.035650000000001736,1.9604940581029635,-0.0003534335100910011
2026-06-05 00:45:00,2.191457627118645,-0.030359039548022437,1.960371392940532,-0.00012266516243133866
2026-06-05 00:50:00,2.190066666666667,-0.0013909604519777297,1.9598260762890036,-0.0005453166515283349
2026-06-05 00:55:00,2.1984166666666662,0.008349999999999191,1.9593176841845144,-0.0005083921044894085
2026-06-05 01:00:00,2.195399999999999,-0.0030166666666673336,1.9591447596711793,-0.00017292451333498135
2026-06-05 01:05:00,2.1909166666666673,-0.004483333333331618,1.9581992163319895,-0.0009455433391898346
2026-06-05 01:10:00,2.1812666666666667,-0.009650000000000603,1.9576706887552289,-0.0005285275767606749
2026-06-05 01:15:00,2.160766666666667,-0.02049999999999974,1.9582395675266024,0.0005688787713736666
2026-06-05 01:20:00,2.160433333333333,-0.0003333333333337407,2.023757979982716,0.025858813587729703
2026-06-05 01:25:00,2.1705254237288143,0.01009209039548109,2.022244394766442,-0.0015135852162741913
2026-06-05 01:30:00,2.1716833333333336,0.001157909604519336,2.021700532834542,-0.0005438619318999397
2026-06-05 01:35:00,2.188933333333334,0.01725000000000021,2.021097683025058,-0.0006028498094837497
2026-06-05 01:40:00,2.167216666666667,-0.02171666666666683,2.0206088569872542,-0.0004888260378041239
2026-06-05 01:45:00,2.14625,-0.0209666666666668,2.0204058397452274,-0.00020301724202673147
2026-06-05 01:50:00,2.403416666666666,0.25716666666666566,2.0198080449150937,-0.0005977948301336346
2026-06-05 01:55:00,2.3871833333333337,-0.01623333333333221,2.0192686582587283,-0.0005393866563655916
2026-06-05 02:00:00,2.338083333333334,-0.0490999999999997,2.019091477782264,-0.00017718047646419363
2026-06-05 02:05:00,2.2819830508474572,-0.05610028248587673,2.018138472666368,-0.0009530051158961484
2026-06-05 02:10:00,2.2408333333333332,-0.041149717514123996,2.017611460712619,-0.0005270119537483521
2026-06-05 02:15:00,2.1976166666666677,-0.04321666666666557,2.0181928284627384,0.000581367750118982
2026-06-05 02:20:00,2.1983500000000005,0.0007333333333328085,2.018057405026138,-0.0001354234366000613
2026-06-05 02:25:00,2.1916166666666665,-0.006733333333333924,2.017315901916105,-0.0007415031100333053
2026-06-05 02:30:00,2.15585,-0.0357666666666665,2.017316339297048,4.3738094310836966e-07
2026-06-05 02:35:00,2.1711166666666677,0.01526666666666765,2.0457361526091704,-0.02008842951060763
2026-06-05 02:40:00,2.1623499999999996,-0.008766666666668144,2.0304786678395508,-0.01525748476961988
2026-06-05 02:45:00,2.1380338983050855,-0.02431610169491405,2.018426808809991,-0.01205185902956001
2026-06-05 02:50:00,2.1710166666666666,0.032982768361581094,2.0082113803386243,-0.010215428471366455
2026-06-05 02:55:00,2.137883333333334,-0.03313333333333279,1.9999339123387674,-0.008277467999856965
2026-06-05 03:00:00,2.1292999999999997,-0.008583333333334053,1.993655209676868,-0.00627870266189926
2026-06-05 03:05:00,2.1452999999999998,0.016000000000000014,1.9879469681552089,-0.005708241521659239
2026-06-05 03:10:00,2.1457,0.00040000000000040004,1.9838080044380249,-0.004138963717183912
2026-06-05 03:15:00,2.1438833333333345,-0.0018166666666656894,1.9820217696350464,-0.001786234802978516
2026-06-05 03:20:00,2.1448644067796607,0.0009810734463262527,1.9804433884827601,-0.0015783811522862112
2026-06-05 03:25:00,2.1417500000000005,-0.0031144067796602393,1.9788216659871558,-0.001621722495604408
2026-06-05 03:30:00,2.1344666666666665,-0.0072833333333339745,1.978234681655477,-0.0005869843316787056
2026-06-05 03:35:00,2.1299833333333336,-0.004483333333332951,1.9775118491589674,-0.0007228324965097312
2026-06-05 03:40:00,2.1285833333333337,-0.0013999999999998458,1.9769080832247539,-0.000603765934213563
2026-06-05 03:45:00,2.1275,-0.0010833333333337691,1.9765399554937733,-0.0003681277309805013
2026-06-05 03:50:00,2.128266666666667,0.0007666666666672484,1.9896288178842974,-0.0004632626962197572
2026-06-05 03:55:00,2.1429833333333335,0.014716666666666267,1.9892922232352277,-0.0003365946490696358
2026-06-05 04:00:00,2.2594915254237287,0.1165081920903952,1.9891534211288167,-0.00013880210641100413
2026-06-05 04:05:00,2.1457333333333337,-0.11375819209039495,1.9881287775999552,-0.0010246435288615784
2026-06-05 04:10:00,2.15025,0.004516666666666502,1.9874913168159398,-0.0006374607840154194
2026-06-05 04:15:00,2.1554333333333338,0.00518333333333354,1.9879755804499537,0.0004842636340140799
2026-06-05 04:20:00,2.151150000000001,-0.004283333333332973,1.9878412590478607,-0.0001343214020931019
2026-06-05 04:25:00,2.1529166666666675,0.0017666666666666941,1.9871158854745836,-0.000725373573277128
2026-06-05 04:30:00,2.1564999999999994,0.0035833333333319395,1.987120884426135,4.9989515514282235e-06
2026-06-05 04:35:00,2.1508500000000006,-0.005649999999998823,1.9868173717668913,-0.0003035126592437871
2026-06-05 04:40:00,2.152728813559322,0.0018788135593212907,1.9865251005972047,-0.00029227116968656415
2026-06-05 04:45:00,2.1524833333333344,-0.0002454802259874711,1.9863990310548107,-0.00012606954239381321
2026-06-05 04:50:00,2.14695,-0.0055333333333345,1.9857707927725907,-0.0006282382822200707
2026-06-05 04:55:00,2.1500166666666676,0.003066666666667661,1.9851269053848302,-0.0006438873877606178
2026-06-05 05:00:00,2.146433333333334,-0.003583333333333716,1.984786757612661,-0.0003401477721690862
2026-06-05 05:05:00,2.1461666666666663,-0.0002666666666675255,1.9917872663039473,-0.0015767041268374415
2026-06-05 05:10:00,2.1464333333333343,0.00026666666666796957,1.9892130810530575,-0.0025741852508899777
2026-06-05 05:15:00,2.1456166666666667,-0.0008166666666675759,1.987408407654263,-0.0018046733987943893
2026-06-05 05:20:00,2.1484745762711865,0.002857909604519815,1.98465997318696,-0.002748434467303045
2026-06-05 05:25:00,2.1497000000000006,0.001225423728814068,1.9812711202684326,-0.003388852918527335
2026-06-05 05:30:00,2.1474166666666665,-0.002283333333334081,1.9786697807765794,-0.0026013394918533517
2026-06-05 05:35:00,2.1464666666666674,-0.0009499999999991182,1.9757345996308056,-0.002935181145773693
2026-06-05 05:40:00,2.1461500000000004,-0.00031666666666696486,1.9728181303029497,-0.002916469327855845
2026-06-05 05:45:00,2.145800000000001,-0.0003499999999996284,1.9701911086558956,-0.002627021647054048
2026-06-05 05:50:00,2.1437166666666667,-0.002083333333334103,1.9671536399484504,-0.0030374687074452744
2026-06-05 05:55:00,2.1549661016949164,0.01124943502824971,1.964153448593996,-0.0030001913544545145
2026-06-05 06:00:00,2.1522,-0.002766101694916312,1.9614840008013907,-0.0026694477926051986
2026-06-05 06:05:00,2.1451666666666673,-0.007033333333332781,1.9579459726038222,-0.00353802819756848
2026-06-05 06:10:00,2.150066666666667,0.004899999999999682,1.9548248560655723,-0.0031211165382498455
2026-06-05 06:15:00,2.1503500000000004,0.00028333333333341315,1.9526985047753491,-0.00212635129022322
2026-06-05 06:20:00,2.147800000000001,-0.002549999999999386,1.9570343567352346,-0.002813827877544212
2026-06-05 06:25:00,2.151150000000001,0.003349999999999742,1.9536302348465984,-0.003404121888636284
2026-06-05 06:30:00,2.1527833333333337,0.0016333333333329314,1.951031309025564,-0.0025989258210344316
2026-06-05 06:35:00,2.1505084745762715,-0.002274858757062237,1.9480806615836608,-0.0029506474419032694
2026-06-05 06:40:00,2.151033333333334,0.0005248587570623187,1.9451445285930813,-0.002936132990579319
2026-06-05 06:45:00,2.1529833333333332,0.0019499999999994522,1.9425009379768512,-0.0026435906162301376
2026-06-05 06:50:00,2.153533333333334,0.0005500000000009386,1.939443565747768,-0.0030573722290831856
2026-06-05 06:55:00,2.1535833333333345,5.000000000032756e-05,1.9364230349957945,-0.0030205307519735546
2026-06-05 07:00:00,2.1558500000000005,0.002266666666665973,1.9337495627917938,-0.0026734722040007604
2026-06-05 07:05:00,2.1534333333333335,-0.0024166666666669556,1.930196123232171,-0.003553439559622755
2026-06-05 07:10:00,2.154150000000001,0.0007166666666673649,1.9270565074181585,-0.0031396158140125593
2026-06-05 07:15:00,2.156559322033899,0.00240932203389832,1.92490826719531,-0.0021482402228484203
2026-06-05 07:20:00,2.1606166666666673,0.0040573446327680784,1.9219507752470888,-0.0029574919482212307
2026-06-05 07:25:00,2.1586166666666675,-0.0019999999999997797,1.918416515786732,-0.0035342594603567563
2026-06-05 07:30:00,2.160316666666667,0.0016999999999995907,1.9157437764766276,-0.0026727393101043276
2026-06-05 07:35:00,2.1614333333333335,0.0011166666666664327,1.9297032423658371,-0.0031943973477948423
2026-06-05 07:40:00,2.1614166666666677,-1.6666666665887675e-05,1.9268029943931573,-0.002900247972679788
2026-06-05 07:45:00,2.1624000000000003,0.00098333333333267,1.9242210896023313,-0.0025819047908259684
2026-06-05 07:50:00,2.16225,-0.0001500000000005386,1.921215590481518,-0.0030054991208132145
2026-06-05 07:55:00,2.1638644067796613,0.0016144067796615147,1.9182439237517566,-0.002971666729761516
2026-06-05 08:00:00,2.161583333333333,-0.002281073446328108,1.915641380816005,-0.002602542935751493
2026-06-05 08:05:00,2.1606833333333335,-0.0008999999999996788,1.9121510215080155,-0.0034903593079896075
2026-06-05 08:10:00,2.160566666666667,-0.0001166666666665428,1.9090655410059516,-0.0030854805020638244
2026-06-05 08:15:00,2.1632500000000006,0.002683333333333593,1.9069567525693196,-0.0021087884366319505
2026-06-05 08:20:00,2.158516666666667,-0.0047333333333337,1.9040372872551004,-0.0029194653142193606
2026-06-05 08:25:00,2.1621333333333337,0.0036166666666668235,1.9005412235539199,-0.0034960637011805774
2026-06-05 08:30:00,2.16255,0.0004166666666662877,1.8979104641076352,-0.002630759446284573
2026-06-05 08:35:00,2.1628305084745767,0.0002805084745767239,1.8949604948638248,-0.002949969243810471
2026-06-05 08:40:00,2.161233333333334,-0.0015971751412426904,1.8920438212903046,-0.002916673573520194
2026-06-05 08:45:00,2.160333333333334,-0.0009000000000001229,1.8894320089938268,-0.0026118122964777176
2026-06-05 08:50:00,2.1599833333333343,-0.0003499999999996284,1.8947431027865316,-0.002015788972002669
2026-06-05 08:55:00,2.1562666666666668,-0.0037166666666674786,1.8920640514771452,-0.002679051309386512
2026-06-05 09:00:00,2.159733333333334,0.003466666666667173,1.8896584817576785,-0.002405569719466548
2026-06-05 09:05:00,2.159633333333334,-9.999999999976694e-05,1.886309230104959,-0.0033492516527194992
2026-06-05 09:10:00,2.154133333333334,-0.00550000000000006,1.883335322098712,-0.0029739080062472665
2026-06-05 09:15:00,2.155016949152543,0.0008836158192089272,1.881307692192426,-0.0020276299062856108
2026-06-05 09:20:00,2.1569999999999996,0.0019830508474565356,1.878460077251666,-0.002847614940760142
2026-06-05 09:25:00,2.146116666666667,-0.01088333333333269,1.8750335654820622,-0.0034265117696039103
2026-06-05 09:30:00,2.1445333333333334,-0.001583333333333492,1.8724679341329198,-0.0025656313491424377
2026-06-05 09:35:00,2.1437666666666666,-0.0007666666666668043,1.8695823059257868,-0.00288562820713294
2026-06-05 09:40:00,2.1434,-0.00036666666666640424,1.8667290789872206,-0.0028532269385661718
2026-06-05 09:45:00,2.1413333333333346,-0.002066666666665551,1.8641851946433419,-0.0025438843438786636
2026-06-05 09:50:00,2.144283333333334,0.002949999999999342,1.861233240086314,-0.0029519545570278923
2026-06-05 09:55:00,2.1443559322033905,7.259887005650612e-05,1.8583259312374787,-0.002907308848835421
2026-06-05 10:00:00,2.1451000000000007,0.0007440677966101816,1.855822961024899,-0.002502970212579601
2026-06-05 10:05:00,2.1451666666666673,6.666666666665932e-05,1.8469158740142904,-0.003133640867680288
2026-06-05 10:10:00,2.1422833333333338,-0.002883333333333571,1.8440966348318661,-0.00281923918242413
2026-06-05 10:15:00,2.1422000000000008,-8.333333333299109e-05,1.8421873507135968,-0.0019092841182694264
2026-06-05 10:20:00,2.1429666666666667,0.0007666666666659161,1.8394213564634783,-0.0027659942501186267
2026-06-05 10:25:00,2.146766666666667,0.0038000000000004697,1.8360641146338883,-0.003357241829589934
2026-06-05 10:30:00,2.1455500000000005,-0.0012166666666666437,1.8335596775577438,-0.0025044370761444328
2026-06-05 10:35:00,2.146152542372882,0.0006025423728814872,1.8307362382906316,-0.002823439267112202
2026-06-05 10:40:00,2.1399,-0.006252542372882086,1.8279462105557347,-0.00279002773489696
2026-06-05 10:45:00,2.1451666666666673,0.005266666666667419,1.8254711260413212,-0.0024750845144134144
2026-06-05 10:50:00,2.1448500000000004,-0.00031666666666696486,1.8226008898821677,-0.0028702361591534616
2026-06-05 10:55:00,2.144566666666667,-0.00028333333333341315,1.8197819035695573,-0.0028189863126105476
2026-06-05 11:00:00,2.147033333333334,0.002466666666666839,1.8173742320343511,-0.002407671535206218
2026-06-05 11:05:00,2.1455666666666673,-0.0014666666666665051,1.8140834702409616,-0.003290761793389338
2026-06-05 11:10:00,2.1491525423728817,0.003585875706214381,1.8111751172760373,-0.002908352964924475
2026-06-05 11:15:00,2.144483333333334,-0.004669209039547706,1.809192891832657,-0.0019822254433802654
2026-06-05 11:20:00,2.1443333333333334,-0.0001500000000005386,1.8091505290637429,-0.0019790135223285506
2026-06-05 11:25:00,2.1439333333333335,-0.00039999999999995595,1.8059250773101918,-0.0032254517535509706
2026-06-05 11:30:00,2.142533333333333,-0.00140000000000029,1.803457675709987,-0.0024674016002048517
2026-06-05 11:35:00,2.147500000000001,0.004966666666667674,1.800634207326538,-0.002823468383449101
2026-06-05 11:40:00,2.1461333333333337,-0.0013666666666671823,1.7978334961724114,-0.0028007111541264755
2026-06-05 11:45:00,2.147600000000001,0.0014666666666673933,1.795350513637613,-0.0024829825347984363
2026-06-05 11:50:00,2.1479999999999997,0.0003999999999986237,1.7924815358114847,-0.002868977826128221
2026-06-05 11:55:00,2.144983333333334,-0.0030166666666655573,1.7896687965195135,-0.00281273929197133
2026-06-05 12:00:00,2.144616666666667,-0.0003666666666672924,1.7872769514430513,-0.0023918450764620607
2026-06-05 12:05:00,2.1473666666666675,0.0027500000000006963,1.7840057888566632,-0.0032711625863882728
2026-06-05 12:10:00,2.14455,-0.0028166666666673557,1.781113038035128,-0.00289275082153508
2026-06-05 12:15:00,2.1468666666666674,0.0023166666666671887,1.7791395671868349,-0.001973470848293242
2026-06-05 12:20:00,2.1460333333333343,-0.0008333333333330195,1.7763517369446828,-0.002787830242151953
2026-06-05 12:25:00,2.1480666666666672,0.0020333333333328873,1.7729998637563438,-0.003351873188339057
2026-06-05 12:30:00,2.1480500000000005,-1.6666666666775853e-05,1.770523416893838,-0.002476446862505867
2026-06-05 12:35:00,2.145966101694916,-0.002083898305084375,1.7648888849716737,-0.00015346426799558972
2026-06-05 12:40:00,2.141466666666667,-0.00449943502824901,1.7646721690997955,-0.0002167158718783165
2026-06-05 12:45:00,2.1285500000000006,-0.012916666666666465,1.764654603666312,-1.7565433483588772e-05
2026-06-05 12:50:00,2.12545,-0.003100000000000769,1.764152603529345,-0.0005020001369667961
2026-06-05 12:55:00,2.1220000000000003,-0.003449999999999509,1.7636616646961163,-0.0004909388332288048
2026-06-05 13:00:00,2.1229999999999998,0.0009999999999994458,1.7634907293090198,-0.0001709353870964957
2026-06-05 13:05:00,2.1235166666666667,0.0005166666666669428,1.7624373964245696,-0.001053332884450156
2026-06-05 13:10:00,2.1250000000000004,0.001483333333333725,1.7617720530721526,-0.0006653433524169867
2026-06-05 13:15:00,2.1455833333333336,0.020583333333333176,1.7621315911853266,0.0003595381131738958
2026-06-05 13:20:00,2.143766666666667,-0.0018166666666665776,1.7617980926631525,-0.00033349852217405855
2026-06-05 13:25:00,2.1453833333333336,0.0016166666666665996,1.7608811681276306,-0.0009169245355217957
2026-06-05 13:30:00,2.1417166666666674,-0.003666666666666263,1.7607988640866161,-8.230404101448963e-05
2026-06-05 13:35:00,2.1442833333333335,0.002566666666666162,1.7604053405188804,-0.0003935235677357807
2026-06-05 13:40:00,2.144566666666667,0.00028333333333341315,1.7600419339264881,-0.0003634065923923444
2026-06-05 13:45:00,2.1441833333333333,-0.0003833333333336242,1.7599279645611976,-0.00011396936529047694
2026-06-05 13:50:00,2.140932203389831,-0.0032511299435022956,1.7567777849160584,-0.0025235188776845598
2026-06-05 13:55:00,2.1468833333333337,0.005951129943502664,1.7543025361293278,-0.0024752487867306197
2026-06-05 14:00:00,2.147816666666667,0.0009333333333332305,1.7522104450543843,-0.0020920910749436623
2026-06-05 14:05:00,2.146633333333334,-0.001183333333333092,1.7492287705111356,-0.0029816745432486597
2026-06-05 14:10:00,2.1435000000000004,-0.0031333333333334323,1.746620585661733,-0.002608184849402708
2026-06-05 14:15:00,2.1423666666666668,-0.0011333333333336526,1.7449457269973345,-0.001674858664398261
2026-06-05 14:20:00,2.1461333333333332,0.003766666666666474,1.7424330918036555,-0.0025126351936792146
2026-06-05 14:25:00,2.138616666666666,-0.00751666666666706,1.7393341427853473,-0.0030989490183081715
2026-06-05 14:30:00,2.1369322033898306,-0.0016844632768355794,1.7370937335833774,-0.002240409201969866
2026-06-05 14:35:00,2.1355166666666667,-0.0014155367231638571,1.734546446012322,-0.0025472875710551507
2026-06-05 14:40:00,2.1334666666666666,-0.0020500000000001073,1.7320411942479468,-0.0025052517643753855
2026-06-05 14:45:00,2.131883333333334,-0.0015833333333326038,1.7298599491384976,-0.00218124510944924
2026-06-05 14:50:00,2.1328333333333327,0.0009499999999986741,1.7273019842476407,-0.002557964890856828
2026-06-05 14:55:00,2.133166666666667,0.0003333333333341848,1.7248001756842641,-0.0025018085633766876
2026-06-05 15:00:00,2.1355999999999997,0.0024333333333328433,1.7226872143330012,-0.0021129613512628066
2026-06-05 15:05:00,2.1362166666666673,0.000616666666667598,1.7171840105556677,-0.0009272686412316605
2026-06-05 15:10:00,2.1380847457627126,0.0018680790960452498,1.7167727514637776,-0.00041125909189010715
2026-06-05 15:15:00,2.1343666666666667,-0.003718079096045823,1.717356662955246,0.0005839114914684629
2026-06-05 15:20:00,2.1358166666666674,0.0014500000000006175,1.7171198338434088,-0.000236829111837162
2026-06-05 15:25:00,2.1345500000000004,-0.0012666666666669713,1.7162444374079384,-0.0008753964354704152
2026-06-05 15:30:00,2.1353,0.0007499999999995843,1.716199740780839,-4.469662709961435e-05
2026-06-05 15:35:00,2.1290333333333336,-0.006266666666666421,1.7158365582974184,-0.0003631824834204726
2026-06-05 15:40:00,2.1063999999999994,-0.02263333333333417,1.7155065890245074,-0.0003299692729109025
2026-06-05 15:45:00,2.1266000000000003,0.020200000000000884,1.7154555138460938,-5.1075178413622805e-05
2026-06-05 15:50:00,2.1318474576271185,0.005247457627118202,1.7149790885461553,-0.0004764252999384679
2026-06-05 15:55:00,2.133566666666667,0.001719209039548364,1.7145402525234275,-0.0004388360227278831
2026-06-05 16:00:00,2.131500000000001,-0.002066666666665995,1.7144334376170038,-0.00010681490642362976
2026-06-05 16:05:00,2.1324,0.0008999999999992347,1.7134600690139725,-0.0009733686030312927
2026-06-05 16:10:00,2.12105,-0.011350000000000193,1.712896270471316,-0.000563798542656539
2026-06-05 16:15:00,2.118016666666667,-0.003033333333332777,1.7133688511563832,0.00047258068506716717
2026-06-05 16:20:00,2.115183333333333,-0.0028333333333341315,1.7214152676131742,0.0027660508019218925
2026-06-05 16:25:00,2.1212033898305083,0.006020056497175297,1.7209640925374523,-0.0004511750757218983
2026-06-05 16:30:00,2.1239500000000002,0.0027466101694919587,1.7210580512834297,9.395874597725105e-05
2026-06-05 16:35:00,2.1231000000000004,-0.0008499999999997954,1.7207382811530174,-0.00031977013041226685
2026-06-05 16:40:00,2.102933333333332,-0.02016666666666822,1.720420308691424,-0.0003179724615932567
2026-06-05 16:45:00,2.096616666666667,-0.006316666666665416,1.7203756502293475,-4.465846207654618e-05
2026-06-05 16:50:00,2.1079999999999997,0.011383333333332857,1.7199072465730167,-0.00046840365633084617
2026-06-05 16:55:00,2.1121666666666656,0.004166666666665986,1.7194761812284853,-0.00043106534453143225
2026-06-05 17:00:00,2.112399999999999,0.00023333333333352968,1.7193754885290289,-0.00010069269945628856
2026-06-05 17:05:00,2.114423728813559,0.002023728813559611,1.7184296932327567,-0.0009457952962722018
2026-06-05 17:10:00,2.1142499999999997,-0.00017372881355903758,1.7179016132844336,-0.0005280799483231708
2026-06-05 17:15:00,2.114066666666667,-0.00018333333333275803,1.7184193893469146,0.000517776062481052
2026-06-05 17:20:00,2.1203999999999996,0.006333333333332636,1.7181299661105227,-0.0002894232363919363
2026-06-05 17:25:00,2.1300499999999998,0.009650000000000158,1.7172148525456905,-0.000915113564832221
2026-06-05 17:30:00,2.1294333333333335,-0.0006166666666662657,1.7171340053573945,-8.084718829604372e-05
2026-06-05 17:35:00,2.12525,-0.00418333333333365,1.73887511504069,-0.004988620960496892
2026-06-05 17:40:00,2.1229166666666663,-0.0023333333333335204,1.7382366666979965,-0.0006384483426934354
2026-06-05 17:45:00,2.119813559322034,-0.00310310734463215,1.7381390000455306,-9.766665246583963e-05
2026-06-05 17:50:00,2.1199999999999997,0.00018644067796547148,1.7376648357744862,-0.000474164271044572
2026-06-05 17:55:00,2.115983333333333,-0.004016666666666779,1.7372376959081317,-0.0004271398663543767
2026-06-05 18:00:00,2.1176499999999994,0.0016666666666664831,1.7371489617270643,-8.873418106733411e-05
2026-06-05 18:05:00,2.119416666666666,0.0017666666666666941,1.7362404911157205,-0.0009084706113438549
2026-06-05 18:10:00,2.1384500000000006,0.019033333333334568,1.7357543054412836,-0.00048618567443700774
2026-06-05 18:15:00,2.1447833333333333,0.006333333333332636,1.7363218425748757,0.0005675371335921035
2026-06-05 18:20:00,2.146300000000001,0.0015166666666677209,1.7360707480127775,-0.0002510945620982001
2026-06-05 18:25:00,2.1507796610169496,0.004479661016948633,1.735189050279762,-0.0008816977330153389
2026-06-05 18:30:00,2.1519500000000003,0.0011703389830506339,1.7351175317677094,-7.151851205261486e-05
2026-06-05 18:35:00,2.151516666666667,-0.00043333333333306356,1.734727323191817,-0.00039020857589247766
2026-06-05 18:40:00,2.14805,-0.003466666666667173,1.7343697765821922,-0.0003575466096248554
2026-06-05 18:45:00,2.1414,-0.006650000000000045,1.7342950589469235,-7.471763526867117e-05
2026-06-05 18:50:00,2.144316666666666,0.0029166666666662344,1.7643393027719148,0.0012125995247320002
2026-06-05 18:55:00,2.13695,-0.007366666666666077,1.7643015731870677,-3.7729584846914635e-05
2026-06-05 19:00:00,2.1460500000000007,0.009100000000000552,1.764372894343033,7.132115596534963e-05
2026-06-05 19:05:00,2.133440677966102,-0.012609322033898529,1.7635625704534506,-0.0008103238895825526
2026-06-05 19:10:00,2.139966666666667,0.0065259887005648665,1.7631434887482762,-0.00041908170517437416
2026-06-05 19:15:00,2.141966666666667,0.0019999999999997797,1.7637716942142443,0.0006282054659680047
2026-06-05 19:20:00,2.1410333333333336,-0.0009333333333332305,1.7635667760303249,-0.00020491818391937323
2026-06-05 19:25:00,2.1426333333333343,0.001600000000000712,1.7627237375734182,-0.0008430384569067475
2026-06-05 19:30:00,2.1405833333333333,-0.0020500000000009955,1.76266708035967,-5.6657213748108416e-05
2026-06-05 19:35:00,2.14305,0.002466666666666839,1.762287626920872,-0.00037945343879798165
2026-06-05 19:40:00,2.1413166666666665,-0.0017333333333335865,1.7619366839245563,-0.00035094299631565436
2026-06-05 19:45:00,2.1386779661016946,-0.002638700564971952,1.761863782592684,-7.290133187229001e-05
2026-06-05 19:50:00,2.143733333333333,0.0050553672316384635,1.7613818815136795,-0.00048190107900455026
2026-06-05 19:55:00,2.1369499999999997,-0.006783333333333363,1.7609417301289176,-0.0004401513847618586
2026-06-05 20:00:00,2.1440499999999996,0.007099999999999884,1.7608311399796026,-0.0001105901493150452
2026-06-05 20:05:00,2.136633333333334,-0.007416666666665517,1.7952408511602385,-0.002030232614111051
2026-06-05 20:10:00,2.143416666666667,0.006783333333332919,1.794812074104849,-0.00042877705538939856
2026-06-05 20:15:00,2.136366666666667,-0.007050000000000001,1.7955124563551164,0.0007003822502672336
2026-06-05 20:20:00,2.1491499999999997,0.012783333333332703,1.795359912909213,-0.00015254344590326092
2026-06-05 20:25:00,2.1431186440677967,-0.006031355932202942,1.794553305039415,-0.0008066078697981164
2026-06-05 20:30:00,2.1415833333333327,-0.0015353107344640016,1.7945098451670998,-4.345987231506799e-05
2026-06-05 20:35:00,2.1425499999999995,0.0009666666666667822,1.7941380266053961,-0.0003718185617037228
2026-06-05 20:40:00,2.1364500000000004,-0.006099999999999106,1.7937898639550636,-0.0003481626503326116
2026-06-05 20:45:00,2.1373000000000006,0.0008500000000002395,1.7937133467630269,-7.651719203675996e-05
2026-06-05 20:50:00,2.137149999999999,-0.00015000000000142677,1.793231404992858,-0.00048194177016892587
2026-06-05 20:55:00,2.1452,0.008050000000000779,1.7927934961431267,-0.00043790884973125203
2026-06-05 21:00:00,2.13565,-0.009549999999999947,1.7926776199527605,-0.00011587619036613326
2026-06-05 21:05:00,2.1392711864406784,0.0036211864406783256,1.7917852542158514,-0.0008923657369090656
2026-06-05 21:10:00,2.147333333333334,0.008062146892655608,1.7913092532545498,-0.00047600096130160307
2026-06-05 21:15:00,2.1467666666666663,-0.0005666666666677145,1.7919009643497572,0.0005917110952073348
2026-06-05 21:20:00,2.136316666666667,-0.010449999999999182,1.8772785983527787,-0.0020552034806633826
2026-06-05 21:25:00,2.1361833333333333,-0.00013333333333376274,1.8763853081080168,-0.0008932902447617398
2026-06-05 21:30:00,2.140716666666667,0.004533333333333722,1.876345397368758,-3.9910739258772744e-05
2026-06-05 21:35:00,2.1389333333333327,-0.0017833333333343582,1.875980959679474,-0.0003644376892839281
2026-06-05 21:40:00,2.1411666666666673,0.0022333333333346417,1.8756338924232818,-0.0003470672561923896
2026-06-05 21:45:00,2.1423220338983056,0.0011553672316382269,1.8755499316104371,-8.396081284466896e-05
2026-06-05 21:50:00,2.140250000000001,-0.0020720338983046815,1.8750617034911516,-0.0004882281192853734
2026-06-05 21:55:00,2.1389000000000005,-0.0013500000000004064,1.87461859124976,-0.00044311224139182077
2026-06-05 22:00:00,2.1376666666666675,-0.0012333333333329755,1.8744917397839091,-0.0001268514658508607
2026-06-05 22:05:00,2.142700000000001,0.005033333333333445,1.8736018884451582,-0.0008898513387508323
2026-06-05 22:10:00,2.141648148148149,-0.0010518518518520814,1.8731284872121887,-0.00047340123296948564
2026-06-05 22:15:00,2.1470166666666675,0.005368518518518606,1.8737298194736927,0.0006013322615037975
2026-06-05 22:20:00,2.132116666666667,-0.014900000000000357,1.8735269092136166,-0.0002029102600759152
2026-06-05 22:25:00,2.1400833333333336,0.007966666666666455,1.8726967314746865,-0.000830177738930082
2026-06-05 22:30:00,2.1352833333333328,-0.004800000000000804,1.8726228074765678,-7.392399811868147e-05
2026-06-05 22:35:00,2.138915254237288,0.0036319209039552547,1.8401660959448933,0.001478410578654659
2026-06-05 22:40:00,2.1382833333333338,-0.0006319209039542528,1.8400909067322344,-7.518921265889387e-05
2026-06-05 22:45:00,2.1392,0.0009166666666664547,1.8400998202512115,8.913518977111077e-06
2026-06-05 22:50:00,2.1371166666666666,-0.002083333333333659,1.839642503674675,-0.00045731657653633434
2026-06-05 22:55:00,2.1401,0.002983333333333338,1.8392071508342638,-0.0004353528404114367
2026-06-05 23:00:00,2.1322666666666668,-0.007833333333333137,1.8390783823139218,-0.0001287685203417761
2026-06-05 23:05:00,2.137916666666667,0.005650000000000155,1.8381901092981845,-0.0008882730157375149
2026-06-05 23:10:00,2.13935593220339,0.0014392655367232443,1.8377168839291784,-0.0004732253690060232
2026-06-05 23:15:00,2.1466,0.007244067796609688,1.8383249152512169,0.0006080313220385603
2026-06-05 23:20:00,2.143783333333333,-0.0028166666666669116,1.8381457731933608,-0.00017914205785614208
2026-06-05 23:25:00,2.1374166666666676,-0.006366666666665299,1.8373409402845917,-0.0008048329087691136
2026-06-05 23:30:00,2.1389333333333336,0.0015166666666659445,1.83727570108215,-6.523920244160595e-05
2026-06-05 23:35:00,2.141566666666667,0.0026333333333332654,1.8368840447635768,-0.00039165631857332017
2026-06-05 23:40:00,2.1417500000000005,0.0001833333333336462,1.836508458063145,-0.00037558670043178724
2026-06-05 23:45:00,2.145566666666667,0.0038166666666663573,1.8363756631858967,-0.00013279487724834934
2026-06-05 23:50:00,2.1357966101694914,-0.009770056497175439,1.7841991909286177,-0.0016462716055081603
2026-06-05 23:55:00,2.146083333333334,0.010286723163842382,1.7836900291736637,-0.0005091617549540077
2026-06-06 00:00:00,2.1403166666666666,-0.005766666666667142,1.7835827546646315,-0.00010727450903226486
2026-06-06 00:05:00,2.143966666666666,0.003649999999999487,1.7827159326814745,-0.0008668219831567667
2026-06-06 00:10:00,2.149716666666667,0.00575000000000081,1.7822589416330816,-0.00045699104839301205
2026-06-06 00:15:00,2.1481166666666667,-0.0016000000000002679,1.782888153843931,0.0006292122108494835
2026-06-06 00:20:00,2.1458000000000004,-0.0023166666666663005,1.7827460391257142,-0.0001421147182169773
2026-06-06 00:25:00,2.145383333333333,-0.0004166666666671759,1.781979681213407,-0.0007663579123070608
2026-06-06 00:30:00,2.1488644067796616,0.00348107344632842,1.7819400185781116,-3.9662635295556085e-05
2026-06-06 00:35:00,2.14905,0.00018559322033828707,1.781573191301781,-0.0003668272763306008
2026-06-06 00:40:00,2.14725,-0.0017999999999998018,1.7812187835217614,-0.0003544077800194084
2026-06-06 00:45:00,2.1456666666666675,-0.0015833333333326038,1.7810945667175773,-0.00012421680418428648
2026-06-06 00:50:00,2.1458999999999997,0.0002333333333321974,1.7805460497451204,-0.0005485169724567191
2026-06-06 00:55:00,2.1456666666666675,-0.0002333333333321974,1.7800334267597233,-0.0005126229853971259
2026-06-06 01:00:00,2.1456500000000007,-1.6666666666775853e-05,1.7798553346743624,-0.00017809208536094995
2026-06-06 01:05:00,2.147516666666667,0.001866666666666461,1.7885130981759703,5.886877592492412e-05
2026-06-06 01:10:00,2.1474237288135596,-9.293785310759972e-05,1.7882480409374475,-0.0002650572385228989
2026-06-06 01:15:00,2.148816666666667,0.0013929378531072345,1.7889880841369858,0.0007400431995384263
2026-06-06 01:20:00,2.1465166666666673,-0.0022999999999995246,1.788919812461617,-6.827167536885848e-05
2026-06-06 01:25:00,2.1469666666666662,0.00044999999999895124,1.7882071174803698,-0.0007126949812472398
2026-06-06 01:30:00,2.1399,-0.0070666666666663325,1.7882090601115888,1.942631219050881e-06
2026-06-06 01:35:00,2.136983333333334,-0.0029166666666657903,1.787881822232591,-0.0003272378789978747
2026-06-06 01:40:00,2.1386499999999997,0.001666666666665595,1.7875642539712033,-0.00031756826138754025
2026-06-06 01:45:00,2.1341525423728815,-0.004497457627118173,1.7874665854815555,-9.766848964792092e-05
2026-06-06 01:50:00,2.1370833333333334,0.002930790960451901,1.7869348932563678,-0.0005316922251876952
2026-06-06 01:55:00,2.137733333333333,0.0006499999999993733,1.7864328006544137,-0.0005020926019541583
2026-06-06 02:00:00,2.1354333333333333,-0.0022999999999995246,1.7862754610774858,-0.00015733957692788003
2026-06-06 02:05:00,2.1351833333333334,-0.00024999999999986144,1.785329372733529,-0.0009460883439566041
2026-06-06 02:10:00,2.134866666666667,-0.00031666666666652077,1.7848010750886771,-0.000528297644851962
2026-06-06 02:15:00,2.1316333333333333,-0.0032333333333336434,1.7853748445160524,0.0005737694273751915
2026-06-06 02:20:00,2.1293833333333327,-0.0022500000000005294,1.7693731170124174,0.0011700757528713929
2026-06-06 02:25:00,2.135186440677966,0.005803107344633407,1.7689603290914173,-0.00041278792100012866
2026-06-06 02:30:00,2.135866666666667,0.0006802259887006556,1.7690941918724075,0.00013386278099011768
2026-06-06 02:35:00,2.13565,-0.00021666666666675383,1.7688358133752264,-0.00025837849718091197
2026-06-06 02:40:00,2.1340333333333334,-0.0016166666666665996,1.768566363857685,-0.00026944951754158094
2026-06-06 02:45:00,2.134333333333333,0.0002999999999997449,1.7685026298495903,-6.373400809450321e-05
2026-06-06 02:50:00,2.1339,-0.00043333333333306356,1.7679921447822589,-0.0005104850673315682
2026-06-06 02:55:00,2.136583333333334,0.002683333333334037,1.7675052698028018,-0.000486874979457009
2026-06-06 03:00:00,2.1364666666666667,-0.00011666666666743097,1.7673630960594104,-0.00014217374339123824
2026-06-06 03:05:00,2.1369661016949153,0.0004994350282485627,1.766415493531314,-0.0009476025280965406
2026-06-06 03:10:00,2.140116666666667,0.0031505649717518125,1.765888108251055,-0.000527385280259091
2026-06-06 03:15:00,2.1366000000000005,-0.0035166666666666124,1.76646857516824,0.0005804669171851484
2026-06-06 03:20:00,2.134116666666667,-0.002483333333333615,1.766352915492714,-0.00011565967552599872
2026-06-06 03:25:00,2.1310666666666664,-0.0030500000000004412,1.7656354148328075,-0.0007175006599064712
2026-06-06 03:30:00,2.1278,-0.003266666666666307,1.765668622403415,3.320757060749903e-05
2026-06-06 03:35:00,2.1350333333333333,0.007233333333333203,1.7921996618314653,0.0012146497980598666
2026-06-06 03:40:00,2.1291166666666665,-0.005916666666666792,1.79233232207338,0.00013266024191460184
2026-06-06 03:45:00,2.1188813559322033,-0.010235310734463265,1.7924419420972868,0.0001096200239069827
2026-06-06 03:50:00,2.1211999999999995,0.0023186440677962494,1.7920168532159921,-0.0004250888812947494
2026-06-06 03:55:00,2.1510166666666675,0.029816666666667935,1.7915818134630501,-0.0004350397529420658
2026-06-06 04:00:00,2.1594500000000005,0.00843333333333307,1.7914725644521028,-0.00010924901094718723
2026-06-06 04:05:00,2.1602333333333337,0.000783333333333136,1.7905317238720468,-0.0009408405800559285
2026-06-06 04:10:00,2.157133333333334,-0.0030999999999998806,1.7900096965425998,-0.0005220273294471816
2026-06-06 04:15:00,2.1610166666666677,0.003883333333333905,1.7905953979296276,0.0005857013870278647
2026-06-06 04:20:00,2.1605000000000003,-0.0005166666666673869,1.7905011125118115,-9.428541781616044e-05
2026-06-06 04:25:00,2.1656440677966113,0.005144067796611029,1.7898065160447383,-0.0006945964670731382
2026-06-06 04:30:00,2.1637,-0.0019440677966113817,1.7898708629673548,6.434692261645479e-05
2026-06-06 04:35:00,2.21145,0.04775000000000018,1.7896176811997369,-0.00025318176761802557
2026-06-06 04:40:00,2.251733333333334,0.04028333333333389,1.7893777022900672,-0.0002399789096694533
2026-06-06 04:45:00,2.263383333333334,0.011649999999999938,1.7893333525912296,-4.4349698837793005e-05
2026-06-06 04:50:00,2.284036363636364,0.020653030303030118,1.7869425832455856,-0.025795211699722067
2026-06-06 04:55:00,2.2887333333333335,0.004696969696969422,1.7789881206795355,-0.00795446256605005
2026-06-06 05:00:00,2.2657166666666675,-0.02301666666666602,1.7759536421170994,-0.003034478562436022
2026-06-06 05:05:00,2.263983333333333,-0.0017333333333344747,1.7730499459914757,-0.0029036961256238684
2026-06-06 05:10:00,2.224118644067797,-0.03986468926553588,1.7713413031946017,-0.0017086427968740167
2026-06-06 05:15:00,2.2143833333333327,-0.00973531073446443,1.7713196009995018,-2.170219509981213e-05
2026-06-06 05:20:00,2.2037833333333334,-0.010599999999999277,1.770898074676506,-0.00042152632299585497
2026-06-06 05:25:00,2.2364,0.03261666666666674,1.770017051740309,-0.0008810229361967377
2026-06-06 05:30:00,2.2172833333333335,-0.01911666666666667,1.7699866221381202,-3.042960218898183e-05
2026-06-06 05:35:00,2.226733333333333,0.009449999999999292,1.7696797731561202,-0.00030684898199997306
2026-06-06 05:40:00,2.2298166666666663,0.003083333333333549,1.769412052264956,-0.00026772089116437986
2026-06-06 05:45:00,2.2268166666666667,-0.0029999999999996696,1.7693461804118689,-6.587185308708367e-05
2026-06-06 05:50:00,2.2349830508474575,0.008166384180790853,1.7687887716586792,-0.0005574087531896413
2026-06-06 05:55:00,2.2663166666666665,0.031333615819209015,1.7682293772348705,-0.0005593944238086495
2026-06-06 06:00:00,2.2528833333333336,-0.013433333333332964,1.7679767063347491,-0.0002526709001213739
2026-06-06 06:05:00,2.2844666666666664,0.03158333333333285,1.7972716412189824,-0.003913974853976088
2026-06-06 06:10:00,2.259366666666666,-0.025100000000000566,1.79649008814852,-0.0007815530704624794
2026-06-06 06:15:00,2.2605,0.0011333333333340967,1.7970120139557193,0.0005219258071994874
2026-06-06 06:20:00,2.246,-0.014499999999999957,1.7969094683124156,-0.00010254564330367051
2026-06-06 06:25:00,2.251016666666666,0.005016666666666225,1.7962150633106346,-0.0006944050017810579
2026-06-06 06:30:00,2.249745762711864,-0.0012709039548020051,1.7963100594099224,9.499609928783403e-05
2026-06-06 06:35:00,2.2230500000000006,-0.02669576271186358,1.796090496851452,-0.000219562558470484
2026-06-06 06:40:00,2.224783333333333,0.0017333333333322543,1.795886506405845,-0.00020399044560699876
2026-06-06 06:45:00,2.211066666666666,-0.013716666666666821,1.795875537485113,-1.0968920731986016e-05
2026-06-06 06:50:00,2.24045,0.029383333333333983,1.79536357719763,-0.0005119602874831307
2026-06-06 06:55:00,2.274816666666667,0.0343666666666671,1.7948417430131764,-0.0005218341844535261
2026-06-06 07:00:00,2.24495,-0.029866666666667374,1.794616196091552,-0.00022554692162434552
2026-06-06 07:05:00,2.272372881355932,0.027422881355932294,1.7934964745922066,-0.0011197214993453138
2026-06-06 07:10:00,2.2195833333333335,-0.05278954802259861,1.7927909036190126,-0.0007055709731941122
2026-06-06 07:15:00,2.2292500000000004,0.009666666666666934,1.7931915821545177,0.0004006785355050381
2026-06-06 07:20:00,2.2136666666666662,-0.01558333333333417,1.847419937102024,0.006143619470096747
2026-06-06 07:25:00,2.202033333333333,-0.011633333333333162,1.8467945313585217,-0.0006254057435022434
2026-06-06 07:30:00,2.188383333333334,-0.013649999999999274,1.8468547633107695,6.023195224782026e-05
2026-06-06 07:35:00,2.2100833333333325,0.02169999999999872,1.8465604553741446,-0.00029430793662493023
2026-06-06 07:40:00,2.2117833333333334,0.001700000000000923,1.8462810403376013,-0.00027941503654327967
2026-06-06 07:45:00,2.215593220338982,0.003809887005648438,1.8462070723291155,-7.39680084858236e-05
2026-06-06 07:50:00,2.210283333333332,-0.005309887005649827,1.8456366452729784,-0.0005704270561368864
2026-06-06 07:55:00,2.1984500000000002,-0.011833333333331808,1.8450669437742624,-0.0005697014987161459
2026-06-06 08:00:00,2.206866666666667,0.008416666666666739,1.8448099892576593,-0.0002569545166030148
2026-06-06 08:05:00,2.18665,-0.02021666666666677,1.8436668864033423,-0.0011431028543170461
2026-06-06 08:10:00,2.1886999999999994,0.002049999999999219,1.8429453816950658,-0.0007215047082763978
2026-06-06 08:15:00,2.1943166666666656,0.005616666666666159,1.8433283961994646,0.00038301450439876493
2026-06-06 08:20:00,2.1854166666666663,-0.008899999999999242,1.843083734586396,-0.0002446616130687267
2026-06-06 08:25:00,2.190101694915254,0.0046850282485877415,1.8422734582484304,-0.0008102763379655186
2026-06-06 08:30:00,2.1955833333333334,0.00548163841807936,1.8423071167151728,3.365846674227708e-05
2026-06-06 08:35:00,2.1910999999999996,-0.004483333333333839,1.8915782485619514,-0.0008712124440009362
2026-06-06 08:40:00,2.1772666666666667,-0.01383333333333292,1.8913849980854511,-0.00019325047650025043
2026-06-06 08:45:00,2.1753833333333343,-0.0018833333333323488,1.8914490406284135,6.404254296240165e-05
2026-06-06 08:50:00,2.1763666666666674,0.000983333333333114,1.890991290928331,-0.0004577497000825425
2026-06-06 08:55:00,2.1842333333333337,0.007866666666666244,1.8905219663679698,-0.000469324560361287
2026-06-06 09:00:00,2.1741333333333333,-0.010100000000000442,1.8903565958600823,-0.0001653705078874516
2026-06-06 09:05:00,2.172898305084747,-0.001235028248586456,1.8892984229199945,-0.0010581729400877683
2026-06-06 09:10:00,2.17695,0.004051694915253368,1.8886478115219567,-0.0006506113980377266
2026-06-06 09:15:00,2.17615,-0.000800000000000356,1.8890707422105146,0.0004229306885578212
2026-06-06 09:20:00,2.1729166666666666,-0.0032333333333331993,1.8888491848019575,-0.00022155740855701566
2026-06-06 09:25:00,2.1774833333333334,0.00456666666666683,1.888056855294079,-0.0007923295078785402
2026-06-06 09:30:00,2.1769666666666665,-0.0005166666666669428,1.888103275346557,4.642005247801837e-05
2026-06-06 09:35:00,2.1769166666666675,-4.999999999899529e-05,1.8878405987160813,-0.0002626766304757045
2026-06-06 09:40:00,2.1759999999999993,-0.000916666666668231,1.8876035339259212,-0.0002370647901600933
2026-06-06 09:45:00,2.1758166666666674,-0.00018333333333186985,1.887581458670415,-2.2075255506350094e-05
2026-06-06 09:50:00,2.176305084745763,0.0004884180790956094,1.9094780677872072,0.0020611235544566917
2026-06-06 09:55:00,2.1660666666666675,-0.010238418079095535,1.9093471647452203,-0.00013090304198676292
2026-06-06 10:00:00,2.173500000000001,0.007433333333333625,1.9093651049821603,1.7940236939904326e-05
2026-06-06 10:05:00,2.174383333333334,0.000883333333332903,1.9084204315661941,-0.0009446734159660828
2026-06-06 10:10:00,2.1775500000000005,0.00316666666666654,1.9078456418625944,-0.0005747897035997013
2026-06-06 10:15:00,2.169583333333334,-0.007966666666666455,1.9083043782474272,0.0004587363848326724
2026-06-06 10:20:00,2.1709333333333336,0.0013499999999995183,1.9080948424692932,-0.0002095357781340683
2026-06-06 10:25:00,2.1723500000000007,0.0014166666666670658,1.9073071239669843,-0.0007877185023088176
2026-06-06 10:30:00,2.173762711864408,0.001412711864407168,1.907349864831319,4.274086433458509e-05
2026-06-06 10:35:00,2.171516666666667,-0.0022460451977406315,1.9070805256188101,-0.0002693392125087984
2026-06-06 10:40:00,2.1697500000000005,-0.0017666666666666941,1.9068356817281986,-0.0002448438906113568
2026-06-06 10:45:00,2.1718666666666673,0.0021166666666667666,1.9068151417336,-2.0539994598805748e-05
2026-06-06 10:50:00,2.17035,-0.0015166666666672768,1.9063183884311656,-0.0004967533024342028
2026-06-06 10:55:00,2.171716666666667,0.0013666666666671823,1.9058365991125918,-0.00048178931857383457
2026-06-06 11:00:00,2.1696166666666667,-0.002100000000000435,1.905665068649201,-0.00017153046339090692
2026-06-06 11:05:00,2.1713333333333336,0.0017166666666668107,1.9539227618892185,0.0015201767739557949
2026-06-06 11:10:00,2.1716271186440683,0.0002937853107347621,1.953632740635914,-0.0002900212533044615
2026-06-06 11:15:00,2.1720500000000005,0.0004228813559321587,1.9542061500283725,0.0005734093924585086
2026-06-06 11:20:00,2.170900000000001,-0.0011499999999995403,1.9540224272875353,-0.00018372274083729167
2026-06-06 11:25:00,2.170733333333334,-0.00016666666666687036,1.9532290708399975,-0.0007933564475376437
2026-06-06 11:30:00,2.170133333333334,-0.0005999999999999339,1.953253449550408,2.4378710410265146e-05
2026-06-06 11:35:00,2.1698166666666676,-0.00031666666666652077,1.9529614131371946,-0.00029203641321316927
2026-06-06 11:40:00,2.172116666666668,0.002300000000000413,1.9526938004233532,-0.00026761271384152807
2026-06-06 11:45:00,2.1746949152542374,0.0025782485875693872,1.9526619297596957,-3.1870663657464045e-05
2026-06-06 11:50:00,2.1746666666666674,-2.824858757000115e-05,1.952168542369514,-0.0004933873901816737
2026-06-06 11:55:00,2.174466666666667,-0.00020000000000042206,1.9516974115615264,-0.0004711308079876042
2026-06-06 12:00:00,2.1714333333333338,-0.0030333333333332213,1.9515490537088882,-0.00014835785263811468
2026-06-06 12:05:00,2.168666666666668,-0.002766666666665696,1.9505115200695944,-0.0010375336392938628
2026-06-06 12:10:00,2.1679000000000013,-0.0007666666666668043,1.9498612719642663,-0.0006502481053282198
2026-06-06 12:15:00,2.174550000000001,0.006649999999999601,1.9502263008753566,0.0003650289110904391
2026-06-06 12:20:00,2.175033333333334,0.00048333333333294703,1.9891599399448439,-0.001071009864776973
2026-06-06 12:25:00,2.174101694915255,-0.0009316384180788617,1.9882659770303126,-0.0008939629145312343
2026-06-06 12:30:00,2.1754500000000005,0.0013483050847455935,1.9882676685262286,1.691495915861061e-06
2026-06-06 12:35:00,2.1717666666666675,-0.0036833333333330387,1.987949604635521,-0.0003180638907077101
2026-06-06 12:40:00,2.172233333333334,0.00046666666666661527,1.9876555233859319,-0.00029408124958896806
2026-06-06 12:45:00,2.1716,-0.0006333333333339297,1.9876101788849991,-4.534450093275492e-05
2026-06-06 12:50:00,2.1719166666666663,0.0003166666666660767,1.98711716685856,-0.0004930120264389967
2026-06-06 12:55:00,2.173816666666667,0.001900000000000901,1.98665390697432,-0.00046325988424007075
2026-06-06 13:00:00,2.174183333333334,0.00036666666666684833,1.9865302144793953,-0.00012369249492482035
2026-06-06 13:05:00,2.172101694915255,-0.002081638418078846,1.9855231698614753,-0.0010070446179198974
2026-06-06 13:10:00,2.1755333333333344,0.0034316384180792525,1.9849050073604357,-0.0006181625010395226
2026-06-06 13:15:00,2.169383333333334,-0.006150000000000322,1.9853005258203762,0.0003955184599404452
2026-06-06 13:20:00,2.1702666666666675,0.0008833333333333471,1.984984107506526,-0.0003164183138503337
2026-06-06 13:25:00,2.172816666666667,0.002549999999999386,1.9840854762003164,-0.0008986313062094426
2026-06-06 13:30:00,2.178866666666667,0.006050000000000111,1.984036285449954,-4.919075036248457e-05
2026-06-06 13:35:00,2.1759166666666663,-0.0029500000000006743,1.9889571360838394,-0.002788784812164599
2026-06-06 13:40:00,2.1835166666666663,0.007600000000000051,1.988494411208518,-0.00046272487532119744
2026-06-06 13:45:00,2.1858833333333334,0.002366666666667072,1.9884409276776733,-5.348353084477092e-05
2026-06-06 13:50:00,2.132305084745763,-0.05357824858757043,1.9879655666345433,-0.0004753610431301469
2026-06-06 13:55:00,2.1248333333333336,-0.007471751412429395,1.9875244739933275,-0.00044109264121569244
2026-06-06 14:00:00,2.1199166666666667,-0.004916666666666902,1.9874281930227728,-9.62809705548044e-05
2026-06-06 14:05:00,2.119249999999999,-0.0006666666666674814,1.986453817837417,-0.0009743751853558817
2026-06-06 14:10:00,2.1167499999999992,-0.0024999999999999467,1.985874175087886,-0.0005796427495307145
2026-06-06 14:15:00,2.11295,-0.0037999999999991374,1.986315663907847,0.0004414888199608839
2026-06-06 14:20:00,2.113883333333333,0.0009333333333327865,1.9860147677764677,-0.00030089613137933356
2026-06-06 14:25:00,2.10965,-0.004233333333333089,1.9851157077583803,-0.0008990600180874837
2026-06-06 14:30:00,2.110033898305085,0.0003838983050852285,1.9850634846754298,-5.2223082950458654e-05
2026-06-06 14:35:00,2.1136166666666663,0.0035827683615812234,1.9846976352766328,-0.0003658493987969578
2026-06-06 14:40:00,2.1116833333333327,-0.0019333333333335645,1.9843649260239822,-0.00033270925265071897
2026-06-06 14:45:00,2.11385,0.002166666666667094,1.9843024986801665,-6.2427343815671e-05
2026-06-06 14:50:00,2.1093999999999995,-0.004450000000000287,2.0058280730444964,0.0010466535169991824
2026-06-06 14:55:00,2.1107499999999995,0.0013499999999999623,2.0056702292756796,-0.00015784376881675615
2026-06-06 15:00:00,2.1112166666666674,0.00046666666666794754,2.005720745411265,5.051613558542364e-05
2026-06-06 15:05:00,2.1115333333333335,0.0003166666666660767,2.0048244152028047,-0.0008963302084602231
2026-06-06 15:10:00,2.112033333333333,0.0004999999999997229,2.004304112640423,-0.0005203025623817435
2026-06-06 15:15:00,2.1130847457627118,0.001051412429378562,2.0048043728008373,0.0005002601604143124
2026-06-06 15:20:00,2.111483333333333,-0.0016014124293786125,2.004526202242825,-0.0002781705580122871
2026-06-06 15:25:00,2.1103333333333327,-0.0011500000000004285,2.003630485913805,-0.0008957163290202228
2026-06-06 15:30:00,2.109683333333334,-0.0006499999999989292,2.003575593994407,-5.4891919397747604e-05
2026-06-06 15:35:00,2.1117,0.0020166666666661115,2.003205029610451,-0.000370564383956228
2026-06-06 15:40:00,2.109683333333333,-0.0020166666666669997,2.002868689309619,-0.0003363403008315954
2026-06-06 15:45:00,2.1097000000000006,1.6666666667664032e-05,2.0028109008672574,-5.7788442361847534e-05
2026-06-06 15:50:00,2.109516666666666,-0.0001833333333345344,2.0023260764284614,-0.0004848244387960519
2026-06-06 15:55:00,2.1130847457627113,0.0035680790960452846,2.0018781338948854,-0.00044794253357597865
2026-06-06 16:00:00,2.110066666666667,-0.003018079096044346,2.0017618807041706,-0.00011625319071467566
2026-06-06 16:05:00,2.107366666666666,-0.002700000000000813,2.0126999350426145,0.0004708112863853394
2026-06-06 16:10:00,2.108649999999999,0.001283333333332859,2.012412414481791,-0.0002875205608235922
2026-06-06 16:15:00,2.1108,0.0021500000000007624,2.013047511203994,0.0006350967222031608
2026-06-06 16:20:00,2.113183333333333,0.002383333333333404,2.012821535498732,-0.00022597570526207138
2026-06-06 16:25:00,2.1136,0.0004166666666667318,2.0119420464004705,-0.000879489098261552
2026-06-06 16:30:00,2.1121499999999997,-0.0014500000000001734,2.0118861931949366,-5.5853205533971755e-05
2026-06-06 16:35:00,2.112610169491525,0.0004601694915251642,2.0115102252187884,-0.0003759679761483485
2026-06-06 16:40:00,2.111199999999999,-0.0014101694915260587,2.0111681708144666,-0.0003420544043216214
2026-06-06 16:45:00,2.110933333333333,-0.0002666666666657491,2.011109967514394,-5.820330007241167e-05
2026-06-06 16:50:00,2.1096166666666667,-0.0013166666666664106,2.010630784057035,-0.0004791834573590714
2026-06-06 16:55:00,2.1113999999999993,0.0017833333333325818,2.010189713910256,-0.00044107014677946033
2026-06-06 17:00:00,2.1113499999999994,-4.999999999988347e-05,2.01007907032847,-0.00011064358178593708
2026-06-06 17:05:00,2.1117666666666666,0.0004166666666671759,2.0091190426270433,-0.0009600277014264588
2026-06-06 17:10:00,2.109933333333333,-0.0018333333333333535,2.0085750636636344,-0.000543978963409045
2026-06-06 17:15:00,2.1115999999999997,0.0016666666666664831,2.0090751676384664,0.0005001039748321384
2026-06-06 17:20:00,2.1120677966101686,0.0004677966101689357,1.9933473896652194,0.00041114143512841275
2026-06-06 17:25:00,2.110333333333333,-0.0017344632768354629,1.9926185311293678,-0.0007288585358516553
2026-06-06 17:30:00,2.109716666666667,-0.0006166666666662657,1.9926230457667593,4.514637391549911e-06
2026-06-06 17:35:00,2.109199999999999,-0.000516666666667831,1.9922660462105228,-0.00035699955623651376
2026-06-06 17:40:00,2.1088333333333327,-0.00036666666666640424,1.9919277877584554,-0.0003382584520673946
2026-06-06 17:45:00,2.108416666666666,-0.0004166666666667318,1.9918708148031685,-5.697295528685466e-05
2026-06-06 17:50:00,2.108116666666666,-0.0002999999999997449,1.9913976069712587,-0.0004732078319098162
2026-06-06 17:55:00,2.1088999999999993,0.000783333333333136,1.9909637557925026,-0.0004338511787560081
2026-06-06 18:00:00,2.112542372881355,0.0036423728813557155,1.9908663387409224,-9.741705158014598e-05
2026-06-06 18:05:00,2.112083333333333,-0.00045903954802195557,1.989945049066562,-0.0009212896743606335
2026-06-06 18:10:00,2.1092166666666663,-0.002866666666666795,1.9894445394896245,-0.000500509576937342
2026-06-06 18:15:00,2.1072666666666664,-0.0019499999999998963,1.989996047427574,0.0005515079379494504
2026-06-06 18:20:00,2.1115166666666663,0.004249999999999865,1.9897302585798333,-0.0002657888477407387
2026-06-06 18:25:00,2.1086,-0.0029166666666662344,1.9888360627183734,-0.0008941958614598037
2026-06-06 18:30:00,2.110266666666667,0.0016666666666669272,1.9887581795989362,-7.788311943734856e-05
2026-06-06 18:35:00,2.111883333333333,0.0016166666666661555,2.0366289591830657,-4.4141972201430644e-05
2026-06-06 18:40:00,2.106796610169491,-0.005086723163842066,2.03641698836918,-0.0002119708138858826
2026-06-06 18:45:00,2.1098,0.0030033898305088513,2.036421943406223,4.955037043353735e-06
2026-06-06 18:50:00,2.1091666666666664,-0.0006333333333334856,2.0359824010713363,-0.0004395423348870014
2026-06-06 18:55:00,2.10965,0.0004833333333333911,2.035570580766027,-0.0004118203053092757
2026-06-06 19:00:00,2.107249999999999,-0.002400000000000624,2.0354908616768888,-7.971908913839855e-05
2026-06-06 19:05:00,2.1101666666666667,0.0029166666666675667,2.03460960976783,-0.0008812519090583144
2026-06-06 19:10:00,2.1094,-0.0007666666666668043,2.034149596262952,-0.0004600135048783906
2026-06-06 19:15:00,2.1104,0.0009999999999998899,2.0347490178512673,0.000599421588315502
2026-06-06 19:20:00,2.11155,0.0011499999999999844,2.034524515529468,-0.00022450232179964182
2026-06-06 19:25:00,2.1093389830508475,-0.002211016949152267,2.033667824826716,-0.0008566907027516971
2026-06-06 19:30:00,2.109416666666666,7.768361581828032e-05,2.0336040973471787,-6.372747953721012e-05
2026-06-06 19:35:00,2.1102499999999997,0.0008333333333339077,2.03321913409416,-0.0003849632530186489
2026-06-06 19:40:00,2.1087666666666665,-0.001483333333333281,2.032863590191453,-0.0003555439027071763
2026-06-06 19:45:00,2.106733333333333,-0.0020333333333333314,2.0327862980746514,-7.729211680151737e-05
2026-06-06 19:50:00,2.1097833333333336,0.0030500000000004412,2.0219941037550955,0.0003944461034651028
2026-06-06 19:55:00,2.1100166666666653,0.00023333333333175332,2.021863444469947,-0.0001306592851484498
2026-06-06 20:00:00,2.1089999999999995,-0.0010166666666657775,2.021909872939496,4.6428469549543626e-05
2026-06-06 20:05:00,2.1101525423728806,0.0011525423728810935,2.021107399417944,-0.0008024735215524224
2026-06-06 20:10:00,2.109333333333333,-0.0008192090395477969,2.0206985778294895,-0.0004088215884546962
2026-06-06 20:15:00,2.108566666666666,-0.0007666666666668043,2.0213446438146203,0.0006460659851309951
2026-06-06 20:20:00,2.1079499999999998,-0.0006166666666662657,2.021158232504516,-0.00018641131010430363
2026-06-06 20:25:00,2.1079999999999997,4.999999999988347e-05,2.0203337621434927,-0.0008244703610233824
2026-06-06 20:30:00,2.1100499999999998,0.0020500000000001073,2.0202806797268424,-5.308241665019544e-05
2026-06-06 20:35:00,2.109266666666666,-0.0007833333333335801,2.019902273309621,-0.00037840641722147956
2026-06-06 20:40:00,2.1101,0.0008333333333339077,2.019548733942444,-0.0003535393671767205
2026-06-06 20:45:00,2.109783333333333,-0.00031666666666696486,2.019466906002987,-8.182793945718587e-05
2026-06-06 20:50:00,2.1109491525423727,0.0011658192090395758,2.0189784125446213,-0.0004884934583656216
2026-06-06 20:55:00,2.107816666666666,-0.003132485875706692,2.0185332280383936,-0.000445184506227669
2026-06-06 21:00:00,2.1115166666666667,0.0037000000000007027,2.0184093209207448,-0.00012390711764893533
2026-06-06 21:05:00,2.1090666666666666,-0.0024500000000000632,2.0200254248623426,-0.0009820363913785476
2026-06-06 21:10:00,2.1084833333333335,-0.0005833333333331581,2.0196622629182883,-0.00036316194405394795
2026-06-06 21:15:00,2.11115,0.002666666666666373,2.020376130388136,0.0007138674698474668
2026-06-06 21:20:00,2.1094,-0.0017499999999999183,2.020233961281016,-0.0001421691071199135
2026-06-06 21:25:00,2.108033333333333,-0.0013666666666667382,2.0194388873463383,-0.0007950739346775899
2026-06-06 21:30:00,2.111745762711864,0.0037124293785306683,2.01939387940235,-4.500794398825258e-05
2026-06-06 21:35:00,2.1098,-0.0019457627118639742,2.0190186993831123,-0.0003751800192378998
2026-06-06 21:40:00,2.111516666666667,0.0017166666666672548,2.0186635178290677,-0.0003551815540447336
2026-06-06 21:45:00,2.1105499999999995,-0.0009666666666676704,2.018572099603123,-9.141822594486767e-05
2026-06-06 21:50:00,2.1097166666666656,-0.0008333333333339077,2.018075758427984,-0.0004963411751385456
2026-06-06 21:55:00,2.107349999999999,-0.002366666666666628,2.0176241649506914,-0.0004515934772928874
2026-06-06 22:00:00,2.109066666666667,0.001716666666668143,2.017488358298041,-0.00013580665265001864
2026-06-06 22:05:00,2.1112166666666665,0.00214999999999943,2.016585399908027,-0.0009029583900142425
2026-06-06 22:10:00,2.1108000000000002,-0.0004166666666662877,2.016097889002926,-0.00048751090510091915
2026-06-06 22:15:00,2.108711864406779,-0.0020881355932211854,2.0166835425520655,0.0005856535491392574
2026-06-06 22:20:00,2.1102333333333325,0.0015214689265534709,2.034798480716086,0.0003676335346005444
2026-06-06 22:25:00,2.108999999999999,-0.0012333333333334195,2.0341732899863936,-0.0006251907296924614
2026-06-06 22:30:00,2.1115,0.002500000000000835,2.0341941383308013,2.084834440781624e-05
2026-06-06 22:35:00,2.108916666666666,-0.002583333333333826,2.0338426899155295,-0.0003514484152716763
2026-06-06 22:40:00,2.108983333333333,6.666666666710341e-05,2.0334931491918806,-0.0003495407236491794
2026-06-06 22:45:00,2.110516666666667,0.0015333333333336086,2.033393755554999,-9.939363688160125e-05
2026-06-06 22:50:00,2.110066666666666,-0.0004500000000007276,2.0328871252039016,-0.0005066303510973052
2026-06-06 22:55:00,2.107466666666667,-0.0025999999999992696,2.032424629851787,-0.0004624953521145344
2026-06-06 23:00:00,2.107661016949152,0.0001943502824852672,2.0322775946430944,-0.00014703520869237466
2026-06-06 23:05:00,2.112133333333333,0.0044723163841808855,2.0313720787692406,-0.0009055158738539616
2026-06-06 23:10:00,2.1106499999999992,-0.001483333333333725,2.0308826032728597,-0.000489475496380836
2026-06-06 23:15:00,2.1123499999999997,0.001700000000000479,2.0314740253374013,0.0005914220645414271
2026-06-06 23:20:00,2.1113999999999993,-0.0009500000000004505,2.0312805489795163,-0.00019347635788503155
2026-06-06 23:25:00,2.1091833333333327,-0.0022166666666665336,2.0304638626347526,-0.0008166863447633911
2026-06-06 23:30:00,2.109266666666666,8.333333333343518e-05,2.0303921449802322,-7.171765452044311e-05
2026-06-06 23:35:00,2.1108166666666666,0.0015500000000003844,2.0249515091215007,0.0001237011933888198
2026-06-06 23:40:00,2.1076271186440674,-0.003189548022599187,2.024773945878497,-0.00017756324300350753
2026-06-06 23:45:00,2.1104,0.002772881355932455,2.024741104758513,-3.284111998406925e-05
2026-06-06 23:50:00,2.110583333333333,0.00018333333333320212,2.024256588667205,-0.0004845160913078021
2026-06-06 23:55:00,2.111566666666666,0.000983333333333114,2.023799125467973,-0.00045746319923240105
2026-06-07 00:00:00,2.1100499999999993,-0.0015166666666668327,2.0236585129285842,-0.00014061253938834928
2026-06-07 00:05:00,2.1108833333333323,0.0008333333333330195,2.0227585343317234,-0.0008999785968608968
2026-06-07 00:10:00,2.110416666666666,-0.0004666666666661712,2.0222741809518143,-0.00048435337990912985
2026-06-07 00:15:00,2.1090833333333334,-0.0013333333333327424,2.0228789940879457,0.0006048131361314231
2026-06-07 00:20:00,2.1101499999999995,0.001066666666666105,2.02271789748129,-0.00016109660665577938
2026-06-07 00:25:00,2.1096440677966095,-0.0005059322033900138,2.021936702574218,-0.0007811949070719836
2026-06-07 00:30:00,2.1100399999999992,0.0003959322033897372,2.0218880926511473,-4.860992307066145e-05
2026-06-07 00:35:00,2.113949152542373,0.003909152542373562,2.021514273727259,-0.0003738189238886183
2026-06-07 00:40:00,2.110483333333333,-0.0034658192090399886,2.0211544333966445,-0.0003598403306141274
2026-06-07 00:45:00,2.1105166666666664,3.333333333355171e-05,2.021025426446903,-0.00012900694974178327
2026-06-07 00:50:00,2.109033333333333,-0.001483333333333281,2.0331824576464452,-0.00022723584659366244
2026-06-07 00:55:00,2.1095999999999995,0.0005666666666663822,2.0328522335714423,-0.00033022407500289837
2026-06-07 01:00:00,2.110844444444444,0.0012444444444446034,2.0327979540835037,-5.427948793868765e-05
2026-06-07 01:05:00,2.1117333333333335,0.0008888888888893831,2.0319425582330357,-0.00085539585046782
2026-06-07 01:10:00,2.1076530612244895,-0.004080272108843985,2.031490070335768,-0.0004524878972677937
2026-06-07 01:15:00,2.111647058823529,0.003993997599039734,2.0321280182148795,0.0006379478791117489
2026-06-07 01:20:00,2.111391304347826,-0.0002557544757033625,2.032015675264791,-0.00011234295008856102
2026-06-07 01:25:00,2.110666666666667,-0.000724637681158935,2.0312838875813983,-0.0007317876833927098
2026-06-07 01:30:00,2.111916666666667,0.0012500000000001954,2.0312765051352013,-7.382446197017388e-06
2026-06-07 01:35:00,2.1127333333333325,0.0008166666666653555,2.030943318014682,-0.0003331871205195663
2026-06-07 01:40:00,2.11115,-0.0015833333333326038,2.030620897718563,-0.0003224202961186935
2026-06-07 01:45:00,2.1141666666666667,0.0030166666666668895,2.0305178575109917,-0.00010304020757158196
2026-06-07 01:50:00,2.112466666666667,-0.0016999999999995907,2.0299791063831023,-0.000538751127889307
2026-06-07 01:55:00,2.116966666666666,0.004499999999998838,2.029469231057645,-0.0005098753254572333
2026-06-07 02:00:00,2.1157118644067787,-0.0012548022598872777,2.02930374118089,-0.0001654898767548756
2026-06-07 02:05:00,2.1160333333333328,0.00032146892655404713,2.0213021020979336,-0.0011863061153965806
2026-06-07 02:10:00,2.1150500000000005,-0.0009833333333322258,2.02081157784578,-0.0004905242521541385
2026-06-07 02:15:00,2.112149999999999,-0.002900000000001679,2.021479353427254,0.0006677755814744543
2026-06-07 02:20:00,2.1139666666666668,0.0018166666666679099,2.021412044042824,-6.730938443003577e-05
2026-06-07 02:25:00,2.114016666666666,4.999999999943938e-05,2.020722702851816,-0.000689341191008222
2026-06-07 02:30:00,2.1127999999999996,-0.0012166666666666437,2.0207571810276783,3.447817586273196e-05
2026-06-07 02:35:00,2.1128666666666662,6.666666666665932e-05,2.0204666930831485,-0.0002904879445298223
2026-06-07 02:40:00,2.11235593220339,-0.0005107344632762079,2.0201861947181277,-0.0002804983650208946
2026-06-07 02:45:00,2.1108499999999997,-0.0015059322033903477,2.020116081282345,-7.011343578268468e-05
2026-06-07 02:50:00,2.1104833333333324,-0.0003666666666672924,2.019598504607919,-0.0005175766744263229
2026-06-07 02:55:00,2.1084333333333336,-0.002049999999998775,2.0191032521354897,-0.0004952524724290605
2026-06-07 03:00:00,2.1137333333333332,0.005299999999999638,2.018951774430614,-0.0001514777048761541
2026-06-07 03:05:00,2.110383333333333,-0.003350000000000186,2.0179902223519686,-0.0009615520786450745
2026-06-07 03:10:00,2.1067833333333326,-0.0036000000000004917,2.0174477100570476,-0.0005425122949208146
2026-06-07 03:15:00,2.1070166666666665,0.00023333333333397377,2.018012132557485,0.0005644225004374347
2026-06-07 03:20:00,2.10857627118644,0.0015596045197736608,2.0221920510695073,0.00037816919261554323
2026-06-07 03:25:00,2.1094999999999993,0.000923728813559066,2.021697207964346,-0.0004948431051613165
2026-06-07 03:30:00,2.1124333333333336,0.0029333333333343425,2.021826869188153,0.00012966122380672748
2026-06-07 03:35:00,2.108566666666666,-0.003866666666667573,2.021587953122036,-0.00023891606611658043
2026-06-07 03:40:00,2.1130833333333325,0.004516666666666502,2.021345097785467,-0.00024285533656934349
2026-06-07 03:45:00,2.110966666666666,-0.0021166666666663225,2.0213025298317335,-4.256795373322327e-05
2026-06-07 03:50:00,2.1105333333333327,-0.00043333333333350765,2.020799003875178,-0.0005035259565552922
2026-06-07 03:55:00,2.111166666666667,0.0006333333333343738,2.0203110516612823,-0.00048795221389591047
2026-06-07 04:00:00,2.1121016949152542,0.0009350282485871553,2.020158622817892,-0.00015242884339050728
2026-06-07 04:05:00,2.1128666666666667,0.0007649717514124355,2.0191762889519236,-0.0009823338659681634
2026-06-07 04:10:00,2.1097166666666665,-0.003150000000000208,2.018615557771528,-0.0005607311803958208
2026-06-07 04:15:00,2.110499999999999,0.000783333333332692,2.0191665405133534,0.0005509827418255593
2026-06-07 04:20:00,2.1096500000000002,-0.0008499999999989072,2.0190433244928867,-0.00012321602046682108
2026-06-07 04:25:00,2.1073666666666666,-0.002283333333333637,2.0183250433241344,-0.0007182811687521071
2026-06-07 04:30:00,2.110066666666666,0.0026999999999994806,2.0183737393374206,4.869601328616631e-05
2026-06-07 04:35:00,2.1082000000000005,-0.001866666666665573,2.0471865007277668,-0.00020134044052867896
2026-06-07 04:40:00,2.103711864406779,-0.004488135593221365,2.0470462385354677,-0.00014026219229924404
2026-06-07 04:45:00,2.097716666666666,-0.005995197740113145,2.0470799352742013,3.3696738733774453e-05
2026-06-07 04:50:00,2.088533333333333,-0.009183333333333099,2.04661918779941,-0.0004607474747911816
2026-06-07 04:55:00,2.0919833333333324,0.003449999999999509,2.046159013596942,-0.00046017420246802687
2026-06-07 05:00:00,2.1035166666666663,0.01153333333333384,2.0460173880328925,-0.00014162556404981758
2026-06-07 05:05:00,2.104833333333333,0.0013166666666668547,2.0450241425204987,-0.0009932455123934536
2026-06-07 05:10:00,2.1064499999999997,0.0016166666666665996,2.044451639612949,-0.0005725029075501398
2026-06-07 05:15:00,2.1017166666666665,-0.004733333333333256,2.0449897100701055,0.0005380704571569886
2026-06-07 05:20:00,2.1037288135593215,0.0020121468926550534,2.0448675650827908,-0.00012214498731500907
2026-06-07 05:25:00,2.101333333333333,-0.0023954802259886776,2.044152605777596,-0.000714959305194574
2026-06-07 05:30:00,2.1039333333333334,0.002600000000000602,2.0442178860529565,6.528027536049252e-05
2026-06-07 05:35:00,2.101866666666667,-0.002066666666666439,2.0439696437680595,-0.0002482422848972789
2026-06-07 05:40:00,2.1022166666666657,0.0003499999999987402,2.0437378191706137,-0.00023182459744557714
2026-06-07 05:45:00,2.1035833333333334,0.0013666666666676264,2.0436994124435843,-3.8406727029542795e-05
2026-06-07 05:50:00,2.098933333333333,-0.004650000000000265,2.150340104973768,-0.0004050990460474765
2026-06-07 05:55:00,2.09935,0.0004166666666667318,2.149976910024455,-0.0003631949493127966
2026-06-07 06:00:00,2.1009999999999995,0.0016499999999997073,2.149908548395184,-6.836162927134077e-05
2026-06-07 06:05:00,2.094949999999999,-0.006050000000000555,2.148946365877943,-0.000962182517240618
2026-06-07 06:10:00,2.0961166666666657,0.0011666666666667602,2.1483924711565954,-0.0005538947213479509
2026-06-07 06:15:00,2.0939,-0.0022166666666656454,2.1489381139489683,0.0005456427923732636
2026-06-07 06:20:00,2.10115,0.007249999999999979,2.1488255972700308,-0.00011251667893776552
2026-06-07 06:25:00,2.0999499999999998,-0.001200000000000312,2.148117269894908,-0.0007083273751230843
2026-06-07 06:30:00,2.0951000000000004,-0.004849999999999355,2.1482013157822797,8.404588737206027e-05
2026-06-07 06:35:00,2.096083333333332,0.0009833333333317817,2.1479714244895227,-0.00022989129275707997
2026-06-07 06:40:00,2.0937457627118636,-0.0023375706214685543,2.1477580351992325,-0.00021338929029019493
2026-06-07 06:45:00,2.0939833333333326,0.00023757062146900765,2.1477376438302214,-2.039136901126044e-05
2026-06-07 06:50:00,2.0916166666666665,-0.002366666666666184,2.147214476744325,-0.0005231670858962399
2026-06-07 06:55:00,2.0952499999999996,0.0036333333333331552,2.1466808805690634,-0.0005335961752615854
2026-06-07 07:00:00,2.0882333333333336,-0.007016666666666005,2.146443893149471,-0.00023698741959241393
2026-06-07 07:05:00,2.0925499999999997,0.00431666666666608,2.1723040311998068,-0.00021208934152348215
2026-06-07 07:10:00,2.0895499999999996,-0.0030000000000001137,2.1720760875328797,-0.00022794366692684698
2026-06-07 07:15:00,2.098483333333333,0.008933333333333238,2.172755689216626,0.0006796016837462321
2026-06-07 07:20:00,2.1029152542372875,0.0044319209039547225,2.1726989673918613,-5.672182476482053e-05
2026-06-07 07:25:00,2.1063,0.0033847457627125266,2.1720143291605614,-0.0006846382312998277
2026-06-07 07:30:00,2.1081666666666656,0.001866666666665573,2.1721225478712793,0.00010821871071779351
2026-06-07 07:35:00,2.1056333333333326,-0.0025333333333330543,2.1719112566268794,-0.00021129124439983255
2026-06-07 07:40:00,2.0981666666666667,-0.007466666666665844,2.1717149316396287,-0.00019632498725081926
2026-06-07 07:45:00,2.100266666666666,0.0020999999999991026,2.1717144494650666,-4.821745619260643e-07
2026-06-07 07:50:00,2.100483333333333,0.00021666666666719792,2.1712103005242134,-0.0005041489408533924
2026-06-07 07:55:00,2.10505,0.00456666666666683,2.170696912269179,-0.0005133882550341838
2026-06-07 08:00:00,2.1064745762711863,0.0014245762711864174,2.170484261894839,-0.0002126503743404561
2026-06-07 08:05:00,2.10255,-0.003924576271186364,2.1693708272973384,-0.0011134345975002166
2026-06-07 08:10:00,2.102233333333332,-0.00031666666666785304,2.168667143353109,-0.0007036839442292219
2026-06-07 08:15:00,2.101833333333332,-0.00039999999999995595,2.169056218682142,0.0003890753290326885
2026-06-07 08:20:00,2.0976999999999992,-0.004133333333332878,2.118331756653109,0.0005363359348045695
2026-06-07 08:25:00,2.1052166666666663,0.00751666666666706,2.117787825689599,-0.0005439309635099747
2026-06-07 08:30:00,2.1050166666666663,-0.00019999999999997797,2.1179502729922115,0.00016244730261242746
2026-06-07 08:35:00,2.107316666666667,0.002300000000000857,2.117750148597089,-0.00020012439512225768
2026-06-07 08:40:00,2.102566666666666,-0.004750000000001364,2.1175538341274716,-0.00019631446961762344
2026-06-07 08:45:00,2.104389830508474,0.0018231638418080287,2.1175589098972667,5.07576979514514e-06
2026-06-07 08:50:00,2.1027999999999993,-0.001589830508474499,2.117067107462953,-0.0004918024343137992
2026-06-07 08:55:00,2.1054333333333326,0.0026333333333332654,2.1165746885377144,-0.0004924189252382171
2026-06-07 09:00:00,2.0952499999999987,-0.010183333333333877,2.116389492890469,-0.00018519564724536094
2026-06-07 09:05:00,2.093866666666666,-0.0013833333333326259,2.1153096150745356,-0.001079877815933423
2026-06-07 09:10:00,2.092816666666666,-0.0010500000000002174,2.114636589001458,-0.0006730260730777859
2026-06-07 09:15:00,2.0920166666666664,-0.0007999999999994678,2.1150369565802185,0.00040036757876033187
2026-06-07 09:20:00,2.0977499999999996,0.005733333333333146,2.114796690297992,-0.0002402662822259198
2026-06-07 09:25:00,2.093542372881355,-0.004207627118644641,2.113989754349665,-0.0008069359483274552
2026-06-07 09:30:00,2.089716666666666,-0.0038257062146889176,2.11402825821156,3.850386189479306e-05
2026-06-07 09:35:00,2.0906333333333325,0.0009166666666664547,2.102749545803242,0.0007038224479940146
2026-06-07 09:40:00,2.090783333333333,0.0001500000000005386,2.102865067160181,0.00011552135693880061
2026-06-07 09:45:00,2.089349999999999,-0.0014333333333338416,2.1030049996208042,0.0001399324606231689
2026-06-07 09:50:00,2.088916666666666,-0.00043333333333306356,2.10259533103727,-0.00040966858353413797
2026-06-07 09:55:00,2.087166666666666,-0.0017499999999999183,2.102170753435643,-0.00042457760162696026
2026-06-07 10:00:00,2.0897333333333323,0.002566666666666162,2.1020411597843083,-0.00012959365133456555
2026-06-07 10:05:00,2.084983050847457,-0.004750282485875168,2.1010165805504304,-0.0010245792338780225
2026-06-07 10:10:00,2.0919333333333343,0.006950282485877146,2.1003880683818936,-0.0006285121685366487
2026-06-07 10:15:00,2.0993166666666654,0.007383333333331077,2.1008058565660694,0.0004177881841755062
2026-06-07 10:20:00,2.0971999999999995,-0.0021166666666658784,2.10056751045067,-0.00023834611539911305
2026-06-07 10:25:00,2.0998333333333328,0.0026333333333332654,2.0997593523569487,-0.000808158093721624
2026-06-07 10:30:00,2.098616666666666,-0.0012166666666666437,2.09978995114165,3.059878470130769e-05
2026-06-07 10:35:00,2.1001666666666656,0.0015499999999994962,2.099510775760821,-0.0002791753808290405
2026-06-07 10:40:00,2.0906499999999997,-0.009516666666665952,2.0992580371686738,-0.00025273859214682893
2026-06-07 10:45:00,2.093423728813559,0.0027737288135591953,2.0992304583471495,-2.7578821524647422e-05
2026-06-07 10:50:00,2.0919,-0.001523728813559,2.095534291340827,0.00028021381838388634
2026-06-07 10:55:00,2.097833333333333,0.005933333333333124,2.0953213942259987,-0.00021289711482787147
2026-06-07 11:00:00,2.095516666666666,-0.0023166666666671887,2.095304222572556,-1.717165344304574e-05
2026-06-07 11:05:00,2.0927333333333324,-0.00278333333333336,2.094346324426377,-0.0009578981461786057
2026-06-07 11:10:00,2.084683333333333,-0.008049999999999446,2.093760590763175,-0.0005857336632022224
2026-06-07 11:15:00,2.0900833333333333,0.0054000000000002935,2.094194754086462,0.00043416332328694094
2026-06-07 11:20:00,2.0914333333333324,0.0013499999999990742,2.093950004654894,-0.00024474943156807115
2026-06-07 11:25:00,2.0917796610169495,0.000346327683617087,2.0931285708430383,-0.0008214338118556209
2026-06-07 11:30:00,2.096533333333333,0.0047536723163834615,2.093139010702047,1.043985900896713e-05
2026-06-07 11:35:00,2.0960666666666663,-0.00046666666666661527,2.0928381100927966,-0.00030090060925058856
2026-06-07 11:40:00,2.0960499999999995,-1.6666666666775853e-05,2.0925639609080515,-0.0002741491847449846
2026-06-07 11:45:00,2.0980833333333333,0.0020333333333337755,2.092525902920706,-3.805798734578336e-05
2026-06-07 11:50:00,2.097866666666666,-0.00021666666666719792,2.092025181368463,-0.0005007215522428429
2026-06-07 11:55:00,2.0989666666666666,0.001100000000000545,2.0915465780518185,-0.0004786033166446661
2026-06-07 12:00:00,2.099233333333333,0.0002666666666661932,2.0913912581559835,-0.00015531989583499783
2026-06-07 12:05:00,2.0981525423728815,-0.0010807909604513277,2.092005126132422,-0.0009564031810008217
2026-06-07 12:10:00,2.0932833333333325,-0.004869209039549016,2.0914980347858334,-0.0005070913465890233
2026-06-07 12:15:00,2.0978166666666658,0.004533333333333278,2.0919931964932528,0.0004951617074192916
2026-06-07 12:20:00,2.097883333333333,6.666666666710341e-05,2.091757581984124,-0.00023561450912882966
2026-06-07 12:25:00,2.098033333333333,0.0001500000000000945,2.0909236458640046,-0.0008339361201193092
2026-06-07 12:30:00,2.098499999999999,0.0004666666666661712,2.0909145666388342,-9.079225170228362e-06
2026-06-07 12:35:00,2.0974833333333334,-0.0010166666666657775,2.0905912095197943,-0.00032335711903999826
2026-06-07 12:40:00,2.097083333333333,-0.00040000000000040004,2.0902954019905486,-0.00029580752924572844
2026-06-07 12:45:00,2.0989152542372875,0.0018319209039545647,2.090247447586221,-4.7954404327528186e-05
2026-06-07 12:50:00,2.0983,-0.000615254237287477,2.089749860952215,-0.0004975866340059341
2026-06-07 12:55:00,2.0971833333333327,-0.0011166666666673208,2.089280977455015,-0.0004688834971997057
2026-06-07 13:00:00,2.0957166666666662,-0.0014666666666665051,2.0891514274159864,-0.00012955003902903473
2026-06-07 13:05:00,2.0965666666666656,0.0008499999999993513,2.088134688859533,-0.0010167385564532362
2026-06-07 13:10:00,2.096833333333332,0.0002666666666666373,2.0875052536293492,-0.0006294352301839366
2026-06-07 13:15:00,2.096316666666666,-0.0005166666666660547,2.087887124356094,0.0003818707267450993
2026-06-07 13:20:00,2.0958333333333328,-0.0004833333333333911,2.092362964605519,0.00027266342664845336
2026-06-07 13:25:00,2.0954915254237285,-0.00034180790960425256,2.0916625841136156,-0.0007003804919032431
2026-06-07 13:30:00,2.0939666666666663,-0.0015248587570622085,2.091701080066164,3.849595254811391e-05
2026-06-07 13:35:00,2.0908999999999995,-0.003066666666666773,2.0913826388332373,-0.0003184412329265688
2026-06-07 13:40:00,2.0848499999999994,-0.006050000000000111,2.091079607008422,-0.0003030318248155716
2026-06-07 13:45:00,2.0953166666666667,0.01046666666666729,2.091033073556888,-4.65334515336022e-05
2026-06-07 13:50:00,2.0898499999999998,-0.005466666666666953,2.0905483381907763,-0.0004847353661118338
2026-06-07 13:55:00,2.084466666666666,-0.005383333333333962,2.090097111364118,-0.00045122682665805147
2026-06-07 14:00:00,2.085166666666666,0.000700000000000145,2.0899918522189562,-0.00010525914516203191
2026-06-07 14:05:00,2.0857627118644064,0.0005960451977404801,2.0890062612273583,-0.000985590991598047
2026-06-07 14:10:00,2.0827,-0.003062711864406431,2.0884143132427013,-0.0005919479846566032
2026-06-07 14:15:00,2.0810833333333325,-0.0016166666666674878,2.088841457076418,0.00042714383371631295
2026-06-07 14:20:00,2.0786999999999995,-0.00238333333333296,2.088528022184514,-0.00031343489190400185
2026-06-07 14:25:00,2.0819333333333327,0.0032333333333331993,2.087619323168104,-0.0009086990164096938
2026-06-07 14:30:00,2.082383333333333,0.0004500000000002835,2.0875633276001997,-5.599556790460027e-05
2026-06-07 14:35:00,2.081766666666666,-0.0006166666666671539,2.036032560082129,-0.00012800908081803353
2026-06-07 14:40:00,2.0806833333333326,-0.001083333333333325,2.0358504389202414,-0.0001821211618875213
2026-06-07 14:45:00,2.0829666666666666,0.002283333333334081,2.0358724967493225,2.2057829080820462e-05
2026-06-07 14:50:00,2.0842203389830507,0.001253672316384069,2.035429908830792,-0.00044258791853030665
2026-06-07 14:55:00,2.0821833333333326,-0.0020370056497180933,2.0350099212697677,-0.0004199875610244356
2026-06-07 15:00:00,2.0825499999999995,0.00036666666666684833,2.0349251500673993,-8.477120236822791e-05
2026-06-07 15:05:00,2.082466666666666,-8.333333333343518e-05,2.033967003887624,-0.0009581461797752511
2026-06-07 15:10:00,2.0830833333333327,0.0006166666666667098,2.0334117025963603,-0.0005553012912638375
2026-06-07 15:15:00,2.08195,-0.0011333333333327644,2.0338872155106547,0.0004755129142940708
2026-06-07 15:20:00,2.0819999999999994,4.999999999943938e-05,2.033593441554425,-0.00029377395622949434
2026-06-07 15:25:00,2.0827666666666658,0.0007666666666663602,2.0326881059144246,-0.00090533564000048
2026-06-07 15:30:00,2.084559322033898,0.0017926553672320544,2.0326297522825674,-5.8353631856991074e-05
2026-06-07 15:35:00,2.0833499999999994,-0.0012093220338984523,2.0322565335760134,-0.0003732187065540567
2026-06-07 15:40:00,2.082983333333333,-0.00036666666666640424,2.0319179784115593,-0.00033855516445395375
2026-06-07 15:45:00,2.0799999999999987,-0.002983333333334226,2.0318578822167392,-6.0096194820467676e-05
2026-06-07 15:50:00,2.0773166666666656,-0.002683333333333149,2.034602136042082,0.0003466474749242214
2026-06-07 15:55:00,2.0800500000000004,0.0027333333333348087,2.0344608289743475,-0.0001413070677345621
2026-06-07 16:00:00,2.0773333333333324,-0.002716666666668033,2.034496708865986,3.58798916386944e-05
2026-06-07 16:05:00,2.077866666666666,0.0005333333333337187,2.0336066526862995,-0.0008900561796867021
2026-06-07 16:10:00,2.07828813559322,0.00042146892655381407,2.0331048068296655,-0.0005018458566337497
2026-06-07 16:15:00,2.0782999999999996,1.1864406779693581e-05,2.0336338545868666,0.0005290477572011537
2026-06-07 16:20:00,2.0688666666666666,-0.00943333333333296,2.0333627231626847,-0.0002711314241821207
2026-06-07 16:25:00,2.0708333333333333,0.001966666666666672,2.032464050618416,-0.0008986725442686489
2026-06-07 16:30:00,2.0709999999999997,0.00016666666666642627,2.032400240983791,-6.380963462505299e-05
2026-06-07 16:35:00,2.0678333333333323,-0.003166666666667428,2.0320198304966572,-0.00038041048713365684
2026-06-07 16:40:00,2.0702666666666665,0.0024333333333341756,2.031674421925096,-0.0003454085715613891
2026-06-07 16:45:00,2.0661333333333327,-0.004133333333333766,2.0316126604038183,-6.176152127770092e-05
2026-06-07 16:50:00,2.067576271186441,0.0014429378531084502,2.031128605598215,-0.0004840548056031104
2026-06-07 16:55:00,2.05825,-0.009326271186441026,2.0306820079405825,-0.0004465976576327168
2026-06-07 17:00:00,2.065016666666666,0.006766666666665699,2.0305654945695846,-0.00011651337099763452
2026-06-07 17:05:00,2.066866666666667,0.0018500000000010175,2.0344218302444546,-0.0009927379159752928
2026-06-07 17:10:00,2.0709666666666657,0.004099999999998882,2.0340228246184084,-0.00039900562604572396
2026-06-07 17:15:00,2.0753499999999994,0.004383333333333628,2.0346566704537046,0.0006338458352959406
2026-06-07 17:20:00,2.0684,-0.006949999999999346,2.034435380315139,-0.000221290138565345
2026-06-07 17:25:00,2.0700499999999997,0.0016499999999997073,2.033560936683212,-0.0008744436319272312
2026-06-07 17:30:00,2.072237288135593,0.002187288135593324,2.0334991123884865,-6.182429472546822e-05
2026-06-07 17:35:00,2.0697666666666668,-0.002470621468926293,2.0331169418406723,-0.000382170547814307
2026-06-07 17:40:00,2.0726833333333334,0.0029166666666666785,2.032768412700049,-0.0003485291406231971
2026-06-07 17:45:00,2.0760833333333335,0.0034000000000000696,2.0327052512529593,-6.316144708966851e-05
2026-06-07 17:50:00,2.0751166666666667,-0.0009666666666667822,2.032226143701256,-0.00047910755170326857
2026-06-07 17:55:00,2.0728666666666657,-0.0022500000000009734,2.0317860970309964,-0.00044004667025959493
2026-06-07 18:00:00,2.0766999999999993,0.0038333333333335773,2.0316819786984928,-0.00010411833250390109
2026-06-07 18:05:00,2.074783333333333,-0.0019166666666663446,2.0307493708107573,-0.0009326078877353763
2026-06-07 18:10:00,2.0777796610169488,0.002996327683615796,2.0302358230763784,-0.000513547734378891
2026-06-07 18:15:00,2.077249999999999,-0.000529661016949845,2.030771885214157,0.0005360621377787514
2026-06-07 18:20:00,2.0794166666666665,0.0021666666666675383,2.0305372283591474,-9.542701419681276e-05
2026-06-07 18:25:00,2.0784333333333334,-0.000983333333333114,2.0297645624049787,-0.0007726659541689302
2026-06-07 18:30:00,2.081749999999999,0.0033166666666657463,2.0297547576484933,-9.804756485183777e-06
2026-06-07 18:35:00,2.0780166666666657,-0.0037333333333333663,2.029396446266927,-0.0003583113815659846
2026-06-07 18:40:00,2.0755999999999992,-0.0024166666666665115,2.029058829927822,-0.00033761633910528574
2026-06-07 18:45:00,2.075799999999999,0.00019999999999997797,2.029001382923974,-5.7447003848243604e-05
2026-06-07 18:50:00,2.080389830508474,0.004589830508474613,2.0285327678703053,-0.0004686150536684366
2026-06-07 18:55:00,2.0769833333333327,-0.0034064971751410766,2.0281051377175348,-0.00042763015277067016
2026-06-07 19:00:00,2.0785999999999993,0.0016166666666665996,2.0280146012554203,-9.053646211445516e-05
2026-06-07 19:05:00,2.078333333333332,-0.0002666666666675255,2.02712087747602,-0.0008937237794005001
2026-06-07 19:10:00,2.0804833333333326,0.0021500000000007624,2.0266477086115358,-0.0004731688644841434
2026-06-07 19:15:00,2.0783666666666663,-0.0021166666666663225,2.0272322422270728,0.0005845336155373272
2026-06-07 19:20:00,2.0732000000000004,-0.005166666666665876,2.0269942026029186,-0.00023803962415432455
2026-06-07 19:25:00,2.079216666666666,0.006016666666665671,2.026126106139315,-0.000868096463603501
2026-06-07 19:30:00,2.079016949152542,-0.00019971751412395378,2.0260566654972703,-6.94406420447685e-05
2026-06-07 19:35:00,2.075716666666666,-0.003300282485875883,2.0321083411690335,-0.00040519596496265905
2026-06-07 19:40:00,2.077866666666666,0.0021499999999998742,2.0318372552110806,-0.00027108595795274763
2026-06-07 19:45:00,2.0757833333333333,-0.002083333333332771,2.031823085184918,-1.4170026162944391e-05
2026-06-07 19:50:00,2.0707499999999994,-0.005033333333333889,2.031380310353673,-0.0004427748312447237
2026-06-07 19:55:00,2.067416666666667,-0.003333333333332522,2.0309709726761676,-0.0004093376775053917
2026-06-07 20:00:00,2.0710666666666664,0.003649999999999487,2.0308888922455055,-8.208043066234894e-05
2026-06-07 20:05:00,2.068366666666667,-0.0026999999999994806,2.0300234049827983,-0.0008654872627068976
2026-06-07 20:10:00,2.056508474576271,-0.011858192090395736,2.0295774327147384,-0.00044597226806009234
2026-06-07 20:15:00,2.060183333333333,0.0036748587570616387,2.03019674116368,0.0006193084489414014
2026-06-07 20:20:00,2.061899999999999,0.0017166666666663666,2.0299918663352914,-0.00020487482838839726
2026-06-07 20:25:00,2.0654333333333335,0.0035333333333342765,2.0291542202965807,-0.0008376460387105794
2026-06-07 20:30:00,2.068716666666666,0.0032833333333326387,2.029094171851852,-6.0048444728720056e-05
2026-06-07 20:35:00,2.0697999999999994,0.001083333333333325,2.0287103193383733,-0.00038385251347869236
2026-06-07 20:40:00,2.0743166666666664,0.004516666666666946,2.0283522454451446,-0.0003580738932288241
2026-06-07 20:45:00,2.0730166666666667,-0.0012999999999996348,2.0282660561679196,-8.618927722500143e-05
2026-06-07 20:50:00,2.0762333333333336,0.0032166666666668675,2.030651172051237,-0.000932101704520335
2026-06-07 20:55:00,2.075593220338983,-0.0006401129943505168,2.0302237477847527,-0.0004274242664844462
2026-06-07 21:00:00,2.0740000000000003,-0.0015932203389827926,2.030166885971251,-5.686181350161672e-05
2026-06-07 21:05:00,2.077149999999999,0.003149999999998876,2.0293355873963064,-0.0008312985749446861
2026-06-07 21:10:00,2.0766166666666668,-0.0005333333333323864,2.0289156984267724,-0.0004198889695342168
2026-06-07 21:15:00,2.078266666666666,0.0016499999999992632,2.029562971771149,0.0006472733443768808
2026-06-07 21:20:00,2.077866666666666,-0.00039999999999995595,2.0293863365874034,-0.00017663518374578182
2026-06-07 21:25:00,2.0748166666666665,-0.003049999999999553,2.028573661563599,-0.0008126750238042798
2026-06-07 21:30:00,2.0771666666666664,0.002349999999999852,2.0285187988815316,-5.486268206730294e-05
2026-06-07 21:35:00,2.075864406779661,-0.0013022598870051638,2.0281366975014268,-0.0003821013801051105
2026-06-07 21:40:00,2.074233333333334,-0.0016310734463274024,2.0277757402382215,-0.0003609572632050801
2026-06-07 21:45:00,2.0766999999999993,0.002466666666665507,2.0276784146871916,-9.732555103017022e-05
2026-06-07 21:50:00,2.0766666666666667,-3.333333333266353e-05,2.0271747741483592,-0.0005036405388320187
2026-06-07 21:55:00,2.0753499999999994,-0.0013166666666672988,2.0267150778266876,-0.0004596963216715978
2026-06-07 22:00:00,2.076966666666666,0.0016166666666665996,2.0265703982332397,-0.00014467959344790636
2026-06-07 22:05:00,2.0768999999999993,-6.666666666665932e-05,2.0297901490403247,-0.0006402705641705995
2026-06-07 22:10:00,2.0774166666666662,0.0005166666666669428,2.0294848516275024,-0.0003052974128228105
2026-06-07 22:15:00,2.0754237288135577,-0.0019929378531085007,2.03021293950273,0.0007280878752277376
2026-06-07 22:20:00,2.0751499999999994,-0.00027372881355836043,2.0300843621305087,-0.00012857737222101855
2026-06-07 22:25:00,2.07875,0.0036000000000004917,2.029301324366301,-0.0007830377642077713
2026-06-07 22:30:00,2.0737000000000005,-0.005049999999999333,2.0292542876303683,-4.703673593274884e-05
2026-06-07 22:35:00,2.0770999999999997,0.0033999999999991815,2.0288754373293916,-0.00037885030097676165
2026-06-07 22:40:00,2.077366666666667,0.0002666666666670814,2.0285127468668036,-0.00036269046258785586
2026-06-07 22:45:00,2.077116666666666,-0.0002500000000007496,2.0284039866336943,-0.00010876023310927123
2026-06-07 22:50:00,2.0773666666666655,0.00024999999999941735,2.0278881347521165,-0.0005158518815778402
2026-06-07 22:55:00,2.079050847457627,0.0016841807909613316,2.0274162865215963,-0.000471848230520129
2026-06-07 23:00:00,2.077999999999999,-0.001050847457627846,2.0272595764840466,-0.0001567100375498233
2026-06-07 23:05:00,2.075583333333333,-0.0024166666666660674,2.026340265188084,-0.0009193112959626909
2026-06-07 23:10:00,2.075483333333333,-9.999999999976694e-05,2.0258360547945613,-0.000504210393522737
2026-06-07 23:15:00,2.0770166666666663,0.0015333333333331645,2.0264116116271516,0.0005755568325902755
2026-06-07 23:20:00,2.0782499999999993,0.0012333333333329755,2.033616243719498,0.00015966116895353195
2026-06-07 23:25:00,2.0774166666666654,-0.0008333333333339077,2.03295213116491,-0.0006641125545881417
2026-06-07 23:30:00,2.077816666666666,0.0004000000000008441,2.0329610004029597,8.869238049675183e-06
2026-06-07 23:35:00,2.0776610169491523,-0.0001556497175139171,2.0326058253675403,-0.00035517503541906135
2026-06-07 23:40:00,2.079166666666667,0.0015056497175147676,2.0322527389193445,-0.00035308644819582254
2026-06-07 23:45:00,2.0783272727272726,-0.0008393939393944727,2.0321401425255066,-0.00011259639383781077
2026-06-07 23:50:00,2.086277777777777,0.007950505050504209,2.031615722062312,-0.000524420463194622
2026-06-07 23:55:00,2.082574074074073,-0.0037037037037039866,2.031133364992274,-0.0004823570700382021
2026-06-08 00:00:00,2.0766274509803915,-0.005946623093681325,2.030973588625309,-0.00015977636696497467
2026-06-08 00:05:00,2.078816666666666,0.002189215686274615,2.0300539608404398,-0.0009196277848690992
2026-06-08 00:10:00,2.095833333333333,0.017016666666667124,2.0295507478859585,-0.0005032129544813264
2026-06-08 00:15:00,2.0969666666666664,0.0011333333333332085,2.0301368734082876,0.0005861255223289043
2026-06-08 00:20:00,2.0977288135593217,0.0007621468926553021,2.029959382400174,-0.00017749100811324627
2026-06-08 00:25:00,2.09555,-0.0021788135593219238,2.029164279283778,-0.0007951031163960246
2026-06-08 00:30:00,2.0960499999999995,0.0004999999999997229,2.0291074539440017,-5.682533977631979e-05
2026-06-08 00:35:00,2.097199999999999,0.0011499999999995403,2.030040587836823,-0.0007784617413116958
2026-06-08 00:40:00,2.097166666666666,-3.333333333310762e-05,2.02968342042591,-0.0003571674109129272
2026-06-08 00:45:00,2.0978833333333324,0.0007166666666664767,2.029593243404926,-9.017702098397258e-05
2026-06-08 00:50:00,2.097199999999999,-0.0006833333333333691,2.0290820285181437,-0.0005112148867822297
2026-06-08 00:55:00,2.0967499999999997,-0.00044999999999939533,2.0286067873833766,-0.0004752411347671157
2026-06-08 01:00:00,2.0962033898305075,-0.000546610169492201,2.028466073464269,-0.00014071391910766863
2026-06-08 01:05:00,2.098866666666667,0.0026632768361594117,2.027559421774307,-0.0009066516899620989
2026-06-08 01:10:00,2.095266666666667,-0.0036000000000000476,2.0270701919408656,-0.0004892298334412582
2026-06-08 01:15:00,2.098366666666666,0.0030999999999989925,2.0276777653399183,0.000607573399052652
2026-06-08 01:20:00,2.0982833333333333,-8.3333333332547e-05,2.0275417628035997,-0.00013600253631851713
2026-06-08 01:25:00,2.09995,0.0016666666666669272,2.026790941215681,-0.0007508215879186877
2026-06-08 01:30:00,2.098749999999999,-0.0012000000000012,2.0267708601432823,-2.0081072398684432e-05
2026-06-08 01:35:00,2.0974999999999997,-0.0012499999999993072,2.026427135081582,-0.00034372506170033193
2026-06-08 01:40:00,2.0976610169491523,0.00016101694915260367,2.026096058563963,-0.0003310765176189978
2026-06-08 01:45:00,2.1008833333333325,0.003222316384180246,2.025985249815063,-0.00011080874890030901
2026-06-08 01:50:00,2.0975666666666664,-0.0033166666666661904,2.033022453488585,-0.0008439651794368079
2026-06-08 01:55:00,2.0995499999999994,0.001983333333333004,2.032551093527746,-0.0004713599608387642
2026-06-08 02:00:00,2.1003833333333333,0.0008333333333339077,2.0324663914596126,-8.470206813378838e-05
2026-06-08 02:05:00,2.0994666666666664,-0.0009166666666668988,2.031592795781735,-0.0008735956778775332
2026-06-08 02:10:00,2.09935,-0.0001166666666665428,2.031133171454431,-0.0004596243273038411
2026-06-08 02:15:00,2.0997166666666667,0.00036666666666684833,2.0317735627009115,0.0006403912464804813
2026-06-08 02:20:00,2.101983050847456,0.0022663841807895047,2.0316874667196103,-8.609598130127508e-05
2026-06-08 02:25:00,2.1002666666666667,-0.0017163841807894542,2.0309872278823087,-0.0007002388373015868
2026-06-08 02:30:00,2.0998499999999996,-0.0004166666666671759,2.031015355627551,2.8127745242420204e-05
2026-06-08 02:35:00,2.100816666666667,0.0009666666666676704,2.030719566555991,-0.000295789071560066
2026-06-08 02:40:00,2.1003666666666665,-0.0004500000000007276,2.030433961010135,-0.00028560554585597064
2026-06-08 02:45:00,2.1011499999999996,0.000783333333333136,2.030357866343929,-7.609466620599364e-05
2026-06-08 02:50:00,2.1015999999999995,0.0004499999999998394,2.029832228911465,-0.0005256374324636986
2026-06-08 02:55:00,2.1001833333333324,-0.0014166666666670658,2.0293279608637094,-0.0005042680477559727
2026-06-08 03:00:00,2.1001186440677957,-6.46892655367104e-05,2.02916710174744,-0.00016085911626916916
2026-06-08 03:05:00,2.094183333333333,-0.005935310734462629,2.0328911344303324,-0.0005933840965927132
2026-06-08 03:10:00,2.0855166666666665,-0.0086666666666666,2.0325511536593055,-0.00033998077102664567
2026-06-08 03:15:00,2.0875166666666667,0.002000000000000224,2.033268377352624,0.0007172236933183578
2026-06-08 03:20:00,2.09115,0.0036333333333331552,2.033238765883537,-2.96114690871487e-05
2026-06-08 03:25:00,2.0880166666666664,-0.0031333333333334323,2.032579855401636,-0.0006589104819010586
2026-06-08 03:30:00,2.0911166666666654,0.0030999999999989925,2.0326498231812278,6.996777959209593e-05
2026-06-08 03:35:00,2.0904999999999996,-0.0006166666666658216,2.0323952161409706,-0.0002546070402574715
2026-06-08 03:40:00,2.0976440677966104,0.007144067796610809,2.032149941504102,-0.0002452746368684203
2026-06-08 03:45:00,2.092566666666666,-0.00507740112994437,2.0321061906054627,-4.375089863942133e-05
2026-06-08 03:50:00,2.088683333333334,-0.0038833333333321285,2.0315989119702227,-0.0005072786352400676
2026-06-08 03:55:00,2.0902333333333325,0.001549999999998608,2.0311045560668393,-0.0004943559033830696
2026-06-08 04:00:00,2.089083333333333,-0.0011499999999995403,2.0309439848497144,-0.00016057121712518928
2026-06-08 04:05:00,2.090433333333333,0.0013499999999999623,2.029948240771806,-0.0009957440779079924
2026-06-08 04:10:00,2.089116666666666,-0.0013166666666668547,2.0293723363540823,-0.0005759044177241361
2026-06-08 04:15:00,2.0875666666666657,-0.0015500000000003844,2.029907028769769,0.0005346924156867273
2026-06-08 04:20:00,2.0912372881355927,0.003670621468927049,2.0307703930149477,0.0005097143418462919
2026-06-08 04:25:00,2.08755,-0.0036872881355929366,2.030310150384583,-0.000460242630364818
2026-06-08 04:30:00,2.087849999999999,0.0002999999999993008,2.0304775923797216,0.0001674419951388407
2026-06-08 04:35:00,2.089466666666666,0.0016166666666670437,2.030273381119059,-0.00020421126066272777
2026-06-08 04:40:00,2.088266666666666,-0.001200000000000312,2.0300628900295603,-0.00021049108949863814
2026-06-08 04:45:00,2.0902999999999987,0.0020333333333328873,2.0300445109187053,-1.8379110855052617e-05
2026-06-08 04:50:00,2.0911833333333325,0.0008833333333337912,2.029548523877128,-0.0004959870415772967
2026-06-08 04:55:00,2.0905333333333327,-0.0006499999999998174,2.0290575934033623,-0.000490930473765794
2026-06-08 05:00:00,2.089593220338983,-0.0009401129943498177,2.028885746098117,-0.0001718473052452241
2026-06-08 05:05:00,2.088599999999999,-0.0009932203389837468,2.0278591020933705,-0.0010266440047465547
2026-06-08 05:10:00,2.0895166666666665,0.0009166666666673429,2.0272528715213025,-0.0006062305720680316
2026-06-08 05:15:00,2.090716666666665,0.0011999999999985356,2.027759427141188,0.0005065556198853395
2026-06-08 05:20:00,2.0916999999999994,0.0009833333333344463,2.02761084484628,-0.00014858229490772454
2026-06-08 05:25:00,2.090783333333333,-0.0009166666666664547,2.0268742148253818,-0.0007366300208983034
2026-06-08 05:30:00,2.090466666666666,-0.00031666666666696486,2.0269255186875226,5.130386214073468e-05
2026-06-08 05:35:00,2.0902333333333334,-0.0002333333333326415,2.0244159679425424,9.435963041375037e-05
2026-06-08 05:40:00,2.093881355932204,0.0036480225988704262,2.0243647386910975,-5.122925144516167e-05
2026-06-08 05:45:00,2.0898166666666658,-0.004064689265538046,2.024445960178622,8.122148752477623e-05
2026-06-08 05:50:00,2.09115,0.0013333333333340747,2.0240097449222008,-0.0004362152564213262
2026-06-08 05:55:00,2.0905,-0.0006499999999998174,2.023561033873319,-0.00044871104888136886
2026-06-08 06:00:00,2.0911833333333334,0.0006833333333333691,2.0234117217141208,-0.00014931215919881905
2026-06-08 06:05:00,2.0908999999999986,-0.0002833333333347454,2.0223871913825837,-0.0010245303315368607
2026-06-08 06:10:00,2.090483333333333,-0.0004166666666658436,2.0217785606096994,-0.0006086307728844178
2026-06-08 06:15:00,2.090683333333333,0.00019999999999997797,2.022275980477979,0.0004974198682797619
2026-06-08 06:20:00,2.09022033898305,-0.0004629943502827416,2.0221249986880143,-0.00015098178996458527
2026-06-08 06:25:00,2.088016666666666,-0.0022036723163840755,2.02138630047316,-0.000738698214854561
2026-06-08 06:30:00,2.0886999999999993,0.0006833333333333691,2.0214490363776334,6.27359044735612e-05
2026-06-08 06:35:00,2.0903499999999986,0.0016499999999992632,2.0212008180826633,-0.00024821829497034234
2026-06-08 06:40:00,2.090983333333333,0.0006333333333343738,2.0209718694554857,-0.00022894862717739222
2026-06-08 06:45:00,2.0902166666666666,-0.0007666666666663602,2.0209371864510675,-3.468300441827707e-05
2026-06-08 06:50:00,2.091533333333333,0.0013166666666664106,2.0142356945351017,-0.0002775257149311832
2026-06-08 06:55:00,2.092999999999999,0.001466666666666061,2.013919593626237,-0.0003161009088647356
2026-06-08 07:00:00,2.0916666666666663,-0.0013333333333327424,2.0138635670165215,-5.602660971565806e-05
2026-06-08 07:05:00,2.093254237288135,0.001587570621468526,2.012889561776347,-0.0009740052401742865
2026-06-08 07:10:00,2.092433333333333,-0.0008209039548017216,2.012315218038924,-0.0005743437374232377
2026-06-08 07:15:00,2.093983333333333,0.0015499999999999403,2.012830863860888,0.0005156458219640598
2026-06-08 07:20:00,2.094983333333333,0.0009999999999998899,2.012692611565883,-0.00013825229500477924
2026-06-08 07:25:00,2.0956999999999995,0.0007166666666664767,2.011962789869332,-0.000729821696550962
2026-06-08 07:30:00,2.0976999999999997,0.002000000000000224,2.012043020602252,8.023073292012977e-05
2026-06-08 07:35:00,2.099066666666667,0.0013666666666671823,2.0118103731346744,-0.00023264746757787347
2026-06-08 07:40:00,2.0978833333333333,-0.001183333333333536,2.011596652106592,-0.00021372102808209193
2026-06-08 07:45:00,2.1005932203389825,0.0027098870056492252,2.0115800972972333,-1.655480935914692e-05
2026-06-08 07:50:00,2.0978666666666665,-0.002726553672316001,2.011058477961249,-0.0005216193359840527
2026-06-08 07:55:00,2.0995833333333334,0.0017166666666668107,2.010527534496255,-0.0005309434649938576
2026-06-08 08:00:00,2.1031999999999993,0.0036166666666659353,2.010298473704427,-0.00022906079182835135
2026-06-08 08:05:00,2.0992666666666664,-0.0039333333333329,2.024049750647315,-0.0020655753222071967
2026-06-08 08:10:00,2.099883333333333,0.0006166666666667098,2.023305305646308,-0.0007444450010071745
2026-06-08 08:15:00,2.1018999999999997,0.0020166666666665556,2.023790735424195,0.0004854297778868643
2026-06-08 08:20:00,2.099999999999999,-0.0019000000000004569,2.023636120878809,-0.00015461454538573174
2026-06-08 08:25:00,2.1015084745762707,0.0015084745762714569,2.0228933322496343,-0.0007427886291749261
2026-06-08 08:30:00,2.103333333333333,0.0018248587570623975,2.0229708514798355,7.751923020109464e-05
2026-06-08 08:35:00,2.0990333333333333,-0.0042999999999997485,2.022736421656901,-0.00023442982293435407
2026-06-08 08:40:00,2.097118644067796,-0.0019146892655372838,2.0225237004363863,-0.00021272122051466404
2026-06-08 08:45:00,2.0947872340425526,-0.0023314100252433967,2.02251665178037,-7.0486560162461584e-06
2026-06-08 08:50:00,2.0966333333333327,0.0018460992907800566,2.0220116527653667,-0.0005049990150035331
2026-06-08 08:55:00,2.09155,-0.0050833333333328845,2.0215048204285164,-0.0005068323368500691
2026-06-08 09:00:00,2.088933333333333,-0.0026166666666669336,2.021305381857833,-0.00019943857068380425
2026-06-08 09:05:00,2.0893999999999995,0.00046666666666661527,2.0202079923606737,-0.001097389497158798
2026-06-08 09:10:00,2.092966666666665,0.0035666666666656077,2.0195170395818196,-0.0006909527788543265
2026-06-08 09:15:00,2.0867833333333325,-0.006183333333332541,2.019899052787152,0.000382013205332701
2026-06-08 09:20:00,2.0851666666666664,-0.0016166666666661555,2.0099960602081106,0.0003684096746954425
2026-06-08 09:25:00,2.0872033898305076,0.002036723163841181,2.009499432682547,-0.0004966275255637702
2026-06-08 09:30:00,2.081699999999999,-0.005503389830508354,2.009670580985679,0.00017114830313196092
2026-06-08 09:35:00,2.086383333333332,0.0046833333333329286,2.009468344242426,-0.00020223674325254955
2026-06-08 09:40:00,2.088016666666666,0.0016333333333338196,2.009267329510623,-0.00020101473180322035
2026-06-08 09:45:00,2.0839666666666665,-0.004049999999999443,2.0092749605996993,7.631089076250708e-06
2026-06-08 09:50:00,2.083949999999999,-1.6666666667664032e-05,2.008795090106562,-0.0004798704931372904
2026-06-08 09:55:00,2.0846666666666667,0.000716666666667809,2.0083226319895973,-0.000472458116964804
2026-06-08 10:00:00,2.0821499999999995,-0.0025166666666671667,2.0081571632991286,-0.00016546869046863062
2026-06-08 10:05:00,2.0829999999999993,0.0008499999999997954,2.007100735258384,-0.0010564280407448696
2026-06-08 10:10:00,2.082949999999999,-5.000000000032756e-05,2.0064441744892023,-0.0006565607691815278
2026-06-08 10:15:00,2.0798,-0.003149999999998876,2.006836528834705,0.0003923543455028244
2026-06-08 10:20:00,2.080533333333333,0.0007333333333328085,2.0065777009695727,-0.000258827865132196
2026-06-08 10:25:00,2.079883333333332,-0.0006500000000007056,2.0057536274295513,-0.0008240735400215216
2026-06-08 10:30:00,2.079833333333333,-4.999999999899529e-05,2.0057754151488743,2.178771932301352e-05
2026-06-08 10:35:00,2.0824166666666666,0.002583333333333382,2.015654892042649,1.5006311518182642e-05
2026-06-08 10:40:00,2.080183333333333,-0.0022333333333337535,2.0155908794626387,-6.401258001038221e-05
2026-06-08 10:45:00,2.078322033898304,-0.0018612994350286627,2.0156642926792294,7.34132165907073e-05
2026-06-08 10:50:00,2.080833333333332,0.002511299435028036,2.015229016444321,-0.0004352762349082069
2026-06-08 10:55:00,2.0796833333333336,-0.001149999999998652,2.0147972418926563,-0.00043177455166492306
2026-06-08 11:00:00,2.0770166666666663,-0.002666666666667261,2.0146684346889643,-0.00012880720369190881
2026-06-08 11:05:00,2.0783,0.001283333333333747,2.0136509717486164,-0.001017462940347735
2026-06-08 11:10:00,2.0772999999999997,-0.001000000000000334,2.0130251764514173,-0.000625795297199213
2026-06-08 11:15:00,2.077833333333333,0.0005333333333332746,2.013427583200558,0.0004024067491408326
2026-06-08 11:20:00,2.079616666666667,0.001783333333333914,2.0131600840208717,-0.00026749917968674295
2026-06-08 11:25:00,2.080169491525423,0.0005528248587562956,2.01232229050927,-0.0008377935116011462
2026-06-08 11:30:00,2.0786499999999997,-0.001519491525423522,2.0123236381894087,1.347680138566004e-06
2026-06-08 11:35:00,2.0770833333333334,-0.001566666666666272,2.012015193021714,-0.0003084451676947036
2026-06-08 11:40:00,2.0778666666666665,0.000783333333333136,2.011734832338912,-0.0002803606828022287
2026-06-08 11:45:00,2.077966666666666,9.999999999932285e-05,2.0116910020374914,-4.383030142041985e-05
2026-06-08 11:50:00,2.077716666666666,-0.00024999999999986144,2.014202522830597,-0.00024281326979932823
2026-06-08 11:55:00,2.0781499999999995,0.00043333333333350765,2.0139145212108267,-0.00028800161977008483
2026-06-08 12:00:00,2.084101694915253,0.0059516949152533805,2.0138834065682474,-3.1114642579281364e-05
2026-06-08 12:05:00,2.081733333333333,-0.0023683615819196646,2.0129280668504927,-0.000955339717754947
2026-06-08 12:10:00,2.076983333333333,-0.004750000000000032,2.012344887337736,-0.0005831795127568051
2026-06-08 12:15:00,2.0785499999999995,0.001566666666666272,2.012772515255202,0.0004276279174661897
2026-06-08 12:20:00,2.076916666666666,-0.0016333333333333755,2.0125025014226767,-0.00027001383252533734
2026-06-08 12:25:00,2.077499999999999,0.000583333333332714,2.0116513296945437,-0.0008511717281329124
2026-06-08 12:30:00,2.0770166666666667,-0.00048333333333205886,2.0116337086389247,-1.762105561915248e-05
2026-06-08 12:35:00,2.0767833333333328,-0.00023333333333397377,2.0113042648495894,-0.0003294437893352932
2026-06-08 12:40:00,2.0787500000000003,0.0019666666666675603,2.011003503927439,-0.0003007609221501301
2026-06-08 12:45:00,2.0768813559322035,-0.001868644067796854,2.010950338399719,-5.3165527720053254e-05
2026-06-08 12:50:00,2.0779499999999995,0.001068644067796054,2.010446005197818,-0.0005043332019009677
2026-06-08 12:55:00,2.076083333333333,-0.001866666666666461,2.009969932606147,-0.0004760725916710842
2026-06-08 13:00:00,2.079616666666666,0.003533333333332944,2.009833252375043,-0.00013668023110380946
2026-06-08 13:05:00,2.0763,-0.0033166666666661904,2.011183753706897,-0.00122757866363866
2026-06-08 13:10:00,2.0755166666666667,-0.000783333333333136,2.010635048030666,-0.0005487056762311288
2026-06-08 13:15:00,2.075999999999999,0.00048333333333250295,2.011126345634321,0.0004912976036552664
2026-06-08 13:20:00,2.076483333333333,0.0004833333333338352,2.010871831870328,-0.00025451376399324014
2026-06-08 13:25:00,2.0785762711864404,0.0020929378531073795,2.010012679811209,-0.0008591520591189763
2026-06-08 13:30:00,2.075816666666667,-0.0027596045197735286,2.0099829754240273,-2.970438718150143e-05
2026-06-08 13:35:00,2.0752666666666655,-0.0005500000000013827,2.0096385236740293,-0.00034445174999800105
2026-06-08 13:40:00,2.0770499999999994,0.001783333333333914,2.009324100533557,-0.0003144231404727078
2026-06-08 13:45:00,2.0788999999999995,0.0018500000000001293,2.009269693566909,-5.440696664797967e-05
2026-06-08 13:50:00,2.0760833333333326,-0.0028166666666669116,2.0087770938862635,-0.0004925996806452994
2026-06-08 13:55:00,2.0770833333333334,0.001000000000000778,2.0083180529099565,-0.00045904097630719077
2026-06-08 14:00:00,2.075966666666666,-0.0011166666666673208,2.0082051872397204,-0.00011286567023584187
2026-06-08 14:05:00,2.0765423728813555,0.0005757062146893865,2.007208248917772,-0.0009969383219484993
2026-06-08 14:10:00,2.076133333333333,-0.0004090395480225162,2.0066034270727338,-0.000604821845038039
2026-06-08 14:15:00,2.0727833333333328,-0.003350000000000186,2.0070155600839943,0.00041213301126037227
2026-06-08 14:20:00,2.0780999999999996,0.005316666666666858,1.997293288351979,0.0003979144389739327
2026-06-08 14:25:00,2.077166666666665,-0.0009333333333345628,1.996646173234007,-0.0006471151179719458
2026-06-08 14:30:00,2.075949999999999,-0.0012166666666661996,1.996693221288936,4.7048054928784016e-05
2026-06-08 14:35:00,2.0767666666666664,0.0008166666666675759,1.9963706238764862,-0.00032259741244972757
2026-06-08 14:40:00,2.0782666666666656,0.0014999999999991687,1.9960614896129198,-0.00030913426356634656
2026-06-08 14:45:00,2.0771864406779654,-0.0010802259887001675,1.9960182038991994,-4.3285713720384635e-05
2026-06-08 14:50:00,2.0767999999999995,-0.00038644067796589354,1.9955437811822307,-0.00047442271696868045
2026-06-08 14:55:00,2.074516666666666,-0.002283333333333637,1.9951054995159556,-0.00043828166627504967
2026-06-08 15:00:00,2.074266666666666,-0.00024999999999986144,1.9950084010891047,-9.709842685086452e-05
2026-06-08 15:05:00,2.0759833333333324,0.0017166666666663666,1.9940374525028954,-0.0009709485862094379
2026-06-08 15:10:00,2.0759999999999996,1.6666666667219943e-05,1.9934686888108473,-0.000568763692048042
2026-06-08 15:15:00,2.0757499999999998,-0.00024999999999986144,1.9939290757203714,0.00046038690952412704
2026-06-08 15:20:00,2.0754333333333332,-0.00031666666666652077,1.9936219500878711,-0.00030712563250026006
2026-06-08 15:25:00,2.076593220338983,0.001159887005649729,1.9927060108511034,-0.0009159392367678239
2026-06-08 15:30:00,2.075049999999999,-0.0015432203389837973,1.9926429796952814,-6.303115582204155e-05
