Real_Future_Timestamp,Actual_Electrode_V_Abs,Actual_Electrode_V_Delta,TFT_Prediction_V_Abs,TFT_Prediction_V_Delta
2026-05-31 18:15:00,2.375338983050847,0.0030889830508469274,2.3757014533520127,0.0034514533520125673
2026-05-31 18:20:00,2.3770499999999997,0.001711016949152544,2.376720970861994,0.0010195175099813123
2026-05-31 18:25:00,2.380366666666667,0.0033166666666675226,2.377183353127119,0.0004623822651251858
2026-05-31 18:30:00,2.378316666666667,-0.0020500000000001073,2.377770491207058,0.0005871380799387381
2026-05-31 18:35:00,2.384166666666666,0.005849999999998801,2.3784789314782526,0.0007084402711947394
2026-05-31 18:40:00,2.3848166666666666,0.0006500000000007056,2.3791451070578464,0.0006661755795937729
2026-05-31 18:45:00,2.384516666666666,-0.0003000000000006331,2.3796526242556255,0.0005075171977790338
2026-05-31 18:50:00,2.3825593220338974,-0.0019573446327685318,2.3800128989738503,0.00036027471822462344
2026-05-31 18:55:00,2.3794500000000003,-0.003109322033897133,2.3803332515378193,0.0003203525639689984
2026-05-31 19:00:00,2.3842166666666675,0.004766666666667252,2.380547849698601,0.00021459816078159966
2026-05-31 19:05:00,2.3834999999999997,-0.000716666666667809,2.3833137975572516,-0.0009028691094157914
2026-05-31 19:10:00,2.383516666666666,1.6666666666331764e-05,2.3833856086636156,7.181110636384726e-05
2026-05-31 19:15:00,2.3818166666666665,-0.0016999999999995907,2.384035135474239,0.0006495268106233014
2026-05-31 19:20:00,2.3869499999999997,0.005133333333333212,2.3845874856224913,0.0005523501482523885
2026-05-31 19:25:00,2.3822666666666663,-0.004683333333333373,2.3849412713904954,0.0003537857680041863
2026-05-31 19:30:00,2.382542372881356,0.0002757062146896416,2.385405324367984,0.0004640529774885899
2026-05-31 19:35:00,2.3828333333333327,0.0002909604519767406,2.386002426282875,0.0005971019148910605
2026-05-31 19:40:00,2.3877666666666673,0.004933333333334566,2.386573704296956,0.000571278014081052
2026-05-31 19:45:00,2.388466666666667,0.0006999999999997009,2.3869958159147764,0.0004221116178200506
2026-05-31 19:50:00,2.3863833333333333,-0.002083333333333659,2.387271131415553,0.0002753155007767825
2026-05-31 19:55:00,2.3957,0.009316666666666862,2.3858108553991952,-0.0005724779341381966
2026-05-31 20:00:00,2.395366666666667,-0.0003333333333332966,2.3854838257969178,-0.00032702960227740953
2026-05-31 20:05:00,2.3979166666666667,0.00254999999999983,2.3853089686427604,-0.00017485715415748528
2026-05-31 20:10:00,2.3985254237288127,0.0006087570621460259,2.385541332324743,0.00023236368198281123
2026-05-31 20:15:00,2.3988833333333335,0.0003579096045207564,2.3861109351233063,0.0005696027985634777
2026-05-31 20:20:00,2.402633333333334,0.003750000000000586,2.386612875838819,0.0005019407155128764
2026-05-31 20:25:00,2.4004333333333334,-0.002200000000000646,2.3869365488241407,0.00032367298532135505
2026-05-31 20:30:00,2.4013166666666663,0.000883333333332903,2.3873660282719062,0.0004294794477653874
2026-05-31 20:35:00,2.399733333333333,-0.001583333333333492,2.3879211874603135,0.0005551591884075118
2026-05-31 20:40:00,2.4044833333333337,0.00475000000000092,2.38844797472004,0.0005267872597264839
2026-05-31 20:45:00,2.4001333333333332,-0.00435000000000052,2.403475566005781,-0.0010077673275527737
2026-05-31 20:50:00,2.4067118644067804,0.006578531073447191,2.4033535559258943,-0.00012201007988671255
2026-05-31 20:55:00,2.4121666666666655,0.005454802259885039,2.403430851993948,7.729606805387e-05
2026-05-31 21:00:00,2.426283333333333,0.014116666666667665,2.4034020665562617,-2.8785437686436454e-05
2026-05-31 21:05:00,2.412016666666667,-0.014266666666665984,2.403288030047729,-0.00011403650853271146
2026-05-31 21:10:00,2.4069666666666674,-0.005049999999999777,2.4035036913330825,0.0002156612853533662
2026-05-31 21:15:00,2.4079833333333336,0.0010166666666662216,2.404033053933593,0.0005293626005106347
2026-05-31 21:20:00,2.411983333333334,0.004000000000000448,2.404493138797263,0.0004600848636699613
2026-05-31 21:25:00,2.409616666666667,-0.002366666666667072,2.4047760977269044,0.0002829589296412027
2026-05-31 21:30:00,2.4205932203389833,0.010976553672316314,2.4051677722719793,0.00039167454507519923
2026-05-31 21:35:00,2.426800000000001,0.006206779661017681,2.4167652627956735,-0.003827957543309726
2026-05-31 21:40:00,2.4213500000000012,-0.005449999999999733,2.416583874829763,-0.00018138796591038513
2026-05-31 21:45:00,2.4246333333333334,0.0032833333333321946,2.4168830603914464,0.00029918556168334474
2026-05-31 21:50:00,2.4255000000000004,0.0008666666666670153,2.4169009516022957,1.7891210849159647e-05
2026-05-31 21:55:00,2.421933333333334,-0.003566666666666496,2.4169302322808677,2.9280678571887798e-05
2026-05-31 22:00:00,2.4218833333333345,-4.999999999943938e-05,2.4168986030288737,-3.162925199377149e-05
2026-05-31 22:05:00,2.4230500000000004,0.001166666666665872,2.4167746559777963,-0.00012394705107733888
2026-05-31 22:10:00,2.4252542372881347,0.0022042372881343475,2.416962490671639,0.0001878346938425605
2026-05-31 22:15:00,2.4231166666666666,-0.0021375706214681323,2.417457178740692,0.00049468806905332
2026-05-31 22:20:00,2.4216,-0.0015166666666663886,2.4178826834486205,0.00042550470792804106
2026-05-31 22:25:00,2.423800000000001,0.002200000000000646,2.4224639361979947,0.0008639361979943213
2026-05-31 22:30:00,2.4223000000000003,-0.001500000000000501,2.4228874956700013,0.0004235594720066919
2026-05-31 22:35:00,2.4237333333333333,0.0014333333333329534,2.423403997579344,0.0005165019093427853
2026-05-31 22:40:00,2.4219000000000013,-0.0018333333333320212,2.4238937454612417,0.0004897478818976776
2026-05-31 22:45:00,2.425266666666667,0.0033666666666656297,2.424214148498338,0.0003204030370963524
2026-05-31 22:50:00,2.422813559322034,-0.0024531073446327767,2.424363928916313,0.00014978041797468873
2026-05-31 22:55:00,2.4254166666666674,0.0026031073446333153,2.424449937101093,8.600818478010088e-05
2026-05-31 23:00:00,2.4236500000000003,-0.0017666666666671382,2.4244210767418046,-2.886035928812199e-05
2026-05-31 23:05:00,2.4250000000000003,0.0013499999999999623,2.42428589861446,-0.00013517812734470977
2026-05-31 23:10:00,2.4236999999999993,-0.001300000000000967,2.424452937230006,0.00016703861554597275
2026-05-31 23:15:00,2.424700000000001,0.0010000000000016662,2.4240716930660264,0.0003716930660272546
2026-05-31 23:20:00,2.4248833333333337,0.00018333333333275803,2.4243179332854203,0.0002462402193935816
2026-05-31 23:25:00,2.424516666666667,-0.00036666666666684833,2.4244868240449886,0.0001688907595684456
2026-05-31 23:30:00,2.4237457627118646,-0.0007709039548022822,2.4248117573013555,0.0003249332563669089
2026-05-31 23:35:00,2.41265,-0.01109576271186441,2.4252705136919133,0.0004587563905578507
2026-05-31 23:40:00,2.4048500000000006,-0.007799999999999585,2.425700208481905,0.00042969478999169044
2026-05-31 23:45:00,2.4079666666666677,0.0031166666666671006,2.42597330363543,0.00027309515352499415
2026-05-31 23:50:00,2.409516666666667,0.0015499999999994962,2.426081804147298,0.000108500511867772
2026-05-31 23:55:00,2.4089500000000017,-0.000566666666665494,2.426126450073051,4.464592575295024e-05
2026-06-01 00:00:00,2.4093666666666675,0.0004166666666658436,2.4260582487959717,-6.82012770791604e-05
2026-06-01 00:05:00,2.4088813559322033,-0.00048531073446422823,2.4082914544465828,-0.0010752122200848489
2026-06-01 00:10:00,2.408650000000001,-0.00023135593220224848,2.4080999120268896,-0.00019154241969331786
2026-06-01 00:15:00,2.4083166666666673,-0.0003333333333337407,2.4084314011465517,0.0003314891196621434
2026-06-01 00:20:00,2.4125833333333326,0.004266666666665309,2.4087426186816643,0.00031121753511269073
2026-06-01 00:25:00,2.407683333333334,-0.004899999999998794,2.4089045566162333,0.00016193793456897708
2026-06-01 00:30:00,2.411200000000001,0.0035166666666670565,2.4091973740704975,0.0002928174542643246
2026-06-01 00:35:00,2.41455,0.003349999999999298,2.409617535843469,0.0004201617729717237
2026-06-01 00:40:00,2.4128333333333334,-0.0017166666666668107,2.4100086419585875,0.0003911061151182876
2026-06-01 00:45:00,2.406033898305085,-0.006799435028248535,2.4102460616647905,0.00023741970620311752
2026-06-01 00:50:00,2.4092833333333337,0.003249435028248815,2.410320973664826,7.491200003560973e-05
2026-06-01 00:55:00,2.402666666666667,-0.006616666666666493,2.4100853435286402,0.0008020101953067454
2026-06-01 01:00:00,2.4049500000000004,0.002283333333333193,2.4099871423749177,-9.820115372266749e-05
2026-06-01 01:05:00,2.406883333333333,0.0019333333333326763,2.409756399165145,-0.00023074320977258824
2026-06-01 01:10:00,2.4111499999999997,0.004266666666666641,2.409843752815349,8.735365020399799e-05
2026-06-01 01:15:00,2.4202500000000002,0.009100000000000552,2.4102350380330226,0.0003912852176734466
2026-06-01 01:20:00,2.421491525423729,0.0012415254237287954,2.410558959437923,0.00032392140490011763
2026-06-01 01:25:00,2.410066666666668,-0.011424858757060896,2.4107155387444736,0.00015657930655098323
2026-06-01 01:30:00,2.4190333333333336,0.008966666666665457,2.4109920908461113,0.0002765521016374904
2026-06-01 01:35:00,2.4090000000000007,-0.010033333333332894,2.4113872726976755,0.00039518185156445923
2026-06-01 01:40:00,2.4056833333333336,-0.0033166666666670785,2.4117519669279806,0.0003646942303046975
2026-06-01 01:45:00,2.4129833333333335,0.007299999999999862,2.410502242708643,0.0048189093753095505
2026-06-01 01:50:00,2.407783333333334,-0.005199999999999427,2.411096669198451,0.0005944264898077393
2026-06-01 01:55:00,2.408183333333334,0.00039999999999995595,2.4111882263802222,9.155718177135196e-05
2026-06-01 02:00:00,2.408491525423729,0.00030819209039512074,2.4111650633314476,-2.316304877479892e-05
2026-06-01 02:05:00,2.409116666666668,0.000625141242938998,2.410982565985204,-0.00018249734624316863
2026-06-01 02:10:00,2.4074500000000016,-0.0016666666666664831,2.4110767777801994,9.421179499517265e-05
2026-06-01 02:15:00,2.40725,-0.00020000000000175433,2.411464733822771,0.0003879560425713893
2026-06-01 02:20:00,2.4086666666666674,0.0014166666666675098,2.4117817586036487,0.0003170247808778746
2026-06-01 02:25:00,2.411283333333333,0.0026166666666656013,2.411925548627776,0.0001437900241275186
2026-06-01 02:30:00,2.415183333333334,0.003900000000001125,2.4121937471233683,0.00026819849559227683
2026-06-01 02:35:00,2.4077,-0.0074833333333339525,2.4128971287103407,-0.0022862046229935877
2026-06-01 02:40:00,2.406576271186442,-0.0011237288135581558,2.4127394064881615,-0.00015772222217901667
2026-06-01 02:45:00,2.421333333333334,0.014757062146891986,2.4127948360256113,5.542953744990491e-05
2026-06-01 02:50:00,2.4147999999999996,-0.00653333333333439,2.4127185994512264,-7.62365743852851e-05
2026-06-01 02:55:00,2.4072000000000005,-0.007599999999999163,2.4126374935052395,-8.110594598651794e-05
2026-06-01 03:00:00,2.404933333333334,-0.002266666666666417,2.4124689573075138,-0.00016853619772606534
2026-06-01 03:05:00,2.4070166666666677,0.002083333333333659,2.412207830823412,-0.00026112648410150094
2026-06-01 03:10:00,2.405883333333334,-0.0011333333333336526,2.4122511764252548,4.334560184284829e-05
2026-06-01 03:15:00,2.4087333333333336,0.002849999999999575,2.412600744754904,0.00034956832964897253
2026-06-01 03:20:00,2.4057288135593224,-0.0030045197740111718,2.4128901708219175,0.00028942606701340683
2026-06-01 03:25:00,2.4097166666666676,0.003987853107345174,2.405182051262474,-0.0005467622968484362
2026-06-01 03:30:00,2.404600000000001,-0.005116666666666436,2.405243770481453,6.171921897898423e-05
2026-06-01 03:35:00,2.4099333333333335,0.005333333333332302,2.405587139243264,0.00034336876181137867
2026-06-01 03:40:00,2.4142333333333337,0.0043000000000001926,2.4059401453464107,0.0003530061031463849
2026-06-01 03:45:00,2.4198666666666666,0.005633333333332935,2.406150355612351,0.00021021026594004625
2026-06-01 03:50:00,2.421750000000001,0.0018833333333345692,2.4061992018931653,4.884628081436143e-05
2026-06-01 03:55:00,2.4248644067796605,0.003114406779659351,2.4061773604579466,-2.184143521840729e-05
2026-06-01 04:00:00,2.4141833333333333,-0.010681073446327183,2.4060354281762732,-0.00014193228167368372
2026-06-01 04:05:00,2.406983333333334,-0.007199999999999207,2.4057904744907246,-0.00024495368554867497
2026-06-01 04:10:00,2.4050166666666675,-0.001966666666666672,2.4058455825330745,5.510804234994994e-05
2026-06-01 04:15:00,2.4050666666666674,4.999999999988347e-05,2.4126908905859814,0.007674223919313973
2026-06-01 04:20:00,2.411483333333334,0.006416666666666515,2.413528912680454,0.0008380220944728619
2026-06-01 04:25:00,2.403750000000001,-0.007733333333332926,2.4136177314577463,8.881877729193863e-05
2026-06-01 04:30:00,2.4068666666666667,0.0031166666666657683,2.414031884100225,0.00041415264247901106
2026-06-01 04:35:00,2.40985,0.002983333333333338,2.4145229589381003,0.0004910748378751851
2026-06-01 04:40:00,2.406050847457627,-0.003799152542372841,2.4149445576508053,0.0004215987127046457
2026-06-01 04:45:00,2.403950000000001,-0.002100847457626287,2.4151957598529776,0.0002512022021724416
2026-06-01 04:50:00,2.3991500000000006,-0.0048000000000003595,2.4152745138658047,7.875401282730871e-05
2026-06-01 04:55:00,2.4020833333333345,0.0029333333333338985,2.415277160597419,2.646731614200552e-06
2026-06-01 05:00:00,2.4062666666666668,0.0041833333333323175,2.415158467676239,-0.00011869292118001718
2026-06-01 05:05:00,2.402783333333333,-0.003483333333333949,2.4033810666237514,-0.0028856000429155633
2026-06-01 05:10:00,2.4101500000000007,0.007366666666667854,2.4027864015850064,-0.0005946650387449674
2026-06-01 05:15:00,2.4110500000000012,0.000900000000000567,2.403019228675633,0.00023282709062665376
2026-06-01 05:20:00,2.4083050847457623,-0.002744915254238922,2.4032450894742374,0.0002258607986046106
2026-06-01 05:25:00,2.406566666666667,-0.0017384180790953607,2.4033445698588913,9.948038465400948e-05
2026-06-01 05:30:00,2.4027333333333334,-0.0038333333333335773,2.4036340935414917,0.0002895236826003762
2026-06-01 05:35:00,2.4003333333333337,-0.0023999999999997357,2.4040558734285495,0.00042177988705772345
2026-06-01 05:40:00,2.395,-0.005333333333333634,2.404455346524607,0.000399473096057351
2026-06-01 05:45:00,2.3961666666666672,0.0011666666666672043,2.4047045412858,0.00024919476119300804
2026-06-01 05:50:00,2.397683333333333,0.0015166666666659445,2.4047899510533197,8.540976751969391e-05
2026-06-01 05:55:00,2.398249999999999,0.0005666666666659381,2.3979157401559306,0.0002324068225973715
2026-06-01 06:00:00,2.398066666666667,-0.00018333333333231394,2.3977899708078936,-0.00012576934803694938
2026-06-01 06:05:00,2.4014576271186443,0.0033909604519775094,2.397511618522544,-0.00027835228534942887
2026-06-01 06:10:00,2.401683333333334,0.00022570621468975816,2.3975622244836288,5.060596108463955e-05
2026-06-01 06:15:00,2.4020333333333337,0.0003499999999996284,2.397938038662213,0.000375814178583965
2026-06-01 06:20:00,2.403483333333333,0.0014499999999992852,2.398258869201907,0.00032083053969426636
2026-06-01 06:25:00,2.3984,-0.0050833333333328845,2.398420884275492,0.00016201507358533146
2026-06-01 06:30:00,2.398883333333333,0.00048333333333294703,2.398749649725956,0.0003287654504636485
2026-06-01 06:35:00,2.4008000000000007,0.0019166666666676768,2.399198511562267,0.0004488618363107919
2026-06-01 06:40:00,2.4006,-0.00020000000000086615,2.399623303292995,0.0004247917307279209
2026-06-01 06:45:00,2.401186440677967,0.0005864406779672038,2.400917962673422,0.0003179626734222152
2026-06-01 06:50:00,2.399683333333333,-0.0015031073446341026,2.4008957568681315,-2.220580529063792e-05
2026-06-01 06:55:00,2.4011166666666672,0.0014333333333342857,2.400876027886554,-1.9728981577205542e-05
2026-06-01 07:00:00,2.4020000000000006,0.0008833333333333471,2.4007659857074235,-0.00011004217913068795
2026-06-01 07:05:00,2.4028166666666664,0.0008166666666657996,2.4005573614065225,-0.00020862430090097897
2026-06-01 07:10:00,2.402566666666666,-0.00025000000000030553,2.400656319166893,9.8957760370429e-05
2026-06-01 07:15:00,2.4091333333333336,0.006566666666667498,2.4010669447211264,0.0004106255542332286
2026-06-01 07:20:00,2.4017333333333344,-0.007399999999999185,2.4014196145597277,0.0003526698386014219
2026-06-01 07:25:00,2.404500000000001,0.002766666666666584,2.4016082307503916,0.00018861619066397645
2026-06-01 07:30:00,2.4087457627118645,0.004245762711863499,2.4019655460135643,0.00035731526317245223
2026-06-01 07:35:00,2.4088666666666665,0.00012090395480202076,2.40778045784708,-0.0009653048647845854
2026-06-01 07:40:00,2.4070000000000005,-0.001866666666666017,2.408039360522618,0.00025890267553807967
2026-06-01 07:45:00,2.4036166666666667,-0.003383333333333738,2.408314491742113,0.0002751312194950251
2026-06-01 07:50:00,2.409,0.0053833333333330735,2.4083971684990693,8.267675695625859e-05
2026-06-01 07:55:00,2.403866666666667,-0.005133333333332768,2.408442588819858,4.542032078890752e-05
2026-06-01 08:00:00,2.4105500000000006,0.0066833333333335965,2.40838454526881,-5.804355104814265e-05
2026-06-01 08:05:00,2.406333333333334,-0.004216666666666757,2.4082256518342118,-0.0001588934345981408
2026-06-01 08:10:00,2.404220338983051,-0.002112994350282893,2.4083684172947954,0.00014276546058351498
2026-06-01 08:15:00,2.4059,0.0016796610169489412,2.4088173973212856,0.0004489800264900797
2026-06-01 08:20:00,2.4063666666666674,0.00046666666666750345,2.4092030746006623,0.00038567727937668266
2026-06-01 08:25:00,2.4066166666666664,0.00024999999999897327,2.4060459878443363,-0.00032067882233091096
2026-06-01 08:30:00,2.4022666666666663,-0.004350000000000076,2.4062676957508,0.00022170790646328174
2026-06-01 08:35:00,2.401950000000001,-0.0003166666666651885,2.40675117269,0.00048347693919994844
2026-06-01 08:40:00,2.4067166666666666,0.0047666666666654756,2.4072379480415416,0.0004867753515416669
2026-06-01 08:45:00,2.405766666666667,-0.0009499999999995623,2.407581464134004,0.00034351609246278394
2026-06-01 08:50:00,2.406016666666667,0.00024999999999986144,2.407773212130516,0.000191747996511922
2026-06-01 08:55:00,2.406050847457628,3.418079096118021e-05,2.4079059239632974,0.00013271183278120864
2026-06-01 09:00:00,2.4062333333333332,0.00018248587570512953,2.4079218209622972,1.5896998999900935e-05
2026-06-01 09:05:00,2.4037999999999995,-0.0024333333333337315,2.4078305627402297,-9.125822206773337e-05
2026-06-01 09:10:00,2.4033500000000014,-0.00044999999999806306,2.4080354700077025,0.0002049072674728886
2026-06-01 09:15:00,2.400183333333333,-0.0031666666666683163,2.4040527625390045,0.0007027625390028185
2026-06-01 09:20:00,2.4021166666666676,0.0019333333333344527,2.404386167426736,0.00033340488773171424
2026-06-01 09:25:00,2.399016666666667,-0.003100000000000769,2.4045868487244384,0.00020068129770247446
2026-06-01 09:30:00,2.4027000000000007,0.003683333333333927,2.4050221461193235,0.00043529739488528757
2026-06-01 09:35:00,2.4013389830508474,-0.0013610169491533597,2.40559239644761,0.0005702503282862705
2026-06-01 09:40:00,2.4033166666666674,0.0019776836158200695,2.406143756408085,0.0005513599604750225
2026-06-01 09:45:00,2.404066666666667,0.0007499999999995843,2.4065483921260733,0.0004046357179883303
2026-06-01 09:50:00,2.397916666666667,-0.006149999999999878,2.406802708455534,0.00025431632946079343
2026-06-01 09:55:00,2.400083333333334,0.00216666666666665,2.4070030667942386,0.00020035833870448398
2026-06-01 10:00:00,2.4174666666666673,0.017383333333333528,2.407092237241549,8.917044731058445e-05
2026-06-01 10:05:00,2.3989500000000006,-0.018516666666666737,2.409374856556389,-0.008091810110278387
2026-06-01 10:10:00,2.3964333333333334,-0.0025166666666671667,2.408694876365073,-0.0006799801913158412
2026-06-01 10:15:00,2.396083333333334,-0.0003499999999996284,2.4092395056514992,0.0005446292864260148
2026-06-01 10:20:00,2.399338983050848,0.003255649717514242,2.4093958803004507,0.0001563746489517563
2026-06-01 10:25:00,2.397316666666667,-0.0020223163841808223,2.4094892634976772,9.33831972263471e-05
2026-06-01 10:30:00,2.397249999999999,-6.666666666799159e-05,2.4099117808429917,0.0004225173453147339
2026-06-01 10:35:00,2.397516666666667,0.00026666666666796957,2.410499307764614,0.0005875269216220697
2026-06-01 10:40:00,2.3949666666666665,-0.0025500000000007184,2.411076985772508,0.0005776780078940001
2026-06-01 10:45:00,2.3972833333333337,0.0023166666666671887,2.4115168569499423,0.00043987117743445747
2026-06-01 10:50:00,2.3938333333333337,-0.003449999999999953,2.4118224544355047,0.00030559748556216665
2026-06-01 10:55:00,2.3917499999999996,-0.002083333333334103,2.3942565041329025,0.0004231707995687156
2026-06-01 11:00:00,2.3958500000000007,0.004100000000001103,2.394288467638236,3.196350533348119e-05
2026-06-01 11:05:00,2.394389830508475,-0.0014601694915254981,2.394250574546693,-3.789309154284756e-05
2026-06-01 11:10:00,2.3919500000000005,-0.0024398305084747385,2.394547310014295,0.00029673546760186154
2026-06-01 11:15:00,2.389666666666666,-0.002283333333334525,2.3951440604726146,0.0005967504583197722
2026-06-01 11:20:00,2.3924499999999997,0.002783333333333804,2.395654618490246,0.0005105580176313569
2026-06-01 11:25:00,2.3971500000000003,0.004700000000000593,2.395982419833133,0.000327801342887104
2026-06-01 11:30:00,2.3961499999999996,-0.001000000000000778,2.3965120312476547,0.0005296114145217273
2026-06-01 11:35:00,2.3947166666666666,-0.0014333333333329534,2.3971723063704777,0.0006602751228228174
2026-06-01 11:40:00,2.3956333333333335,0.0009166666666668988,2.3978169114077392,0.0006446050372615284
2026-06-01 11:45:00,2.395616666666667,-1.6666666666331764e-05,2.395578219293442,-5.511403989150381e-05
2026-06-01 11:50:00,2.3922372881355933,-0.00337937853107384,2.3956017714131357,2.35521196937663e-05
2026-06-01 11:55:00,2.3898500000000005,-0.0023872881355928577,2.395823916705257,0.00022214529212117334
2026-06-01 12:00:00,2.3929833333333335,0.0031333333333329882,2.3960039226699354,0.00018000596467851416
2026-06-01 12:05:00,2.395633333333334,0.0026500000000004853,2.39608125142573,7.7328755794597e-05
2026-06-01 12:10:00,2.3952166666666677,-0.0004166666666662877,2.3964527300081246,0.0003714785823943899
2026-06-01 12:15:00,2.389933333333334,-0.005283333333333751,2.397108398168886,0.0006556681607618439
2026-06-01 12:20:00,2.3896833333333345,-0.00024999999999941735,2.397672111317975,0.0005637131490886852
2026-06-01 12:25:00,2.3918500000000003,0.002166666666665762,2.398046164802648,0.0003740534846730683
2026-06-01 12:30:00,2.3884,-0.003450000000000397,2.398610987513976,0.000564822711327984
2026-06-01 12:35:00,2.390559322033898,0.0021593220338980146,2.389689562799295,0.00128956279929499
2026-06-01 12:40:00,2.386850000000001,-0.0037093220338970667,2.390471472533287,0.000781909733991999
2026-06-01 12:45:00,2.3871166666666666,0.0002666666666657491,2.3910439254839826,0.0005724529506959283
2026-06-01 12:50:00,2.3847666666666667,-0.002349999999999852,2.391500922154864,0.0004569966708813379
2026-06-01 12:55:00,2.3885500000000004,0.003783333333333694,2.391938034640837,0.00043711248597299185
2026-06-01 13:00:00,2.3903666666666674,0.0018166666666670217,2.392260074669444,0.0003220400286068885
2026-06-01 13:05:00,2.387516666666667,-0.0028500000000004633,2.3924488569468414,0.00018878227739759336
2026-06-01 13:10:00,2.386866666666667,-0.0006499999999998174,2.392910162568809,0.00046130562196739476
2026-06-01 13:15:00,2.3857796610169495,-0.0010870056497176428,2.39364039903827,0.0007302364694608869
2026-06-01 13:20:00,2.388499999999999,0.002720338983049686,2.3942650543133803,0.0006246552751105136
2026-06-01 13:25:00,2.391633333333334,0.0031333333333347646,2.3883685775674346,-0.00013142243256448587
2026-06-01 13:30:00,2.3886999999999996,-0.0029333333333343425,2.3888185658929877,0.0004499883255528887
2026-06-01 13:35:00,2.3908,0.002100000000000435,2.389550122243011,0.0007315563500233173
2026-06-01 13:40:00,2.389700000000001,-0.0010999999999992127,2.3902748880729896,0.0007247658299785223
2026-06-01 13:45:00,2.3889,-0.0008000000000008001,2.3908572516876285,0.0005823636146389375
2026-06-01 13:50:00,2.3915833333333327,0.0026833333333327047,2.3913155785814335,0.0004583268938053457
2026-06-01 13:55:00,2.3935666666666657,0.001983333333333004,2.3917586804790743,0.00044310189764059467
2026-06-01 14:00:00,2.38406779661017,-0.009498870056495523,2.3921024972800677,0.0003438168009934265
2026-06-01 14:05:00,2.3827333333333334,-0.0013344632768368392,2.392321656347561,0.0002191590674932417
2026-06-01 14:10:00,2.384666666666668,0.0019333333333344527,2.392817674401515,0.0004960180539542758
2026-06-01 14:15:00,2.3863333333333334,0.001666666666665595,2.3871767001376987,0.002510033471030768
2026-06-01 14:20:00,2.3860000000000006,-0.00033333333333285253,2.388180679235915,0.0010039790982161048
2026-06-01 14:25:00,2.384366666666667,-0.0016333333333333755,2.3886767779912095,0.0004960987552947342
2026-06-01 14:30:00,2.3873833333333345,0.0030166666666673336,2.3893341937299426,0.0006574157387333287
2026-06-01 14:35:00,2.3867166666666666,-0.0006666666666679255,2.3901152187111787,0.000781024981235788
2026-06-01 14:40:00,2.3867457627118647,2.909604519807374e-05,2.390866964818651,0.0007517461074723742
2026-06-01 14:45:00,2.3872666666666675,0.0005209039548028649,2.3914741918912976,0.0006072270726467387
2026-06-01 14:50:00,2.3866500000000017,-0.0006166666666658216,2.391956463466263,0.00048227157496524647
2026-06-01 14:55:00,2.3845666666666667,-0.0020833333333349913,2.3924225972300595,0.00046613376379658845
2026-06-01 15:00:00,2.3858833333333327,0.0013166666666659665,2.3927912459410696,0.0003686487110102956
2026-06-01 15:05:00,2.385266666666667,-0.0006166666666658216,2.3861804620422973,0.0002971287089645562
2026-06-01 15:10:00,2.386683333333333,0.0014166666666661776,2.386595422712107,0.00041496066980967276
2026-06-01 15:15:00,2.3870500000000003,0.0003666666666672924,2.3873509917762483,0.0007555690641412594
2026-06-01 15:20:00,2.388033333333333,0.00098333333333267,2.3880046163016138,0.0006536245253656543
2026-06-01 15:25:00,2.3855254237288137,-0.0025079096045192983,2.388452867311367,0.0004482510097534431
2026-06-01 15:30:00,2.3843666666666667,-0.0011587570621469645,2.389056059555844,0.0006031922444764696
2026-06-01 15:35:00,2.3875999999999995,0.003233333333332755,2.3897978608652934,0.000741801309449825
2026-06-01 15:40:00,2.3876333333333335,3.3333333333995796e-05,2.3905256007788838,0.0007277399135903227
2026-06-01 15:45:00,2.3860333333333332,-0.0016000000000002679,2.3911182950681593,0.0005926942892756226
2026-06-01 15:50:00,2.388733333333333,0.0026999999999999247,2.3915884300618653,0.00047013499370576013
2026-06-01 15:55:00,2.3871500000000005,-0.0015833333333326038,2.3882425081018437,-0.0004908252314894705
2026-06-01 16:00:00,2.3890499999999997,0.0018999999999991246,2.3882494697759777,6.961674134092031e-06
2026-06-01 16:05:00,2.388416666666666,-0.0006333333333334856,2.38833958525211,9.011547613224348e-05
2026-06-01 16:10:00,2.3932033898305085,0.004786723163842321,2.388768166431688,0.0004285811795781242
2026-06-01 16:15:00,2.3852166666666674,-0.00798672316384108,2.3894978062412986,0.000729639809610556
2026-06-01 16:20:00,2.3961500000000004,0.010933333333333017,2.3901333076214515,0.0006355013801529736
2026-06-01 16:25:00,2.392266666666666,-0.003883333333334349,2.39057584914308,0.00044254152162841854
2026-06-01 16:30:00,2.3930500000000006,0.0007833333333344683,2.391157386860276,0.000581537717195852
2026-06-01 16:35:00,2.3951333333333342,0.002083333333333659,2.39187650209552,0.0007191152352442929
2026-06-01 16:40:00,2.3942333333333337,-0.000900000000000567,2.392579523836607,0.000703021741086771
2026-06-01 16:45:00,2.4029,0.008666666666666156,2.3938619809987807,-0.0003713523345529883
2026-06-01 16:50:00,3.1006969696969695,0.6977969696969697,2.3937641297364434,-9.785126233742966e-05
2026-06-01 16:55:00,1.8664,-1.2342969696969694,2.489972809066734,0.09620867933029073
2026-06-01 17:00:00,1.8314,-0.03500000000000014,2.500861886289714,0.010889077222979934
2026-06-01 17:05:00,1.7852000000000001,-0.0461999999999998,2.502654495351857,0.0017926090621430816
2026-06-01 17:10:00,1.8821999999999997,0.09699999999999953,2.5031094348264507,0.0004549394745934643
2026-06-01 17:15:00,2.1147,0.23250000000000037,2.5041699281190835,0.0010604932926331291
2026-06-01 17:20:00,2.1331999999999995,0.018499999999999517,2.5050635498211578,0.0008936217020743403
2026-06-01 17:25:00,2.1183,-0.01489999999999947,2.5056265236398905,0.000562973818732323
2026-06-01 17:30:00,2.1176000000000004,-0.0006999999999997009,2.5063031925601886,0.0006766689202985643
2026-06-01 17:35:00,2.1148999999999996,-0.002700000000000813,2.1027452676261973,-0.0148547323738031
2026-06-01 17:40:00,2.1111000000000004,-0.0037999999999991374,2.0972498525443393,-0.005495415081857998
2026-06-01 17:45:00,1.6756,-0.43550000000000044,2.091672643926891,-0.0055772086174483045
2026-06-01 17:50:00,1.7346000000000004,0.059000000000000385,2.0815194458442705,-0.010153198082620404
2026-06-01 17:55:00,2.0843999999999996,0.3497999999999992,2.074376032755875,-0.007143413088395724
2026-06-01 18:00:00,2.0749,-0.00949999999999962,2.0710911354051817,-0.0032848973506929024
2026-06-01 18:05:00,2.0773,0.0024000000000001798,2.0682109659401924,-0.002880169464989759
2026-06-01 18:10:00,2.0687,-0.008599999999999941,2.066612952274427,-0.0015980136657650875
2026-06-01 18:15:00,2.0632,-0.00550000000000006,2.066498461626509,-0.00011449064791779178
2026-06-01 18:20:00,2.0711,0.007899999999999796,2.0666270858207727,0.00012862419426356802
2026-06-01 18:25:00,2.0588,-0.012299999999999756,2.054781274571745,-0.016318725428254945
2026-06-01 18:30:00,2.0581000000000005,-0.0006999999999997009,2.047646851176925,-0.007134423394820015
2026-06-01 18:35:00,2.0445,-0.013600000000000279,2.042264263861109,-0.005382587315816024
2026-06-01 18:40:00,2.0385,-0.006000000000000227,2.0325916658704326,-0.00967259799067648
2026-06-01 18:45:00,2.0341,-0.0043999999999999595,2.023916448354583,-0.008675217515849312
2026-06-01 18:50:00,2.0378000000000003,0.0037000000000002586,2.018986688439561,-0.004929759915022379
2026-06-01 18:55:00,2.0447,0.006899999999999906,2.014780712040277,-0.004205976399283781
2026-06-01 19:00:00,2.0473000000000003,0.0026000000000001577,2.011500414575469,-0.0032802974648082407
2026-06-01 19:05:00,2.0411,-0.006200000000000205,2.0099404206405116,-0.0015599939349573812
2026-06-01 19:10:00,2.041375000000001,0.00027500000000069136,2.0094829664758014,-0.000457454164710178
2026-06-01 19:15:00,2.040716666666668,-0.0006583333333329833,2.0422856346330587,0.0009106346330580651
2026-06-01 19:20:00,2.0364500000000003,-0.004266666666667529,2.042947549682228,0.000661915049169125
2026-06-01 19:25:00,2.0404500000000008,0.004000000000000448,2.043205259618078,0.0002577099358501774
2026-06-01 19:30:00,2.0378,-0.0026500000000009294,2.043567957730843,0.00036269811276466664
2026-06-01 19:35:00,2.0414000000000008,0.003600000000000936,2.0440851146060584,0.0005171568752155543
2026-06-01 19:40:00,2.0410500000000007,-0.0003500000000000725,2.0445560044608144,0.00047088985475621464
2026-06-01 19:45:00,2.0404576271186445,-0.0005923728813561624,2.0448536281142453,0.00029762365343051337
2026-06-01 19:50:00,2.0362166666666672,-0.004240960451977305,2.0450160035736524,0.0001623754594073358
2026-06-01 19:55:00,2.0423999999999998,0.006183333333332541,2.0451772481550834,0.0001612445814307507
2026-06-01 20:00:00,2.0396500000000004,-0.002749999999999364,2.045244662964769,6.741480968605491e-05
2026-06-01 20:05:00,2.0430000000000006,0.003350000000000186,2.0383639332737262,-0.0012860667262743109
2026-06-01 20:10:00,2.0427500000000003,-0.00025000000000030553,2.0382415331343,-0.00012240013942603565
2026-06-01 20:15:00,2.0439166666666675,0.0011666666666672043,2.038614159315395,0.0003726261810950834
2026-06-01 20:20:00,2.0406101694915257,-0.003306497175141754,2.038920634594141,0.0003064752787455577
2026-06-01 20:25:00,2.0349500000000007,-0.005660169491525036,2.039083189375451,0.00016255478131035542
2026-06-01 20:30:00,2.0367833333333336,0.0018333333333329094,2.0394161780900206,0.0003329887145697191
2026-06-01 20:35:00,2.0336666666666674,-0.0031166666666662124,2.03990751304513,0.0004913349551089876
2026-06-01 20:40:00,2.0345500000000003,0.000883333333332903,2.04037503466927,0.00046752162414021877
2026-06-01 20:45:00,2.0359333333333343,0.0013833333333339581,2.0406865173092816,0.0003114826400117227
2026-06-01 20:50:00,2.0390338983050857,0.003100564971751485,2.0408525654349186,0.00016604812563665344
2026-06-01 20:55:00,2.0334333333333334,-0.00560056497175232,2.0364046423597775,-0.0026292559453082206
2026-06-01 21:00:00,2.032916666666666,-0.0005166666666673869,2.0354699888901364,-0.0009346534696410919
2026-06-01 21:05:00,2.0335333333333336,0.000616666666667598,2.0348998498832,-0.0005701390069364686
2026-06-01 21:10:00,2.0375000000000005,0.003966666666666896,2.0348086066014632,-9.124328173667146e-05
2026-06-01 21:15:00,2.0401333333333334,0.0026333333333328213,2.035189231510764,0.00038062490930035564
2026-06-01 21:20:00,2.0399333333333334,-0.00019999999999997797,2.0355599407859755,0.00037070927521174173
2026-06-01 21:25:00,1.9957333333333327,-0.04420000000000068,2.0357701340807073,0.00021019329473179183
2026-06-01 21:30:00,1.995864406779661,0.0001310734463282337,2.036115429478879,0.00034529539817164807
2026-06-01 21:35:00,2.011600000000001,0.015735593220340016,2.0365999819355047,0.00048455245662569376
2026-06-01 21:40:00,2.01385,0.002249999999999197,2.0370578164257607,0.00045783449025607565
2026-06-01 21:45:00,1.9807999999999997,-0.03305000000000047,2.011037646768845,-0.002812353231155138
2026-06-01 21:50:00,1.9843,0.0035000000000002807,2.0122029691362475,0.0011653223674023222
2026-06-01 21:55:00,1.984516666666667,0.00021666666666697587,2.012503291889892,0.0003003227536444979
2026-06-01 22:00:00,1.9853833333333335,0.0008666666666665712,2.012257738721424,-0.0002455531684676919
2026-06-01 22:05:00,1.9902333333333329,0.004849999999999355,2.012013505877964,-0.0002442328434603339
2026-06-01 22:10:00,2.0828833333333328,0.0926499999999999,2.012147189037633,0.00013368315966907224
2026-06-01 22:15:00,2.0876610169491516,0.004777683615818873,2.0126041851985326,0.0004569961608994835
2026-06-01 22:20:00,2.0826999999999996,-0.004961016949152075,2.012988848476753,0.0003846632782204001
2026-06-01 22:25:00,2.0789499999999994,-0.003750000000000142,2.0131942672521834,0.00020541877543075153
2026-06-01 22:30:00,2.082966666666666,0.004016666666666779,2.0135154305839658,0.00032116333178210815
2026-06-01 22:35:00,2.0882833333333326,0.005316666666666414,2.0649388432055966,-0.018027823461069525
2026-06-01 22:40:00,2.0207833333333327,-0.0674999999999999,2.056110667329518,-0.008828175876078334
2026-06-01 22:45:00,1.949833333333333,-0.07094999999999962,2.0495166468237787,-0.006594020505739665
2026-06-01 22:50:00,1.9556440677966094,0.00581073446327629,2.0393953689321567,-0.01012127789162211
2026-06-01 22:55:00,1.947183333333333,-0.008460734463276331,2.0297536310001227,-0.009641737932033776
2026-06-01 23:00:00,1.9474499999999995,0.00026666666666641525,2.024085777594318,-0.00566785340580481
2026-06-01 23:05:00,1.9516333333333336,0.004183333333334094,2.020006585852222,-0.004079191742096337
2026-06-01 23:10:00,1.9590333333333325,0.007399999999998963,2.0172977773669842,-0.002708808485237252
2026-06-01 23:15:00,1.9704666666666661,0.011433333333333628,2.016146411457008,-0.0011513659099765198
2026-06-01 23:20:00,1.974033333333333,0.00356666666666694,2.01552034531311,-0.0006260661438976855
2026-06-01 23:25:00,1.9798983050847456,0.00586497175141254,1.96783654294982,-0.006196790383513103
2026-06-01 23:30:00,1.9838928571428573,0.003994552058111722,1.9666414542502344,-0.0011950886995855702
2026-06-01 23:35:00,1.985783333333333,0.001890476190475665,1.9667471728279942,0.00010571857775979238
2026-06-01 23:40:00,1.9841166666666663,-0.0016666666666667052,1.9667122970372528,-3.487579074132453e-05
2026-06-01 23:45:00,1.985816666666666,0.0016999999999995907,1.9667326142858135,2.0317248560536074e-05
2026-06-01 23:50:00,1.984566666666666,-0.0012499999999999734,1.9667381742688654,5.559983051949555e-06
2026-06-01 23:55:00,1.9853999999999996,0.0008333333333336856,1.966732549223001,-5.625045864453065e-06
2026-06-02 00:00:00,1.9862166666666667,0.0008166666666671318,1.9666263181555488,-0.0001062310674520414
2026-06-02 00:05:00,1.978783333333333,-0.007433333333333847,1.9664215966448895,-0.00020472151065951169
2026-06-02 00:10:00,1.9803333333333326,0.0015499999999997183,1.9665298641353886,0.00010826749049927593
2026-06-02 00:15:00,1.9803898305084744,5.6497175141778655e-05,1.9840567768773703,0.0037234435440375376
2026-06-02 00:20:00,1.9763666666666666,-0.004023163841807786,1.984821906570871,0.0007651296935009207
2026-06-02 00:25:00,1.9771333333333325,0.0007666666666659161,1.9850200811236698,0.00019817455279874904
2026-06-02 00:30:00,1.973766666666666,-0.003366666666666518,1.9853762753951576,0.00035619427148776727
2026-06-02 00:35:00,1.977566666666666,0.0038000000000000256,1.985822132936372,0.0004458575412145827
2026-06-02 00:40:00,2.0726999999999984,0.0951333333333324,1.9862097401584748,0.0003876072221027707
2026-06-02 00:45:00,2.0722666666666667,-0.0004333333333317313,1.9864312999772968,0.000221559818821887
2026-06-02 00:50:00,1.994033333333333,-0.0782333333333336,1.9864892091934305,5.7909216133749885e-05
2026-06-02 00:55:00,2.025016949152543,0.030983615819210053,1.9864874218933206,-1.7873001098678125e-06
2026-06-02 01:00:00,2.017233333333333,-0.007783615819210166,1.9863747237787022,-0.00011269811461845403
2026-06-02 01:05:00,2.0061333333333335,-0.011099999999999444,2.009785080247574,-0.0074482530857589505
2026-06-02 01:10:00,1.9989000000000003,-0.007233333333333203,2.0124397953103017,0.00265471506272788
2026-06-02 01:15:00,1.9384500000000002,-0.060450000000000115,2.0121107636019837,-0.0003290317083183856
2026-06-02 01:20:00,1.8947666666666676,-0.04368333333333263,2.0100638055004536,-0.002046958101529733
2026-06-02 01:25:00,1.943583333333333,0.0488166666666654,2.009263119674062,-0.0008006858263916516
2026-06-02 01:30:00,2.01065,0.06706666666666705,2.008569586760086,-0.0006935329139764225
2026-06-02 01:35:00,1.9565423728813558,-0.05410762711864425,2.007522763580606,-0.0010468231794796042
2026-06-02 01:40:00,1.867916666666666,-0.08862570621468979,2.0064115997952277,-0.0011111637853786695
2026-06-02 01:45:00,1.8586833333333321,-0.00923333333333387,2.005378707314458,-0.001032892480769426
2026-06-02 01:50:00,1.8628833333333332,0.004200000000001092,2.0044864411251715,-0.0008922661892865478
2026-06-02 01:55:00,1.8819166666666665,0.019033333333333236,1.87444357046255,0.011560237129216734
2026-06-02 02:00:00,1.8766833333333328,-0.005233333333333645,1.8746026696730653,0.0001590992105152696
2026-06-02 02:05:00,1.8390333333333329,-0.03764999999999996,1.8742481794274193,-0.00035449024564587533
2026-06-02 02:10:00,1.831599999999999,-0.007433333333333847,1.874532569579994,0.0002843901525744953
2026-06-02 02:15:00,1.8265454545454538,-0.005054545454545201,1.8749872624959125,0.00045469291591873287
2026-06-02 02:20:00,1.8179166666666673,-0.008628787878786515,1.875263855792179,0.0002765932962663783
2026-06-02 02:25:00,1.6258166666666667,-0.1921000000000006,1.8752838548513613,1.9999059182437023e-05
2026-06-02 02:30:00,1.6339666666666663,0.008149999999999658,1.875351626872063,6.777202070160884e-05
2026-06-02 02:35:00,1.6387,0.0047333333333337,1.875448884640439,9.725776837597502e-05
2026-06-02 02:40:00,1.6299333333333335,-0.00876666666666659,1.8754432119218023,-5.6727186367421645e-06
2026-06-02 02:45:00,1.6182999999999998,-0.011633333333333606,1.641262711528255,0.011329378194921535
2026-06-02 02:50:00,1.6304067796610173,0.012106779661017475,1.6424679773287847,0.0012052658005297545
2026-06-02 02:55:00,2.391366666666667,0.7609598870056495,1.6427323263535085,0.00026434902472379114
2026-06-02 03:00:00,2.371,-0.020366666666666866,1.6428514228206024,0.00011909646709382716
2026-06-02 03:05:00,2.363116666666666,-0.007883333333333908,1.6426725342921877,-0.00017888852841455429
2026-06-02 03:10:00,2.3607,-0.0024166666666660674,1.6427368202879682,6.428599578038095e-05
2026-06-02 03:15:00,2.3619333333333334,0.0012333333333334195,1.6430897954751644,0.00035297518719616184
2026-06-02 03:20:00,2.3646333333333343,0.002700000000000813,1.643349996463038,0.000260200987873755
2026-06-02 03:25:00,2.3573666666666666,-0.007266666666667643,1.6433988937086077,4.8897245569543056e-05
2026-06-02 03:30:00,2.3520847457627116,-0.005281920903954962,1.6435448995878703,0.0001460058792627164
2026-06-02 03:35:00,2.3465666666666665,-0.005518079096045181,2.3559001699372177,0.003815424174505909
2026-06-02 03:40:00,2.350933333333333,0.004366666666666408,2.3561144634672275,0.0002142935300100211
2026-06-02 03:45:00,2.348533333333333,-0.0023999999999997357,2.355853602053583,-0.00026086141364446306
2026-06-02 03:50:00,2.348433333333333,-0.00010000000000021103,2.3558594116995546,5.80964597151487e-06
2026-06-02 03:55:00,2.349649999999999,0.0012166666666661996,2.355683934276771,-0.00017547742278368854
2026-06-02 04:00:00,2.3531666666666666,0.0035166666666675006,2.355372427315209,-0.0003115069615617974
2026-06-02 04:05:00,2.342933333333333,-0.01023333333333376,2.3549921852370277,-0.00038024207818129866
2026-06-02 04:10:00,2.345166666666666,0.0022333333333333094,2.3549561005477777,-3.6084689250262e-05
2026-06-02 04:15:00,2.3456271186440674,0.00046045197740118837,2.3552227623791815,0.0002666618314036953
2026-06-02 04:20:00,2.3513,0.005672881355932802,2.3553494622468887,0.0001266998677074805
2026-06-02 04:25:00,2.343433333333333,-0.007866666666667133,2.3482162148966697,-0.0030837851033306534
2026-06-02 04:30:00,2.3450666666666664,0.0016333333333333755,2.34815625910875,-5.995578791939152e-05
2026-06-02 04:35:00,2.2974999999999994,-0.04756666666666698,2.3484563012025728,0.0003000420938227403
2026-06-02 04:40:00,2.2516333333333334,-0.045866666666666056,2.348585228882894,0.00012892768032107398
2026-06-02 04:45:00,2.248516666666667,-0.0031166666666662124,2.3486327134941662,4.74846112721693e-05
2026-06-02 04:50:00,2.2453389830508477,-0.003177683615819493,2.3485780817218376,-5.463177232863671e-05
2026-06-02 04:55:00,2.2405666666666666,-0.0047723163841810745,2.3484943283008937,-8.375342094366996e-05
2026-06-02 05:00:00,2.2374166666666664,-0.003150000000000208,2.348310868060482,-0.00018346024041203374
2026-06-02 05:05:00,2.065683333333334,-0.17173333333333218,2.3480364043758715,-0.00027446368461048654
2026-06-02 05:10:00,2.0242000000000004,-0.04148333333333376,2.348077839323596,4.143494772454833e-05
2026-06-02 05:15:00,2.0197500000000006,-0.004449999999999843,2.0634921041443515,0.039292104144351074
2026-06-02 05:20:00,2.0153499999999998,-0.004400000000000848,2.0630700703865394,-0.0004220337578119614
2026-06-02 05:25:00,2.0084,-0.00694999999999979,2.061602247749471,-0.0014678226370685734
2026-06-02 05:30:00,1.9997,-0.00869999999999993,2.069096434475178,0.007494186725707255
2026-06-02 05:35:00,1.99571186440678,-0.003988135593220088,2.0704583708880975,0.0013619364129192923
2026-06-02 05:40:00,2.011333333333333,0.015621468926553028,2.071630250970508,0.0011718800824104736
2026-06-02 05:45:00,2.0048500000000002,-0.00648333333333273,2.0738007761725874,0.002170525202079325
2026-06-02 05:50:00,1.976849999999999,-0.028000000000001135,2.0749775279960145,0.001176751823427295
2026-06-02 05:55:00,1.9594166666666666,-0.017433333333332524,2.075721396274581,0.000743868278566182
2026-06-02 06:00:00,1.957783333333333,-0.0016333333333335975,2.076158724789856,0.0004373285152750746
2026-06-02 06:05:00,1.9513333333333331,-0.006449999999999845,1.9791717319821123,0.021388398648779276
2026-06-02 06:10:00,1.9343999999999997,-0.016933333333333467,1.9797403415344672,0.0005686095523548771
2026-06-02 06:15:00,1.9289999999999998,-0.005399999999999849,1.9802945435122554,0.0005542019777882504
2026-06-02 06:20:00,1.9256333333333338,-0.003366666666666074,1.9814044020322152,0.0011098585199598942
2026-06-02 06:25:00,1.921483333333334,-0.004149999999999654,1.9818435134885481,0.00043911145633290555
2026-06-02 06:30:00,1.918266666666667,-0.0032166666666670896,1.9822760899722385,0.0004325764836901848
2026-06-02 06:35:00,1.9095333333333337,-0.00873333333333326,1.9828133979919051,0.0005373080196668806
2026-06-02 06:40:00,1.9072333333333338,-0.0022999999999999687,1.9833146952845913,0.0005012972926859284
2026-06-02 06:45:00,1.9075500000000005,0.0003166666666667428,1.983645916581142,0.00033122129655069576
2026-06-02 06:50:00,1.903650000000001,-0.0038999999999995705,1.9837989921693562,0.00015307558821436813
2026-06-02 06:55:00,1.9448833333333335,0.04123333333333257,1.9153244632779192,0.011674463277918226
2026-06-02 07:00:00,1.9840508474576273,0.039167514124293756,1.9167915599398988,0.0014670966619797004
2026-06-02 07:05:00,1.9625666666666672,-0.02148418079096004,1.9170530548169347,0.0002614948770358869
2026-06-02 07:10:00,1.9568999999999999,-0.005666666666667375,1.9173751245231287,0.00032206970619390936
2026-06-02 07:15:00,1.9549833333333337,-0.0019166666666661225,1.9178818030593794,0.000506678536250772
2026-06-02 07:20:00,1.955466666666667,0.0004833333333331691,1.9182629798250828,0.00038117676570333873
2026-06-02 07:25:00,1.9512833333333326,-0.004183333333334316,1.9184512381612793,0.00018825833619650468
2026-06-02 07:30:00,1.9494166666666657,-0.0018666666666669052,1.9188027572593844,0.00035151909810523634
2026-06-02 07:35:00,1.947666666666666,-0.0017499999999996962,1.9192735362046154,0.0004707789452307754
2026-06-02 07:40:00,1.94857627118644,0.0009096045197740654,1.9197214981294906,0.0004479619248752408
2026-06-02 07:45:00,1.94325,-0.005326271186440135,1.9507328166018236,0.002156545415383645
2026-06-02 07:50:00,1.9405999999999999,-0.002650000000000041,1.9511524205591482,0.000419603957324532
2026-06-02 07:55:00,1.9394500000000001,-0.0011499999999997623,1.9512925631210598,0.00014014256191146641
2026-06-02 08:00:00,1.9381166666666672,-0.0013333333333329644,1.9512375654302292,-5.499769083044938e-05
2026-06-02 08:05:00,1.9206000000000005,-0.017516666666666625,1.9510061348356555,-0.00023143059457363102
2026-06-02 08:10:00,1.9188833333333337,-0.0017166666666668107,1.9510889727909926,8.283795533700694e-05
2026-06-02 08:15:00,1.9202333333333341,0.0013500000000004064,1.9514963636623706,0.0004073908713780254
2026-06-02 08:20:00,1.919915254237289,-0.00031807909604508744,1.951824929920427,0.00032856625805647725
2026-06-02 08:25:00,1.9760999999999995,0.056184745762710486,1.9519540194140774,0.00012908949365020961
2026-06-02 08:30:00,2.098216666666666,0.12211666666666665,1.9522520589587684,0.0002980395446910999
2026-06-02 08:35:00,2.0940166666666653,-0.00420000000000087,2.060731229017102,-0.03748543764956415
2026-06-02 08:40:00,2.0927166666666657,-0.0012999999999996348,2.0389325935456295,-0.021798635471472438
2026-06-02 08:45:00,2.092383333333333,-0.00033333333333285253,2.027404417451778,-0.011528176093851565
2026-06-02 08:50:00,2.0870499999999996,-0.00533333333333319,2.0145150606759845,-0.01288935677579368
2026-06-02 08:55:00,2.0841355932203385,-0.0029144067796611495,1.9986152956273173,-0.01589976504866707
2026-06-02 09:00:00,2.076249999999999,-0.007885593220339437,1.9862801564973478,-0.012335139129969473
2026-06-02 09:05:00,2.072533333333334,-0.003716666666665258,1.9783333685076725,-0.007946787989675245
2026-06-02 09:10:00,2.0710166666666656,-0.001516666666668165,1.9733386607780414,-0.004994707729631153
2026-06-02 09:15:00,2.0672,-0.003816666666665469,1.9705492077030775,-0.0027894530749638722
2026-06-02 09:20:00,2.033616666666667,-0.033583333333333076,1.9691051056943205,-0.0014441020087570264
2026-06-02 09:25:00,2.006866666666667,-0.026750000000000274,2.044186015411091,0.010569348744423612
2026-06-02 09:30:00,1.9908813559322036,-0.015985310734463187,2.042666021751208,-0.001519993659882502
2026-06-02 09:35:00,1.939733333333335,-0.051148022598868526,2.0346781765691557,-0.007987845182052637
2026-06-02 09:40:00,1.8882166666666662,-0.051516666666668876,2.0394428246783884,0.004764648109232966
2026-06-02 09:45:00,1.854233333333333,-0.033983333333333254,2.038675161569157,-0.000767663109231213
2026-06-02 09:50:00,1.8348166666666665,-0.019416666666666416,2.034167196926593,-0.004507964642564217
2026-06-02 09:55:00,1.8195333333333328,-0.01528333333333376,2.0361243485529426,0.001957151626349547
2026-06-02 10:00:00,1.8122833333333344,-0.007249999999998424,2.036279674036146,0.00015532548320338285
2026-06-02 10:05:00,1.8011333333333335,-0.011150000000000881,2.0353906850378753,-0.0008889889982704482
2026-06-02 10:10:00,1.790866666666667,-0.010266666666666424,2.035821568787072,0.0004308837491965192
2026-06-02 10:15:00,1.7861525423728812,-0.004714124293785815,1.822495607132887,0.031628940466219925
2026-06-02 10:20:00,1.7817000000000007,-0.004452542372880508,1.8225802145044407,8.460737155375377e-05
2026-06-02 10:25:00,1.7708333333333333,-0.010866666666667468,1.8224140352898004,-0.00016617921464033683
2026-06-02 10:30:00,1.7724666666666669,0.0016333333333335975,1.827040410249202,0.004626374959401653
2026-06-02 10:35:00,1.766316666666667,-0.006149999999999878,1.8289279151505056,0.0018875049013034712
2026-06-02 10:40:00,1.7666000000000002,0.0002833333333331911,1.8305900580872403,0.001662142936734853
2026-06-02 10:45:00,1.7668666666666673,0.0002666666666670814,1.8325095891927188,0.0019195311054783007
2026-06-02 10:50:00,1.7670000000000006,0.00013333333333331865,1.834012093464578,0.0015025042718593412
2026-06-02 10:55:00,1.766566666666667,-0.00043333333333350765,1.8352017139503383,0.001189620485760328
2026-06-02 11:00:00,1.7672203389830512,0.0006536723163841351,1.8360311838390315,0.0008294698886932793
2026-06-02 11:05:00,1.768783333333334,0.0015629943502828425,1.7728204890682242,0.005600150085172997
2026-06-02 11:10:00,1.7694833333333337,0.0006999999999997009,1.77475255810798,0.0019320690397557935
2026-06-02 11:15:00,1.7669666666666661,-0.0025166666666676107,1.7757322498792012,0.0009796917712213168
2026-06-02 11:20:00,1.7638166666666673,-0.003149999999998876,1.776323788757402,0.0005915388782006881
2026-06-02 11:25:00,1.7657166666666673,0.0019000000000000128,1.7766604233652301,0.0003366346078280071
2026-06-02 11:30:00,1.7645833333333338,-0.0011333333333334306,1.7771772771942806,0.0005168538290505573
2026-06-02 11:35:00,1.7604166666666672,-0.004166666666666652,1.7778131938022934,0.0006359166080129305
2026-06-02 11:40:00,1.7564576271186443,-0.003959039548022902,1.7784273779331505,0.0006141841308571427
2026-06-02 11:45:00,1.7545666666666668,-0.0018909604519774525,1.7789022424386416,0.0004748645054909675
2026-06-02 11:50:00,1.740716666666667,-0.013849999999999918,1.7792536383156305,0.0003513958769889434
2026-06-02 11:55:00,1.741466666666666,0.0007499999999991402,1.7563008414894226,0.015584174822755575
2026-06-02 12:00:00,1.7398,-0.001666666666666039,1.75788254203167,0.001581700542247424
2026-06-02 12:05:00,1.7378166666666663,-0.00198333333333367,1.7583691495402065,0.00048660750853651635
2026-06-02 12:10:00,1.733830508474576,-0.003986158192090361,1.7592507945130098,0.0008816449728032765
2026-06-02 12:15:00,1.7266000000000001,-0.0072305084745758474,1.7601710860496027,0.0009202915365929449
2026-06-02 12:20:00,1.7264000000000002,-0.00019999999999997797,1.7608596383276194,0.0006885522780167582
2026-06-02 12:25:00,1.716783333333333,-0.00961666666666705,1.7613015983775349,0.0004419600499154544
2026-06-02 12:30:00,1.7192833333333328,0.0024999999999997247,1.7619311164227807,0.0006295180452457058
2026-06-02 12:35:00,1.7167499999999996,-0.0025333333333332764,1.762695758459954,0.0007646420371735252
2026-06-02 12:40:00,1.7200508474576266,0.003300847457627043,1.7634452438905808,0.0007494854306267477
2026-06-02 12:45:00,1.7176499999999997,-0.00240084745762692,1.7231516598832615,0.00310081242563479
2026-06-02 12:50:00,1.7184666666666664,0.0008166666666666877,1.7243465088856862,0.0011948490024247579
2026-06-02 12:55:00,1.7133333333333332,-0.005133333333333212,1.724972341924126,0.0006258330384400345
2026-06-02 13:00:00,1.7203499999999996,0.007016666666666449,1.7253926467371048,0.00042030481297853647
2026-06-02 13:05:00,1.7205999999999995,0.00024999999999986144,1.7255898400996577,0.00019719336255289148
2026-06-02 13:10:00,1.7167966101694905,-0.0038033898305089853,1.7260270217717573,0.00043718167209974947
2026-06-02 13:15:00,1.7178833333333325,0.0010867231638420627,1.7267245141852587,0.0006974924135014449
2026-06-02 13:20:00,1.713749999999999,-0.004133333333333544,1.7273114033378962,0.000586889152637523
2026-06-02 13:25:00,1.7196666666666665,0.005916666666667458,1.7276957566500404,0.00038435331214410856
2026-06-02 13:30:00,1.7169499999999986,-0.0027166666666678108,1.7282619520572167,0.0005661954071761853
2026-06-02 13:35:00,1.7188499999999998,0.001900000000001123,1.7181459458868615,0.0011959458868630013
2026-06-02 13:40:00,1.7164745762711855,-0.0023754237288142743,1.7187736646163785,0.0006277187295167943
2026-06-02 13:45:00,1.7132166666666664,-0.0032579096045191047,1.7193141699502026,0.0005405053338241979
2026-06-02 13:50:00,1.7153999999999987,0.0021833333333323157,1.7197627610959438,0.000448591145741129
2026-06-02 13:55:00,1.7114499999999997,-0.00394999999999901,1.720216772180814,0.0004540110848702214
2026-06-02 14:00:00,1.711649999999999,0.00019999999999931184,1.7205646254943487,0.00034785331353474284
2026-06-02 14:05:00,1.7097166666666654,-0.0019333333333335645,1.720769485582646,0.00020486008829731216
2026-06-02 14:10:00,1.7103728813559322,0.0006562146892667986,1.7212487899718059,0.0004793043891597056
2026-06-02 14:15:00,1.710299999999999,-7.288135593319645e-05,1.721996033974841,0.0007472440030353457
2026-06-02 14:20:00,1.7101333333333324,-0.0001666666666666483,1.7226288420180331,0.0006328080431920258
2026-06-02 14:25:00,1.7076666666666662,-0.002466666666666173,1.710749300834482,0.0006159675011497164
2026-06-02 14:30:00,1.6781500000000007,-0.029516666666665525,1.711225805245877,0.000476504411394962
2026-06-02 14:35:00,1.6622166666666667,-0.01593333333333402,1.7119067427483332,0.000680937502456143
2026-06-02 14:40:00,1.6634406779661015,0.0012240112994348351,1.7126062627519585,0.0006995200036253328
2026-06-02 14:45:00,1.6691333333333342,0.005692655367232735,1.7131579861544548,0.0005517234024963311
2026-06-02 14:50:00,1.6681166666666665,-0.001016666666667776,1.71359165803153,0.00043367187707511626
2026-06-02 14:55:00,1.6686166666666673,0.0005000000000008331,1.7140339324455607,0.0004422744140306042
2026-06-02 15:00:00,1.67345,0.004833333333332801,1.7143830089618015,0.00034907651624089804
2026-06-02 15:05:00,1.668683333333333,-0.00476666666666703,1.7146014519451118,0.00021844298331034017
2026-06-02 15:10:00,1.666779661016949,-0.0019036723163841085,1.7151004780425896,0.0004990260974776935
2026-06-02 15:15:00,1.6671833333333343,0.0004036723163853839,1.6714400103673461,0.004660349350397187
2026-06-02 15:20:00,1.6664,-0.0007833333333342463,1.6726567528412148,0.001216742473868673
2026-06-02 15:25:00,1.6654499999999997,-0.0009500000000004505,1.6730096754876211,0.00035292264640636163
2026-06-02 15:30:00,1.6708333333333338,0.005383333333334184,1.6736821293170498,0.0006724538294286974
2026-06-02 15:35:00,1.6670666666666674,-0.003766666666666474,1.674473588547588,0.0007914592305383153
2026-06-02 15:40:00,1.6659833333333338,-0.001083333333333547,1.6751983687889032,0.000724780241314908
2026-06-02 15:45:00,1.657084745762713,-0.008898587570620897,1.6757621223280532,0.0005637535391500428
2026-06-02 15:50:00,1.6563500000000002,-0.0007347457627127074,1.6762059122725084,0.0004437899444551524
2026-06-02 15:55:00,1.6260666666666668,-0.03028333333333344,1.676650940547403,0.0004450282748948228
2026-06-02 16:00:00,1.6276500000000003,0.001583333333333492,1.6770030875018054,0.0003521469544023564
2026-06-02 16:05:00,1.631633333333334,0.003983333333333672,1.6443133234323402,0.016663323432339817
2026-06-02 16:10:00,1.6355000000000002,0.003866666666666241,1.6459161858442772,0.0016028624119371858
2026-06-02 16:15:00,1.6300833333333342,-0.005416666666665959,1.6465979088449139,0.0006817230006366815
2026-06-02 16:20:00,1.6310500000000003,0.0009666666666661161,1.647536085967487,0.000938177122573177
2026-06-02 16:25:00,1.630933333333334,-0.00011666666666632075,1.648125685963143,0.0005895999956558914
2026-06-02 16:30:00,1.634,0.003066666666665885,1.6487582617899952,0.0006325758268521157
2026-06-02 16:35:00,1.6375932203389836,0.0035932203389836825,1.6495009394672477,0.0007426776772525065
2026-06-02 16:40:00,1.6396833333333334,0.002090112994349802,1.6502222152458794,0.0007212757786318107
2026-06-02 16:45:00,1.6408666666666671,0.0011833333333337581,1.6508060596130112,0.0005838443671317334
2026-06-02 16:50:00,1.6404500000000006,-0.00041666666666650976,1.651264701166405,0.00045864155339371554
2026-06-02 16:55:00,1.642233333333333,0.0017833333333323598,1.640109200281523,-0.00034079971847769756
2026-06-02 17:00:00,1.6412999999999995,-0.0009333333333334526,1.6399792409344327,-0.00012995934709026936
2026-06-02 17:05:00,1.639833333333334,-0.001466666666665617,1.6400039531292379,2.4712194805283832e-05
2026-06-02 17:10:00,1.64345,0.0036166666666661573,1.6403973812878958,0.0003934281586579183
2026-06-02 17:15:00,1.6413166666666674,-0.0021333333333326543,1.6411013541279202,0.000703972840024438
2026-06-02 17:20:00,1.6405166666666673,-0.0008000000000001339,1.6417172842743386,0.000615930146418258
2026-06-02 17:25:00,1.6371333333333333,-0.00338333333333396,1.6421407654440663,0.0004234811697277364
2026-06-02 17:30:00,1.6297999999999997,-0.007333333333333636,1.6426833572344526,0.0005425917903863737
2026-06-02 17:35:00,1.6147288135593216,-0.015071186440678064,1.6433597369633126,0.0006763797288600247
2026-06-02 17:40:00,1.6099333333333334,-0.004795480225988191,1.6440182219823043,0.0006584850189915193
2026-06-02 17:45:00,1.6067499999999995,-0.003183333333333982,1.6237346544114286,0.013801321078095214
2026-06-02 17:50:00,1.5864333333333334,-0.020316666666666094,1.6253185434639146,0.0015838890524859474
2026-06-02 17:55:00,1.5829499999999994,-0.003483333333333949,1.6259348794454633,0.0006163359815487472
2026-06-02 18:00:00,1.579616666666667,-0.003333333333332522,1.6266317452224317,0.0006968657769684595
2026-06-02 18:05:00,1.5804333333333331,0.0008166666666662437,1.6270039508132446,0.0003722055908128109
2026-06-02 18:10:00,1.5793666666666661,-0.0010666666666669933,1.6275660241900207,0.0005620733767760318
2026-06-02 18:15:00,1.5833559322033897,0.003989265536723519,1.628369469934669,0.0008034457446482342
2026-06-02 18:20:00,1.5829999999999997,-0.00035593220338991927,1.6290426871806671,0.0006732172459982749
2026-06-02 18:25:00,1.57885,-0.004149999999999654,1.6294931002216881,0.00045041304102108295
2026-06-02 18:30:00,1.6027666666666665,0.023916666666666364,1.6300375904269921,0.0005444902053039727
2026-06-02 18:35:00,1.6103333333333332,0.0075666666666667215,1.5896055516778782,-0.01316111498878823
2026-06-02 18:40:00,1.5957499999999998,-0.014583333333333393,1.589643767632728,3.821595484964965e-05
2026-06-02 18:45:00,1.5719833333333326,-0.023766666666667158,1.5904067830878699,0.0007630154551419504
2026-06-02 18:50:00,1.5743833333333328,0.0024000000000001798,1.5892488569682985,-0.001157926119571252
2026-06-02 18:55:00,1.54593220338983,-0.02845112994350285,1.5890422011980387,-0.00020665577025991762
2026-06-02 19:00:00,1.857916666666666,0.31198446327683604,1.5892506898515155,0.00020848865347682113
2026-06-02 19:05:00,1.8342166666666668,-0.023699999999999166,1.5892827106663474,3.2020814831877666e-05
2026-06-02 19:10:00,1.824949999999999,-0.009266666666667867,1.5896028744174466,0.0003201637510992069
2026-06-02 19:15:00,1.8179000000000007,-0.007049999999998224,1.5902227765302561,0.0006199021128096303
2026-06-02 19:20:00,1.8154499999999996,-0.0024500000000011735,1.5907528378920202,0.0005300613617639578
2026-06-02 19:25:00,1.808766666666667,-0.006683333333332486,1.8293354209465065,0.013885420946507002
2026-06-02 19:30:00,1.8079322033898308,-0.0008344632768362281,1.8308472296518359,0.0015118087053293432
2026-06-02 19:35:00,1.80805,0.00011779661016908527,1.8315075458661476,0.0006603162143117749
2026-06-02 19:40:00,1.8123666666666665,0.004316666666666524,1.8332294174361712,0.0017218715700235143
2026-06-02 19:45:00,1.8109166666666667,-0.0014499999999997293,1.8341855488194687,0.0009561313832974234
2026-06-02 19:50:00,1.8108166666666667,-9.999999999998899e-05,1.8347010126178558,0.0005154637983871437
2026-06-02 19:55:00,1.8104500000000006,-0.0003666666666661822,1.8351784973694851,0.00047748475162925875
2026-06-02 20:00:00,1.8106500000000003,0.00019999999999975593,1.8354644797479942,0.0002859823785092695
2026-06-02 20:05:00,1.808683333333334,-0.001966666666666228,1.835541112845462,7.663309746755445e-05
2026-06-02 20:10:00,1.8123050847457627,0.0036217514124285977,1.8359045781945913,0.00036346534912934955
2026-06-02 20:15:00,1.8156166666666669,0.003311581920904194,1.8099937601560467,-0.002311324589715845
2026-06-02 20:20:00,1.8100500000000004,-0.005566666666666498,1.8094649221064936,-0.0005288380495533266
2026-06-02 20:25:00,1.8105499999999997,0.0004999999999992788,1.8093185579614983,-0.0001463641449951473
2026-06-02 20:30:00,1.8086999999999998,-0.0018499999999999073,1.8093423930074033,2.383504590491086e-05
2026-06-02 20:35:00,1.8089999999999997,0.00029999999999996696,1.8096627815968676,0.0003203885894643885
2026-06-02 20:40:00,1.8065833333333334,-0.0024166666666662895,1.8100530577095937,0.0003902761127259789
2026-06-02 20:45:00,1.8054333333333328,-0.0011500000000006505,1.8103010847048076,0.0002480269952139268
2026-06-02 20:50:00,1.8060000000000005,0.0005666666666677145,1.8104089539122203,0.0001078692074128771
2026-06-02 20:55:00,1.8062033898305083,0.00020338983050782744,1.8105056626198504,9.670870762989562e-05
2026-06-02 21:00:00,1.8012499999999994,-0.00495338983050897,1.8105113861023292,5.723482478747153e-06
2026-06-02 21:05:00,1.8012666666666663,1.6666666666997898e-05,1.8026555354213833,0.0014055354213839831
2026-06-02 21:10:00,1.8057333333333334,0.004466666666667063,1.8028905043333556,0.0002349689119722275
2026-06-02 21:15:00,1.8021666666666671,-0.003566666666666274,1.803350464161476,0.00045995982812038647
2026-06-02 21:20:00,1.7982166666666675,-0.003949999999999676,1.803812544440251,0.00046208027877502105
2026-06-02 21:25:00,1.7998833333333342,0.0016666666666667052,1.804052056161636,0.00023951172138499886
2026-06-02 21:30:00,1.799366666666667,-0.0005166666666671649,1.8044027479359461,0.000350691774310143
2026-06-02 21:35:00,1.7986833333333334,-0.0006833333333335911,1.804889266576985,0.00048651864103872196
2026-06-02 21:40:00,1.7985254237288135,-0.00015790960451989022,1.8053457194436409,0.00045645286665593884
2026-06-02 21:45:00,1.7975333333333343,-0.000992090395479206,1.805642754101922,0.000297034658281169
2026-06-02 21:50:00,1.7949666666666675,-0.002566666666666828,1.8057859187334577,0.00014316463153575215
2026-06-02 21:55:00,1.7937833333333335,-0.0011833333333339802,1.7953045633538818,0.00033789668721420196
2026-06-02 22:00:00,1.7900833333333332,-0.0037000000000002586,1.7950527617545242,-0.0002518015993574121
2026-06-02 22:05:00,1.7930166666666671,0.0029333333333338985,1.7947914956295896,-0.0002612661249346438
2026-06-02 22:10:00,1.7900666666666667,-0.0029500000000004523,1.7949287868633612,0.00013729123377152676
2026-06-02 22:15:00,1.7852500000000004,-0.004816666666666247,1.795397001424216,0.0004682145608548775
2026-06-02 22:20:00,1.7844166666666677,-0.0008333333333327975,1.7957894221827608,0.00039242075854468696
2026-06-02 22:25:00,1.7859500000000006,0.0015333333333329424,1.7960017460983542,0.00021232391559345632
2026-06-02 22:30:00,1.7882711864406784,0.0023211864406778027,1.7963341975888856,0.00033245149053142087
2026-06-02 22:35:00,1.7839333333333334,-0.004337853107345024,1.7967958224429597,0.0004616248540740581
2026-06-02 22:40:00,1.7884333333333338,0.004500000000000393,1.797227654703086,0.0004318322601264666
2026-06-02 22:45:00,1.7853333333333332,-0.0031000000000005468,1.7862425149767223,-0.002190818356611405
2026-06-02 22:50:00,1.788033333333334,0.002700000000000813,1.7855995163277179,-0.0006429986490045923
2026-06-02 22:55:00,1.7870500000000005,-0.000983333333333558,1.7853863186484127,-0.0002131976793051438
2026-06-02 23:00:00,1.7843000000000002,-0.0027500000000002522,1.7851164940793276,-0.0002698245690850273
2026-06-02 23:05:00,1.7879333333333343,0.0036333333333340434,1.7848296893268019,-0.0002868047525257536
2026-06-02 23:10:00,1.7839666666666676,-0.003966666666666674,1.7849173517658423,8.766243904050515e-05
2026-06-02 23:15:00,1.7914000000000005,0.007433333333332959,1.7853396052673822,0.0004222535015397898
2026-06-02 23:20:00,1.7892833333333342,-0.0021166666666663225,1.7856991680818686,0.00035956281448643355
2026-06-02 23:25:00,1.7946440677966111,0.005360734463276895,1.785886224943913,0.00018705686204443823
2026-06-02 23:30:00,1.7852833333333338,-0.009360734463277343,1.786189362385151,0.00030313744123809595
2026-06-02 23:35:00,1.7762333333333336,-0.009050000000000225,1.7879081352120563,0.0026248018787224515
2026-06-02 23:40:00,1.7784833333333332,0.002249999999999641,1.7885904829612183,0.0006823477491619993
2026-06-02 23:45:00,1.7756666666666674,-0.0028166666666658013,1.7889111942389675,0.0003207112777491782
2026-06-02 23:50:00,1.7649000000000006,-0.010766666666666813,1.7891175482314166,0.00020635399244923824
2026-06-02 23:55:00,1.767033333333334,0.0021333333333333204,1.789215359717719,9.781148630223718e-05
2026-06-03 00:00:00,1.7709833333333338,0.003949999999999898,1.789156751240258,-5.8608477460917366e-05
2026-06-03 00:05:00,1.7694333333333334,-0.0015500000000003844,1.7889741440738338,-0.00018260716642419603
2026-06-03 00:10:00,1.7716666666666676,0.0022333333333341976,1.7890991070955036,0.00012496302166983928
2026-06-03 00:15:00,1.7733559322033896,0.0016892655367219955,1.7895298541035485,0.0004307470080448028
2026-06-03 00:20:00,1.773433333333334,7.740112994447657e-05,1.789885626972629,0.0003557728690806502
2026-06-03 00:25:00,1.7697500000000004,-0.003683333333333705,1.7709846358691401,-0.0024486974641940414
2026-06-03 00:30:00,1.7690666666666675,-0.000683333333332925,1.7703026487975082,-0.0006819870716317548
2026-06-03 00:35:00,1.761883333333333,-0.00718333333333443,1.7703457777210085,4.3128923500356046e-05
2026-06-03 00:40:00,1.7562666666666662,-0.005616666666666825,1.7704705555411193,0.00012477782011069888
2026-06-03 00:45:00,1.7482666666666666,-0.007999999999999563,1.770540639200635,7.008365951566658e-05
2026-06-03 00:50:00,1.7434915254237293,-0.00477514124293732,1.7705156187549906,-2.502044564443264e-05
2026-06-03 00:55:00,1.7414999999999994,-0.001991525423729934,1.7704695191431663,-4.6099611824269775e-05
2026-06-03 01:00:00,1.7310666666666665,-0.01043333333333285,1.7703253164222374,-0.000144202720928816
2026-06-03 01:05:00,1.7261333333333335,-0.004933333333333012,1.7700851594518197,-0.00024015697041788081
2026-06-03 01:10:00,1.7422333333333333,0.01609999999999978,1.770158649653458,7.349020163838899e-05
2026-06-03 01:15:00,1.7354166666666662,-0.006816666666667137,1.7405319709678198,-0.001701362365513549
2026-06-03 01:20:00,1.7067457627118638,-0.028670903954802318,1.740361521890063,-0.00017044907775687172
2026-06-03 01:25:00,1.6915333333333333,-0.015212429378530512,1.7410181820805721,0.000656660190509349
2026-06-03 01:30:00,1.6615833333333339,-0.029949999999999477,1.7413561123233294,0.0003379302427572775
2026-06-03 01:35:00,1.6411833333333337,-0.020400000000000196,1.741689889860224,0.0003337775368945223
2026-06-03 01:40:00,1.586383333333333,-0.054800000000000626,1.742009451061971,0.0003195612017469571
2026-06-03 01:45:00,1.6346166666666662,0.04823333333333313,1.7421747738194069,0.00016532275743587335
2026-06-03 01:50:00,1.7229833333333333,0.08836666666666715,1.7421798434990095,5.069679602562731e-06
2026-06-03 01:55:00,1.7202542372881349,-0.0027290960451984425,1.7421326900927852,-4.7153406224221024e-05
2026-06-03 02:00:00,1.7169333333333325,-0.0033209039548023345,1.7419798481684354,-0.0001528419243498386
2026-06-03 02:05:00,1.7229333333333325,0.006000000000000005,1.6885813983368694,-0.028351934996463195
2026-06-03 02:10:00,1.7206166666666658,-0.0023166666666667446,1.672027025207528,-0.016554373129341382
2026-06-03 02:15:00,1.7175833333333332,-0.003033333333332555,1.661598807371491,-0.010428217836037007
2026-06-03 02:20:00,1.7159499999999994,-0.0016333333333338196,1.6487309293940755,-0.012867877977415341
2026-06-03 02:25:00,1.7174745762711863,0.0015245762711868505,1.6345181756319145,-0.014212753762161173
2026-06-03 02:30:00,1.7194999999999996,0.0020254237288133137,1.6236115390581312,-0.010906636573783319
2026-06-03 02:35:00,1.7142833333333327,-0.005216666666666869,1.6151492520974788,-0.008462286960652262
2026-06-03 02:40:00,1.715849999999999,0.001566666666666272,1.6080467163987668,-0.007102535698711889
2026-06-03 02:45:00,1.7121500000000003,-0.0036999999999987043,1.602603523806986,-0.0054431925917808825
2026-06-03 02:50:00,1.6939999999999997,-0.018150000000000555,1.5988695122175187,-0.0037340115894672677
2026-06-03 02:55:00,1.682101694915255,-0.011898305084744765,1.6994280159647523,0.005428015964752538
2026-06-03 03:00:00,1.6654166666666668,-0.016685028248588196,1.6993308320354217,-9.718392933060257e-05
2026-06-03 03:05:00,1.664266666666667,-0.0011499999999997623,1.6982103908880788,-0.0011204411473428873
2026-06-03 03:10:00,1.6660333333333333,0.00176666666666625,1.6985148466313464,0.00030445574326774436
2026-06-03 03:15:00,1.6665500000000006,0.0005166666666673869,1.6989884052044228,0.00047355857307632767
2026-06-03 03:20:00,1.6537833333333336,-0.012766666666667037,1.6992398590581297,0.00025145385370680794
2026-06-03 03:25:00,1.647816666666667,-0.005966666666666676,1.6993001295340386,6.0270475909007045e-05
2026-06-03 03:30:00,1.6337966101694916,-0.014020056497175304,1.6994961294084532,0.00019599987441453408
2026-06-03 03:35:00,1.622783333333333,-0.011013276836158603,1.699784375677996,0.00028824626954271945
2026-06-03 03:40:00,1.6200999999999994,-0.002683333333333593,1.7000149488801473,0.00023057320215143484
2026-06-03 03:45:00,1.5866666666666664,-0.03343333333333298,1.6345610049859283,0.01446100498592891
2026-06-03 03:50:00,1.5817,-0.004966666666666342,1.6355004650957088,0.0009394601097803755
2026-06-03 03:55:00,1.5772166666666665,-0.004483333333333617,1.6357377073118888,0.00023724221618015898
2026-06-03 04:00:00,1.5757166666666669,-0.0014999999999996128,1.63608837911029,0.0003506717984011413
2026-06-03 04:05:00,1.572466666666667,-0.003249999999999975,1.6360201360816493,-6.824302864079077e-05
2026-06-03 04:10:00,1.5815932203389833,0.009126553672316406,1.636159828261622,0.00013969217997295103
2026-06-03 04:15:00,1.6103166666666655,0.0287234463276822,1.6365846402717497,0.00042481201012743497
2026-06-03 04:20:00,1.6760499999999996,0.06573333333333409,1.6369168768733817,0.0003322366016322133
2026-06-03 04:25:00,1.6814,0.00535000000000041,1.637053595577824,0.00013671870444218246
2026-06-03 04:30:00,1.674800000000001,-0.006599999999999051,1.6373303301086637,0.0002767345308396755
2026-06-03 04:35:00,1.6682372881355936,-0.006562711864407378,1.6496480016685073,-0.025151998331493633
2026-06-03 04:40:00,1.6653666666666664,-0.002870621468927137,1.636328290316315,-0.013319711352192228
2026-06-03 04:45:00,1.6717500000000003,0.0063833333333338516,1.6281109429933345,-0.008217347322980623
2026-06-03 04:50:00,1.6655833333333334,-0.006166666666666876,1.6163979209238952,-0.011713022069439196
2026-06-03 04:55:00,1.6564833333333338,-0.009099999999999664,1.603706300481121,-0.012691620442774332
2026-06-03 05:00:00,1.6557500000000003,-0.0007333333333334746,1.595172030904678,-0.00853426957644307
2026-06-03 05:05:00,1.6445666666666672,-0.011183333333333101,1.5890433459077036,-0.006128684996974344
2026-06-03 05:10:00,1.6389666666666673,-0.005599999999999827,1.584575971808829,-0.0044673740988745245
2026-06-03 05:15:00,1.6358813559322039,-0.003085310734463498,1.5818668159840124,-0.002709155824816641
2026-06-03 05:20:00,1.6295333333333326,-0.006348022598871239,1.580051437680307,-0.0018153783037054003
2026-06-03 05:25:00,1.6274166666666658,-0.0021166666666667666,1.6348043547846365,0.005271021451303824
2026-06-03 05:30:00,1.6214333333333326,-0.0059833333333332295,1.635594377903753,0.0007900231191164348
2026-06-03 05:35:00,1.6146833333333328,-0.006749999999999812,1.6357603821297633,0.00016600422601034957
2026-06-03 05:40:00,1.6056333333333335,-0.009049999999999336,1.6366229852483614,0.000862603118598047
2026-06-03 05:45:00,1.598749999999999,-0.006883333333334463,1.6370026447406463,0.00037965949228493386
2026-06-03 05:50:00,1.6013333333333326,0.002583333333333604,1.6370352564025952,3.2611661949024e-05
2026-06-03 05:55:00,1.59885,-0.0024833333333325047,1.6370427916125925,7.535209997226153e-06
2026-06-03 06:00:00,1.6045999999999991,0.005749999999999034,1.6369254076628814,-0.00011738394971106516
2026-06-03 06:05:00,1.5996271186440674,-0.004972881355931769,1.6366853560737853,-0.0002400515890960422
2026-06-03 06:10:00,1.60415,0.004522881355932595,1.6367629057042192,7.754963043381942e-05
2026-06-03 06:15:00,1.599283333333333,-0.004866666666667019,1.600158588145816,-0.0039914118541839435
2026-06-03 06:20:00,1.603233333333334,0.003950000000001008,1.5990881348595436,-0.0010704532862724698
2026-06-03 06:25:00,1.6078166666666667,0.0045833333333327175,1.5986818132748684,-0.0004063215846752765
2026-06-03 06:30:00,1.6111500000000005,0.0033333333333338544,1.5985744203174572,-0.0001073929574109893
2026-06-03 06:35:00,1.6064666666666665,-0.004683333333334039,1.5988304520013918,0.0002560316839345548
2026-06-03 06:40:00,1.606133333333333,-0.00033333333333351867,1.599174034596929,0.00034358259553722407
2026-06-03 06:45:00,1.6067333333333336,0.0006000000000006,1.5993748010392064,0.00020076644227733542
2026-06-03 06:50:00,1.6072666666666668,0.0005333333333332746,1.5994206317800799,4.583074087343172e-05
2026-06-03 06:55:00,1.613152542372881,0.005885875706214128,1.59942185997211,1.228192030023077e-06
2026-06-03 07:00:00,1.6146166666666661,0.001464124293785174,1.5993172367267279,-0.00010462324538196954
2026-06-03 07:05:00,1.6177999999999997,0.003183333333333538,1.612311525199641,-0.0023051414670253027
2026-06-03 07:10:00,1.6179999999999997,0.00019999999999997797,1.6119933554585768,-0.0003181697410639851
2026-06-03 07:15:00,1.6140666666666659,-0.003933333333333788,1.6122086545971857,0.0002152991386088409
2026-06-03 07:20:00,1.6172333333333329,0.003166666666666984,1.6123685684452838,0.0001599138480981383
2026-06-03 07:25:00,1.6159333333333339,-0.0012999999999989686,1.61243626452352,6.769607823620057e-05
2026-06-03 07:30:00,1.5891333333333328,-0.026800000000001045,1.612732573536962,0.0002963090134418364
2026-06-03 07:35:00,2.5868305084745775,0.9976971751412447,1.6131752420049554,0.0004426684679935914
2026-06-03 07:40:00,2.6412000000000004,0.05436949152542292,1.613600643860146,0.00042540185519062546
2026-06-03 07:45:00,2.600383333333333,-0.04081666666666761,1.6138745729269632,0.00027392906681705044
2026-06-03 07:50:00,2.6809166666666675,0.08053333333333468,1.6139934767713646,0.00011890384440137046
2026-06-03 07:55:00,1.0341833333333335,-1.646733333333334,2.6390521988482,-0.04186446781846758
2026-06-03 08:00:00,1.8953220338983046,0.8611387005649711,2.62111164023574,-0.01794055861245978
2026-06-03 08:05:00,2.6883333333333326,0.793011299435028,2.6174333649869737,-0.0036782752487663456
2026-06-03 08:10:00,2.6754166666666674,-0.012916666666665133,2.6098703279163695,-0.0075630370706041665
2026-06-03 08:15:00,2.684516666666667,0.009099999999999664,2.600866268773703,-0.00900405914266649
2026-06-03 08:20:00,2.686233333333334,0.0017166666666668107,2.5981685158082866,-0.0026977529654165057
2026-06-03 08:25:00,2.6917499999999994,0.005516666666665504,2.5965688299539056,-0.0015996858543809954
2026-06-03 08:30:00,2.6919333333333335,0.0001833333333340903,2.5950049328509377,-0.0015638971029680927
2026-06-03 08:35:00,2.689266666666667,-0.002666666666666373,2.594146807553458,-0.0008581252974791958
2026-06-03 08:40:00,2.691516666666667,0.002249999999999641,2.5938629990765114,-0.000283808476947151
2026-06-03 08:45:00,2.6929830508474577,0.001466384180790925,2.6797142542440047,-0.011802412422662218
2026-06-03 08:50:00,2.6822999999999992,-0.010683050847458464,2.674149664628112,-0.005564589615892554
2026-06-03 08:55:00,2.680666666666666,-0.0016333333333333755,2.669380381167767,-0.0047692834603450624
2026-06-03 09:00:00,2.6805666666666665,-9.999999999932285e-05,2.6629220555813244,-0.00645832558644241
2026-06-03 09:05:00,2.6832833333333332,0.0027166666666667005,2.6588681962362797,-0.004053859345044987
2026-06-03 09:10:00,2.6883333333333317,0.005049999999998445,2.657375498976059,-0.0014926972602204835
2026-06-03 09:15:00,2.7171999999999996,0.02886666666666793,2.6567931073803877,-0.0005823915956714573
2026-06-03 09:20:00,2.723166666666667,0.005966666666667564,2.656610942580476,-0.00018216479991165792
2026-06-03 09:25:00,2.725266666666666,0.0020999999999986585,2.6566083130874905,-2.629492985311866e-06
2026-06-03 09:30:00,2.7178813559322035,-0.007385310734462358,2.6569373743645417,0.00032906127705112804
2026-06-03 09:35:00,2.717949999999999,6.864406779572008e-05,2.708862846183774,-0.009018509748429568
2026-06-03 09:40:00,2.717516666666666,-0.00043333333333306356,2.709569836055803,0.0007069898720291404
2026-06-03 09:45:00,2.7146166666666653,-0.002900000000000791,2.708299341821216,-0.001270494234587023
2026-06-03 09:50:00,2.7146333333333326,1.6666666667219943e-05,2.7046756743790716,-0.003623667442144402
2026-06-03 09:55:00,2.7146666666666666,3.3333333333995796e-05,2.7041212217822665,-0.0005544525968052072
2026-06-03 10:00:00,2.7121333333333317,-0.0025333333333348307,2.704112717105909,-8.504676357319257e-06
2026-06-03 10:05:00,2.7127666666666665,0.0006333333333348179,2.7037627671360873,-0.0003499499698217723
2026-06-03 10:10:00,2.71365,0.0008833333333333471,2.7039123004234153,0.0001495332873281514
2026-06-03 10:15:00,2.708372881355931,-0.005277118644068768,2.7044552703074576,0.0005429698840422103
2026-06-03 10:20:00,2.709116666666666,0.0007437853107350456,2.7049057098993248,0.00045043959186719714
2026-06-03 10:25:00,2.6971499999999997,-0.011966666666666459,2.7103214221027367,0.0012047554360706757
2026-06-03 10:30:00,2.704933333333332,0.007783333333332365,2.710875067726074,0.0005536456233369448
2026-06-03 10:35:00,2.7045833333333325,-0.0003499999999996284,2.7114676414263656,0.0005925737002919274
2026-06-03 10:40:00,2.7015999999999996,-0.0029833333333328937,2.7120534643991117,0.0005858229727459936
2026-06-03 10:45:00,2.6992166666666666,-0.00238333333333296,2.7124300701287978,0.000376605729686254
2026-06-03 10:50:00,2.6972333333333323,-0.001983333333334336,2.7126555321828976,0.0002254620540996597
2026-06-03 10:55:00,2.698183333333333,0.0009500000000008946,2.7128820787085313,0.00022654652563361126
2026-06-03 11:00:00,2.702135593220339,0.003952259887005649,2.7130076918207435,0.00012561311221218844
2026-06-03 11:05:00,2.6931333333333334,-0.009002259887005426,2.713012614384259,4.922563515548478e-06
2026-06-03 11:10:00,2.6987333333333345,0.00560000000000116,2.713318582801324,0.00030596841706529034
2026-06-03 11:15:00,2.696516666666667,-0.0022166666666674217,2.6986103504042567,-0.00012298292907775158
2026-06-03 11:20:00,2.694616666666666,-0.001900000000000901,2.6988729995164538,0.0002626491121970993
2026-06-03 11:25:00,2.695783333333334,0.0011666666666676484,2.699168219914734,0.0002952203982804774
2026-06-03 11:30:00,2.6947333333333336,-0.0010500000000002174,2.699589982533689,0.0004217626189548391
2026-06-03 11:35:00,2.6935166666666666,-0.0012166666666670878,2.7001379979440343,0.0005480154103449776
2026-06-03 11:40:00,2.691416666666667,-0.0020999999999995467,2.700691568387525,0.0005535704434906419
2026-06-03 11:45:00,2.6958644067796604,0.004447740112993426,2.7011060576173804,0.0004144892298554519
2026-06-03 11:50:00,2.6976333333333327,0.0017689265536722232,2.7014060344806925,0.00029997686331220073
2026-06-03 11:55:00,2.6870666666666665,-0.010566666666666169,2.7017131816707782,0.00030714719008571607
2026-06-03 12:00:00,2.687133333333334,6.66666666675475e-05,2.7019265858834642,0.0002134042126859202
2026-06-03 12:05:00,2.68855,0.0014166666666661776,2.690817033930874,0.0036837005975401023
2026-06-03 12:10:00,2.6873666666666676,-0.001183333333332648,2.691550947634854,0.0007339137039799278
2026-06-03 12:15:00,2.687733333333334,0.00036666666666640424,2.6922410866957,0.0006901390608458674
2026-06-03 12:20:00,2.686166666666667,-0.0015666666666671603,2.6928978661269003,0.000656779431200484
2026-06-03 12:25:00,2.683866666666667,-0.0022999999999999687,2.693273362062125,0.0003754959352248372
2026-06-03 12:30:00,2.6868983050847453,0.0030316384180784084,2.693814338112787,0.0005409760506614293
2026-06-03 12:35:00,2.6864333333333335,-0.00046497175141180236,2.694494424512464,0.0006800863996775199
2026-06-03 12:40:00,2.687466666666667,0.0010333333333334416,2.6951635334634156,0.0006691089509512503
2026-06-03 12:45:00,2.6833666666666662,-0.004100000000000659,2.695695306066983,0.0005317726035673656
2026-06-03 12:50:00,2.683033333333334,-0.00033333333333240844,2.696111618047593,0.0004163119806098394
2026-06-03 12:55:00,2.6837,0.0006666666666661492,2.683706657219879,0.0006733238865450705
2026-06-03 13:00:00,2.69185,0.008150000000000102,2.683820742120723,0.00011408490084414284
2026-06-03 13:05:00,2.685733333333334,-0.006116666666665882,2.6838812021889087,6.046006818564236e-05
2026-06-03 13:10:00,2.6908166666666675,0.005083333333333329,2.684267925844083,0.00038672365517432365
2026-06-03 13:15:00,2.694271186440678,0.003454519774010567,2.684933131626399,0.0006652057823162963
2026-06-03 13:20:00,2.684833333333332,-0.009437853107346239,2.685488644384175,0.0005555127577754088
2026-06-03 13:25:00,2.686066666666667,0.001233333333335196,2.6858485003427788,0.0003598559586042357
2026-06-03 13:30:00,2.686799999999999,0.0007333333333319203,2.686404062943579,0.0005555626007999881
2026-06-03 13:35:00,2.68785,0.0010500000000011056,2.6871048606167975,0.0007007976732185795
2026-06-03 13:40:00,2.6859000000000006,-0.0019499999999994522,2.687795512061202,0.0006906514444044591
2026-06-03 13:45:00,2.6907,0.004799999999999471,2.686606191796409,0.000706191796408088
2026-06-03 13:50:00,2.6937666666666673,0.003066666666667217,2.6868411804547603,0.0002349886583514665
2026-06-03 13:55:00,2.6888166666666673,-0.00495000000000001,2.687173205701027,0.0003320252462668671
2026-06-03 14:00:00,2.6904237288135593,0.001607062146891991,2.6874797388828444,0.0003065331818175939
2026-06-03 14:05:00,2.6879500000000003,-0.0024737288135590063,2.687645288042629,0.00016554915978470687
2026-06-03 14:10:00,2.6888833333333335,0.0009333333333332305,2.688088936287828,0.00044364824519862816
2026-06-03 14:15:00,2.6922666666666664,0.0033833333333328497,2.6888032392819516,0.0007143029941234606
2026-06-03 14:20:00,2.6922333333333337,-3.333333333266353e-05,2.6894051426742682,0.0006019033923169692
2026-06-03 14:25:00,2.693383333333333,0.0011499999999990962,2.6898037910810886,0.0003986484068202047
2026-06-03 14:30:00,2.691,-0.00238333333333296,2.6903755623719094,0.0005717712908208259
2026-06-03 14:35:00,2.6871166666666664,-0.0038833333333334608,2.6917638599694915,0.0007638599694916433
2026-06-03 14:40:00,2.690266666666666,0.003149999999999764,2.69225987157844,0.0004960116089484278
2026-06-03 14:45:00,2.686881355932202,-0.003385310734464131,2.6926964233878445,0.00043655180940447533
2026-06-03 14:50:00,2.694916666666667,0.00803531073446484,2.693066116689763,0.0003696933019186945
2026-06-03 14:55:00,2.69455,-0.00036666666666684833,2.693482359108945,0.0004162424191822719
2026-06-03 15:00:00,2.6966833333333327,0.0021333333333326543,2.6938181162167094,0.00033575710776388945
2026-06-03 15:05:00,2.6837833333333334,-0.012899999999999245,2.694015826085179,0.00019770986846977912
2026-06-03 15:10:00,2.692266666666666,0.00848333333333251,2.694492910214478,0.0004770841292987011
2026-06-03 15:15:00,2.698066666666667,0.005800000000001138,2.6952390965805697,0.0007461863660919012
2026-06-03 15:20:00,2.692683333333333,-0.005383333333333962,2.6958697985656603,0.0006307019850906968
2026-06-03 15:25:00,2.693016666666667,0.0003333333333337407,2.693101455985693,0.00041812265236002217
2026-06-03 15:30:00,2.6906440677966095,-0.002372598870057363,2.693591390642562,0.0004899346568689632
2026-06-03 15:35:00,2.2108000000000008,-0.4798440677966087,2.703943605430587,0.010352214788025064
2026-06-03 15:40:00,2.113783333333333,-0.09701666666666764,2.707865918752889,0.003922313322301826
2026-06-03 15:45:00,2.1145499999999995,0.0007666666666663602,2.7084645797958826,0.0005986610429935769
2026-06-03 15:50:00,2.1161333333333334,0.0015833333333339361,2.708917165166233,0.0004525853703506999
2026-06-03 15:55:00,2.113466666666666,-0.002666666666667261,2.7093867208227,0.0004695556564667848
2026-06-03 16:00:00,2.1163,0.0028333333333336874,2.709755362765312,0.0003686419426118996
2026-06-03 16:05:00,2.117316666666666,0.0010166666666662216,2.709980776262183,0.00022541349687070036
2026-06-03 16:10:00,2.1161499999999998,-0.0011666666666663161,2.7104830688688732,0.0005022926066905141
2026-06-03 16:15:00,2.1198644067796604,0.0037144067796606173,2.1216068097259204,0.0054568097259207375
2026-06-03 16:20:00,2.120816666666667,0.0009522598870064236,2.1232948957555973,0.0016880860296766714
2026-06-03 16:25:00,2.1148666666666665,-0.005950000000000344,2.1237341483949685,0.0004392526393713705
2026-06-03 16:30:00,2.1201333333333334,0.005266666666666975,2.124356889238437,0.0006227408434683588
2026-06-03 16:35:00,2.115366666666666,-0.004766666666667252,2.1251003775675414,0.0007434883291045667
2026-06-03 16:40:00,2.1227833333333335,0.007416666666667293,2.1257720394504784,0.0006716618829370307
2026-06-03 16:45:00,2.129733333333333,0.006949999999999346,2.126282270846368,0.0005102313958891759
2026-06-03 16:50:00,2.1298,6.666666666710341e-05,2.1266738684111735,0.0003915975648055658
2026-06-03 16:55:00,2.1257166666666674,-0.0040833333333325506,2.127070690921062,0.0003968225098886311
2026-06-03 17:00:00,2.1271016949152535,0.0013850282485861065,2.1273782172769864,0.00030752635592466227
2026-06-03 17:05:00,2.126016666666666,-0.0010850282485872498,2.127165333370701,6.363845544772754e-05
2026-06-03 17:10:00,2.1249333333333333,-0.001083333333332881,2.1273968191176973,0.00023148574699608952
2026-06-03 17:15:00,2.1268999999999996,0.001966666666666228,2.128078779888607,0.0006819607709096755
2026-06-03 17:20:00,2.12615,-0.0007499999999995843,2.128661347995923,0.0005825681073158858
2026-06-03 17:25:00,2.1278333333333337,0.001683333333333703,2.129040161743608,0.000378813747685231
2026-06-03 17:30:00,2.1274833333333336,-0.0003500000000000725,2.129556875491583,0.0005167137479747002
2026-06-03 17:35:00,2.1247,-0.002783333333333804,2.130221397048964,0.0006645215573811153
2026-06-03 17:40:00,2.1291833333333328,0.004483333333332951,2.130870065921554,0.000648668872589714
2026-06-03 17:45:00,2.127,-0.002183333333332982,2.131377928415295,0.000507862493741201
2026-06-03 17:50:00,2.129783333333333,0.00278333333333336,2.1317569309612687,0.0003790025459738682
2026-06-03 17:55:00,2.1233666666666666,-0.006416666666666515,2.12862819281266,-0.0011551405206732988
2026-06-03 18:00:00,2.126683333333333,0.0033166666666661904,2.1284127696703172,-0.00021542314234242898
2026-06-03 18:05:00,2.1272333333333333,0.0005500000000004945,2.1283750470898193,-3.772258049800118e-05
2026-06-03 18:10:00,2.1245499999999997,-0.002683333333333593,2.128679787822941,0.00030474073312159285
2026-06-03 18:15:00,2.1239166666666676,-0.0006333333333321534,2.1293115445500037,0.0006317567270629127
2026-06-03 18:20:00,2.1258,0.0018833333333323488,2.12986948950436,0.0005579449543558703
2026-06-03 18:25:00,2.1246271186440673,-0.0011728813559326312,2.1302450332788023,0.0003755437744424637
2026-06-03 18:30:00,2.1217999999999995,-0.0028271186440678164,2.1307369620376386,0.000491928758836288
2026-06-03 18:35:00,2.1223666666666667,0.0005666666666672704,2.1313642678157616,0.0006273057781231774
2026-06-03 18:40:00,2.1237166666666663,0.0013499999999995183,2.1319690728454868,0.0006048050297251272
2026-06-03 18:45:00,2.1213,-0.0024166666666660674,2.1235702267408603,-0.0001464399258058968
2026-06-03 18:50:00,2.1221499999999995,0.0008499999999993513,2.12357197022536,1.7434844996385969e-06
2026-06-03 18:55:00,2.1253,0.0031500000000006523,2.1237350738613037,0.00016310363594371143
2026-06-03 19:00:00,2.1250166666666668,-0.00028333333333341315,2.123845721313633,0.00011064745232927588
2026-06-03 19:05:00,2.1210333333333335,-0.003983333333333228,2.123862038009312,1.6316695679140472e-05
2026-06-03 19:10:00,2.1233050847457626,0.0022717514124290794,2.1241916340764497,0.00032959606713770174
2026-06-03 19:15:00,2.1213999999999995,-0.0019050847457631193,2.1248195219521566,0.0006278878757066617
2026-06-03 19:20:00,2.1231999999999998,0.0018000000000002458,2.1253624238846456,0.0005429019324889322
2026-06-03 19:25:00,2.122883333333333,-0.00031666666666696486,2.1257171597791764,0.0003547358945309402
2026-06-03 19:30:00,2.1232166666666665,0.0003333333333337407,2.126175473982046,0.00045831420286955056
2026-06-03 19:35:00,2.1214833333333334,-0.0017333333333331424,2.1234610456877876,0.000244379021120952
2026-06-03 19:40:00,2.119666666666666,-0.0018166666666674658,2.123857507825749,0.00039646213796176575
2026-06-03 19:45:00,2.123599999999999,0.0039333333333329,2.1241870965020526,0.00032958867630341135
2026-06-03 19:50:00,2.1277,0.004100000000001103,2.12438835866054,0.00020126215848734885
2026-06-03 19:55:00,2.123220338983051,-0.004479661016949077,2.124579048670689,0.00019069001014900477
2026-06-03 20:00:00,2.1294333333333335,0.0062129943502826634,2.1246766291373556,9.758046666652476e-05
2026-06-03 20:05:00,2.125316666666666,-0.0041166666666674345,2.124666793893152,-9.835244203575767e-06
2026-06-03 20:10:00,2.1281,0.002783333333333804,2.124959236300386,0.00029244240723398136
2026-06-03 20:15:00,2.1295666666666664,0.0014666666666665051,2.1255481153645426,0.0005888790641565714
2026-06-03 20:20:00,2.125233333333333,-0.0043333333333333,2.126055814204957,0.0005076988404144183
2026-06-03 20:25:00,2.130566666666667,0.005333333333334078,2.126291545802543,0.0010582124692098346
2026-06-03 20:30:00,2.1350333333333333,0.004466666666666175,2.1267083192758176,0.000416773473274873
2026-06-03 20:35:00,2.132833333333333,-0.002200000000000202,2.1272665129174064,0.0005581936415884589
2026-06-03 20:40:00,2.133677966101695,0.000844632768361997,2.1278244157955166,0.0005579028781103009
2026-06-03 20:45:00,2.13585,0.0021720338983048926,2.1282105112999647,0.0003860955044483465
2026-06-03 20:50:00,2.131866666666667,-0.003983333333333228,2.1284310807845763,0.00022056948461153227
2026-06-03 20:55:00,2.1291333333333338,-0.0027333333333330323,2.128602047290142,0.00017096650556539385
2026-06-03 21:00:00,2.1301666666666668,0.0010333333333329975,2.128663497604737,6.14503145951712e-05
2026-06-03 21:05:00,2.14875,0.018583333333333396,2.1286156063554857,-4.789124925108755e-05
2026-06-03 21:10:00,2.13555,-0.013200000000000323,2.1288700914594982,0.0002544851040123343
2026-06-03 21:15:00,2.113599999999999,-0.021950000000000802,2.137176237774604,0.001626237774604411
2026-06-03 21:20:00,2.132406779661018,0.018806779661018957,2.138182574514403,0.001006336739799101
2026-06-03 21:25:00,2.1346333333333334,0.00222655367231539,2.1386266859899035,0.00044411147550023355
2026-06-03 21:30:00,2.1370166666666672,0.002383333333333848,2.139088434576965,0.0004617485870617221
2026-06-03 21:35:00,2.131166666666667,-0.005850000000000133,2.139662201822809,0.0005737672458439874
2026-06-03 21:40:00,2.13145,0.00028333333333296906,2.1401904149222077,0.0005282130993982325
2026-06-03 21:45:00,2.132283333333334,0.0008333333333339077,2.140549319761768,0.00035890483956062415
2026-06-03 21:50:00,2.134133333333333,0.0018499999999992411,2.1407445748533918,0.00019525509162363733
2026-06-03 21:55:00,2.1399833333333333,0.005850000000000133,2.140885501484681,0.00014092663128924883
2026-06-03 22:00:00,2.1337666666666673,-0.006216666666666093,2.1409098276603165,2.4326175635278576e-05
2026-06-03 22:05:00,2.1450000000000005,0.011233333333333206,2.133031454912799,-0.0007352117538685491
2026-06-03 22:10:00,2.1382833333333333,-0.006716666666667148,2.1329619969494926,-6.94579633062696e-05
2026-06-03 22:15:00,2.134533333333334,-0.003749999999999254,2.133415226013827,0.00045322906433470085
2026-06-03 22:20:00,2.133333333333333,-0.0012000000000012,2.1337964348894234,0.00038120887559628733
2026-06-03 22:25:00,2.135100000000001,0.0017666666666680264,2.13399988857162,0.0002034536821965528
2026-06-03 22:30:00,2.1336333333333335,-0.0014666666666673933,2.134336776968561,0.0003368883969407537
2026-06-03 22:35:00,2.1365166666666666,0.002883333333333127,2.134809023426641,0.00047224645808013064
2026-06-03 22:40:00,2.1353166666666668,-0.0011999999999998678,2.1352523611164593,0.0004433376898183147
2026-06-03 22:45:00,2.135593220338983,0.00027655367231638195,2.135540558580367,0.00028819746390797895
2026-06-03 22:50:00,2.138183333333333,0.002590112994349969,2.1356714417865503,0.00013088320618298956
2026-06-03 22:55:00,2.1349666666666662,-0.0032166666666668675,2.1357308433560074,-0.0024524899773255946
2026-06-03 23:00:00,2.136183333333333,0.0012166666666666437,2.1348152081974923,-0.0009156351585154348
2026-06-03 23:05:00,2.1379333333333337,0.0017500000000008065,2.1343378556955575,-0.00047735250193478644
2026-06-03 23:10:00,2.1383500000000004,0.0004166666666667318,2.1343215603525625,-1.62953429949488e-05
2026-06-03 23:15:00,2.1354,-0.00295000000000023,2.1347004942918817,0.0003789339393194298
2026-06-03 23:20:00,2.1378166666666676,0.0024166666666673997,2.1350453508408007,0.00034485654891893623
2026-06-03 23:25:00,2.136416666666667,-0.001400000000000734,2.1352308453159936,0.00018549447519300335
2026-06-03 23:30:00,2.137203389830509,0.0007867231638423178,2.1355371335177726,0.0003062882017788016
2026-06-03 23:35:00,2.1403333333333334,0.0031299435028242506,2.1359704296561435,0.0004332961383710743
2026-06-03 23:40:00,2.135483333333333,-0.004850000000000243,2.1363748187299665,0.0004043890738230084
2026-06-03 23:45:00,2.1375,0.0020166666666669997,2.1362930805367646,0.0008097472034313267
2026-06-03 23:50:00,2.1347666666666663,-0.0027333333333339205,2.136355070350622,6.198981385779423e-05
2026-06-03 23:55:00,2.1385333333333336,0.003766666666667362,2.1363831058290677,2.803547844536636e-05
2026-06-04 00:00:00,2.139433333333334,0.000900000000000567,2.1363172146922533,-6.589113681420022e-05
2026-06-04 00:05:00,2.1364000000000005,-0.0030333333333336654,2.136134144725668,-0.00018306996658515686
2026-06-04 00:10:00,2.135999999999999,-0.0004000000000017323,2.1362542658696078,0.000120121143939307
2026-06-04 00:15:00,2.1377627118644065,0.0017627118644076845,2.1366787203504787,0.00042445448087118277
2026-06-04 00:20:00,2.1401499999999998,0.0023872881355933018,2.137033856902245,0.0003551365517660129
2026-06-04 00:25:00,2.1384333333333334,-0.0017166666666663666,2.137214393725958,0.0001805368237128823
2026-06-04 00:30:00,2.1361833333333333,-0.0022500000000000853,2.1375050394457333,0.0002906457197757076
2026-06-04 00:35:00,2.13775,0.0015666666666667162,2.136700555064294,0.000517221730960589
2026-06-04 00:40:00,2.1412666666666667,0.0035166666666666124,2.1370197423821184,0.0003191873178246911
2026-06-04 00:45:00,2.1404,-0.0008666666666665712,2.1372296204455763,0.00020987806345758759
2026-06-04 00:50:00,2.1391833333333334,-0.0012166666666666437,2.1372932664201345,6.36459745583283e-05
2026-06-04 00:55:00,2.1425666666666667,0.0033833333333332938,2.1373001275181105,6.8610979757567945e-06
2026-06-04 01:00:00,2.1395084745762714,-0.003058192090395373,2.1371886479630477,-0.00011147955506252302
2026-06-04 01:05:00,2.1389333333333336,-0.0005751412429377822,2.136971026271136,-0.00021762169191189603
2026-06-04 01:10:00,2.1421333333333337,0.0032000000000000917,2.1370559170230856,8.489075194954726e-05
2026-06-04 01:15:00,2.1398166666666665,-0.0023166666666671887,2.137444683941424,0.0003887669183382249
2026-06-04 01:20:00,2.137983333333333,-0.0018333333333333535,2.137767386435583,0.0003227024941590762
2026-06-04 01:25:00,2.143716666666667,0.005733333333334034,2.1383299649807492,0.00034663164741598814
2026-06-04 01:30:00,2.141666666666667,-0.0020500000000001073,2.1385579549470064,0.00022798996625715909
2026-06-04 01:35:00,2.141466666666667,-0.00019999999999997797,2.138952452448034,0.00039449750102743905
2026-06-04 01:40:00,2.1421500000000004,0.0006833333333333691,2.139332529195924,0.0003800767478903874
2026-06-04 01:45:00,2.142169491525423,1.9491525422576927e-05,2.1395489028786914,0.00021637368276725474
2026-06-04 01:50:00,2.1395,-0.0026694915254230622,2.1395970371060504,4.8134227358997186e-05
2026-06-04 01:55:00,2.1389833333333343,-0.0005166666666656106,2.1395791579051333,-1.7879200916989517e-05
2026-06-04 02:00:00,2.1397833333333334,0.0007999999999990237,2.1394449427051674,-0.00013421519996610463
2026-06-04 02:05:00,2.145616666666667,0.005833333333333801,2.139207862663076,-0.0002370800420912854
2026-06-04 02:10:00,2.14255,-0.003066666666667217,2.139273319628156,6.545696508011526e-05
2026-06-04 02:15:00,2.149416666666667,0.006866666666667243,2.142058766755904,-0.0004912332440956404
2026-06-04 02:20:00,2.149016666666666,-0.0004000000000012882,2.1420875824031587,2.8815647254327393e-05
2026-06-04 02:25:00,2.151133333333333,0.0021166666666672107,2.1421304998980952,4.291749493664857e-05
2026-06-04 02:30:00,2.146949152542373,-0.004184180790959946,2.1423570399447383,0.00022654004664277212
2026-06-04 02:35:00,2.144716666666666,-0.002232485875707013,2.1427301377655144,0.00037309782077607696
2026-06-04 02:40:00,2.1451166666666674,0.0004000000000012882,2.1430831911298838,0.00035305336436969564
2026-06-04 02:45:00,2.1511166666666672,0.005999999999999783,2.1432822882498397,0.00019909711995606594
2026-06-04 02:50:00,2.1496666666666666,-0.0014500000000006175,2.143316829959579,3.454170973912585e-05
2026-06-04 02:55:00,2.1520666666666672,0.002400000000000624,2.14328499456216,-3.1835397418897144e-05
2026-06-04 03:00:00,2.152200000000001,0.00013333333333376274,2.1431394091864098,-0.00014558537575032544
2026-06-04 03:05:00,2.1495333333333337,-0.002666666666667261,2.1503759253066828,-0.0018240746933183645
2026-06-04 03:10:00,2.153389830508475,0.00385649717514136,2.1498641118460733,-0.0005118134606093967
2026-06-04 03:15:00,2.1509666666666662,-0.002423163841808851,2.150064416171483,0.00020030432540988968
2026-06-04 03:20:00,2.149866666666667,-0.0010999999999992127,2.15028271863421,0.000218302462726997
2026-06-04 03:25:00,2.1498666666666666,-4.440892098500626e-16,2.1503684290641973,8.57104299873409e-05
2026-06-04 03:30:00,2.1516166666666674,0.0017500000000008065,2.1506205207371765,0.00025209167297914455
2026-06-04 03:35:00,2.1524333333333336,0.0008166666666662437,2.1510023308338826,0.000381810096705779
2026-06-04 03:40:00,2.1513000000000004,-0.0011333333333332085,2.1513575034894297,0.0003551726555472475
2026-06-04 03:45:00,2.1472333333333333,-0.004066666666667107,2.151559653154949,0.00020214966551949077
2026-06-04 03:50:00,2.1488000000000005,0.0015666666666671603,2.1515984270296262,3.877387467695893e-05
2026-06-04 03:55:00,2.151508474576272,0.0027084745762713247,2.1486591117397684,-0.0001408882602320367
2026-06-04 04:00:00,2.1523333333333334,0.0008248587570616195,2.148340335187149,-0.0003187765526194755
2026-06-04 04:05:00,2.1502499999999993,-0.002083333333334103,2.148009036568835,-0.00033129861831370205
2026-06-04 04:10:00,2.1487666666666665,-0.001483333333332837,2.1480259476464933,1.6911077658143155e-05
2026-06-04 04:15:00,2.1490000000000005,0.00023333333333397377,2.148367085795443,0.00034113814894960243
2026-06-04 04:20:00,2.1486499999999995,-0.00035000000000096065,2.1486534850336434,0.00028639923820039296
2026-06-04 04:25:00,2.1510517241379308,0.0024017241379312715,2.1487807748756786,0.0001272898420351657
2026-06-04 04:30:00,2.149551724137932,-0.0014999999999987246,2.1490599826357526,0.00027920776007388557
2026-06-04 04:35:00,2.1495762711864406,2.454704850851641e-05,2.149457855514542,0.0003978728787893022
2026-06-04 04:40:00,2.1496333333333335,5.706214689293887e-05,2.149827611597407,0.00036975608286543956
2026-06-04 04:45:00,2.1501500000000004,0.0005166666666669428,2.149425147062093,-0.0002081862712404997
2026-06-04 04:50:00,2.1481666666666674,-0.001983333333333004,2.149209460154999,-0.0002156869070939351
2026-06-04 04:55:00,2.1479090909090917,-0.00025757575757578977,2.149107757238914,-0.00010170291608474278
2026-06-04 05:00:00,2.1513000000000004,0.003390909090908778,2.148937320676249,-0.0001704365626653421
2026-06-04 05:05:00,2.1494000000000004,-0.0019000000000000128,2.148676393140148,-0.00026092753610079515
2026-06-04 05:10:00,2.150950000000001,0.0015500000000003844,2.1487252919720046,4.889883185629636e-05
2026-06-04 05:15:00,2.151203389830509,0.000253389830508155,2.1490860056362635,0.0003607136642588536
2026-06-04 05:20:00,2.1512833333333337,7.994350282469753e-05,2.1493906211968143,0.0003046155605511451
2026-06-04 05:25:00,2.151666666666666,0.0003833333333322919,2.1495332944517225,0.00014267325490819395
2026-06-04 05:30:00,2.1491833333333337,-0.0024833333333322827,2.1498332927262194,0.00029999827449658784
2026-06-04 05:35:00,2.155616666666667,0.006433333333333291,2.1497115785140846,0.0005282451807507786
2026-06-04 05:40:00,2.1521000000000003,-0.0035166666666666124,2.1500652681591776,0.0003536896450931703
2026-06-04 05:45:00,2.156616666666667,0.004516666666666502,2.1503058432777595,0.00024057511858199848
2026-06-04 05:50:00,2.153166666666668,-0.003449999999999065,2.1503993257477285,9.348246996894466e-05
2026-06-04 05:55:00,2.1492333333333344,-0.003933333333333344,2.150424330439004,2.500469127513134e-05
2026-06-04 06:00:00,2.15335593220339,0.004122598870055505,2.1503233591804367,-0.0001009712585669924
2026-06-04 06:05:00,2.155072727272727,0.0017167950693370848,2.1501152854354038,-0.00020807374503299648
2026-06-04 06:10:00,2.1517500000000003,-0.0033227272727267554,2.1502035442875407,8.825885213717913e-05
2026-06-04 06:15:00,2.154033333333333,0.002283333333332749,2.1505962766501727,0.00039273236263183414
2026-06-04 06:20:00,2.153633333333333,-0.00039999999999995595,2.1509283611651564,0.000332084514983905
2026-06-04 06:25:00,2.154633333333334,0.001000000000000778,2.1531664385760423,-0.00046689475729056563
2026-06-04 06:30:00,2.1610500000000012,0.006416666666667403,2.1533004133658173,0.0001339747897748108
2026-06-04 06:35:00,2.161086206896552,3.6206896550705636e-05,2.153718000106031,0.0004175867402138738
2026-06-04 06:40:00,2.1612692307692316,0.00018302387267965514,2.1541433006025428,0.0004253004965114747
2026-06-04 06:45:00,2.1606000000000005,-0.0006692307692310884,2.154424059783652,0.0002807591811091882
2026-06-04 06:50:00,2.156316666666667,-0.004283333333333417,2.154543935496862,0.00011987571321041567
2026-06-04 06:55:00,2.1567857142857148,0.0004690476190476467,2.1545926314578434,4.8695960981078764e-05
2026-06-04 07:00:00,2.1591875000000003,0.0024017857142855092,2.1545197605244537,-7.287093338984725e-05
2026-06-04 07:05:00,2.1589666666666667,-0.0002208333333335588,2.1543417154578544,-0.0001780450665991355
2026-06-04 07:10:00,2.161716666666666,0.002749999999999364,2.154461827199613,0.00012011174175878347
2026-06-04 07:15:00,2.16255,0.0008333333333339077,2.1610530311456473,-0.0006636355210186032
2026-06-04 07:20:00,2.1650169491525424,0.002466949152542419,2.1611155822061656,6.255106051836943e-05
2026-06-04 07:25:00,2.163000000000001,-0.0020169491525412475,2.161216589423786,0.00010100721762013172
2026-06-04 07:30:00,2.163733333333334,0.0007333333333328085,2.161537133122726,0.00032054369894003574
2026-06-04 07:35:00,2.1649833333333333,0.0012499999999993072,2.1620065748472284,0.0004694417245021682
2026-06-04 07:40:00,2.1673833333333334,0.0024000000000001798,2.162466044590857,0.0004594697436286312
2026-06-04 07:45:00,2.16935,0.001966666666666672,2.162778831838519,0.0003127872476620565
2026-06-04 07:50:00,2.167766666666668,-0.0015833333333321598,2.162930752506557,0.00015192066803795622
2026-06-04 07:55:00,2.166416666666667,-0.0013500000000008505,2.1630149485026298,8.419599607287167e-05
2026-06-04 08:00:00,2.167677966101696,0.0012612994350287288,2.1629822509450007,-3.26975576287528e-05
2026-06-04 08:05:00,2.167816666666667,0.00013870056497111705,2.1672223998757683,-0.0004555662259274991
2026-06-04 08:10:00,2.1638333333333346,-0.0039833333333323395,2.167113636626126,-0.00010876324964231375
2026-06-04 08:15:00,2.1645666666666665,0.0007333333333319203,2.1674860877649036,0.0003724511387775808
2026-06-04 08:20:00,2.169583333333334,0.0050166666666675575,2.1678396159375724,0.00035352817266869275
2026-06-04 08:25:00,2.1649333333333334,-0.004650000000000709,2.168038852207962,0.00019923627038989888
2026-06-04 08:30:00,2.162850000000001,-0.0020833333333323267,2.1684282547538074,0.0003894025458452384
2026-06-04 08:35:00,2.1653000000000007,0.002449999999999619,2.1689443710229175,0.000516116269110225
2026-06-04 08:40:00,2.165118644067798,-0.0001813559322028091,2.1694401900061533,0.0004958189832356867
2026-06-04 08:45:00,2.165966666666667,0.0008480225988689583,2.1697899322417507,0.00034974223559746894
2026-06-04 08:50:00,2.1601833333333342,-0.005783333333332585,2.1699856581479757,0.00019572590622501173
2026-06-04 08:55:00,2.156116666666667,-0.004066666666667107,2.1614138574413535,0.0012305241080191722
2026-06-04 09:00:00,2.159300000000001,0.00318333333333376,2.1615229860732765,0.00010912863192309617
2026-06-04 09:05:00,2.1581500000000005,-0.0011500000000004285,2.161421362182834,-0.00010162389044213013
2026-06-04 09:10:00,2.157716666666667,-0.00043333333333350765,2.1616374807149143,0.00021611853208000279
2026-06-04 09:15:00,2.157533333333333,-0.0001833333333340903,2.162154052304177,0.0005165715892629222
2026-06-04 09:20:00,2.158677966101695,0.001144632768362186,2.162592274708136,0.00043822240395868664
2026-06-04 09:25:00,2.159933333333334,0.001255367231638882,2.1628535245834684,0.00026124987533243936
2026-06-04 09:30:00,2.1572666666666667,-0.002666666666667261,2.163299386395646,0.00044586181217772306
2026-06-04 09:35:00,2.1579833333333336,0.0007166666666669208,2.1638655988574427,0.0005662124617964486
2026-06-04 09:40:00,2.157733333333333,-0.0002500000000007496,2.1644102000347787,0.0005446011773361244
2026-06-04 09:45:00,2.1570499999999995,-0.0006833333333333691,2.1577436987595675,1.0365426234620068e-05
2026-06-04 09:50:00,2.1580833333333334,0.0010333333333338857,2.157677344084274,-6.635467529361224e-05
2026-06-04 09:55:00,2.15745,-0.0006333333333334856,2.157748101312216,7.075722794250915e-05
2026-06-04 10:00:00,2.1559999999999997,-0.0014500000000001734,2.1577721437847908,2.4042472574463826e-05
2026-06-04 10:05:00,2.1549666666666667,-0.0010333333333329975,2.157705428810935,-6.671497385541104e-05
2026-06-04 10:10:00,2.1554666666666673,0.0005000000000006111,2.1579432102352243,0.00023778142428868563
2026-06-04 10:15:00,2.1546833333333333,-0.0007833333333340242,2.158480468062951,0.0005372578277270135
2026-06-04 10:20:00,2.1556500000000005,0.0009666666666672263,2.1589437544107737,0.0004632863478227715
2026-06-04 10:25:00,2.1529166666666675,-0.0027333333333330323,2.1592302336782536,0.00028647926747969743
2026-06-04 10:30:00,2.154283333333334,0.0013666666666667382,2.1597114835913143,0.00048124991306084937
2026-06-04 10:35:00,2.1581000000000006,0.0038166666666663573,2.1546162882863316,0.0003329549529971433
2026-06-04 10:40:00,2.1581355932203397,3.5593220339080744e-05,2.1550832735115857,0.0004669852252541784
2026-06-04 10:45:00,2.153666666666667,-0.004468926553672592,2.155480735017631,0.00039746150604550356
2026-06-04 10:50:00,2.1548666666666665,0.0011999999999994237,2.1557623021222625,0.0002815671046315102
2026-06-04 10:55:00,2.1550333333333347,0.00016666666666820262,2.1560217861880835,0.00025948406582108045
2026-06-04 11:00:00,2.1537833333333336,-0.0012500000000010836,2.156175152180225,0.00015336599214152904
2026-06-04 11:05:00,2.1550166666666675,0.0012333333333338636,2.1562139617747684,3.880959454308161e-05
2026-06-04 11:10:00,2.1546500000000015,-0.00036666666666596015,2.156539067972346,0.0003251061975777987
2026-06-04 11:15:00,2.153300000000001,-0.0013500000000004064,2.1571492924128295,0.0006102244404834223
2026-06-04 11:20:00,2.154152542372882,0.0008525423728809045,2.1576731470952195,0.0005238546823898552
2026-06-04 11:25:00,2.1493666666666673,-0.004785875706214693,2.154188219825681,3.5677452799077087e-05
2026-06-04 11:30:00,2.151450000000001,0.002083333333333659,2.1545927911273943,0.0004045713017132033
2026-06-04 11:35:00,2.1532333333333336,0.0017833333333325818,2.155228817868008,0.0006360267406137773
2026-06-04 11:40:00,2.1534000000000004,0.00016666666666687036,2.1558762429558587,0.0006474250878506344
2026-06-04 11:45:00,2.1524500000000004,-0.0009500000000000064,2.1563886368965024,0.0005123939406438834
2026-06-04 11:50:00,2.15615,0.0036999999999993705,2.1567679718298622,0.0003793349333596511
2026-06-04 11:55:00,2.1538500000000007,-0.0022999999999990806,2.157113319420513,0.00034534759065077165
2026-06-04 12:00:00,2.154266666666667,0.0004166666666662877,2.157352150453631,0.0002388310331177574
2026-06-04 12:05:00,2.150898305084746,-0.0033683615819208867,2.1574734035069585,0.0001212530533277018
2026-06-04 12:10:00,2.152183333333334,0.0012850282485876718,2.1578769038782672,0.0004035003713086968
2026-06-04 12:15:00,2.148216666666667,-0.003966666666666896,2.1530654368955418,0.0008821035622080765
2026-06-04 12:20:00,2.1491,0.000883333333332903,2.1535853321624066,0.0005198952668647824
2026-06-04 12:25:00,2.1418166666666663,-0.00728333333333353,2.1539338966571346,0.00034856449472802834
2026-06-04 12:30:00,2.1432333333333338,0.0014166666666675098,2.15451344887481,0.0005795522176753716
2026-06-04 12:35:00,2.1447999999999996,0.001566666666665828,2.1552330512655185,0.0007196023907085779
2026-06-04 12:40:00,2.1428000000000007,-0.0019999999999988916,2.1559366919676575,0.0007036407021387787
2026-06-04 12:45:00,2.1449322033898315,0.002132203389830778,2.1565007389071496,0.0005640469394920474
2026-06-04 12:50:00,2.144083333333333,-0.0008488700564983631,2.1569350411496124,0.0004343022424631472
2026-06-04 12:55:00,2.1402666666666668,-0.0038166666666663573,2.1573425846202223,0.0004075434706096717
2026-06-04 13:00:00,2.1428333333333334,0.002566666666666606,2.1576493710726803,0.0003067864524581489
2026-06-04 13:05:00,2.1419333333333332,-0.0009000000000001229,2.142069775291073,-0.0007635580422605606
2026-06-04 13:10:00,2.1387166666666673,-0.0032166666666659793,2.1421566394023417,8.68641112690196e-05
2026-06-04 13:15:00,2.139716666666667,0.0009999999999998899,2.1427802205281954,0.0006235811258534131
2026-06-04 13:20:00,2.1407,0.00098333333333267,2.143351870672023,0.0005716501438278667
2026-06-04 13:25:00,2.1436166666666674,0.0029166666666675667,2.1437471870353915,0.00039531636336817604
2026-06-04 13:30:00,2.1396949152542373,-0.003921751412430119,2.144339909916558,0.0005927228811667939
2026-06-04 13:35:00,2.1397000000000004,5.0847457631064685e-06,2.1450735120970252,0.0007336021804670989
2026-06-04 13:40:00,2.137750000000001,-0.0019499999999994522,2.1457952551229207,0.0007217430258955672
2026-06-04 13:45:00,2.138183333333333,0.0004333333333321754,2.14638407604349,0.000588820920569068
2026-06-04 13:50:00,2.1370500000000003,-0.0011333333333327644,2.1468508049782353,0.0004667289347454443
2026-06-04 13:55:00,2.1355500000000003,-0.0015000000000000568,2.1375788920702337,0.0005288920702333702
2026-06-04 14:00:00,2.13615,0.0005999999999999339,2.1378478790657227,0.0002689869954891401
2026-06-04 14:05:00,2.133566666666667,-0.002583333333333382,2.138010163790476,0.00016228472475315173
2026-06-04 14:10:00,2.1325000000000003,-0.0010666666666665492,2.1384752797977855,0.00046511600730945107
2026-06-04 14:15:00,2.1350338983050854,0.0025338983050851027,2.1392182674776214,0.0007429876798361082
2026-06-04 14:20:00,2.13625,0.0012161016949145953,2.139855358906612,0.0006370914289903772
2026-06-04 14:25:00,2.1349333333333336,-0.0013166666666664106,2.140294821346487,0.000439462439875252
2026-06-04 14:30:00,2.13385,-0.0010833333333337691,2.1409004750120904,0.0006056536656033096
2026-06-04 14:35:00,2.133266666666666,-0.0005833333333336022,2.141642700326905,0.0007422253148142712
2026-06-04 14:40:00,2.131783333333333,-0.001483333333333281,2.1423723142881457,0.000729613961240849
2026-06-04 14:45:00,2.1315999999999997,-0.00018333333333320212,2.132577262053803,0.000793928720470048
2026-06-04 14:50:00,2.1330999999999998,0.0015000000000000568,2.1329884924293223,0.0004112303755192448
2026-06-04 14:55:00,2.1328135593220336,-0.0002864406779661266,2.133442641445931,0.00045414901660900984
2026-06-04 15:00:00,2.12925,-0.0035635593220337825,2.1338163965543457,0.0003737551084145321
2026-06-04 15:05:00,2.1306666666666674,0.0014166666666675098,2.134052572482287,0.00023617592794110116
2026-06-04 15:10:00,2.1242666666666663,-0.0064000000000010715,2.1345563456127477,0.0005037731304606098
2026-06-04 15:15:00,2.12695,0.002683333333333593,2.1353239337324985,0.0007675881197510151
2026-06-04 15:20:00,2.1260999999999997,-0.0008500000000002395,2.135982555156319,0.0006586214238204642
2026-06-04 15:25:00,2.1275166666666663,0.0014166666666666217,2.1364391140443186,0.000456558887999471
2026-06-04 15:30:00,2.1257,-0.0018166666666661335,2.137042231220358,0.0006031171760395915
2026-06-04 15:35:00,2.1286271186440677,0.0029271186440675834,2.126120886133534,0.0004208861335338741
2026-06-04 15:40:00,2.1233999999999993,-0.00522711864406844,2.126727040632538,0.0006061544990041331
2026-06-04 15:45:00,2.123866666666666,0.00046666666666661527,2.127274444131271,0.0005474034987332187
2026-06-04 15:50:00,2.1287999999999996,0.004933333333333678,2.127727694267259,0.0004532501359877599
2026-06-04 15:55:00,2.1304833333333333,0.001683333333333703,2.128182676857414,0.0004549825901545695
2026-06-04 16:00:00,2.126533333333333,-0.00395000000000012,2.128538431636148,0.00035575477873420327
2026-06-04 16:05:00,2.1275833333333334,0.0010500000000002174,2.1287646979912336,0.00022626635508578378
2026-06-04 16:10:00,2.1272500000000005,-0.00033333333333285253,2.1292644158920804,0.0004997179008468669
2026-06-04 16:15:00,2.1301525423728815,0.002902542372881012,2.1300322714189712,0.0007678555268907534
2026-06-04 16:20:00,2.1276,-0.0025525423728813834,2.130693017355352,0.000660745936380774
2026-06-04 16:25:00,2.1291500000000005,0.0015500000000003844,2.128135468891036,0.000535468891035776
2026-06-04 16:30:00,2.1383999999999994,0.00924999999999887,2.1286724327972673,0.0005369639062314365
2026-06-04 16:35:00,2.1292333333333344,-0.009166666666664991,2.129398396967929,0.0007259641706616068
2026-06-04 16:40:00,2.119333333333333,-0.009900000000001352,2.1301248893736564,0.0007264924057272784
2026-06-04 16:45:00,2.1238499999999996,0.004516666666666502,2.130706842443684,0.000581953070027716
2026-06-04 16:50:00,2.124783333333333,0.0009333333333332305,2.131154217536634,0.0004473750929500285
2026-06-04 16:55:00,2.1345641025641022,0.009780769230769426,2.131575958782468,0.00042174124583394375
2026-06-04 17:00:00,2.1455319148936174,0.010967812329515159,2.131896717871781,0.0003207590893131668
2026-06-04 17:05:00,2.143533333333333,-0.001998581560284318,2.132095158567107,0.00019844069532592385
2026-06-04 17:10:00,2.145716666666667,0.00218333333333387,2.132574147633519,0.000478989066412169
2026-06-04 17:15:00,2.1450588235294124,-0.0006578431372545879,2.141131635293923,-0.0045850313727439085
2026-06-04 17:20:00,2.157666666666666,0.012607843137253827,2.1401322734555355,-0.0009993618383874845
2026-06-04 17:25:00,2.146083333333334,-0.01158333333333239,2.1399913737363456,-0.00014089971918988754
2026-06-04 17:30:00,2.1482666666666663,0.0021833333333325378,2.14017908256709,0.00018770883074430286
2026-06-04 17:35:00,2.1421186440677973,-0.006148022598869041,2.140712855890739,0.0005337733236490694
2026-06-04 17:40:00,2.1465500000000004,0.004431355932203118,2.1413330489976556,0.0006201931069164524
2026-06-04 17:45:00,2.1484499999999995,0.0018999999999991246,2.141841242769091,0.0005081937714354592
2026-06-04 17:50:00,2.1464,-0.002049999999999663,2.14222545238099,0.0003842096118990935
2026-06-04 17:55:00,2.1475999999999997,0.0011999999999998678,2.1425882456886236,0.0003627933076334097
2026-06-04 18:00:00,2.1465166666666664,-0.001083333333333325,2.142854604893748,0.00026635920512435986
2026-06-04 18:05:00,2.14935,0.0028333333333336874,2.1458885569910677,-0.0006281096755987127
2026-06-04 18:10:00,2.1475166666666676,-0.0018333333333324653,2.1460045404136356,0.0001159834225679637
2026-06-04 18:15:00,2.145,-0.0025166666666676107,2.1466089493457186,0.0006044089320828937
2026-06-04 18:20:00,2.152683333333334,0.00768333333333393,2.147162665808035,0.0005537164623164429
2026-06-04 18:25:00,2.154966666666667,0.002283333333333193,2.147541123061704,0.0003784572536686872
2026-06-04 18:30:00,2.1525166666666675,-0.002449999999999619,2.1480417283327395,0.0005006052710359751
2026-06-04 18:35:00,2.1567833333333337,0.004266666666666197,2.1486811464128968,0.0006394180801568965
2026-06-04 18:40:00,2.176366666666667,0.019583333333333286,2.149299984788964,0.0006188383760673342
2026-06-04 18:45:00,2.172533333333334,-0.003833333333333133,2.149774626277715,0.0004746414887511493
2026-06-04 18:50:00,2.1466166666666666,-0.025916666666667254,2.150110301395528,0.0003356751178126384
2026-06-04 18:55:00,2.1760169491525425,0.029400282485875895,2.1598914363166335,0.013274769649967015
2026-06-04 19:00:00,2.2022833333333334,0.026266384180790858,2.159741030874212,-0.00015040544242145304
2026-06-04 19:05:00,2.192383333333334,-0.009899999999999576,2.159162924764695,-0.0005781061095172091
2026-06-04 19:10:00,2.1739833333333336,-0.018400000000000194,2.1602606833927056,0.0010977586280107707
2026-06-04 19:15:00,2.173383333333334,-0.0005999999999994898,2.161183510028577,0.000922826635871352
2026-06-04 19:20:00,2.1670833333333346,-0.006299999999999528,2.1618171091198963,0.0006335990913191815
2026-06-04 19:25:00,2.2047499999999993,0.03766666666666474,2.1622236402111277,0.0004065310912313479
2026-06-04 19:30:00,2.230199999999999,0.02544999999999975,2.162734047018431,0.000510406807303353
2026-06-04 19:35:00,2.309372881355933,0.07917288135593381,2.1633742574473263,0.0006402104288952741
2026-06-04 19:40:00,2.3145000000000007,0.005127118644067785,2.163985918201102,0.0006116607537759147
2026-06-04 19:45:00,2.233916666666666,-0.08058333333333456,2.283736438347697,-0.030763561652303446
2026-06-04 19:50:00,2.203866666666666,-0.030050000000000132,2.2654299531805515,-0.0183064851671459
2026-06-04 19:55:00,2.1922833333333336,-0.01158333333333239,2.2563549830898535,-0.009074970090697805
2026-06-04 20:00:00,2.1818166666666676,-0.010466666666665958,2.2445445704123386,-0.011810412677514969
2026-06-04 20:05:00,2.19995,0.018133333333332224,2.22906245764953,-0.015482112762808396
2026-06-04 20:10:00,2.1802166666666674,-0.019733333333332492,2.2183431700402627,-0.01071928760926752
2026-06-04 20:15:00,2.1849152542372883,0.004698587570620916,2.2115080154162685,-0.0068351546239940695
2026-06-04 20:20:00,2.1787833333333335,-0.006131920903954757,2.205377341365784,-0.006130674050484562
2026-06-04 20:25:00,2.1742833333333333,-0.0045000000000001705,2.200474003117509,-0.004903338248274883
2026-06-04 20:30:00,2.1903166666666674,0.01603333333333401,2.1977918569426045,-0.002682146174904639
2026-06-04 20:35:00,2.2544333333333335,0.06411666666666616,2.188851340422268,-0.0014653262443993958
2026-06-04 20:40:00,2.2762499999999997,0.02181666666666615,2.1888232903605798,-2.805006168830875e-05
2026-06-04 20:45:00,2.2883166666666677,0.012066666666668002,2.19003115293402,0.0012078625734402379
2026-06-04 20:50:00,2.25265,-0.035666666666667624,2.190292466468509,0.00026131353448912613
2026-06-04 20:55:00,2.2731694915254246,0.020519491525424538,2.1903382720429825,4.580557447334933e-05
2026-06-04 21:00:00,2.2551333333333323,-0.018036158192092255,2.190336962527031,-1.3095159513743274e-06
2026-06-04 21:05:00,2.258816666666667,0.003683333333334815,2.1902310920979,-0.00010587042913135716
2026-06-04 21:10:00,2.261116666666666,0.0022999999999990806,2.1904399428146113,0.00020885071671148845
2026-06-04 21:15:00,2.2666000000000013,0.005483333333335061,2.190956919002818,0.0005169761882068685
2026-06-04 21:20:00,2.2513500000000004,-0.015250000000000874,2.191394495715172,0.00043757671235388775
2026-06-04 21:25:00,2.1917999999999997,-0.05955000000000066,2.261859632635407,0.010509632635406737
2026-06-04 21:30:00,2.2052999999999994,0.013499999999999623,2.2624314472031246,0.0005718145677173944
2026-06-04 21:35:00,2.1903220338983056,-0.014977966101693774,2.262730442142184,0.0002989949390594919
2026-06-04 21:40:00,2.2102500000000003,0.019927966101694672,2.2638313647595574,0.0011009226173734688
2026-06-04 21:45:00,2.2174499999999995,0.007199999999999207,2.2644048278959614,0.000573463136404121
2026-06-04 21:50:00,2.2110333333333334,-0.006416666666666071,2.264652368588471,0.0002475406925094138
2026-06-04 21:55:00,2.21085,-0.00018333333333320212,2.264833781427713,0.00018141283924218127
2026-06-04 22:00:00,2.2073499999999995,-0.0035000000000007248,2.2648802650489634,4.648362125041035e-05
2026-06-04 22:05:00,2.226766666666667,0.019416666666667304,2.2647967395905053,-8.352545845846542e-05
2026-06-04 22:10:00,2.2311333333333327,0.004366666666665964,2.2650191822163652,0.00022244262586011476
2026-06-04 22:15:00,2.2593389830508475,0.028205649717514714,2.2161972930181872,-0.014936040315145397
2026-06-04 22:20:00,2.273400000000001,0.014061016949153515,2.2148914706682885,-0.0013058223498987138
2026-06-04 22:25:00,2.2423166666666656,-0.03108333333333535,2.214460490726661,-0.0004309799416276783
2026-06-04 22:30:00,2.234766666666666,-0.007549999999999724,2.2124973312824614,-0.0019631594441995516
2026-06-04 22:35:00,2.2440666666666664,0.00930000000000053,2.2121426901215075,-0.00035464116095384763
2026-06-04 22:40:00,2.24045,-0.0036166666666663794,2.212595009662548,0.00045231954104049096
2026-06-04 22:45:00,2.2196833333333332,-0.020766666666666822,2.2127953431681697,0.00020033350562147112
2026-06-04 22:50:00,2.21593220338983,-0.0037511299435033507,2.2128290636227703,3.3720454600791915e-05
2026-06-04 22:55:00,2.2307499999999996,0.014817796610169687,2.2128589837173394,2.992009456894825e-05
2026-06-04 23:00:00,2.2407333333333326,0.009983333333333011,2.212794473366972,-6.451035036734883e-05
2026-06-04 23:05:00,2.2192666666666674,-0.02146666666666519,2.2317518692514438,-0.008981464081888992
2026-06-04 23:10:00,2.2133833333333333,-0.005883333333334129,2.2334398562875033,0.0016879870360597625
2026-06-04 23:15:00,2.2154499999999997,0.002066666666666439,2.2342046931851414,0.0007648368976380662
2026-06-04 23:20:00,2.2319499999999994,0.016499999999999737,2.2339519287076848,-0.00025276447745644775
2026-06-04 23:25:00,2.2258833333333325,-0.006066666666666887,2.2339271381621764,-2.4790545508540817e-05
2026-06-04 23:30:00,2.239254237288135,0.013370903954802671,2.2341892862060018,0.00026214804382541777
2026-06-04 23:35:00,2.2338666666666662,-0.005387570621468996,2.2345686751567038,0.00037938895070209006
2026-06-04 23:40:00,2.2013166666666666,-0.032549999999999635,2.234917904906462,0.00034922974975831446
2026-06-04 23:45:00,2.1993999999999994,-0.0019166666666672327,2.2351233359370597,0.00020543103059761201
2026-06-04 23:50:00,2.196983333333333,-0.0024166666666665115,2.2351825052617564,5.916932469642866e-05
2026-06-04 23:55:00,2.1915833333333326,-0.0054000000000002935,2.2096060426447566,0.012622709311423596
2026-06-05 00:00:00,2.2101333333333333,0.018550000000000733,2.2102731058868117,0.0006670632420551693
2026-06-05 00:05:00,2.2027833333333344,-0.0073499999999988574,2.20999361373088,-0.0002794921559312341
2026-06-05 00:10:00,2.217644067796609,0.014860734463274738,2.210329687641862,0.0003360739109815502
2026-06-05 00:15:00,2.1919500000000003,-0.025694067796608877,2.2108483315428002,0.0005186439009385054
2026-06-05 00:20:00,2.190150000000001,-0.0017999999999993577,2.2112126199839586,0.0003642884411581827
2026-06-05 00:25:00,2.2187333333333323,0.028583333333331407,2.2113736181065047,0.00016099812254610058
2026-06-05 00:30:00,2.1899166666666674,-0.028816666666664936,2.2116438059500894,0.00027018784358445546
2026-06-05 00:35:00,2.1861666666666655,-0.0037500000000019185,2.2120360315482372,0.0003922255981480155
2026-06-05 00:40:00,2.221816666666667,0.035650000000001736,2.2124003755152195,0.0003643439669822145
2026-06-05 00:45:00,2.191457627118645,-0.030359039548022437,2.2012095287905806,-0.020607137876086538
2026-06-05 00:50:00,2.190066666666667,-0.0013909604519777297,2.204061218255458,0.002851689464877145
2026-06-05 00:55:00,2.1984166666666662,0.008349999999999191,2.2049985493550666,0.0009373310996086136
2026-06-05 01:00:00,2.195399999999999,-0.0030166666666673336,2.2033074440865303,-0.0016911052685359396
2026-06-05 01:05:00,2.1909166666666673,-0.004483333333331618,2.2027324606237406,-0.0005749834627897775
2026-06-05 01:10:00,2.1812666666666667,-0.009650000000000603,2.2028624757034527,0.00013001507971190698
2026-06-05 01:15:00,2.160766666666667,-0.02049999999999974,2.2032259015524023,0.0003634258489498195
2026-06-05 01:20:00,2.160433333333333,-0.0003333333333337407,2.203487539907236,0.00026163835483334475
2026-06-05 01:25:00,2.1705254237288143,0.01009209039548109,2.2035747884416486,8.724853441287672e-05
2026-06-05 01:30:00,2.1716833333333336,0.001157909604519336,2.2037957002131683,0.000220911771519579
2026-06-05 01:35:00,2.188933333333334,0.01725000000000021,2.172569622575662,0.0008862892423282016
2026-06-05 01:40:00,2.167216666666667,-0.02171666666666683,2.173730598083161,0.0011609755074992907
2026-06-05 01:45:00,2.14625,-0.0209666666666668,2.17411756013414,0.0003869620509787172
2026-06-05 01:50:00,2.403416666666666,0.25716666666666566,2.1740687580215927,-4.880211254729975e-05
2026-06-05 01:55:00,2.3871833333333337,-0.01623333333333221,2.173980503187344,-8.825483424840254e-05
2026-06-05 02:00:00,2.338083333333334,-0.0490999999999997,2.173786153522296,-0.00019434966504821422
2026-06-05 02:05:00,2.2819830508474572,-0.05610028248587673,2.1734919177645415,-0.0002942357577545612
2026-06-05 02:10:00,2.2408333333333332,-0.041149717514123996,2.173516466593475,2.4548828933816034e-05
2026-06-05 02:15:00,2.1976166666666677,-0.04321666666666557,2.1738549023223266,0.00033843572885153224
2026-06-05 02:20:00,2.1983500000000005,0.0007333333333328085,2.174127893721521,0.00027299139919453587
2026-06-05 02:25:00,2.1916166666666665,-0.006733333333333924,2.22843274000736,0.03008274000735958
2026-06-05 02:30:00,2.15585,-0.0357666666666665,2.2283849050344124,-4.783497294743088e-05
2026-06-05 02:35:00,2.1711166666666677,0.01526666666666765,2.2275633844797538,-0.0008215205546586413
2026-06-05 02:40:00,2.1623499999999996,-0.008766666666668144,2.2311934539620295,0.0036300694822754887
2026-06-05 02:45:00,2.1380338983050855,-0.02431610169491405,2.2322895995509757,0.0010961455889462787
2026-06-05 02:50:00,2.1710166666666666,0.032982768361581094,2.232809833159184,0.0005202336082082597
2026-06-05 02:55:00,2.137883333333334,-0.03313333333333279,2.233245179381748,0.0004353462225637034
2026-06-05 03:00:00,2.1292999999999997,-0.008583333333334053,2.233368923291275,0.00012374390952739158
2026-06-05 03:05:00,2.1452999999999998,0.016000000000000014,2.233254871553926,-0.00011405173734922799
2026-06-05 03:10:00,2.1457,0.00040000000000040004,2.2333965468226946,0.0001416752687687291
2026-06-05 03:15:00,2.1438833333333345,-0.0018166666666656894,2.1465949780822484,0.0008949780822482826
2026-06-05 03:20:00,2.1448644067796607,0.0009810734463262527,2.1484097944867107,0.0018148164044623878
2026-06-05 03:25:00,2.1417500000000005,-0.0031144067796602393,2.148845057553235,0.00043526306652418516
2026-06-05 03:30:00,2.1344666666666665,-0.0072833333333339745,2.149022709256709,0.00017765170347385504
2026-06-05 03:35:00,2.1299833333333336,-0.004483333333332951,2.1493425104437893,0.0003198011870802473
2026-06-05 03:40:00,2.1285833333333337,-0.0013999999999998458,2.14963844671783,0.0002959362740409376
2026-06-05 03:45:00,2.1275,-0.0010833333333337691,2.1497738778280313,0.00013543111020106874
2026-06-05 03:50:00,2.128266666666667,0.0007666666666672484,2.149756355516437,-1.7522311593732478e-05
2026-06-05 03:55:00,2.1429833333333335,0.014716666666666267,2.1496895333188863,-6.682219755122294e-05
2026-06-05 04:00:00,2.2594915254237287,0.1165081920903952,2.149517550337949,-0.0001719829809372746
2026-06-05 04:05:00,2.1457333333333337,-0.11375819209039495,2.21746575775267,-0.04202576767105835
2026-06-05 04:10:00,2.15025,0.004516666666666502,2.1976414405817515,-0.019824317170918915
2026-06-05 04:15:00,2.1554333333333338,0.00518333333333354,2.190809799777431,-0.006831640804320308
2026-06-05 04:20:00,2.151150000000001,-0.004283333333332973,2.180010145438893,-0.010799654338537783
2026-06-05 04:25:00,2.1529166666666675,0.0017666666666666941,2.166486471169497,-0.013523674269396232
2026-06-05 04:30:00,2.1564999999999994,0.0035833333333319395,2.158376686502192,-0.008109784667304928
2026-06-05 04:35:00,2.1508500000000006,-0.005649999999998823,2.1531834376627694,-0.0051932488394229245
2026-06-05 04:40:00,2.152728813559322,0.0018788135593212907,2.148765341893348,-0.004418095769421549
2026-06-05 04:45:00,2.1524833333333344,-0.0002454802259874711,2.1454065141110843,-0.003358827782263349
2026-06-05 04:50:00,2.14695,-0.0055333333333345,2.143226808668211,-0.0021797054428733145
2026-06-05 04:55:00,2.1500166666666676,0.003066666666667661,2.1517358548135297,0.004785854813529627
2026-06-05 05:00:00,2.146433333333334,-0.003583333333333716,2.1519933381364575,0.0002574833229278056
2026-06-05 05:05:00,2.1461666666666663,-0.0002666666666675255,2.15170589528198,-0.00028744285447760163
2026-06-05 05:10:00,2.1464333333333343,0.00026666666666796957,2.15183282343205,0.00012692815007000615
2026-06-05 05:15:00,2.1456166666666667,-0.0008166666666675759,2.1522181218050904,0.0003852983730406531
2026-06-05 05:20:00,2.1484745762711865,0.002857909604519815,2.1524951140777286,0.00027699227263816415
2026-06-05 05:25:00,2.1497000000000006,0.001225423728814068,2.1525875830719774,9.246899424862397e-05
2026-06-05 05:30:00,2.1474166666666665,-0.002283333333334081,2.1528454598707976,0.0002578767988204071
2026-06-05 05:35:00,2.1464666666666674,-0.0009499999999991182,2.1532297388245367,0.00038427895373926535
2026-06-05 05:40:00,2.1461500000000004,-0.00031666666666696486,2.153591576521603,0.0003618376970662265
2026-06-05 05:45:00,2.145800000000001,-0.0003499999999996284,2.146003978608302,-0.00014602139169863254
2026-06-05 05:50:00,2.1437166666666667,-0.002083333333334103,2.145619111186145,-0.0003848674221566248
2026-06-05 05:55:00,2.1549661016949164,0.01124943502824971,2.1454486146395806,-0.00017049654656443918
2026-06-05 06:00:00,2.1522,-0.002766101694916312,2.1452180789243593,-0.00023053571522149496
2026-06-05 06:05:00,2.1451666666666673,-0.007033333333332781,2.1448953117013647,-0.0003227672229943557
2026-06-05 06:10:00,2.150066666666667,0.004899999999999682,2.1449114388365427,1.6127135177555784e-05
2026-06-05 06:15:00,2.1503500000000004,0.00028333333333341315,2.1452606996853807,0.00034926084883806174
2026-06-05 06:20:00,2.147800000000001,-0.002549999999999386,2.145555361390252,0.0002946617048714505
2026-06-05 06:25:00,2.151150000000001,0.003349999999999742,2.145685970116808,0.00013060872655616505
2026-06-05 06:30:00,2.1527833333333337,0.0016333333333329314,2.145985667045463,0.0002996969286548395
2026-06-05 06:35:00,2.1505084745762715,-0.002274858757062237,2.1508677411368944,-0.0019155921964392362
2026-06-05 06:40:00,2.151033333333334,0.0005248587570623187,2.1507500218599542,-0.0001177192769403764
2026-06-05 06:45:00,2.1529833333333332,0.0019499999999994522,2.1506795385108215,-7.048334913279431e-05
2026-06-05 06:50:00,2.153533333333334,0.0005500000000009386,2.1503939117576865,-0.0002856267531348922
2026-06-05 06:55:00,2.1535833333333345,5.000000000032756e-05,2.1502437370970147,-0.00015017466067190248
2026-06-05 07:00:00,2.1558500000000005,0.002266666666665973,2.1500633560107016,-0.00018038108631274256
2026-06-05 07:05:00,2.1534333333333335,-0.0024166666666669556,2.14979877334329,-0.0002645826674117907
2026-06-05 07:10:00,2.154150000000001,0.0007166666666673649,2.1498637552562285,6.498191293873102e-05
2026-06-05 07:15:00,2.156559322033899,0.00240932203389832,2.1502541417092123,0.00039038645298346237
2026-06-05 07:20:00,2.1606166666666673,0.0040573446327680784,2.150586662263019,0.00033252055380689313
2026-06-05 07:25:00,2.1586166666666675,-0.0019999999999997797,2.1582312672319026,-0.0023853994347646326
2026-06-05 07:30:00,2.160316666666667,0.0016999999999995907,2.158202789023467,-2.8478208435607486e-05
2026-06-05 07:35:00,2.1614333333333335,0.0011166666666664327,2.158522139885363,0.00031935086189588787
2026-06-05 07:40:00,2.1614166666666677,-1.6666666665887675e-05,2.158693923737001,0.00017178385163813721
2026-06-05 07:45:00,2.1624000000000003,0.00098333333333267,2.158786104912101,9.218117509994191e-05
2026-06-05 07:50:00,2.16225,-0.0001500000000005386,2.158788368704055,2.2637919540465873e-06
2026-06-05 07:55:00,2.1638644067796613,0.0016144067796615147,2.1587799157403524,-8.45296370262674e-06
2026-06-05 08:00:00,2.161583333333333,-0.002281073446328108,2.1586746006887036,-0.00010531505164882808
2026-06-05 08:05:00,2.1606833333333335,-0.0008999999999996788,2.1584746632211123,-0.00019993746759136376
2026-06-05 08:10:00,2.160566666666667,-0.0001166666666665428,2.1585961256988915,0.00012146247777943304
2026-06-05 08:15:00,2.1632500000000006,0.002683333333333593,2.1611918479466032,0.0006251812799362442
2026-06-05 08:20:00,2.158516666666667,-0.0047333333333337,2.161411645605197,0.0002197976585936792
2026-06-05 08:25:00,2.1621333333333337,0.0036166666666668235,2.1615111013494066,9.945574420952021e-05
2026-06-05 08:30:00,2.16255,0.0004166666666662877,2.1618340271907495,0.0003229258413430986
2026-06-05 08:35:00,2.1628305084745767,0.0002805084745767239,2.1622920759206634,0.0004580487299139894
2026-06-05 08:40:00,2.161233333333334,-0.0015971751412426904,2.1627266196275037,0.0004345437068400036
2026-06-05 08:45:00,2.160333333333334,-0.0009000000000001229,2.1629975639950403,0.00027094436753682423
2026-06-05 08:50:00,2.1599833333333343,-0.0003499999999996284,2.1631169699175405,0.00011940592250020208
2026-06-05 08:55:00,2.1562666666666668,-0.0037166666666674786,2.16320306215603,8.609223848919609e-05
2026-06-05 09:00:00,2.159733333333334,0.003466666666667173,2.163186000754557,-1.7061401472933435e-05
2026-06-05 09:05:00,2.159633333333334,-9.999999999976694e-05,2.158783801853619,-0.000949531479714817
2026-06-05 09:10:00,2.154133333333334,-0.00550000000000006,2.1585645291138316,-0.00021927273978750666
2026-06-05 09:15:00,2.155016949152543,0.0008836158192089272,2.158917363680867,0.00035283456703535227
2026-06-05 09:20:00,2.1569999999999996,0.0019830508474565356,2.159213653982355,0.00029629030148827846
2026-06-05 09:25:00,2.146116666666667,-0.01088333333333269,2.15934775002352,0.00013409604116480732
2026-06-05 09:30:00,2.1445333333333334,-0.001583333333333492,2.1597061453524953,0.0003583953289753322
2026-06-05 09:35:00,2.1437666666666666,-0.0007666666666668043,2.1602110057762505,0.0005048604237552833
2026-06-05 09:40:00,2.1434,-0.00036666666666640424,2.160700455431994,0.000489449655743462
2026-06-05 09:45:00,2.1413333333333346,-0.002066666666665551,2.161041870381436,0.0003414149494415818
2026-06-05 09:50:00,2.144283333333334,0.002949999999999342,2.161244338734183,0.00020246835274728237
2026-06-05 09:55:00,2.1443559322033905,7.259887005650612e-05,2.142777859621007,-0.0015054737123269591
2026-06-05 10:00:00,2.1451000000000007,0.0007440677966101816,2.1421316202355998,-0.0006462393854070523
2026-06-05 10:05:00,2.1451666666666673,6.666666666665932e-05,2.1417159803912784,-0.00041563984432153796
2026-06-05 10:10:00,2.1422833333333338,-0.002883333333333571,2.1417236013734535,7.620982175163233e-06
2026-06-05 10:15:00,2.1422000000000008,-8.333333333299109e-05,2.14213794018089,0.00041433880743626064
2026-06-05 10:20:00,2.1429666666666667,0.0007666666666659161,2.142520244347198,0.000382304166308003
2026-06-05 10:25:00,2.146766666666667,0.0038000000000004697,2.1427421584342006,0.00022191408700283381
2026-06-05 10:30:00,2.1455500000000005,-0.0012166666666666437,2.143181669872442,0.00043951143824143925
2026-06-05 10:35:00,2.146152542372882,0.0006025423728814872,2.1437592771192513,0.0005776072468091554
2026-06-05 10:40:00,2.1399,-0.006252542372882086,2.144322281599632,0.0005630044803807005
2026-06-05 10:45:00,2.1451666666666673,0.005266666666667419,2.1427842997687696,0.0028842997687696438
2026-06-05 10:50:00,2.1448500000000004,-0.00031666666666696486,2.1432450456530234,0.00046074588425407766
2026-06-05 10:55:00,2.144566666666667,-0.00028333333333341315,2.1435747136953434,0.0003296680423198533
2026-06-05 11:00:00,2.147033333333334,0.002466666666666839,2.143863086815311,0.0002883731199676077
2026-06-05 11:05:00,2.1455666666666673,-0.0014666666666665051,2.1439404625682115,7.737575290031118e-05
2026-06-05 11:10:00,2.1491525423728817,0.003585875706214381,2.1442747448950645,0.0003342823268533171
2026-06-05 11:15:00,2.144483333333334,-0.004669209039547706,2.144887084691118,0.000612339796053252
2026-06-05 11:20:00,2.1443333333333334,-0.0001500000000005386,2.145397986695269,0.0005109020041510456
2026-06-05 11:25:00,2.1439333333333335,-0.00039999999999995595,2.145713528297709,0.00031554160244005235
2026-06-05 11:30:00,2.142533333333333,-0.00140000000000029,2.1462323856560994,0.0005188573583903718
2026-06-05 11:35:00,2.147500000000001,0.004966666666667674,2.1436607135828645,0.0011273802495314186
2026-06-05 11:40:00,2.1461333333333337,-0.0013666666666671823,2.144362588925162,0.0007018753422976879
2026-06-05 11:45:00,2.147600000000001,0.0014666666666673933,2.144882283135716,0.0005196942105539429
2026-06-05 11:50:00,2.1479999999999997,0.0003999999999986237,2.1452758365431808,0.0003935534074647283
2026-06-05 11:55:00,2.144983333333334,-0.0030166666666655573,2.145639328992231,0.0003634924490499875
2026-06-05 12:00:00,2.144616666666667,-0.0003666666666672924,2.14588831710382,0.00024898811158897115
2026-06-05 12:05:00,2.1473666666666675,0.0027500000000006963,2.146012410973263,0.00012409386944307706
2026-06-05 12:10:00,2.14455,-0.0028166666666673557,2.1464143822624284,0.00040197128916557575
2026-06-05 12:15:00,2.1468666666666674,0.0023166666666671887,2.1470921720345673,0.0006777897721389121
2026-06-05 12:20:00,2.1460333333333343,-0.0008333333333330195,2.147673654450873,0.0005814824163057142
2026-06-05 12:25:00,2.1480666666666672,0.0020333333333328873,2.146208230279543,0.00017489694620896243
2026-06-05 12:30:00,2.1480500000000005,-1.6666666666775853e-05,2.146683344052718,0.00047511377317511545
2026-06-05 12:35:00,2.145966101694916,-0.002083898305084375,2.1473754792932898,0.0006921352405712932
2026-06-05 12:40:00,2.141466666666667,-0.00449943502824901,2.148075843249671,0.000700363956381054
2026-06-05 12:45:00,2.1285500000000006,-0.012916666666666465,2.148640791336885,0.0005649480872139059
2026-06-05 12:50:00,2.12545,-0.003100000000000769,2.149076742359621,0.0004359510227360025
2026-06-05 12:55:00,2.1220000000000003,-0.003449999999999509,2.1494860932598225,0.00040935090020182476
2026-06-05 13:00:00,2.1229999999999998,0.0009999999999994458,2.1497914704102365,0.0003053771504139745
2026-06-05 13:05:00,2.1235166666666667,0.0005166666666669428,2.1499749155246644,0.00018344511442795189
2026-06-05 13:10:00,2.1250000000000004,0.001483333333333725,2.1504364712796757,0.0004615557550113111
2026-06-05 13:15:00,2.1455833333333336,0.020583333333333176,2.1256503733061747,0.0006503733061740498
2026-06-05 13:20:00,2.143766666666667,-0.0018166666666665776,2.1262711831358456,0.0006208098296710499
2026-06-05 13:25:00,2.1453833333333336,0.0016166666666665996,2.1266417366080095,0.0003705534721638583
2026-06-05 13:30:00,2.1417166666666674,-0.003666666666666263,2.1272250466964286,0.0005833100884191913
2026-06-05 13:35:00,2.1442833333333335,0.002566666666666162,2.1279654459866624,0.0007403992902336997
2026-06-05 13:40:00,2.144566666666667,0.00028333333333341315,2.128695821523173,0.0007303755365108054
2026-06-05 13:45:00,2.1441833333333333,-0.0003833333333336242,2.129288040564563,0.0005922190413898023
2026-06-05 13:50:00,2.140932203389831,-0.0032511299435022956,2.1297545845596324,0.0004665439950697045
2026-06-05 13:55:00,2.1468833333333337,0.005951129943502664,2.1302010509349367,0.0004464663753040772
2026-06-05 14:00:00,2.147816666666667,0.0009333333333332305,2.1305489889855687,0.00034793805063207785
2026-06-05 14:05:00,2.146633333333334,-0.001183333333333092,2.1472771254077037,-0.0005395412589632907
2026-06-05 14:10:00,2.1435000000000004,-0.0031333333333334323,2.1480297816754104,0.0007526562677068618
2026-06-05 14:15:00,2.1423666666666668,-0.0011333333333336526,2.148897562233508,0.0008677805580976902
2026-06-05 14:20:00,2.1461333333333332,0.003766666666666474,2.1494915919627164,0.0005940297292082587
2026-06-05 14:25:00,2.138616666666666,-0.00751666666666706,2.14987168353056,0.00038009156784327874
2026-06-05 14:30:00,2.1369322033898306,-0.0016844632768355794,2.150448894379349,0.0005772108487895928
2026-06-05 14:35:00,2.1355166666666667,-0.0014155367231638571,2.1511791299411427,0.0007302355617932945
2026-06-05 14:40:00,2.1334666666666666,-0.0020500000000001073,2.151901285351013,0.0007221554098706363
2026-06-05 14:45:00,2.131883333333334,-0.0015833333333326038,2.1524907926554224,0.0005895073044090747
2026-06-05 14:50:00,2.1328333333333327,0.0009499999999986741,2.152961847188421,0.00047105453299861144
2026-06-05 14:55:00,2.133166666666667,0.0003333333333341848,2.13280094589004,-3.238744329238617e-05
2026-06-05 15:00:00,2.1355999999999997,0.0024333333333328433,2.132978019909178,0.0001770740191377327
2026-06-05 15:05:00,2.1362166666666673,0.000616666666667598,2.1331149160087484,0.00013689609957023957
2026-06-05 15:10:00,2.1380847457627126,0.0018680790960452498,2.1335635295726,0.00044861356385198317
2026-06-05 15:15:00,2.1343666666666667,-0.003718079096045823,2.1342992565524064,0.0007357269798059297
2026-06-05 15:20:00,2.1358166666666674,0.0014500000000006175,2.134931787307232,0.0006325307548260176
2026-06-05 15:25:00,2.1345500000000004,-0.0012666666666669713,2.1353684184293003,0.0004366311220681711
2026-06-05 15:30:00,2.1353,0.0007499999999995843,2.135962497806981,0.0005940793776807978
2026-06-05 15:35:00,2.1290333333333336,-0.006266666666666421,2.136696928994492,0.0007344311875108272
2026-06-05 15:40:00,2.1063999999999994,-0.02263333333333417,2.1374178047292514,0.0007208757347594545
2026-06-05 15:45:00,2.1266000000000003,0.020200000000000884,2.123877458569186,0.01747745856918639
2026-06-05 15:50:00,2.1318474576271185,0.005247457627118202,2.124589216134752,0.0007117575655665178
2026-06-05 15:55:00,2.133566666666667,0.001719209039548364,2.1247762249155873,0.00018700878083505526
2026-06-05 16:00:00,2.131500000000001,-0.002066666666665995,2.1259148007929225,0.0011385758773353389
2026-06-05 16:05:00,2.1324,0.0008999999999992347,2.12646886588559,0.0005540650926672657
2026-06-05 16:10:00,2.12105,-0.011350000000000193,2.1271430719805737,0.0006742060949838383
2026-06-05 16:15:00,2.118016666666667,-0.003033333333332777,2.128047779962651,0.0009047079820770352
2026-06-05 16:20:00,2.115183333333333,-0.0028333333333341315,2.128805098726716,0.0007573187640650933
2026-06-05 16:25:00,2.1212033898305083,0.006020056497175297,2.1293255301261054,0.0005204313993896638
2026-06-05 16:30:00,2.1239500000000002,0.0027466101694919587,2.1299718596522976,0.0006463295261919318
2026-06-05 16:35:00,2.1231000000000004,-0.0008499999999997954,2.123336580234918,-0.0006134197650822904
2026-06-05 16:40:00,2.102933333333332,-0.02016666666666822,2.124124341991567,0.0007877617566494208
2026-06-05 16:45:00,2.096616666666667,-0.006316666666665416,2.124718996940374,0.0005946549488063699
2026-06-05 16:50:00,2.1079999999999997,0.011383333333332857,2.1250257590825483,0.0003067621421744706
2026-06-05 16:55:00,2.1121666666666656,0.004166666666665986,2.1253764205407806,0.0003506614582321712
2026-06-05 17:00:00,2.112399999999999,0.00023333333333352968,2.1256642763526337,0.00028785581185339983
2026-06-05 17:05:00,2.114423728813559,0.002023728813559611,2.125827733702584,0.00016345734995035902
2026-06-05 17:10:00,2.1142499999999997,-0.00017372881355903758,2.1262778087901886,0.000450075087604225
2026-06-05 17:15:00,2.114066666666667,-0.00018333333333275803,2.1270049387541627,0.0007271299639745508
2026-06-05 17:20:00,2.1203999999999996,0.006333333333332636,2.1276262905588923,0.0006213518047293992
2026-06-05 17:25:00,2.1300499999999998,0.009650000000000158,2.1159458354466185,-0.004454164553380962
2026-06-05 17:30:00,2.1294333333333335,-0.0006166666666662657,2.1154963586831363,-0.0004494767634824253
2026-06-05 17:35:00,2.12525,-0.00418333333333365,2.1159370859673072,0.00044072728417081966
2026-06-05 17:40:00,2.1229166666666663,-0.0023333333333335204,2.1162799670922277,0.0003428811249207275
2026-06-05 17:45:00,2.119813559322034,-0.00310310734463215,2.1166008503560616,0.0003208832638339844
2026-06-05 17:50:00,2.1199999999999997,0.00018644067796547148,2.1168965210468014,0.00029567069073957095
2026-06-05 17:55:00,2.115983333333333,-0.004016666666666779,2.1172187284440587,0.00032220739725754985
2026-06-05 18:00:00,2.1176499999999994,0.0016666666666664831,2.117455536480693,0.00023680803663375438
2026-06-05 18:05:00,2.119416666666666,0.0017666666666666941,2.1175759623933166,0.00012042591262376668
2026-06-05 18:10:00,2.1384500000000006,0.019033333333334568,2.1179908176492597,0.00041485525594309105
2026-06-05 18:15:00,2.1447833333333333,0.006333333333332636,2.1253226267730367,-0.013127373226964069
2026-06-05 18:20:00,2.146300000000001,0.0015166666666677209,2.1253484623893364,2.583561629990038e-05
2026-06-05 18:25:00,2.1507796610169496,0.004479661016948633,2.125723978549274,0.00037551615993743905
2026-06-05 18:30:00,2.1519500000000003,0.0011703389830506339,2.1246742813414152,-0.001049697207858869
2026-06-05 18:35:00,2.151516666666667,-0.00043333333333306356,2.1248092553003315,0.00013497395891664884
2026-06-05 18:40:00,2.14805,-0.003466666666667173,2.125468050063891,0.0006587947635594006
2026-06-05 18:45:00,2.1414,-0.006650000000000045,2.1258812409822325,0.0004131909183415233
2026-06-05 18:50:00,2.144316666666666,0.0029166666666662344,2.126131674989008,0.0002504340067753612
2026-06-05 18:55:00,2.13695,-0.007366666666666077,2.126392081956555,0.00026040696754701774
2026-06-05 19:00:00,2.1460500000000007,0.009100000000000552,2.1265636773499055,0.00017159539335030299
2026-06-05 19:05:00,2.133440677966102,-0.012609322033898529,2.1458121383005024,-0.00023786169949827632
2026-06-05 19:10:00,2.139966666666667,0.0065259887005648665,2.146132029382625,0.0003198910821225457
2026-06-05 19:15:00,2.141966666666667,0.0019999999999997797,2.147198849036258,0.0010668196536331614
2026-06-05 19:20:00,2.1410333333333336,-0.0009333333333332305,2.147838846500302,0.000639997464044062
2026-06-05 19:25:00,2.1426333333333343,0.001600000000000712,2.148136406086268,0.0002975595859660287
2026-06-05 19:30:00,2.1405833333333333,-0.0020500000000009955,2.148550455772959,0.0004140496866907786
2026-06-05 19:35:00,2.14305,0.002466666666666839,2.149115661930192,0.000565206157232976
2026-06-05 19:40:00,2.1413166666666665,-0.0017333333333335865,2.14965918981608,0.0005435278858880748
2026-06-05 19:45:00,2.1386779661016946,-0.002638700564971952,2.1500524922951434,0.00039330247906316815
2026-06-05 19:50:00,2.143733333333333,0.0050553672316384635,2.1503034971052157,0.0002510048100725463
2026-06-05 19:55:00,2.1369499999999997,-0.006783333333333363,2.141566533909459,-0.0021667994238743185
2026-06-05 20:00:00,2.1440499999999996,0.007099999999999884,2.1409858600756277,-0.0005806738338308252
2026-06-05 20:05:00,2.136633333333334,-0.007416666666665517,2.1407599271824433,-0.00022593289318456296
2026-06-05 20:10:00,2.143416666666667,0.006783333333332919,2.1408997207986675,0.00013979361622437213
2026-06-05 20:15:00,2.136366666666667,-0.007050000000000001,2.141402600485255,0.0005028796865875683
2026-06-05 20:20:00,2.1491499999999997,0.012783333333332703,2.1418566122580067,0.0004540117727513902
2026-06-05 20:25:00,2.1431186440677967,-0.006031355932202942,2.1421407583450174,0.0002841460870105897
2026-06-05 20:30:00,2.1415833333333327,-0.0015353107344640016,2.1425450406831987,0.0004042823381813235
2026-06-05 20:35:00,2.1425499999999995,0.0009666666666667822,2.143084112798366,0.0005390721151674187
2026-06-05 20:40:00,2.1364500000000004,-0.006099999999999106,2.1435970874162016,0.0005129746178356005
2026-06-05 20:45:00,2.1373000000000006,0.0008500000000002395,2.1385107025766006,0.0020607025766001636
2026-06-05 20:50:00,2.137149999999999,-0.00015000000000142677,2.1389045292980255,0.0003938267214249481
2026-06-05 20:55:00,2.1452,0.008050000000000779,2.139129532101349,0.00022500280332351196
2026-06-05 21:00:00,2.13565,-0.009549999999999947,2.1392596086512237,0.0001300765498745116
2026-06-05 21:05:00,2.1392711864406784,0.0036211864406783256,2.1392386407581445,-2.096789307910159e-05
2026-06-05 21:10:00,2.147333333333334,0.008062146892655608,2.139506130016312,0.00026748925816740004
2026-06-05 21:15:00,2.1467666666666663,-0.0005666666666677145,2.1400673821309453,0.0005612521146333104
2026-06-05 21:20:00,2.136316666666667,-0.010449999999999182,2.140543551422614,0.00047616929166868126
2026-06-05 21:25:00,2.1361833333333333,-0.00013333333333376274,2.1408315109219473,0.0002879594993336829
2026-06-05 21:30:00,2.140716666666667,0.004533333333333722,2.141225620791469,0.0003941098695214754
2026-06-05 21:35:00,2.1389333333333327,-0.0017833333333343582,2.1409675659990888,0.00025089933242155373
2026-06-05 21:40:00,2.1411666666666673,0.0022333333333346417,2.1414820109643977,0.0005144449653092378
2026-06-05 21:45:00,2.1423220338983056,0.0011553672316382269,2.141889235836109,0.00040722487171116525
2026-06-05 21:50:00,2.140250000000001,-0.0020720338983046815,2.1420377995606334,0.00014856372452438804
2026-06-05 21:55:00,2.1389000000000005,-0.0013500000000004064,2.1421258200610875,8.802050045423379e-05
2026-06-05 22:00:00,2.1376666666666675,-0.0012333333333329755,2.142106817864346,-1.9002196741519498e-05
2026-06-05 22:05:00,2.142700000000001,0.005033333333333445,2.1419821045406575,-0.00012471332368844138
2026-06-05 22:10:00,2.141648148148149,-0.0010518518518520814,2.142167766715578,0.0001856621749203902
2026-06-05 22:15:00,2.1470166666666675,0.005368518518518606,2.1426600485426013,0.0004922818270231316
2026-06-05 22:20:00,2.132116666666667,-0.014900000000000357,2.1430810509959843,0.00042100245338328336
2026-06-05 22:25:00,2.1400833333333336,0.007966666666666455,2.137145914760556,0.0050292480938888655
2026-06-05 22:30:00,2.1352833333333328,-0.004800000000000804,2.1378574242272057,0.0007115094666498093
2026-06-05 22:35:00,2.138915254237288,0.0036319209039552547,2.138377349043503,0.0005199248162972923
2026-06-05 22:40:00,2.1382833333333338,-0.0006319209039542528,2.13906240688545,0.0006850578419467053
2026-06-05 22:45:00,2.1392,0.0009166666666664547,2.1394943364054604,0.0004319295200107759
2026-06-05 22:50:00,2.1371166666666666,-0.002083333333333659,2.139697242628029,0.00020290622256866395
2026-06-05 22:55:00,2.1401,0.002983333333333338,2.1398197127745555,0.00012247014652609886
2026-06-05 23:00:00,2.1322666666666668,-0.007833333333333137,2.1398124761359925,-7.236638562676989e-06
2026-06-05 23:05:00,2.137916666666667,0.005650000000000155,2.139687187114945,-0.00012528902104732008
2026-06-05 23:10:00,2.13935593220339,0.0014392655367232443,2.139865785350954,0.0001785982360086275
2026-06-05 23:15:00,2.1466,0.007244067796609688,2.1384559755154027,-0.0008999566879873392
2026-06-05 23:20:00,2.143783333333333,-0.0028166666666669116,2.1386240257510445,0.00016805023564160962
2026-06-05 23:25:00,2.1374166666666676,-0.006366666666665299,2.138784951534539,0.00016092578349472306
2026-06-05 23:30:00,2.1389333333333336,0.0015166666666659445,2.1390557715492395,0.00027082001470043614
2026-06-05 23:35:00,2.141566666666667,0.0026333333333332654,2.1394777061563555,0.00042193460711584566
2026-06-05 23:40:00,2.1417500000000005,0.0001833333333336462,2.1398837545856324,0.00040604842927683554
2026-06-05 23:45:00,2.145566666666667,0.0038166666666663573,2.1401345804981813,0.00025082591254910473
2026-06-05 23:50:00,2.1357966101694914,-0.009770056497175439,2.1402227968431147,8.82163449333697e-05
2026-06-05 23:55:00,2.146083333333334,0.010286723163842382,2.140253352858419,3.055601530411541e-05
2026-06-06 00:00:00,2.1403166666666666,-0.005766666666667142,2.140174516606438,-7.88362519805399e-05
2026-06-06 00:05:00,2.143966666666666,0.003649999999999487,2.140701733776586,0.00038506710991958077
2026-06-06 00:10:00,2.149716666666667,0.00575000000000081,2.140987323783767,0.00028559000718066194
2026-06-06 00:15:00,2.1481166666666667,-0.0016000000000002679,2.141474245713693,0.0004869219299261221
2026-06-06 00:20:00,2.1458000000000004,-0.0023166666666663005,2.1418476947060654,0.0003734489923723055
2026-06-06 00:25:00,2.145383333333333,-0.0004166666666671759,2.1420306491112586,0.0001829544051934711
2026-06-06 00:30:00,2.1488644067796616,0.00348107344632842,2.1423294199557827,0.00029877084452398537
2026-06-06 00:35:00,2.14905,0.00018559322033828707,2.1427497972470455,0.00042037729126272525
2026-06-06 00:40:00,2.14725,-0.0017999999999998018,2.1431376563641202,0.00038785911707463075
2026-06-06 00:45:00,2.1456666666666675,-0.0015833333333326038,2.1433693593601717,0.00023170299605152877
2026-06-06 00:50:00,2.1458999999999997,0.0002333333333321974,2.1434386852919087,6.932593173692979e-05
2026-06-06 00:55:00,2.1456666666666675,-0.0002333333333321974,2.1460335311559824,0.00013353115598266376
2026-06-06 01:00:00,2.1456500000000007,-1.6666666666775853e-05,2.145780895864283,-0.00025263529169915997
2026-06-06 01:05:00,2.147516666666667,0.001866666666666461,2.145494767848646,-0.00028612801563752293
2026-06-06 01:10:00,2.1474237288135596,-9.293785310759972e-05,2.145556260145365,6.1492296719194e-05
2026-06-06 01:15:00,2.148816666666667,0.0013929378531072345,2.1459365722231207,0.00038031207775583487
2026-06-06 01:20:00,2.1465166666666673,-0.0022999999999995246,2.146254097780599,0.0003175255574784168
2026-06-06 01:25:00,2.1469666666666662,0.00044999999999895124,2.146404920638606,0.00015082285800708994
2026-06-06 01:30:00,2.1399,-0.0070666666666663325,2.146676613107812,0.00027169246920559915
2026-06-06 01:35:00,2.136983333333334,-0.0029166666666657903,2.1470673447256883,0.000390731617876268
2026-06-06 01:40:00,2.1386499999999997,0.001666666666665595,2.147427348373714,0.0003600036480259833
2026-06-06 01:45:00,2.1341525423728815,-0.004497457627118173,2.1400333038312755,0.001383303831276012
2026-06-06 01:50:00,2.1370833333333334,0.002930790960451901,2.1402575138850817,0.00022421005380581448
2026-06-06 01:55:00,2.137733333333333,0.0006499999999993733,2.1402853233401746,2.7809455092921468e-05
2026-06-06 02:00:00,2.1354333333333333,-0.0022999999999995246,2.1401760037213515,-0.00010931961882308074
2026-06-06 02:05:00,2.1351833333333334,-0.00024999999999986144,2.1399422278672526,-0.00023377585409870482
2026-06-06 02:10:00,2.134866666666667,-0.00031666666666652077,2.1400053107195194,6.308285226648374e-05
2026-06-06 02:15:00,2.1316333333333333,-0.0032333333333336434,2.1403719439983844,0.00036663327886523613
2026-06-06 02:20:00,2.1293833333333327,-0.0022500000000005294,2.140675661319829,0.00030371732144454286
2026-06-06 02:25:00,2.135186440677966,0.005803107344633407,2.140811965753192,0.00013630443336292496
2026-06-06 02:30:00,2.135866666666667,0.0006802259887006556,2.1410753220033203,0.000263356250128583
2026-06-06 02:35:00,2.13565,-0.00021666666666675383,2.1347311066214747,-0.001135560045192267
2026-06-06 02:40:00,2.1340333333333334,-0.0016166666666665996,2.1348323115199093,0.00010120489843479751
2026-06-06 02:45:00,2.134333333333333,0.0002999999999997449,2.134973324828323,0.000141013308413365
2026-06-06 02:50:00,2.1339,-0.00043333333333306356,2.1349599790260063,-1.3345802316391779e-05
2026-06-06 02:55:00,2.136583333333334,0.002683333333334037,2.134910336711015,-4.964231499100402e-05
2026-06-06 03:00:00,2.1364666666666667,-0.00011666666666743097,2.1347562404782723,-0.0001540962327431995
2026-06-06 03:05:00,2.1369661016949153,0.0004994350282485627,2.1345035100827148,-0.0002527303955572487
2026-06-06 03:10:00,2.140116666666667,0.0031505649717518125,2.134552025643279,4.851556056414182e-05
2026-06-06 03:15:00,2.1366000000000005,-0.0035166666666666124,2.1349050286372404,0.0003530029939616106
2026-06-06 03:20:00,2.134116666666667,-0.002483333333333615,2.13519707865712,0.000292050019879598
2026-06-06 03:25:00,2.1310666666666664,-0.0030500000000004412,2.1348034457879375,0.0006867791212706643
2026-06-06 03:30:00,2.1278,-0.003266666666666307,2.135104549749553,0.000301103961615373
2026-06-06 03:35:00,2.1350333333333333,0.007233333333333203,2.1355195443681474,0.0004149946185946613
2026-06-06 03:40:00,2.1291166666666665,-0.005916666666666792,2.135919803437896,0.0004002590697487215
2026-06-06 03:45:00,2.1188813559322033,-0.010235310734463265,2.136158548402438,0.0002387449645418876
2026-06-06 03:50:00,2.1211999999999995,0.0023186440677962494,2.1362255263787944,6.697797635637156e-05
2026-06-06 03:55:00,2.1510166666666675,0.029816666666667935,2.1362157015128607,-9.824865933713277e-06
2026-06-06 04:00:00,2.1594500000000005,0.00843333333333307,2.136083026630052,-0.000132674882808572
2026-06-06 04:05:00,2.1602333333333337,0.000783333333333136,2.1358454882816718,-0.00023753834838042518
2026-06-06 04:10:00,2.157133333333334,-0.0030999999999998806,2.1359056808246715,6.019254299957043e-05
2026-06-06 04:15:00,2.1610166666666677,0.003883333333333905,2.144268263601072,-0.012865069732261772
2026-06-06 04:20:00,2.1605000000000003,-0.0005166666666673869,2.1410587573749615,-0.0032095062261104724
2026-06-06 04:25:00,2.1656440677966113,0.005144067796611029,2.1384572340682033,-0.0026015233067581173
2026-06-06 04:30:00,2.1637,-0.0019440677966113817,2.1346990288337873,-0.0037582052344160796
2026-06-06 04:35:00,2.21145,0.04775000000000018,2.13318453358343,-0.0015144952503577099
2026-06-06 04:40:00,2.251733333333334,0.04028333333333389,2.1330155728259617,-0.000168960757468175
2026-06-06 04:45:00,2.263383333333334,0.011649999999999938,2.132787096747449,-0.00022847607851219807
2026-06-06 04:50:00,2.284036363636364,0.020653030303030118,2.1325916522000337,-0.0001954445474154394
2026-06-06 04:55:00,2.2887333333333335,0.004696969696969422,2.1324913809261625,-0.00010027127387123037
2026-06-06 05:00:00,2.2657166666666675,-0.02301666666666602,2.132314494388215,-0.00017688653794768278
2026-06-06 05:05:00,2.263983333333333,-0.0017333333333344747,2.2538560896904363,-0.011860576976231234
2026-06-06 05:10:00,2.224118644067797,-0.03986468926553588,2.2543038700403852,0.00044778034994911184
2026-06-06 05:15:00,2.2143833333333327,-0.00973531073446443,2.2521915424156593,-0.0021123276247259127
2026-06-06 05:20:00,2.2037833333333334,-0.010599999999999277,2.245663904431938,-0.006527637983721403
2026-06-06 05:25:00,2.2364,0.03261666666666674,2.2439121903706254,-0.0017517140613127053
2026-06-06 05:30:00,2.2172833333333335,-0.01911666666666667,2.2432984432569265,-0.0006137471136987811
2026-06-06 05:35:00,2.226733333333333,0.009449999999999292,2.2415854270811453,-0.0017130161757812192
2026-06-06 05:40:00,2.2298166666666663,0.003083333333333549,2.240790930607755,-0.0007944964733903557
2026-06-06 05:45:00,2.2268166666666667,-0.0029999999999996696,2.240630133197528,-0.0001607974102268157
2026-06-06 05:50:00,2.2349830508474575,0.008166384180790853,2.240282758098164,-0.0003473750993644706
2026-06-06 05:55:00,2.2663166666666665,0.031333615819209015,2.2316847136825624,-0.0032983371648951368
2026-06-06 06:00:00,2.2528833333333336,-0.013433333333332964,2.2311433849884845,-0.0005413286940779898
2026-06-06 06:05:00,2.2844666666666664,0.03158333333333285,2.230895503997184,-0.0002478809913005837
2026-06-06 06:10:00,2.259366666666666,-0.025100000000000566,2.2307875707247455,-0.00010793327243810749
2026-06-06 06:15:00,2.2605,0.0011333333333340967,2.231059124227957,0.00027155350321106636
2026-06-06 06:20:00,2.246,-0.014499999999999957,2.2313132876809023,0.00025416345294539984
2026-06-06 06:25:00,2.251016666666666,0.005016666666666225,2.2314137075611904,0.00010041988028829988
2026-06-06 06:30:00,2.249745762711864,-0.0012709039548020051,2.2316949797709364,0.00028127220974581566
2026-06-06 06:35:00,2.2230500000000006,-0.02669576271186358,2.2321083454504365,0.0004133656794999982
2026-06-06 06:40:00,2.224783333333333,0.0017333333333322543,2.2325047031188823,0.00039635766844586535
2026-06-06 06:45:00,2.211066666666666,-0.013716666666666821,2.239895160872311,0.015111827538978483
2026-06-06 06:50:00,2.24045,0.029383333333333983,2.240159858462809,0.0002646975904975394
2026-06-06 06:55:00,2.274816666666667,0.0343666666666671,2.2399121471713093,-0.00024771129149954
2026-06-06 07:00:00,2.24495,-0.029866666666667374,2.240319997265853,0.0004078500945435847
2026-06-06 07:05:00,2.272372881355932,0.027422881355932294,2.2402451459475823,-7.48513182706308e-05
2026-06-06 07:10:00,2.2195833333333335,-0.05278954802259861,2.24035982066793,0.00011467472034750587
2026-06-06 07:15:00,2.2292500000000004,0.009666666666666934,2.24077097765158,0.00041115698365035375
2026-06-06 07:20:00,2.2136666666666662,-0.01558333333333417,2.2411118679297357,0.0003408902781556195
2026-06-06 07:25:00,2.202033333333333,-0.011633333333333162,2.2412779317226015,0.00016606379286578278
2026-06-06 07:30:00,2.188383333333334,-0.013649999999999274,2.2416148762228234,0.0003369445002216275
2026-06-06 07:35:00,2.2100833333333325,0.02169999999999872,2.2104196529126305,0.02203631957929655
2026-06-06 07:40:00,2.2117833333333334,0.001700000000000923,2.2109161386296274,0.0004964857169969962
2026-06-06 07:45:00,2.215593220338982,0.003809887005648438,2.210725051837975,-0.00019108679165264023
2026-06-06 07:50:00,2.210283333333332,-0.005309887005649827,2.212321011543174,0.0015959597051993606
2026-06-06 07:55:00,2.1984500000000002,-0.011833333333331808,2.2128423223341995,0.0005213107910256708
2026-06-06 08:00:00,2.206866666666667,0.008416666666666739,2.212987476713834,0.0001451543796342311
2026-06-06 08:05:00,2.18665,-0.02021666666666677,2.212979773856132,-7.702857702240288e-06
2026-06-06 08:10:00,2.1886999999999994,0.002049999999999219,2.2132587444552536,0.00027897059912187827
2026-06-06 08:15:00,2.1943166666666656,0.005616666666666159,2.2138317300287613,0.0005729855735077809
2026-06-06 08:20:00,2.1854166666666663,-0.008899999999999242,2.214304465127929,0.0004727350991675117
2026-06-06 08:25:00,2.190101694915254,0.0046850282485877415,2.192612577829663,0.007195911162996295
2026-06-06 08:30:00,2.1955833333333334,0.00548163841807936,2.193927572143657,0.001314994313994078
2026-06-06 08:35:00,2.1910999999999996,-0.004483333333333839,2.1944882133288965,0.0005606411852397594
2026-06-06 08:40:00,2.1772666666666667,-0.01383333333333292,2.1952369943880505,0.0007487810591539611
2026-06-06 08:45:00,2.1753833333333343,-0.0018833333333323488,2.1957195383225807,0.0004825439345304882
2026-06-06 08:50:00,2.1763666666666674,0.000983333333333114,2.1959651228753487,0.00024558455276770886
2026-06-06 08:55:00,2.1842333333333337,0.007866666666666244,2.1961330723438683,0.00016794946851958354
2026-06-06 09:00:00,2.1741333333333333,-0.010100000000000442,2.1961685540967326,3.548175286450977e-05
2026-06-06 09:05:00,2.172898305084747,-0.001235028248586456,2.196084707354519,-8.384674221363607e-05
2026-06-06 09:10:00,2.17695,0.004051694915253368,2.1962996041580336,0.00021489680351440455
2026-06-06 09:15:00,2.17615,-0.000800000000000356,2.178649712490084,0.0016997124900838556
2026-06-06 09:20:00,2.1729166666666666,-0.0032333333333331993,2.1792967831855417,0.0006470706954576297
2026-06-06 09:25:00,2.1774833333333334,0.00456666666666683,2.179537725377961,0.00024094219241949875
2026-06-06 09:30:00,2.1769666666666665,-0.0005166666666669428,2.179976756021879,0.0004390306439176054
2026-06-06 09:35:00,2.1769166666666675,-4.999999999899529e-05,2.180526860986242,0.0005501049643631955
2026-06-06 09:40:00,2.1759999999999993,-0.000916666666668231,2.181042259897505,0.0005153989112631149
2026-06-06 09:45:00,2.1758166666666674,-0.00018333333333186985,2.181403414616358,0.00036115471885321613
2026-06-06 09:50:00,2.176305084745763,0.0004884180790956094,2.1816217889446095,0.0002183743282513132
2026-06-06 09:55:00,2.1660666666666675,-0.010238418079095535,2.1818018179589154,0.00018002901430592906
2026-06-06 10:00:00,2.173500000000001,0.007433333333333625,2.1818753618250404,7.35438661247141e-05
2026-06-06 10:05:00,2.174383333333334,0.000883333333332903,2.1737792969109484,0.0002792969109471576
2026-06-06 10:10:00,2.1775500000000005,0.00316666666666654,2.173944948703208,0.00016565179225982337
2026-06-06 10:15:00,2.169583333333334,-0.007966666666666455,2.174597786197065,0.0006528374938570296
2026-06-06 10:20:00,2.1709333333333336,0.0013499999999995183,2.1750913051088037,0.0004935189117383744
2026-06-06 10:25:00,2.1723500000000007,0.0014166666666670658,2.1753463616949396,0.000255056586136214
2026-06-06 10:30:00,2.173762711864408,0.001412711864407168,2.1758015958374797,0.0004552341425398541
2026-06-06 10:35:00,2.171516666666667,-0.0022460451977406315,2.176391460192038,0.0005898643545584796
2026-06-06 10:40:00,2.1697500000000005,-0.0017666666666666941,2.1769658042940545,0.0005743441020165947
2026-06-06 10:45:00,2.1718666666666673,0.0021166666666667666,2.177399853994879,0.00043404970082452655
2026-06-06 10:50:00,2.17035,-0.0015166666666672768,2.1776997772439244,0.00029992324904502284
2026-06-06 10:55:00,2.171716666666667,0.0013666666666671823,2.170119637040103,-0.00023036295989699215
2026-06-06 11:00:00,2.1696166666666667,-0.002100000000000435,2.169912312710112,-0.00020732432999073482
2026-06-06 11:05:00,2.1713333333333336,0.0017166666666668107,2.1697781570211765,-0.00013415568893589797
2026-06-06 11:10:00,2.1716271186440683,0.0002937853107347621,2.170018196798425,0.00024003977724833134
2026-06-06 11:15:00,2.1720500000000005,0.0004228813559321587,2.170581432964541,0.0005632361661164267
2026-06-06 11:20:00,2.170900000000001,-0.0011499999999995403,2.1710692406438543,0.0004878076793131203
2026-06-06 11:25:00,2.170733333333334,-0.00016666666666687036,2.171379018336543,0.00030977769268845907
2026-06-06 11:30:00,2.170133333333334,-0.0005999999999999339,2.1718949828189955,0.0005159644824528402
2026-06-06 11:35:00,2.1698166666666676,-0.00031666666666652077,2.1725435648284352,0.0006485820094396589
2026-06-06 11:40:00,2.172116666666668,0.002300000000000413,2.173176921765898,0.0006333569374630445
2026-06-06 11:45:00,2.1746949152542374,0.0025782485875693872,2.171911449385107,-0.00020521728156108288
2026-06-06 11:50:00,2.1746666666666674,-2.824858757000115e-05,2.1719274357977083,1.5986412601518658e-05
2026-06-06 11:55:00,2.174466666666667,-0.00020000000000042206,2.172119142060537,0.00019170626282834693
2026-06-06 12:00:00,2.1714333333333338,-0.0030333333333332213,2.172257688466622,0.00013854640608533034
2026-06-06 12:05:00,2.168666666666668,-0.002766666666665696,2.172299745602464,4.205713584183127e-05
2026-06-06 12:10:00,2.1679000000000013,-0.0007666666666668043,2.1726487288709366,0.00034898326847286837
2026-06-06 12:15:00,2.174550000000001,0.006649999999999601,2.1732888460664865,0.0006401171955495719
2026-06-06 12:20:00,2.175033333333334,0.00048333333333294703,2.1738378144958483,0.0005489684293618042
2026-06-06 12:25:00,2.174101694915255,-0.0009316384180788617,2.174197672869642,0.0003598583737941391
2026-06-06 12:30:00,2.1754500000000005,0.0013483050847455935,2.1747523234590753,0.0005546505894328215
2026-06-06 12:35:00,2.1717666666666675,-0.0036833333333330387,2.174883606622962,-0.0005663933770385653
2026-06-06 12:40:00,2.172233333333334,0.00046666666666661527,2.175092047947348,0.00020844132438598066
2026-06-06 12:45:00,2.1716,-0.0006333333333339297,2.175422907413611,0.00033085946626336334
2026-06-06 12:50:00,2.1719166666666663,0.0003166666666660767,2.175681728184648,0.0002588207710366265
2026-06-06 12:55:00,2.173816666666667,0.001900000000000901,2.1760102128330145,0.00032848464836646976
2026-06-06 13:00:00,2.174183333333334,0.00036666666666684833,2.1762773173066643,0.00026710447364981224
2026-06-06 13:05:00,2.172101694915255,-0.002081638418078846,2.1764267607144765,0.00014944340781208507
2026-06-06 13:10:00,2.1755333333333344,0.0034316384180792525,2.176861166797185,0.00043440608270893446
2026-06-06 13:15:00,2.169383333333334,-0.006150000000000322,2.1775709997270893,0.0007098329299039268
2026-06-06 13:20:00,2.1702666666666675,0.0008833333333333471,2.178176796999032,0.0006057972719431579
2026-06-06 13:25:00,2.172816666666667,0.002549999999999386,2.171581312041068,0.001314645374400329
2026-06-06 13:30:00,2.178866666666667,0.006050000000000111,2.1722658851002006,0.0006845730591328585
2026-06-06 13:35:00,2.1759166666666663,-0.0029500000000006743,2.1730233670681844,0.0007574819679840091
2026-06-06 13:40:00,2.1835166666666663,0.007600000000000051,2.173779769045978,0.0007564019777934858
2026-06-06 13:45:00,2.1858833333333334,0.002366666666667072,2.174368258867511,0.0005884898215326163
2026-06-06 13:50:00,2.132305084745763,-0.05357824858757043,2.1748212018133,0.00045294294578924284
2026-06-06 13:55:00,2.1248333333333336,-0.007471751412429395,2.1752677457184415,0.0004465439051414522
2026-06-06 14:00:00,2.1199166666666667,-0.004916666666666902,2.175614152948958,0.00034640723051659395
2026-06-06 14:05:00,2.119249999999999,-0.0006666666666674814,2.1758291464327972,0.0002149934838392648
2026-06-06 14:10:00,2.1167499999999992,-0.0024999999999999467,2.1763220244366703,0.0004928780038730789
2026-06-06 14:15:00,2.11295,-0.0037999999999991374,2.1293972513367843,0.012647251336784881
2026-06-06 14:20:00,2.113883333333333,0.0009333333333327865,2.131399696115932,0.002002444779148034
2026-06-06 14:25:00,2.10965,-0.004233333333333089,2.1318651819904044,0.0004654858744722248
2026-06-06 14:30:00,2.110033898305085,0.0003838983050852285,2.1327323805726817,0.0008671985822773053
2026-06-06 14:35:00,2.1136166666666663,0.0035827683615812234,2.1336415319036184,0.0009091513309365238
2026-06-06 14:40:00,2.1116833333333327,-0.0019333333333335645,2.13444275747561,0.0008012255719919997
2026-06-06 14:45:00,2.11385,0.002166666666667094,2.1350740322542423,0.0006312747786321434
2026-06-06 14:50:00,2.1093999999999995,-0.004450000000000287,2.135576113372253,0.0005020811180106527
2026-06-06 14:55:00,2.1107499999999995,0.0013499999999999623,2.13606115597435,0.0004850426020971053
2026-06-06 15:00:00,2.1112166666666674,0.00046666666666794754,2.136443604079096,0.00038244810474586966
2026-06-06 15:05:00,2.1115333333333335,0.0003166666666660767,2.1120080790396067,0.0007914123729391392
2026-06-06 15:10:00,2.112033333333333,0.0004999999999997229,2.112609904220567,0.0006018251809603948
2026-06-06 15:15:00,2.1130847457627118,0.001051412429378562,2.113362825958606,0.0007529217380390048
2026-06-06 15:20:00,2.111483333333333,-0.0016014124293786125,2.114003395998471,0.0006405700398654428
2026-06-06 15:25:00,2.1103333333333327,-0.0011500000000004285,2.114448061847704,0.0004446658492328163
2026-06-06 15:30:00,2.109683333333334,-0.0006499999999989292,2.115050828497973,0.0006027666502688968
2026-06-06 15:35:00,2.1117,0.0020166666666661115,2.1157915447985665,0.000740716300593254
2026-06-06 15:40:00,2.109683333333333,-0.0020166666666669997,2.1165176089598066,0.0007260641612400994
2026-06-06 15:45:00,2.1097000000000006,1.6666666667664032e-05,2.117109710018454,0.00059210105864767
2026-06-06 15:50:00,2.109516666666666,-0.0001833333333345344,2.1175806864158346,0.00047097639738044204
2026-06-06 15:55:00,2.1130847457627113,0.0035680790960452846,2.110287247823061,0.0007705811563950192
2026-06-06 16:00:00,2.110066666666667,-0.003018079096044346,2.110643230391554,0.0003559825684928167
2026-06-06 16:05:00,2.107366666666666,-0.002700000000000813,2.1108394516720805,0.000196221280526851
2026-06-06 16:10:00,2.108649999999999,0.001283333333332859,2.111322193620624,0.00048274194854312574
2026-06-06 16:15:00,2.1108,0.0021500000000007624,2.1120779918044184,0.0007557981837945969
2026-06-06 16:20:00,2.113183333333333,0.002383333333333404,2.1127264538063613,0.0006484620019428364
2026-06-06 16:25:00,2.1136,0.0004166666666667318,2.1131754516631576,0.0004489978567963718
2026-06-06 16:30:00,2.1121499999999997,-0.0014500000000001734,2.113757359877297,0.0005819082141394945
2026-06-06 16:35:00,2.112610169491525,0.0004601694915251642,2.1144726974775856,0.0007153376002886105
2026-06-06 16:40:00,2.111199999999999,-0.0014101694915260587,2.1151707061297658,0.0006980086521799903
2026-06-06 16:45:00,2.110933333333333,-0.0002666666666657491,2.1119273141924952,0.0007273141924964611
2026-06-06 16:50:00,2.1096166666666667,-0.0013166666666664106,2.1122495977627764,0.00032228357028117794
2026-06-06 16:55:00,2.1113999999999993,0.0017833333333325818,2.1126370142700424,0.0003874165072656797
2026-06-06 17:00:00,2.1113499999999994,-4.999999999988347e-05,2.1129549050955596,0.0003178908255174024
2026-06-06 17:05:00,2.1117666666666666,0.0004166666666671759,2.1131445748165443,0.00018966972098480463
2026-06-06 17:10:00,2.109933333333333,-0.0018333333333333535,2.1136119716953474,0.0004673968788030861
2026-06-06 17:15:00,2.1115999999999997,0.0016666666666664831,2.1143519182547057,0.0007399465593582508
2026-06-06 17:20:00,2.1120677966101686,0.0004677966101689357,2.114989629987446,0.0006377117327406199
2026-06-06 17:25:00,2.110333333333333,-0.0017344632768354629,2.1154275648772902,0.0004379348898437488
2026-06-06 17:30:00,2.109716666666667,-0.0006166666666662657,2.115978506296427,0.0005509414191369127
