Real_Future_Timestamp,Actual_Electrode_V_Abs,Actual_Electrode_V_Delta,TFT_Prediction_V_Abs,TFT_Prediction_V_Delta
2026-06-03 02:45:00,1.7121500000000003,-0.0036999999999987043,1.7135752527022892,-0.002274747297709799
2026-06-03 02:50:00,1.6939999999999997,-0.018150000000000555,1.7119622541475608,-0.0016129985547285253
2026-06-03 02:55:00,1.682101694915255,-0.011898305084744765,1.7114522516811221,-0.0005100024664384138
2026-06-03 03:00:00,1.6654166666666668,-0.016685028248588196,1.7110513445370654,-0.0004009071440568538
2026-06-03 03:05:00,1.664266666666667,-0.0011499999999997623,1.710590240700812,-0.0004611038362533985
2026-06-03 03:10:00,1.6660333333333333,0.00176666666666625,1.7097833835656993,-0.0008068571351127858
2026-06-03 03:15:00,1.6665500000000006,0.0005166666666673869,1.707078303417691,-0.002705080148008045
2026-06-03 03:20:00,1.6537833333333336,-0.012766666666667037,1.7030347538706851,-0.004043549547005979
2026-06-03 03:25:00,1.647816666666667,-0.005966666666666676,1.697981219325588,-0.005053534545097094
2026-06-03 03:30:00,1.6337966101694916,-0.014020056497175304,1.6925163626120452,-0.005464856713542978
2026-06-03 03:35:00,1.622783333333333,-0.011013276836158603,1.6872129514271645,-0.005303411184880649
2026-06-03 03:40:00,1.6200999999999994,-0.002683333333333593,1.6825159550027033,-0.004696996424461198
2026-06-03 03:45:00,1.5866666666666664,-0.03343333333333298,1.6786570971647312,-0.0038588578379721407
2026-06-03 03:50:00,1.5817,-0.004966666666666342,1.6769813770810897,-0.001675720083641344
2026-06-03 03:55:00,1.5772166666666665,-0.004483333333333617,1.676504082510058,-0.0004772945710319524
2026-06-03 04:00:00,1.5757166666666669,-0.0014999999999996128,1.6747233165078477,-0.0017807660022102895
2026-06-03 04:05:00,1.572466666666667,-0.003249999999999975,1.6733911369776142,-0.0013321795302334712
2026-06-03 04:10:00,1.5815932203389833,0.009126553672316406,1.671543541743581,-0.001847595234033099
2026-06-03 04:15:00,1.6103166666666655,0.0287234463276822,1.6680941229798396,-0.003449418763741446
2026-06-03 04:20:00,1.6760499999999996,0.06573333333333409,1.6637017578337585,-0.004392365146081006
2026-06-03 04:25:00,1.6814,0.00535000000000041,1.6584298949702736,-0.0052718628634848734
2026-06-03 04:30:00,1.674800000000001,-0.006599999999999051,1.652772484642009,-0.005657410328264569
2026-06-03 04:35:00,1.6682372881355936,-0.006562711864407378,1.6472641702915791,-0.005508314350429979
2026-06-03 04:40:00,1.6653666666666664,-0.002870621468927137,1.6423333409104524,-0.004930829381126878
2026-06-03 04:45:00,1.6717500000000003,0.0063833333333338516,1.6381918920492853,-0.0041414488611670125
2026-06-03 04:50:00,1.6655833333333334,-0.006166666666666876,1.6361383089574548,-0.0020535830918304897
2026-06-03 04:55:00,1.6564833333333338,-0.009099999999999664,1.6354607793909084,-0.0006775295665464107
2026-06-03 05:00:00,1.6557500000000003,-0.0007333333333334746,1.634861032629611,-0.0005997467612973515
2026-06-03 05:05:00,1.6445666666666672,-0.011183333333333101,1.6340865133249904,-0.0007745193046206143
2026-06-03 05:10:00,1.6389666666666673,-0.005599999999999827,1.6328096871692535,-0.0012768261557368564
2026-06-03 05:15:00,1.6358813559322039,-0.003085310734463498,1.6334256872631259,0.000616000093872367
2026-06-03 05:20:00,1.6295333333333326,-0.006348022598871239,1.6293908682377154,-0.004034819025410528
2026-06-03 05:25:00,1.6274166666666658,-0.0021166666666667666,1.6240045634998528,-0.005386304737862569
2026-06-03 05:30:00,1.6214333333333326,-0.0059833333333332295,1.618342283309688,-0.0056622801901645555
2026-06-03 05:35:00,1.6146833333333328,-0.006749999999999812,1.6128474226217155,-0.005494860687972631
2026-06-03 05:40:00,1.6056333333333335,-0.009049999999999336,1.6079003902859665,-0.0049470323357489274
2026-06-03 05:45:00,1.598749999999999,-0.006883333333334463,1.6037283961571263,-0.004171994128840341
2026-06-03 05:50:00,1.6013333333333326,0.002583333333333604,1.6016685490341953,-0.0020598471229308756
2026-06-03 05:55:00,1.59885,-0.0024833333333325047,1.600927739541134,-0.0007408094930613349
2026-06-03 06:00:00,1.6045999999999991,0.005749999999999034,1.6003595922917835,-0.0005681472493506681
2026-06-03 06:05:00,1.5996271186440674,-0.004972881355931769,1.5996313704707599,-0.0007282218210235751
2026-06-03 06:10:00,1.60415,0.004522881355932595,1.5984344784886044,-0.001196891982155355
2026-06-03 06:15:00,1.599283333333333,-0.004866666666667019,1.5953539250836748,-0.003080553404929717
2026-06-03 06:20:00,1.603233333333334,0.003950000000001008,1.5910760905423627,-0.004277834541312081
2026-06-03 06:25:00,1.6078166666666667,0.0045833333333327175,1.5859432547369452,-0.005132835805417403
2026-06-03 06:30:00,1.6111500000000005,0.0033333333333338544,1.5797567673526929,-0.006186487384252268
2026-06-03 06:35:00,1.6064666666666665,-0.004683333333334039,1.5744363835260091,-0.005320383826683729
2026-06-03 06:40:00,1.606133333333333,-0.00033333333333351867,1.569505490320159,-0.004930893205850036
2026-06-03 06:45:00,1.6067333333333336,0.0006000000000006,1.5653909540155104,-0.004114536304648798
2026-06-03 06:50:00,1.6072666666666668,0.0005333333333332746,1.5635497791818769,-0.0018411748336335527
2026-06-03 06:55:00,1.613152542372881,0.005885875706214128,1.5628898436237966,-0.000659935558080167
2026-06-03 07:00:00,1.6146166666666661,0.001464124293785174,1.5625162813451035,-0.0003735622786932287
2026-06-03 07:05:00,1.6177999999999997,0.003183333333333538,1.562025052748747,-0.0004912285963564422
2026-06-03 07:10:00,1.6179999999999997,0.00019999999999997797,1.5611995760371913,-0.0008254767115557129
2026-06-03 07:15:00,1.6140666666666659,-0.003933333333333788,1.5584907178783112,-0.002708858158880032
2026-06-03 07:20:00,1.6172333333333329,0.003166666666666984,1.5543789219033712,-0.004111795974940047
2026-06-03 07:25:00,1.6159333333333339,-0.0012999999999989686,1.5494059064675583,-0.004973015435812925
2026-06-03 07:30:00,1.5891333333333328,-0.026800000000001045,1.5441260533462486,-0.005279853121309646
2026-06-03 07:35:00,2.5868305084745775,0.9976971751412447,1.5390311480139822,-0.00509490533226638
2026-06-03 07:40:00,2.6412000000000004,0.05436949152542292,1.5344478761863696,-0.004583271827612755
2026-06-03 07:45:00,2.600383333333333,-0.04081666666666761,1.521192953383864,-0.013254922802505408
2026-06-03 07:50:00,2.6809166666666675,0.08053333333333468,1.5152341167485364,-0.005958836635327687
2026-06-03 07:55:00,1.0341833333333335,-1.646733333333334,1.512891836377059,-0.0023422803714774026
2026-06-03 08:00:00,1.8953220338983046,0.8611387005649711,1.5120924893431351,-0.0007993470339236545
2026-06-03 08:05:00,2.6883333333333326,0.793011299435028,1.5116000931596956,-0.0004923961834395771
2026-06-03 08:10:00,2.6754166666666674,-0.012916666666665133,1.5110157330941618,-0.0005843600655338172
2026-06-03 08:15:00,2.684516666666667,0.009099999999999664,1.5086391936888977,-0.0023765394052641504
2026-06-03 08:20:00,2.686233333333334,0.0017166666666668107,1.5047855306211881,-0.003853663067709433
2026-06-03 08:25:00,2.6917499999999994,0.005516666666665504,1.500076381158728,-0.004709149462460133
2026-06-03 08:30:00,2.6919333333333335,0.0001833333333340903,1.4950445429831754,-0.0050318381755527445
2026-06-03 08:35:00,2.689266666666667,-0.002666666666666373,1.490155179997748,-0.0048893629854273755
2026-06-03 08:40:00,2.691516666666667,0.002249999999999641,1.4857271560555667,-0.004428023942181311
2026-06-03 08:45:00,2.6929830508474577,0.001466384180790925,1.4823262284683654,-0.0034009275872012054
2026-06-03 08:50:00,2.6822999999999992,-0.010683050847458464,1.4813607898929297,-0.0009654385754357749
2026-06-03 08:55:00,2.680666666666666,-0.0016333333333333755,1.4811775686111592,-0.00018322128177053782
2026-06-03 09:00:00,2.6805666666666665,-9.999999999932285e-05,1.4847003842833941,0.0035228156722351476
2026-06-03 09:05:00,2.6832833333333332,0.0027166666666667005,1.485139413046475,0.00043902876308079766
2026-06-03 09:10:00,2.6883333333333317,0.005049999999998445,1.4855991393124863,0.0004597262660114125
2026-06-03 09:15:00,2.7171999999999996,0.02886666666666793,1.4852867043451752,-0.00031243496731111407
2026-06-03 09:20:00,2.723166666666667,0.005966666666667564,1.4819209284232466,-0.003365775921928516
2026-06-03 09:25:00,2.725266666666666,0.0020999999999986585,1.4774731252454685,-0.004447803177778314
2026-06-03 09:30:00,2.7178813559322035,-0.007385310734462358,1.472681004378768,-0.004792120866700604
2026-06-03 09:35:00,2.717949999999999,6.864406779572008e-05,1.4680148967958742,-0.0046661075828936015
2026-06-03 09:40:00,2.717516666666666,-0.00043333333333306356,1.4639060639275214,-0.004108832868352884
2026-06-03 09:45:00,2.7146166666666653,-0.002900000000000791,1.462216142155389,-0.001689921772132365
2026-06-03 09:50:00,2.7146333333333326,1.6666666667219943e-05,1.4624757661072345,0.0002596239518454865
2026-06-03 09:55:00,2.7146666666666666,3.3333333333995796e-05,1.4629571800011478,0.00048141389391328924
2026-06-03 10:00:00,2.7121333333333317,-0.0025333333333348307,1.4634805877208938,0.0005234077197460112
2026-06-03 10:05:00,2.7127666666666665,0.0006333333333348179,1.4639750981029673,0.0004945103820734816
2026-06-03 10:10:00,2.71365,0.0008833333333333471,1.4646609848484735,0.0006858867455062323
2026-06-03 10:15:00,2.708372881355931,-0.005277118644068768,1.4656340837259978,0.0009730988775242409
2026-06-03 10:20:00,2.709116666666666,0.0007437853107350456,1.4626064742100668,-0.0030276095159308134
2026-06-03 10:25:00,2.6971499999999997,-0.011966666666666459,1.4581645677405852,-0.004441906469481643
2026-06-03 10:30:00,2.704933333333332,0.007783333333332365,1.453316037259655,-0.004848530480930441
2026-06-03 10:35:00,2.7045833333333325,-0.0003499999999996284,1.4485579643738673,-0.004758072885787603
2026-06-03 10:40:00,2.7015999999999996,-0.0029833333333328937,1.4444315661612321,-0.004126398212635119
2026-06-03 10:45:00,2.6992166666666666,-0.00238333333333296,1.443456642840544,-0.0009749233206880939
2026-06-03 10:50:00,2.6972333333333323,-0.001983333333334336,1.4439449378002613,0.0004882949597173822
2026-06-03 10:55:00,2.698183333333333,0.0009500000000008946,1.4446193413519082,0.0006744035516467053
2026-06-03 11:00:00,2.702135593220339,0.003952259887005649,1.4453363723667472,0.000717031014838994
2026-06-03 11:05:00,2.6931333333333334,-0.009002259887005426,1.4460637714071538,0.0007273990404066745
2026-06-03 11:10:00,2.6987333333333345,0.00560000000000116,1.4470521021051137,0.0009883306979599534
2026-06-03 11:15:00,2.696516666666667,-0.0022166666666674217,1.4478396383798762,0.00078753627476244
2026-06-03 11:20:00,2.694616666666666,-0.001900000000000901,1.4450211338831516,-0.0028185044967245242
2026-06-03 11:25:00,2.695783333333334,0.0011666666666676484,1.4407451635088186,-0.004275970374333083
2026-06-03 11:30:00,2.6947333333333336,-0.0010500000000002174,1.4368197938978238,-0.003925369610994985
2026-06-03 11:35:00,2.6935166666666666,-0.0012166666666670878,1.433031499886914,-0.00378829401090972
2026-06-03 11:40:00,2.691416666666667,-0.0020999999999995467,1.4301960516071195,-0.0028354482797944072
2026-06-03 11:45:00,2.6958644067796604,0.004447740112993426,1.4303513894106272,0.00015533780350775444
2026-06-03 11:50:00,2.6976333333333327,0.0017689265536722232,1.4309775915175291,0.0006262021069017273
2026-06-03 11:55:00,2.6870666666666665,-0.010566666666666169,1.4317436454752988,0.0007660539577698369
2026-06-03 12:00:00,2.687133333333334,6.66666666675475e-05,1.4325408064475034,0.0007971609722044456
2026-06-03 12:05:00,2.68855,0.0014166666666661776,1.4333813961771793,0.0008405897296760261
2026-06-03 12:10:00,2.6873666666666676,-0.001183333333332648,1.434540412122772,0.00115901594559275
2026-06-03 12:15:00,2.687733333333334,0.00036666666666640424,1.4359365269579139,0.0013961148351416966
2026-06-03 12:20:00,2.686166666666667,-0.0015666666666671603,1.4353560638238019,-0.0005804631341118317
2026-06-03 12:25:00,2.683866666666667,-0.0022999999999999687,1.4321355811024654,-0.0032204827213364717
2026-06-03 12:30:00,2.6868983050847453,0.0030316384180784084,1.4282979670003024,-0.0038376141021631174
2026-06-03 12:35:00,2.6864333333333335,-0.00046497175141180236,1.4246434908025742,-0.003654476197728097
2026-06-03 12:40:00,2.687466666666667,0.0010333333333334416,1.4226227792970598,-0.0020207115055144035
2026-06-03 12:45:00,2.6833666666666662,-0.004100000000000659,1.4236358737050008,0.0010130944079410472
2026-06-03 12:50:00,2.683033333333334,-0.00033333333333240844,1.4243164787040632,0.0006806049990624229
2026-06-03 12:55:00,2.6837,0.0006666666666661492,1.4249819123545415,0.0006654336504783129
2026-06-03 13:00:00,2.69185,0.008150000000000102,1.4256014111807573,0.0006194988262156998
2026-06-03 13:05:00,2.685733333333334,-0.006116666666665882,1.4261954719948544,0.000594060814097115
2026-06-03 13:10:00,2.6908166666666675,0.005083333333333329,1.427021599488578,0.0008261274937236173
2026-06-03 13:15:00,2.694271186440678,0.003454519774010567,1.428073737513025,0.0010521380244469373
2026-06-03 13:20:00,2.684833333333332,-0.009437853107346239,1.427498172420899,-0.0005755650921258201
2026-06-03 13:25:00,2.686066666666667,0.001233333333335196,1.4242428292383151,-0.0032553431825840945
2026-06-03 13:30:00,2.686799999999999,0.0007333333333319203,1.4203869189403922,-0.003855910297922889
2026-06-03 13:35:00,2.68785,0.0010500000000011056,1.416761004154515,-0.00362591478587722
2026-06-03 13:40:00,2.6859000000000006,-0.0019499999999994522,1.4149699083206289,-0.0017910958338860864
2026-06-03 13:45:00,2.6907,0.004799999999999471,1.4155565745586267,0.0005866662379979329
2026-06-03 13:50:00,2.6937666666666673,0.003066666666667217,1.4163321068088899,0.0007755322502630415
2026-06-03 13:55:00,2.6888166666666673,-0.00495000000000001,1.4171915119350735,0.0008594051261836426
2026-06-03 14:00:00,2.6904237288135593,0.001607062146891991,1.4191649615863118,0.0019734496512385175
2026-06-03 14:05:00,2.6879500000000003,-0.0024737288135590063,1.419944883724502,0.0007799221381901565
2026-06-03 14:10:00,2.6888833333333335,0.0009333333333332305,1.4208480160122936,0.0009031322877915815
2026-06-03 14:15:00,2.6922666666666664,0.0033833333333328497,1.4220213836953202,0.0011733676830265702
2026-06-03 14:20:00,2.6922333333333337,-3.333333333266353e-05,1.4222022900744835,0.0001809063791633493
2026-06-03 14:25:00,2.693383333333333,0.0011499999999990962,1.4193098502161383,-0.0028924398583450722
2026-06-03 14:30:00,2.691,-0.00238333333333296,1.415656930181321,-0.0036529200348173916
2026-06-03 14:35:00,2.6871166666666664,-0.0038833333333334608,1.4123169750378988,-0.003339955143422167
2026-06-03 14:40:00,2.690266666666666,0.003149999999999764,1.4113802868290666,-0.0009366882088322726
2026-06-03 14:45:00,2.686881355932202,-0.003385310734464131,1.412030283495749,0.0006499966666824948
2026-06-03 14:50:00,2.694916666666667,0.00803531073446484,1.412765020767336,0.0007347372715869091
2026-06-03 14:55:00,2.69455,-0.00036666666666684833,1.4135960600187585,0.0008310392514224402
2026-06-03 15:00:00,2.6966833333333327,0.0021333333333326543,1.4143360121286475,0.0007399521098889635
2026-06-03 15:05:00,2.6837833333333334,-0.012899999999999245,1.4150657070664263,0.0007296949377790107
2026-06-03 15:10:00,2.692266666666666,0.00848333333333251,1.4160783906626162,0.0010126835961897789
2026-06-03 15:15:00,2.698066666666667,0.005800000000001138,1.4175847174487604,0.0015063267861441865
2026-06-03 15:20:00,2.692683333333333,-0.005383333333333962,1.4186960770837493,0.0011113596349890283
2026-06-03 15:25:00,2.693016666666667,0.0003333333333337407,1.4194354114059284,0.0007393343221789798
2026-06-03 15:30:00,2.6906440677966095,-0.002372598870057363,1.4199145456551303,0.00047913424920181086
2026-06-03 15:35:00,2.2108000000000008,-0.4798440677966087,1.4851130337090943,0.06519848805396407
2026-06-03 15:40:00,2.113783333333333,-0.09701666666666764,1.6566830205133465,0.17156998680425214
2026-06-03 15:45:00,2.1145499999999995,0.0007666666666663602,1.63852917829709,-0.01815384221625631
2026-06-03 15:50:00,2.1161333333333334,0.0015833333333339361,1.6339786867336434,-0.0045504915634467045
2026-06-03 15:55:00,2.113466666666666,-0.002666666666667261,1.633497762143609,-0.0004809245900344098
2026-06-03 16:00:00,2.1163,0.0028333333333336874,1.6335294234874411,3.166134383213348e-05
2026-06-03 16:05:00,2.117316666666666,0.0010166666666662216,1.6339011027516641,0.0003716792642230094
2026-06-03 16:10:00,2.1161499999999998,-0.0011666666666663161,1.6348012786964001,0.0009001759447359454
2026-06-03 16:15:00,2.1198644067796604,0.0037144067796606173,1.636168137269354,0.001366858572953887
2026-06-03 16:20:00,2.120816666666667,0.0009522598870064236,1.6375073213444413,0.0013391840750873085
2026-06-03 16:25:00,2.1148666666666665,-0.005950000000000344,1.6383802421817484,0.0008729208373070648
2026-06-03 16:30:00,2.1201333333333334,0.005266666666666975,1.6346842925698744,-0.003695949611873875
2026-06-03 16:35:00,2.115366666666666,-0.004766666666667252,1.6311334315310235,-0.003550861038850722
2026-06-03 16:40:00,2.1227833333333335,0.007416666666667293,1.6287294493518587,-0.0024039821791647493
2026-06-03 16:45:00,2.129733333333333,0.006949999999999346,1.6289752786488647,0.0002458292970059216
2026-06-03 16:50:00,2.1298,6.666666666710341e-05,1.6294881714004652,0.0005128927516004453
2026-06-03 16:55:00,2.1257166666666674,-0.0040833333333325506,1.6301142909003914,0.000626119499926289
2026-06-03 17:00:00,2.1271016949152535,0.0013850282485861065,1.630688409673646,0.0005741187732545925
2026-06-03 17:05:00,2.126016666666666,-0.0010850282485872498,1.631267103280285,0.0005786936066388826
2026-06-03 17:10:00,2.1249333333333333,-0.001083333333332881,1.6321518442883665,0.0008847410080815006
2026-06-03 17:15:00,2.1268999999999996,0.001966666666666228,1.6331617448994422,0.00100990061107575
2026-06-03 17:20:00,2.12615,-0.0007499999999995843,1.6313078298695043,-0.0018539150299378415
2026-06-03 17:25:00,2.1278333333333337,0.001683333333333703,1.6273542919544823,-0.003953537915021993
2026-06-03 17:30:00,2.1274833333333336,-0.0003500000000000725,1.622948000944727,-0.004406291009755423
2026-06-03 17:35:00,2.1247,-0.002783333333333804,1.6187473731309547,-0.004200627813772182
2026-06-03 17:40:00,2.1291833333333328,0.004483333333332951,1.6158774484915943,-0.002869924639360496
2026-06-03 17:45:00,2.127,-0.002183333333332982,1.6162852838996138,0.00040783540801957126
2026-06-03 17:50:00,2.129783333333333,0.00278333333333336,1.616796191625377,0.0005109077257631666
2026-06-03 17:55:00,2.1233666666666666,-0.006416666666666515,1.6173156589233808,0.0005194672980038033
2026-06-03 18:00:00,2.126683333333333,0.0033166666666661904,1.6178240895045852,0.0005084305812044793
2026-06-03 18:05:00,2.1272333333333333,0.0005500000000004945,1.618305228015303,0.00048113851071766324
2026-06-03 18:10:00,2.1245499999999997,-0.002683333333333593,1.6190346120935606,0.0007293840782576663
2026-06-03 18:15:00,2.1239166666666676,-0.0006333333333321534,1.619628672076702,0.0005940599831411434
2026-06-03 18:20:00,2.1258,0.0018833333333323488,1.6169104857121663,-0.0027181863645355424
2026-06-03 18:25:00,2.1246271186440673,-0.0011728813559326312,1.6125481872797702,-0.004362298432396073
2026-06-03 18:30:00,2.1217999999999995,-0.0028271186440678164,1.607811525238223,-0.004736662041547084
2026-06-03 18:35:00,2.1223666666666667,0.0005666666666672704,1.6032516214644548,-0.0045599037737684535
2026-06-03 18:40:00,2.1237166666666663,0.0013499999999995183,1.599661595195535,-0.0035900262689194757
2026-06-03 18:45:00,2.1213,-0.0024166666666660674,1.5995854854679887,-7.610972754643987e-05
2026-06-03 18:50:00,2.1221499999999995,0.0008499999999993513,1.6003205782664942,0.0007350927985055186
2026-06-03 18:55:00,2.1253,0.0031500000000006523,1.6011303099979857,0.000809731731491431
2026-06-03 19:00:00,2.1250166666666668,-0.00028333333333341315,1.601815667166437,0.0006853571684511625
2026-06-03 19:05:00,2.1210333333333335,-0.003983333333333228,1.6022644550874885,0.00044878792105139387
2026-06-03 19:10:00,2.1233050847457626,0.0022717514124290794,1.603009610281217,0.000745155193728501
2026-06-03 19:15:00,2.1213999999999995,-0.0019050847457631193,1.6032175474405963,0.00020793715937946047
2026-06-03 19:20:00,2.1231999999999998,0.0018000000000002458,1.5999215528352657,-0.003295994605330625
2026-06-03 19:25:00,2.122883333333333,-0.00031666666666696486,1.5952784189869487,-0.00464313384831711
2026-06-03 19:30:00,2.1232166666666665,0.0003333333333337407,1.59030309147977,-0.004975327507178696
2026-06-03 19:35:00,2.1214833333333334,-0.0017333333333331424,1.5854899410895913,-0.0048131503901785895
2026-06-03 19:40:00,2.119666666666666,-0.0018166666666674658,1.581414883041459,-0.004075058048132475
2026-06-03 19:45:00,2.123599999999999,0.0039333333333329,1.580592797007114,-0.0008220860343447666
2026-06-03 19:50:00,2.1277,0.004100000000001103,1.5813197128345153,0.0007269158274012264
2026-06-03 19:55:00,2.123220338983051,-0.004479661016949077,1.5822038627139916,0.0008841498794762889
2026-06-03 20:00:00,2.1294333333333335,0.0062129943502826634,1.5830869462938946,0.0008830835799029479
2026-06-03 20:05:00,2.125316666666666,-0.0041166666666674345,1.5839281760517177,0.0008412297578230931
2026-06-03 20:10:00,2.1281,0.002783333333333804,1.5849677079853395,0.0010395319336217088
2026-06-03 20:15:00,2.1295666666666664,0.0014666666666665051,1.5850811604665362,0.00011345248119666762
2026-06-03 20:20:00,2.125233333333333,-0.0043333333333333,1.5815644774511526,-0.0035166830153835335
2026-06-03 20:25:00,2.130566666666667,0.005333333333334078,1.5767378393701312,-0.004826638081021272
2026-06-03 20:30:00,2.1350333333333333,0.004466666666666175,1.5715593224474596,-0.005178516922671689
2026-06-03 20:35:00,2.132833333333333,-0.002200000000000202,1.5665407271985066,-0.005018595248953104
2026-06-03 20:40:00,2.133677966101695,0.000844632768361997,1.5621549950419569,-0.004385732156549643
2026-06-03 20:45:00,2.13585,0.0021720338983048926,1.5604115518415838,-0.001743443200373115
2026-06-03 20:50:00,2.131866666666667,-0.003983333333333228,1.5610359844558928,0.0006244326143090171
2026-06-03 20:55:00,2.1291333333333338,-0.0027333333333330323,1.5619652050206165,0.0009292205647237699
2026-06-03 21:00:00,2.1301666666666668,0.0010333333333329975,1.5629012209663609,0.0009360159457442762
2026-06-03 21:05:00,2.14875,0.018583333333333396,1.5638033224277779,0.000902101461417093
2026-06-03 21:10:00,2.13555,-0.013200000000000323,1.5648099072185466,0.0010065847907686012
2026-06-03 21:15:00,2.113599999999999,-0.021950000000000802,1.5643204812468,-0.0004894259717467099
2026-06-03 21:20:00,2.132406779661018,0.018806779661018957,1.5605856160068912,-0.0037348652399087304
2026-06-03 21:25:00,2.1346333333333334,0.00222655367231539,1.555702101749877,-0.004883514257013941
2026-06-03 21:30:00,2.1370166666666672,0.002383333333333848,1.5487927117894413,-0.006909389960435872
2026-06-03 21:35:00,2.131166666666667,-0.005850000000000133,1.543705392928033,-0.005087318861408055
2026-06-03 21:40:00,2.13145,0.00028333333333296906,1.5391830116793879,-0.0045223812486453316
2026-06-03 21:45:00,2.132283333333334,0.0008333333333339077,1.5369199456144051,-0.0022630660649826597
2026-06-03 21:50:00,2.134133333333333,0.0018499999999992411,1.5371904810029382,0.00027053538853298044
2026-06-03 21:55:00,2.1399833333333333,0.005850000000000133,1.538014388305225,0.0008239073022868008
2026-06-03 22:00:00,2.1337666666666673,-0.006216666666666093,1.538854119394348,0.0008397310891228611
2026-06-03 22:05:00,2.1450000000000005,0.011233333333333206,1.539652365239856,0.0007982458455081774
2026-06-03 22:10:00,2.1382833333333333,-0.006716666666667148,1.5404079340442742,0.0007555688044181695
2026-06-03 22:15:00,2.134533333333334,-0.003749999999999254,1.5395222564235034,-0.0008856776207708814
2026-06-03 22:20:00,2.133333333333333,-0.0012000000000012,1.5357616936308665,-0.0037605627926368115
2026-06-03 22:25:00,2.135100000000001,0.0017666666666680264,1.530862994576701,-0.004898699054165561
2026-06-03 22:30:00,2.1336333333333335,-0.0014666666666673933,1.5255794230218571,-0.005283571554843822
2026-06-03 22:35:00,2.1365166666666666,0.002883333333333127,1.5204602941334395,-0.005119128888417557
2026-06-03 22:40:00,2.1353166666666668,-0.0011999999999998678,1.515961432793824,-0.004498861339615484
2026-06-03 22:45:00,2.135593220338983,0.00027655367231638195,1.5188119752021232,0.002850542408299351
2026-06-03 22:50:00,2.138183333333333,0.002590112994349969,1.5197653834056464,0.0009534082035233412
2026-06-03 22:55:00,2.1349666666666662,-0.0032166666666668675,1.5205919208270653,0.000826537421418721
2026-06-03 23:00:00,2.136183333333333,0.0012166666666666437,1.5214172340475702,0.0008253132205050987
2026-06-03 23:05:00,2.1379333333333337,0.0017500000000008065,1.522307070228262,0.0008898361806916788
2026-06-03 23:10:00,2.1383500000000004,0.0004166666666667318,1.5235579604016647,0.0012508901734028265
2026-06-03 23:15:00,2.1354,-0.00295000000000023,1.5250600233167173,0.001502062915052417
2026-06-03 23:20:00,2.1378166666666676,0.0024166666666673997,1.5251607995403165,0.00010077622359929946
2026-06-03 23:25:00,2.136416666666667,-0.001400000000000734,1.5231961136450294,-0.001964685895287171
2026-06-03 23:30:00,2.137203389830509,0.0007867231638423178,1.5207213549819072,-0.002474758663122143
2026-06-03 23:35:00,2.1403333333333334,0.0031299435028242506,1.5184065931591535,-0.002314761822753617
2026-06-03 23:40:00,2.135483333333333,-0.004850000000000243,1.5172294273920162,-0.0011771657671374683
2026-06-03 23:45:00,2.1375,0.0020166666666669997,1.5179871972827745,0.0007577698907583238
2026-06-03 23:50:00,2.1347666666666663,-0.0027333333333339205,1.5189574776616104,0.0009702803788358277
2026-06-03 23:55:00,2.1385333333333336,0.003766666666667362,1.5200042563419631,0.0010467786803527565
2026-06-04 00:00:00,2.139433333333334,0.000900000000000567,1.5212750651834213,0.0012708088414580116
2026-06-04 00:05:00,2.1364000000000005,-0.0030333333333336654,1.5220791718189521,0.0008041066355306938
2026-06-04 00:10:00,2.135999999999999,-0.0004000000000017323,1.523199475719288,0.0011203039003359152
2026-06-04 00:15:00,2.1377627118644065,0.0017627118644076845,1.5246265739913225,0.0014270982720346406
2026-06-04 00:20:00,2.1401499999999998,0.0023872881355933018,1.5258636089389763,0.0012370349476537106
2026-06-04 00:25:00,2.1384333333333334,-0.0017166666666663666,1.5264924018398642,0.0006287929008878842
2026-06-04 00:30:00,2.1361833333333333,-0.0022500000000000853,1.5268171638510393,0.0003247620111750245
2026-06-04 00:35:00,2.13775,0.0015666666666667162,1.5272288616936485,0.0004116978426091357
2026-06-04 00:40:00,2.1412666666666667,0.0035166666666666124,1.52800119625613,0.0007723345624814971
2026-06-04 00:45:00,2.1404,-0.0008666666666665712,1.5289499561245767,0.000948759868446815
2026-06-04 00:50:00,2.1391833333333334,-0.0012166666666666437,1.5299386415719338,0.000988685447357239
2026-06-04 00:55:00,2.1425666666666667,0.0033833333333332938,1.530998697976806,0.0010600564048721304
2026-06-04 01:00:00,2.1395084745762714,-0.003058192090395373,1.5319099289343643,0.0009112309575581844
2026-06-04 01:05:00,2.1389333333333336,-0.0005751412429377822,1.532825159328282,0.0009152303939177748
2026-06-04 01:10:00,2.1421333333333337,0.0032000000000000917,1.5340660992188335,0.0012409398905514353
2026-06-04 01:15:00,2.1398166666666665,-0.0023166666666671887,1.5356673425879173,0.0016012433690837911
2026-06-04 01:20:00,2.137983333333333,-0.0018333333333333535,1.5368342906822934,0.001166948094375977
2026-06-04 01:25:00,2.143716666666667,0.005733333333334034,1.5371646903489176,0.0003303996666243622
2026-06-04 01:30:00,2.141666666666667,-0.0020500000000001073,1.537141251726452,-2.343862246562484e-05
2026-06-04 01:35:00,2.141466666666667,-0.00019999999999997797,1.5372115784706857,7.032674423373308e-05
2026-06-04 01:40:00,2.1421500000000004,0.0006833333333333691,1.5377299518918452,0.0005183734211595918
2026-06-04 01:45:00,2.142169491525423,1.9491525422576927e-05,1.5384942441354275,0.0007642922435819982
2026-06-04 01:50:00,2.1395,-0.0026694915254230622,1.539318333702302,0.0008240895668746922
2026-06-04 01:55:00,2.1389833333333343,-0.0005166666666656106,1.5402467283476582,0.0009283946453561317
2026-06-04 02:00:00,2.1397833333333334,0.0007999999999990237,1.5410054484459121,0.0007587200982539382
2026-06-04 02:05:00,2.145616666666667,0.005833333333333801,1.541781019215729,0.0007755707698170411
2026-06-04 02:10:00,2.14255,-0.003066666666667217,1.542878917072113,0.0010978978563838868
2026-06-04 02:15:00,2.149416666666667,0.006866666666667243,1.5442411823266013,0.0013622652544883736
2026-06-04 02:20:00,2.149016666666666,-0.0004000000000012882,1.5452474781187147,0.0010062957921133323
2026-06-04 02:25:00,2.151133333333333,0.0021166666666672107,1.545455017434601,0.0002075393158860884
2026-06-04 02:30:00,2.146949152542373,-0.004184180790959946,1.5457116894307357,0.00025667199613484625
2026-06-04 02:35:00,2.144716666666666,-0.002232485875707013,1.5457301700404402,1.848060970451223e-05
2026-06-04 02:40:00,2.1451166666666674,0.0004000000000012882,1.5460891356924558,0.00035896565201556696
2026-06-04 02:45:00,2.1511166666666672,0.005999999999999783,1.5467282484243188,0.0006391127318628508
2026-06-04 02:50:00,2.1496666666666666,-0.0014500000000006175,1.5474067243820848,0.0006784759577662253
2026-06-04 02:55:00,2.1520666666666672,0.002400000000000624,1.5482022040646064,0.0007954796825214407
2026-06-04 03:00:00,2.152200000000001,0.00013333333333376274,1.5488292608408905,0.0006270567762842193
2026-06-04 03:05:00,2.1495333333333337,-0.002666666666667261,1.5494894613426624,0.000660200501771826
2026-06-04 03:10:00,2.153389830508475,0.00385649717514136,1.5504822616873106,0.0009928003446482822
2026-06-04 03:15:00,2.1509666666666662,-0.002423163841808851,1.551778284112436,0.001296022425125297
2026-06-04 03:20:00,2.149866666666667,-0.0010999999999992127,1.5527227690850622,0.0009444849726261717
2026-06-04 03:25:00,2.1498666666666666,-4.440892098500626e-16,1.5527814110092388,5.864192417679195e-05
2026-06-04 03:30:00,2.1516166666666674,0.0017500000000008065,1.55246262774528,-0.0003187832639590315
2026-06-04 03:35:00,2.1524333333333336,0.0008166666666662437,1.5523036004204778,-0.00015902732480220502
2026-06-04 03:40:00,2.1513000000000004,-0.0011333333333332085,1.5527148483300635,0.0004112479095857403
2026-06-04 03:45:00,2.1472333333333333,-0.004066666666667107,1.5545067889095248,0.001791940579461768
2026-06-04 03:50:00,2.1488000000000005,0.0015666666666671603,1.5551353913674566,0.000628602457931878
2026-06-04 03:55:00,2.151508474576272,0.0027084745762713247,1.555647599929031,0.0005122085615742526
2026-06-04 04:00:00,2.1523333333333334,0.0008248587570616195,1.5560044228269527,0.00035682289792180854
2026-06-04 04:05:00,2.1502499999999993,-0.002083333333334103,1.5564511072001879,0.0004466843732350705
2026-06-04 04:10:00,2.1487666666666665,-0.001483333333332837,1.5572846820055544,0.00083357480536658
2026-06-04 04:15:00,2.1490000000000005,0.00023333333333397377,1.558499249291553,0.0012145672859987509
2026-06-04 04:20:00,2.1486499999999995,-0.00035000000000096065,1.5593927594733497,0.0008935101817964692
2026-06-04 04:25:00,2.1510517241379308,0.0024017241379312715,1.5593107692152217,-8.199025812778879e-05
2026-06-04 04:30:00,2.149551724137932,-0.0014999999999987246,1.5588114446268568,-0.0004993245883649174
2026-06-04 04:35:00,2.1495762711864406,2.454704850851641e-05,1.558464798812853,-0.00034664581400389
2026-06-04 04:40:00,2.1496333333333335,5.706214689293887e-05,1.5587549181105216,0.00029011929766857217
2026-06-04 04:45:00,2.1501500000000004,0.0005166666666669428,1.5593777707331247,0.000622852622603177
2026-06-04 04:50:00,2.1481666666666674,-0.001983333333333004,1.559972133873214,0.0005943631400892875
2026-06-04 04:55:00,2.1479090909090917,-0.00025757575757578977,1.5605779401561934,0.0006058062829794246
2026-06-04 05:00:00,2.1513000000000004,0.003390909090908778,1.561869496161448,0.0012915560052545157
2026-06-04 05:05:00,2.1494000000000004,-0.0019000000000000128,1.5623272415015401,0.00045774534009192507
2026-06-04 05:10:00,2.150950000000001,0.0015500000000003844,1.5631466233667997,0.000819381865259642
2026-06-04 05:15:00,2.151203389830509,0.000253389830508155,1.5645119884413001,0.0013653650745004823
2026-06-04 05:20:00,2.1512833333333337,7.994350282469753e-05,1.565991355059653,0.0014793666183526436
2026-06-04 05:25:00,2.151666666666666,0.0003833333333322919,1.567156535756522,0.0011651806968691041
2026-06-04 05:30:00,2.1491833333333337,-0.0024833333333322827,1.5681661531421065,0.001009617385584515
2026-06-04 05:35:00,2.155616666666667,0.006433333333333291,1.5692271464804053,0.0010609933382988478
2026-06-04 05:40:00,2.1521000000000003,-0.0035166666666666124,1.5703825811754117,0.0011554346950064045
2026-06-04 05:45:00,2.156616666666667,0.004516666666666502,1.571379156180731,0.0009965750053193055
2026-06-04 05:50:00,2.153166666666668,-0.003449999999999065,1.5721415757223804,0.0007624195416494017
2026-06-04 05:55:00,2.1492333333333344,-0.003933333333333344,1.5727993673180267,0.0006577915956462535
2026-06-04 06:00:00,2.15335593220339,0.004122598870055505,1.5731736400302812,0.00037427271225450997
2026-06-04 06:05:00,2.155072727272727,0.0017167950693370848,1.5735558342146623,0.0003821941843810022
2026-06-04 06:10:00,2.1517500000000003,-0.0033227272727267554,1.5743370980832414,0.0007812638685791383
2026-06-04 06:15:00,2.154033333333333,0.002283333333332749,1.5765542522172709,0.002217154134029821
2026-06-04 06:20:00,2.153633333333333,-0.00039999999999995595,1.5781534268936825,0.001599174676411847
2026-06-04 06:25:00,2.154633333333334,0.001000000000000778,1.5792928781973994,0.0011394513037167305
2026-06-04 06:30:00,2.1610500000000012,0.006416666666667403,1.580294398966188,0.0010015207687885306
2026-06-04 06:35:00,2.161086206896552,3.6206896550705636e-05,1.5813481468865278,0.0010537479203399918
2026-06-04 06:40:00,2.1612692307692316,0.00018302387267965514,1.582464277127264,0.0011161302407360868
2026-06-04 06:45:00,2.1606000000000005,-0.0006692307692310884,1.5833832202564329,0.0009189431291687938
2026-06-04 06:50:00,2.156316666666667,-0.004283333333333417,1.584058156319198,0.0006749360627652982
2026-06-04 06:55:00,2.1567857142857148,0.0004690476190476467,1.5846408367147746,0.0005826803955765053
2026-06-04 07:00:00,2.1591875000000003,0.0024017857142855092,1.5850374470262738,0.0003966103114993442
2026-06-04 07:05:00,2.1589666666666667,-0.0002208333333335588,1.5854525246824105,0.00041507765613668423
2026-06-04 07:10:00,2.161716666666666,0.002749999999999364,1.5862533153818528,0.0008007906994421282
2026-06-04 07:15:00,2.16255,0.0008333333333339077,1.5875789662696125,0.0013256508877598592
2026-06-04 07:20:00,2.1650169491525424,0.002466949152542419,1.5889977284404062,0.0014187621707935753
2026-06-04 07:25:00,2.163000000000001,-0.0020169491525412475,1.5900775502026916,0.0010798217622853678
2026-06-04 07:30:00,2.163733333333334,0.0007333333333328085,1.5912657983051839,0.001188248102492232
2026-06-04 07:35:00,2.1649833333333333,0.0012499999999993072,1.592543376518057,0.001277578212873215
2026-06-04 07:40:00,2.1673833333333334,0.0024000000000001798,1.5936433303909798,0.0010999538729227316
2026-06-04 07:45:00,2.16935,0.001966666666666672,1.5944847813048273,0.0008414509138474906
2026-06-04 07:50:00,2.167766666666668,-0.0015833333333321598,1.5950946767293162,0.0006098954244887835
2026-06-04 07:55:00,2.166416666666667,-0.0013500000000008505,1.5956508252428707,0.0005561485135546163
2026-06-04 08:00:00,2.167677966101696,0.0012612994350287288,1.5961407579366405,0.0004899326937698239
2026-06-04 08:05:00,2.167816666666667,0.00013870056497111705,1.5966666617886345,0.0005259038519940514
2026-06-04 08:10:00,2.1638333333333346,-0.0039833333333323395,1.597570838644247,0.0009041768556126522
2026-06-04 08:15:00,2.1645666666666665,0.0007333333333319203,1.5989890178056414,0.0014181791613941416
2026-06-04 08:20:00,2.169583333333334,0.0050166666666675575,1.6005107291643694,0.0015217113587281022
2026-06-04 08:25:00,2.1649333333333334,-0.004650000000000709,1.6016870503434293,0.0011763211790598886
2026-06-04 08:30:00,2.162850000000001,-0.0020833333333323267,1.6027122407084549,0.0010251903650255435
2026-06-04 08:35:00,2.1653000000000007,0.002449999999999619,1.6038086243601124,0.0010963836516574904
2026-06-04 08:40:00,2.165118644067798,-0.0001813559322028091,1.6049686159456054,0.0011599915854930583
2026-06-04 08:45:00,2.165966666666667,0.0008480225988689583,1.6065623968303513,0.0015937808847457729
2026-06-04 08:50:00,2.1601833333333342,-0.005783333333332585,1.6071908280326341,0.0006284312022827725
2026-06-04 08:55:00,2.156116666666667,-0.004066666666667107,1.6076289855564752,0.00043815752384108954
2026-06-04 09:00:00,2.159300000000001,0.00318333333333376,1.6080265054693261,0.00039751991285085083
2026-06-04 09:05:00,2.1581500000000005,-0.0011500000000004285,1.6084342393479933,0.0004077338786673551
2026-06-04 09:10:00,2.157716666666667,-0.00043333333333350765,1.6091875460534435,0.0007533067054500345
2026-06-04 09:15:00,2.157533333333333,-0.0001833333333340903,1.6104771310133705,0.0012895849599269917
2026-06-04 09:20:00,2.158677966101695,0.001144632768362186,1.6119690828840911,0.0014919518707207362
2026-06-04 09:25:00,2.159933333333334,0.001255367231638882,1.6131780088223668,0.0012089259382756148
2026-06-04 09:30:00,2.1572666666666667,-0.002666666666667261,1.6142342172235449,0.0010562084011779913
2026-06-04 09:35:00,2.1579833333333336,0.0007166666666669208,1.61533593789976,0.001101720676215278
2026-06-04 09:40:00,2.157733333333333,-0.0002500000000007496,1.6164852281748463,0.0011492902750861328
2026-06-04 09:45:00,2.1570499999999995,-0.0006833333333333691,1.6174248945465395,0.0009396663716932635
2026-06-04 09:50:00,2.1580833333333334,0.0010333333333338857,1.6181683070926005,0.0007434125460611091
2026-06-04 09:55:00,2.15745,-0.0006333333333334856,1.6188609444088193,0.0006926373162188664
2026-06-04 10:00:00,2.1559999999999997,-0.0014500000000001734,1.6199073575627776,0.0010464131539575459
2026-06-04 10:05:00,2.1549666666666667,-0.0010333333333329975,1.620488808549792,0.0005814509870144511
2026-06-04 10:10:00,2.1554666666666673,0.0005000000000006111,1.6213678091441512,0.000879000594359351
2026-06-04 10:15:00,2.1546833333333333,-0.0007833333333340242,1.622687375532639,0.0013195663884877054
2026-06-04 10:20:00,2.1556500000000005,0.0009666666666672263,1.6241040909061502,0.0014167153735110528
2026-06-04 10:25:00,2.1529166666666675,-0.0027333333333330323,1.625192769292027,0.0010886783858769014
2026-06-04 10:30:00,2.154283333333334,0.0013666666666667382,1.6261368749870262,0.0009441056949992595
2026-06-04 10:35:00,2.1581000000000006,0.0038166666666663573,1.6271519745856113,0.001015099598585015
2026-06-04 10:40:00,2.1581355932203397,3.5593220339080744e-05,1.628241637687365,0.0010896631017536876
2026-06-04 10:45:00,2.153666666666667,-0.004468926553672592,1.6291590148776358,0.0009173771902708393
2026-06-04 10:50:00,2.1548666666666665,0.0011999999999994237,1.6299385232898744,0.0007795084122386035
2026-06-04 10:55:00,2.1550333333333347,0.00016666666666820262,1.6307244896507471,0.00078596636087263
2026-06-04 11:00:00,2.1537833333333336,-0.0012500000000010836,1.6314921157639453,0.0007676261131981227
2026-06-04 11:05:00,2.1550166666666675,0.0012333333333338636,1.6322668923178618,0.000774776553916726
2026-06-04 11:10:00,2.1546500000000015,-0.00036666666666596015,1.6333638516447526,0.0010969593268907972
2026-06-04 11:15:00,2.153300000000001,-0.0013500000000004064,1.6351009830728132,0.0017371314280602188
2026-06-04 11:20:00,2.154152542372882,0.0008525423728809045,1.6367468942001002,0.001645911127287093
2026-06-04 11:25:00,2.1493666666666673,-0.004785875706214693,1.637898185137846,0.0011512909377459379
2026-06-04 11:30:00,2.151450000000001,0.002083333333333659,1.6387667601119627,0.000868574974116507
2026-06-04 11:35:00,2.1532333333333336,0.0017833333333325818,1.6396431188875855,0.0008763587756228791
2026-06-04 11:40:00,2.1534000000000004,0.00016666666666687036,1.6406151620490779,0.0009720431614924583
2026-06-04 11:45:00,2.1524500000000004,-0.0009500000000000064,1.6414638850993113,0.0008487230502333047
2026-06-04 11:50:00,2.15615,0.0036999999999993705,1.6422338784524027,0.0007699933530914204
2026-06-04 11:55:00,2.1538500000000007,-0.0022999999999990806,1.6430656527935346,0.0008317743411318346
2026-06-04 12:00:00,2.154266666666667,0.0004166666666662877,1.6438897055689907,0.0008240527754561864
2026-06-04 12:05:00,2.150898305084746,-0.0033683615819208867,1.6447395886523135,0.000849883083322815
2026-06-04 12:10:00,2.152183333333334,0.0012850282485876718,1.6459135013182804,0.0011739126659668679
2026-06-04 12:15:00,2.148216666666667,-0.003966666666666896,1.6475004482038742,0.001586946885593897
2026-06-04 12:20:00,2.1491,0.000883333333332903,1.6490972319241988,0.001596783720324481
2026-06-04 12:25:00,2.1418166666666663,-0.00728333333333353,1.650256844339963,0.0011596124157642823
2026-06-04 12:30:00,2.1432333333333338,0.0014166666666675098,1.651814159560605,0.001557315220642109
2026-06-04 12:35:00,2.1447999999999996,0.001566666666665828,1.6530977683936932,0.0012836088330879646
2026-06-04 12:40:00,2.1428000000000007,-0.0019999999999988916,1.6540408041961683,0.0009430358024752459
2026-06-04 12:45:00,2.1449322033898315,0.002132203389830778,1.6547414464287211,0.0007006422325527609
2026-06-04 12:50:00,2.144083333333333,-0.0008488700564983631,1.655363224776791,0.0006217783480700025
2026-06-04 12:55:00,2.1402666666666668,-0.0038166666666663573,1.6560753038240734,0.0007120790472823741
2026-06-04 13:00:00,2.1428333333333334,0.002566666666666606,1.6567661648018452,0.0006908609777718472
2026-06-04 13:05:00,2.1419333333333332,-0.0009000000000001229,1.6574936081919078,0.0007274433900625855
2026-06-04 13:10:00,2.1387166666666673,-0.0032166666666659793,1.6585585959841735,0.0010649877922655655
2026-06-04 13:15:00,2.139716666666667,0.0009999999999998899,1.6600572744067155,0.0014986784225419515
2026-06-04 13:20:00,2.1407,0.00098333333333267,1.6615947713273622,0.0015374969206467504
2026-06-04 13:25:00,2.1436166666666674,0.0029166666666675667,1.6627052205516215,0.0011104492242593588
2026-06-04 13:30:00,2.1396949152542373,-0.003921751412430119,1.6635790052722463,0.0008737847206247878
2026-06-04 13:35:00,2.1397000000000004,5.0847457631064685e-06,1.6644865221221783,0.0009075168499320173
2026-06-04 13:40:00,2.137750000000001,-0.0019499999999994522,1.6654902452399953,0.00100372311781711
2026-06-04 13:45:00,2.138183333333333,0.0004333333333321754,1.6674938965394182,0.0020036512994226706
2026-06-04 13:50:00,2.1370500000000003,-0.0011333333333327644,1.668300074616823,0.0008061780774048039
2026-06-04 13:55:00,2.1355500000000003,-0.0015000000000000568,1.6690058802190209,0.0007058056021977754
2026-06-04 14:00:00,2.13615,0.0005999999999999339,1.669629855617566,0.0006239753985450398
2026-06-04 14:05:00,2.133566666666667,-0.002583333333333382,1.6702208429042753,0.0005909872867093729
2026-06-04 14:10:00,2.1325000000000003,-0.0010666666666665492,1.671043745259256,0.0008229023549806533
2026-06-04 14:15:00,2.1350338983050854,0.0025338983050851027,1.6722177554349833,0.0011740101757273256
2026-06-04 14:20:00,2.13625,0.0012161016949145953,1.673436721547713,0.0012189661127299416
2026-06-04 14:25:00,2.1349333333333336,-0.0013166666666664106,1.6742844381767026,0.0008477166289894921
2026-06-04 14:30:00,2.13385,-0.0010833333333337691,1.6749488314600032,0.0006643932833006419
2026-06-04 14:35:00,2.133266666666666,-0.0005833333333336022,1.675687725676181,0.0007388942161779033
2026-06-04 14:40:00,2.131783333333333,-0.001483333333333281,1.6765601713739944,0.0008724456978132005
2026-06-04 14:45:00,2.1315999999999997,-0.00018333333333320212,1.6773707470032944,0.0008105756292998981
2026-06-04 14:50:00,2.1330999999999998,0.0015000000000000568,1.6781484507951945,0.0007777037919002038
2026-06-04 14:55:00,2.1328135593220336,-0.0002864406779661266,1.6789887686564346,0.000840317861240067
2026-06-04 15:00:00,2.12925,-0.0035635593220337825,1.6799798052765476,0.0009910366201133236
2026-06-04 15:05:00,2.1306666666666674,0.0014166666666675098,1.6805749613631518,0.0005951560866042803
2026-06-04 15:10:00,2.1242666666666663,-0.0064000000000010715,1.6814212249014926,0.00084626353834081
2026-06-04 15:15:00,2.12695,0.002683333333333593,1.6826121851210243,0.0011909602195316422
2026-06-04 15:20:00,2.1260999999999997,-0.0008500000000002395,1.6838107864852039,0.0011986013641795143
2026-06-04 15:25:00,2.1275166666666663,0.0014166666666666217,1.6845780637225278,0.0007672772373240676
2026-06-04 15:30:00,2.1257,-0.0018166666666661335,1.68509776907463,0.000519705352102294
2026-06-04 15:35:00,2.1286271186440677,0.0029271186440675834,1.685669662452634,0.0005718933780037522
2026-06-04 15:40:00,2.1233999999999993,-0.00522711864406844,1.6863959611090495,0.0007262986564155736
2026-06-04 15:45:00,2.123866666666666,0.00046666666666661527,1.6870960333602196,0.000700072251170109
2026-06-04 15:50:00,2.1287999999999996,0.004933333333333678,1.6877869992701395,0.000690965909919853
2026-06-04 15:55:00,2.1304833333333333,0.001683333333333703,1.6885568820894854,0.0007698828193460237
2026-06-04 16:00:00,2.126533333333333,-0.00395000000000012,1.6892220135741018,0.0006651314846163569
2026-06-04 16:05:00,2.1275833333333334,0.0010500000000002174,1.6898696105469435,0.0006475969728417176
2026-06-04 16:10:00,2.1272500000000005,-0.00033333333333285253,1.6908119726118935,0.0009423620649499454
2026-06-04 16:15:00,2.1301525423728815,0.002902542372881012,1.6924973108510932,0.0016853382391996677
2026-06-04 16:20:00,2.1276,-0.0025525423728813834,1.6938905860411269,0.0013932751900336221
2026-06-04 16:25:00,2.1291500000000005,0.0015500000000003844,1.6947313470958696,0.0008407610547427164
2026-06-04 16:30:00,2.1383999999999994,0.00924999999999887,1.6952598098743739,0.0005284627785044095
2026-06-04 16:35:00,2.1292333333333344,-0.009166666666664991,1.6957803192969625,0.0005205094225885075
2026-06-04 16:40:00,2.119333333333333,-0.009900000000001352,1.6964311130016134,0.0006507937046510136
2026-06-04 16:45:00,2.1238499999999996,0.004516666666666502,1.6970583317118564,0.0006272187102430122
2026-06-04 16:50:00,2.124783333333333,0.0009333333333332305,1.6976734781103926,0.0006151463985362024
2026-06-04 16:55:00,2.1345641025641022,0.009780769230769426,1.6983667030845302,0.000693224974137519
2026-06-04 17:00:00,2.1455319148936174,0.010967812329515159,1.6989916541420358,0.0006249510575056127
2026-06-04 17:05:00,2.143533333333333,-0.001998581560284318,1.6996106318204283,0.0006189776783924313
2026-06-04 17:10:00,2.145716666666667,0.00218333333333387,1.70054867193814,0.0009380401177116688
2026-06-04 17:15:00,2.1450588235294124,-0.0006578431372545879,1.7018978970969691,0.0013492251588291635
2026-06-04 17:20:00,2.157666666666666,0.012607843137253827,1.7032432183370403,0.0013453212400711232
2026-06-04 17:25:00,2.146083333333334,-0.01158333333333239,1.7041474404262644,0.0009042220892242979
2026-06-04 17:30:00,2.1482666666666663,0.0021833333333325378,1.7074342347421623,0.0032867943158977862
2026-06-04 17:35:00,2.1421186440677973,-0.006148022598869041,1.7084978501402663,0.0010636153981042318
2026-06-04 17:40:00,2.1465500000000004,0.004431355932203118,1.7092583300208386,0.0007604798805722393
2026-06-04 17:45:00,2.1484499999999995,0.0018999999999991246,1.7098995939218016,0.0006412639009629272
2026-06-04 17:50:00,2.1464,-0.002049999999999663,1.710474026755481,0.0005744328336794341
2026-06-04 17:55:00,2.1475999999999997,0.0011999999999998678,1.711099095700868,0.0006250689453870594
2026-06-04 18:00:00,2.1465166666666664,-0.001083333333333325,1.7117118534121791,0.0006127577113109838
2026-06-04 18:05:00,2.14935,0.0028333333333336874,1.712331926651174,0.0006200732389949222
2026-06-04 18:10:00,2.1475166666666676,-0.0018333333333324653,1.7133033727194646,0.0009714460682907363
2026-06-04 18:15:00,2.145,-0.0025166666666676107,1.7147173771391964,0.0014140044197317226
2026-06-04 18:20:00,2.152683333333334,0.00768333333333393,1.7161299867745101,0.0014126096353136704
2026-06-04 18:25:00,2.154966666666667,0.002283333333333193,1.7170948180482,0.0009648312736897582
2026-06-04 18:30:00,2.1525166666666675,-0.002449999999999619,1.717853335892098,0.0007585178438981598
2026-06-04 18:35:00,2.1567833333333337,0.004266666666666197,1.718690655898132,0.0008373200060341209
2026-06-04 18:40:00,2.176366666666667,0.019583333333333286,1.719674929866454,0.000984273968321745
2026-06-04 18:45:00,2.172533333333334,-0.003833333333333133,1.7129743219578955,-0.0067006079085584844
2026-06-04 18:50:00,2.1466166666666666,-0.025916666666667254,1.712375117512886,-0.000599204445009331
2026-06-04 18:55:00,2.1760169491525425,0.029400282485875895,1.7127116724561002,0.0003365549432140734
2026-06-04 19:00:00,2.2022833333333334,0.026266384180790858,1.713240524119597,0.0005288516634967569
2026-06-04 19:05:00,2.192383333333334,-0.009899999999999576,1.7138167068290873,0.0005761827094903438
2026-06-04 19:10:00,2.1739833333333336,-0.018400000000000194,1.7147318369875582,0.0009151301584709065
2026-06-04 19:15:00,2.173383333333334,-0.0005999999999994898,1.7160770006453565,0.0013451636577982145
2026-06-04 19:20:00,2.1670833333333346,-0.006299999999999528,1.7174509935626787,0.0013739929173221459
2026-06-04 19:25:00,2.2047499999999993,0.03766666666666474,1.7184290552749621,0.0009780617122836402
2026-06-04 19:30:00,2.230199999999999,0.02544999999999975,1.7192307324830778,0.0008016772081156286
2026-06-04 19:35:00,2.309372881355933,0.07917288135593381,1.7201169699399361,0.000886237456858168
2026-06-04 19:40:00,2.3145000000000007,0.005127118644067785,1.7211619852890052,0.00104501534906914
2026-06-04 19:45:00,2.233916666666666,-0.08058333333333456,1.7221746565863016,0.00101267129729641
2026-06-04 19:50:00,2.203866666666666,-0.030050000000000132,1.7231185100972606,0.0009438535109589707
2026-06-04 19:55:00,2.1922833333333336,-0.01158333333333239,1.7240699118903817,0.0009514017931211074
2026-06-04 20:00:00,2.1818166666666676,-0.010466666666665958,1.7413134860342268,0.017243574143844913
2026-06-04 20:05:00,2.19995,0.018133333333332224,1.7397792546134954,-0.0015342314207314552
2026-06-04 20:10:00,2.1802166666666674,-0.019733333333332492,1.739986562372385,0.00020730775888956986
2026-06-04 20:15:00,2.1849152542372883,0.004698587570620916,1.741689462737804,0.0017029003654188753
2026-06-04 20:20:00,2.1787833333333335,-0.006131920903954757,1.743169406234239,0.0014799434964353068
2026-06-04 20:25:00,2.1742833333333333,-0.0045000000000001705,1.7437923794966397,0.0006229732624004603
2026-06-04 20:30:00,2.1903166666666674,0.01603333333333401,1.7440299160214343,0.0002375365247946926
2026-06-04 20:35:00,2.2544333333333335,0.06411666666666616,1.7443967491109493,0.0003668330895149226
2026-06-04 20:40:00,2.2762499999999997,0.02181666666666615,1.7452842733252207,0.0008875242142714833
2026-06-04 20:45:00,2.2883166666666677,0.012066666666668002,1.7464024488691425,0.0011181755439218406
2026-06-04 20:50:00,2.25265,-0.035666666666667624,1.7475047105598918,0.0011022616907492115
2026-06-04 20:55:00,2.2731694915254246,0.020519491525424538,1.748624356371822,0.0011196458119302813
2026-06-04 21:00:00,2.2551333333333323,-0.018036158192092255,1.7497126499049858,0.0010882935331637858
2026-06-04 21:05:00,2.258816666666667,0.003683333333334815,1.7507695231492426,0.0010568732442566644
2026-06-04 21:10:00,2.261116666666666,0.0022999999999990806,1.7521459134425894,0.001376390293346853
2026-06-04 21:15:00,2.2666000000000013,0.005483333333335061,1.7581304111319946,0.005984497689405495
2026-06-04 21:20:00,2.2513500000000004,-0.015250000000000874,1.7593834130876134,0.001253001955618628
2026-06-04 21:25:00,2.1917999999999997,-0.05955000000000066,1.759602647776864,0.0002192346892507395
2026-06-04 21:30:00,2.2052999999999994,0.013499999999999623,1.7595226020916648,-8.004568519932889e-05
2026-06-04 21:35:00,2.1903220338983056,-0.014977966101693774,1.7595398669233704,1.7264831705707325e-05
2026-06-04 21:40:00,2.2102500000000003,0.019927966101694672,1.7601024261011589,0.0005625591777883249
2026-06-04 21:45:00,2.2174499999999995,0.007199999999999207,1.7610892507837097,0.0009868246825508735
2026-06-04 21:50:00,2.2110333333333334,-0.006416666666666071,1.762147739440813,0.001058488657103314
2026-06-04 21:55:00,2.21085,-0.00018333333333320212,1.7632713465875627,0.0011236071467497697
2026-06-04 22:00:00,2.2073499999999995,-0.0035000000000007248,1.7643582577662795,0.00108691117871672
2026-06-04 22:05:00,2.226766666666667,0.019416666666667304,1.7654282474423084,0.0010699896760290463
2026-06-04 22:10:00,2.2311333333333327,0.004366666666665964,1.766804822736685,0.0013765752943764831
2026-06-04 22:15:00,2.2593389830508475,0.028205649717514714,1.7684363155959626,0.0016314928592776516
2026-06-04 22:20:00,2.273400000000001,0.014061016949153515,1.7695393890728155,0.001103073476852899
2026-06-04 22:25:00,2.2423166666666656,-0.03108333333333535,1.7696239109383094,8.452186549387999e-05
2026-06-04 22:30:00,2.234766666666666,-0.007549999999999724,1.7712739392482153,0.0016500283099055047
2026-06-04 22:35:00,2.2440666666666664,0.00930000000000053,1.7696144745993303,-0.0016594646488851475
2026-06-04 22:40:00,2.24045,-0.0036166666666663794,1.7688085420111908,-0.0008059325881395509
2026-06-04 22:45:00,2.2196833333333332,-0.020766666666666822,1.7696937562596657,0.0008852142484751939
2026-06-04 22:50:00,2.21593220338983,-0.0037511299435033507,1.7707613863885165,0.0010676301288508076
2026-06-04 22:55:00,2.2307499999999996,0.014817796610169687,1.7719093417931526,0.001147955404636014
2026-06-04 23:00:00,2.2407333333333326,0.009983333333333011,1.773004406460042,0.0010950646668893198
2026-06-04 23:05:00,2.2192666666666674,-0.02146666666666519,1.7740989640114766,0.0010945575514346865
2026-06-04 23:10:00,2.2133833333333333,-0.005883333333334129,1.7755026865504462,0.0014037225389695613
2026-06-04 23:15:00,2.2154499999999997,0.002066666666666439,1.7770964603478823,0.001593773797436055
2026-06-04 23:20:00,2.2319499999999994,0.016499999999999737,1.7771001205474612,3.6601995790065793e-06
2026-06-04 23:25:00,2.2258833333333325,-0.006066666666666887,1.7752235906885012,-0.0018765298589600912
2026-06-04 23:30:00,2.239254237288135,0.013370903954802671,1.7728664198476283,-0.0023571708408729373
2026-06-04 23:35:00,2.2338666666666662,-0.005387570621468996,1.7707336153081144,-0.0021328045395138744
2026-06-04 23:40:00,2.2013166666666666,-0.032549999999999635,1.7696998778613326,-0.0010337374467817744
2026-06-04 23:45:00,2.1993999999999994,-0.0019166666666672327,1.785951866938478,0.016251989077145555
2026-06-04 23:50:00,2.196983333333333,-0.0024166666666665115,1.7860422863509713,9.041941249325008e-05
2026-06-04 23:55:00,2.1915833333333326,-0.0054000000000002935,1.7859884597959856,-5.382655498558717e-05
2026-06-05 00:00:00,2.2101333333333333,0.018550000000000733,1.7867535822668825,0.0007651224708969812
2026-06-05 00:05:00,2.2027833333333344,-0.0073499999999988574,1.7877613518070052,0.0010077695401225768
2026-06-05 00:10:00,2.217644067796609,0.014860734463274738,1.7891487994689153,0.0013874476619099867
2026-06-05 00:15:00,2.1919500000000003,-0.025694067796608877,1.7907720347362972,0.0016232352673819705
2026-06-05 00:20:00,2.190150000000001,-0.0017999999999993577,1.7907642136443047,-7.821091992444022e-06
2026-06-05 00:25:00,2.2187333333333323,0.028583333333331407,1.7889747016226,-0.001789512021704662
2026-06-05 00:30:00,2.1899166666666674,-0.028816666666664936,1.7866910736352022,-0.002283627987397945
2026-06-05 00:35:00,2.1861666666666655,-0.0037500000000019185,1.7846073043400887,-0.0020837692951133618
2026-06-05 00:40:00,2.221816666666667,0.035650000000001736,1.7835461129360113,-0.0010611914040775262
2026-06-05 00:45:00,2.191457627118645,-0.030359039548022437,1.7843389675246846,0.0007928545886732502
2026-06-05 00:50:00,2.190066666666667,-0.0013909604519777297,1.785379262811112,0.0010402952864275914
2026-06-05 00:55:00,2.1984166666666662,0.008349999999999191,1.786444478429713,0.0010652156186011458
2026-06-05 01:00:00,2.195399999999999,-0.0030166666666673336,1.7883093439568005,0.0018648655270873788
2026-06-05 01:05:00,2.1909166666666673,-0.004483333333331618,1.789496136112438,0.0011867921556374013
2026-06-05 01:10:00,2.1812666666666667,-0.009650000000000603,1.7908660742123923,0.001369938099954335
2026-06-05 01:15:00,2.160766666666667,-0.02049999999999974,1.7924391243075204,0.00157305009512828
2026-06-05 01:20:00,2.160433333333333,-0.0003333333333337407,1.7923517119285561,-8.741237896442475e-05
2026-06-05 01:25:00,2.1705254237288143,0.01009209039548109,1.790626883244096,-0.0017248286844601976
2026-06-05 01:30:00,2.1716833333333336,0.001157909604519336,1.788411056503627,-0.002215826740468831
2026-06-05 01:35:00,2.188933333333334,0.01725000000000021,1.7863556594325385,-0.002055397071088472
2026-06-05 01:40:00,2.167216666666667,-0.02171666666666683,1.7852188896197274,-0.0011367698128111792
2026-06-05 01:45:00,2.14625,-0.0209666666666668,1.78588586247555,0.000666972855822713
2026-06-05 01:50:00,2.403416666666666,0.25716666666666566,1.7868561562866867,0.0009702938111365222
2026-06-05 01:55:00,2.3871833333333337,-0.01623333333333221,1.787853496622134,0.0009973403354474066
2026-06-05 02:00:00,2.338083333333334,-0.0490999999999997,1.7886332870655337,0.0007797904433995954
2026-06-05 02:05:00,2.2819830508474572,-0.05610028248587673,1.7894135890966425,0.0007803020311089013
2026-06-05 02:10:00,2.2408333333333332,-0.041149717514123996,1.7905441253926906,0.0011305362960480258
2026-06-05 02:15:00,2.1976166666666677,-0.04321666666666557,1.8069416941359013,0.016397568743210956
2026-06-05 02:20:00,2.1983500000000005,0.0007333333333328085,1.8049288766810183,-0.0020128174548829166
2026-06-05 02:25:00,2.1916166666666665,-0.006733333333333924,1.800400794896988,-0.004528081784030382
2026-06-05 02:30:00,2.15585,-0.0357666666666665,1.7961644824146,-0.004236312482388196
2026-06-05 02:35:00,2.1711166666666677,0.01526666666666765,1.7924388127602136,-0.003725669654386198
2026-06-05 02:40:00,2.1623499999999996,-0.008766666666668144,1.7897412515483804,-0.002697561211833203
2026-06-05 02:45:00,2.1380338983050855,-0.02431610169491405,1.7896921934031118,-4.905814526851394e-05
2026-06-05 02:50:00,2.1710166666666666,0.032982768361581094,1.7904323715190027,0.000740178115890796
2026-06-05 02:55:00,2.137883333333334,-0.03313333333333279,1.7912488154408044,0.0008164439218017355
2026-06-05 03:00:00,2.1292999999999997,-0.008583333333334053,1.791846553153685,0.0005977377128803797
2026-06-05 03:05:00,2.1452999999999998,0.016000000000000014,1.7924664500412142,0.000619896887529466
2026-06-05 03:10:00,2.1457,0.00040000000000040004,1.793443324139549,0.0009768740983347717
2026-06-05 03:15:00,2.1438833333333345,-0.0018166666666656894,1.7945098634353227,0.0010665392957737272
2026-06-05 03:20:00,2.1448644067796607,0.0009810734463262527,1.7927759070556382,-0.0017339563796846505
2026-06-05 03:25:00,2.1417500000000005,-0.0031144067796602393,1.789470536342914,-0.003305370712724131
2026-06-05 03:30:00,2.1344666666666665,-0.0072833333333339745,1.7356364982532335,-0.003669485430759274
2026-06-05 03:35:00,2.1299833333333336,-0.004483333333332951,1.730678438014901,-0.004958060238332658
2026-06-05 03:40:00,2.1285833333333337,-0.0013999999999998458,1.7261091580995496,-0.004569279915351226
2026-06-05 03:45:00,2.1275,-0.0010833333333337691,1.723404744258252,-0.002704413841297661
2026-06-05 03:50:00,2.128266666666667,0.0007666666666672484,1.7233134233500984,-9.132090815355161e-05
2026-06-05 03:55:00,2.1429833333333335,0.014716666666666267,1.723572926620741,0.00025950327064245415
2026-06-05 04:00:00,2.2594915254237287,0.1165081920903952,1.723676736354489,0.00010380973374798618
2026-06-05 04:05:00,2.1457333333333337,-0.11375819209039495,1.7237787764828014,0.00010204012831257253
2026-06-05 04:10:00,2.15025,0.004516666666666502,1.7240805296025838,0.00030175311978243477
2026-06-05 04:15:00,2.1554333333333338,0.00518333333333354,1.7232600068678012,-0.0008205227347827176
2026-06-05 04:20:00,2.151150000000001,-0.004283333333332973,1.7193697651039757,-0.003890241763825467
2026-06-05 04:25:00,2.1529166666666675,0.0017666666666666941,1.7143073276083087,-0.005062437495666904
2026-06-05 04:30:00,2.1564999999999994,0.0035833333333319395,1.7088447830532223,-0.005462544555086517
2026-06-05 04:35:00,2.1508500000000006,-0.005649999999998823,1.7036066565849992,-0.005238126468223151
2026-06-05 04:40:00,2.152728813559322,0.0018788135593212907,1.6991050766496762,-0.004501579935322851
2026-06-05 04:45:00,2.1524833333333344,-0.0002454802259874711,1.7718318615580282,-0.0004710935067834449
2026-06-05 04:50:00,2.14695,-0.0055333333333345,1.771760651368432,-7.121018959622146e-05
2026-06-05 04:55:00,2.1500166666666676,0.003066666666667661,1.7718460464797459,8.539511131376318e-05
2026-06-05 05:00:00,2.146433333333334,-0.003583333333333716,1.7718455951946048,-4.5128514106503224e-07
2026-06-05 05:05:00,2.1461666666666663,-0.0002666666666675255,1.7718822491096862,3.665391508149253e-05
2026-06-05 05:10:00,2.1464333333333343,0.00026666666666796957,1.7721483996461478,0.00026615053646164403
2026-06-05 05:15:00,2.1456166666666667,-0.0008166666666675759,1.7714994367081487,-0.0006489629379991623
2026-06-05 05:20:00,2.1484745762711865,0.002857909604519815,1.7676992932252908,-0.0038001434828579036
2026-06-05 05:25:00,2.1497000000000006,0.001225423728814068,1.7627550500837301,-0.004944243141560758
2026-06-05 05:30:00,2.1474166666666665,-0.002283333333334081,1.7574116805394566,-0.005343369544273516
2026-06-05 05:35:00,2.1464666666666674,-0.0009499999999991182,1.752268405283861,-0.0051432752555955795
2026-06-05 05:40:00,2.1461500000000004,-0.00031666666666696486,1.7478173610793617,-0.004451044204499171
2026-06-05 05:45:00,2.145800000000001,-0.0003499999999996284,1.7454282021209937,-0.002389158958368161
2026-06-05 05:50:00,2.1437166666666667,-0.002083333333334103,1.745385836664003,-4.2365456990696145e-05
2026-06-05 05:55:00,2.1549661016949164,0.01124943502824971,1.745546505576353,0.00016066891235011176
2026-06-05 06:00:00,2.1522,-0.002766101694916312,1.7176101959641064,-0.002825244314898583
2026-06-05 06:05:00,2.1451666666666673,-0.007033333333332781,1.7166884433189131,-0.0009217526451932108
2026-06-05 06:10:00,2.150066666666667,0.004899999999999682,1.7164763314001468,-0.00021211191876645277
2026-06-05 06:15:00,2.1503500000000004,0.00028333333333341315,1.7154803940187495,-0.000995937381397293
2026-06-05 06:20:00,2.147800000000001,-0.002549999999999386,1.711701342807563,-0.003779051211186524
2026-06-05 06:25:00,2.151150000000001,0.003349999999999742,1.70692217446932,-0.004779168338243064
2026-06-05 06:30:00,2.1527833333333337,0.0016333333333329314,1.7017702998642803,-0.005151874605039454
2026-06-05 06:35:00,2.1505084745762715,-0.002274858757062237,1.6967797622065226,-0.004990537657757713
2026-06-05 06:40:00,2.151033333333334,0.0005248587570623187,1.6924029755819936,-0.0043767866245290055
2026-06-05 06:45:00,2.1529833333333332,0.0019499999999994522,1.6900029572339654,-0.0024000183480282523
2026-06-05 06:50:00,2.153533333333334,0.0005500000000009386,1.6897587355752093,-0.000244221658756173
2026-06-05 06:55:00,2.1535833333333345,5.000000000032756e-05,1.689772054109941,1.3318534731824163e-05
2026-06-05 07:00:00,2.1558500000000005,0.002266666666665973,1.6897453624251182,-2.669168482291485e-05
2026-06-05 07:05:00,2.1534333333333335,-0.0024166666666669556,1.6896661034213931,-7.925900372511247e-05
2026-06-05 07:10:00,2.154150000000001,0.0007166666666673649,1.6897337813715811,6.767795018802404e-05
2026-06-05 07:15:00,2.156559322033899,0.00240932203389832,1.7479910841708823,-0.0006208607046410484
2026-06-05 07:20:00,2.1606166666666673,0.0040573446327680784,1.7443525448618071,-0.003638539309075185
2026-06-05 07:25:00,2.1586166666666675,-0.0019999999999997797,1.7396589775912528,-0.004693567270554254
2026-06-05 07:30:00,2.160316666666667,0.0016999999999995907,1.7346226409879004,-0.005036336603352456
2026-06-05 07:35:00,2.1614333333333335,0.0011166666666664327,1.7297190425139293,-0.004903598473971094
2026-06-05 07:40:00,2.1614166666666677,-1.6666666665887675e-05,1.725347958933271,-0.004371083580658278
2026-06-05 07:45:00,2.1624000000000003,0.00098333333333267,1.7229609213031571,-0.002387037630113744
2026-06-05 07:50:00,2.16225,-0.0001500000000005386,1.7226060602164273,-0.0003548610867300113
2026-06-05 07:55:00,2.1638644067796613,0.0016144067796615147,1.72259775192313,-8.308293297349904e-06
2026-06-05 08:00:00,2.161583333333333,-0.002281073446328108,1.7227132371714655,0.00011548524833567862
2026-06-05 08:05:00,2.1606833333333335,-0.0008999999999996788,1.7227840825346217,7.084536315617016e-05
2026-06-05 08:10:00,2.160566666666667,-0.0001166666666665428,1.7229577847152355,0.0001737021806138234
2026-06-05 08:15:00,2.1632500000000006,0.002683333333333593,1.7224971502107538,-0.0004606345044818422
2026-06-05 08:20:00,2.158516666666667,-0.0047333333333337,1.719090113241839,-0.003407036968914658
2026-06-05 08:25:00,2.1621333333333337,0.0036166666666668235,1.714622652419785,-0.004467460822054152
2026-06-05 08:30:00,2.16255,0.0004166666666662877,2.844283631314542,-0.005212215983705929
2026-06-05 08:35:00,2.1628305084745767,0.0002805084745767239,2.839573178474163,-0.0047104528403786984
2026-06-05 08:40:00,2.161233333333334,-0.0015971751412426904,2.8352534136310537,-0.004319764843109205
2026-06-05 08:45:00,2.160333333333334,-0.0009000000000001229,2.8330221627901406,-0.0022312508409134202
2026-06-05 08:50:00,2.1599833333333343,-0.0003499999999996284,2.832646569855462,-0.0003755929346783602
2026-06-05 08:55:00,2.1562666666666668,-0.0037166666666674786,2.8326857574074733,3.91875520110462e-05
2026-06-05 09:00:00,2.159733333333334,0.003466666666667173,2.832934551062449,0.0002487936549756147
2026-06-05 09:05:00,2.159633333333334,-9.999999999976694e-05,2.833164998954761,0.0002304478923123407
2026-06-05 09:10:00,2.154133333333334,-0.00550000000000006,2.833504374427076,0.00033937547231511404
2026-06-05 09:15:00,2.155016949152543,0.0008836158192089272,2.8332526031751897,-0.00025177125188657044
2026-06-05 09:20:00,2.1569999999999996,0.0019830508474565356,2.8301157472197844,-0.003136855955405258
2026-06-05 09:25:00,2.146116666666667,-0.01088333333333269,2.825801994251754,-0.004313752968030464
2026-06-05 09:30:00,2.1445333333333334,-0.001583333333333492,2.821127572700309,-0.004674421551444862
2026-06-05 09:35:00,2.1437666666666666,-0.0007666666666668043,2.8166163760841663,-0.0045111966161428645
2026-06-05 09:40:00,2.1434,-0.00036666666666640424,2.8127584033553954,-0.0038579727287705646
2026-06-05 09:45:00,2.1413333333333346,-0.002066666666665551,2.875049718919244,0.00035433166597546157
2026-06-05 09:50:00,2.144283333333334,0.002949999999999342,2.875563200911164,0.0005134819919196692
2026-06-05 09:55:00,2.1443559322033905,7.259887005650612e-05,2.875996452590333,0.00043325167916938035
2026-06-05 10:00:00,2.1451000000000007,0.0007440677966101816,2.8764441961207567,0.00044774353042385204
2026-06-05 10:05:00,2.1451666666666673,6.666666666665932e-05,2.8768928876399,0.0004486915191431282
2026-06-05 10:10:00,2.1422833333333338,-0.002883333333333571,2.877623721501995,0.0007308338620947821
2026-06-05 10:15:00,2.1422000000000008,-8.333333333299109e-05,2.878510508069811,0.0008867865678161501
2026-06-05 10:20:00,2.1429666666666667,0.0007666666666659161,2.8765092088015605,-0.0020012992682506866
2026-06-05 10:25:00,2.146766666666667,0.0038000000000004697,2.872508426779805,-0.004000782021755222
2026-06-05 10:30:00,2.1455500000000005,-0.0012166666666666437,2.868080377476855,-0.004428049302950218
2026-06-05 10:35:00,2.146152542372882,0.0006025423728814872,2.863820556981157,-0.004259820495697912
2026-06-05 10:40:00,2.1399,-0.006252542372882086,2.8607164899001614,-0.0031040670809955547
2026-06-05 10:45:00,2.1451666666666673,0.005266666666667419,2.861047520685623,0.0003310307854619061
2026-06-05 10:50:00,2.1448500000000004,-0.00031666666666696486,2.8617501402387013,0.000702619553078251
2026-06-05 10:55:00,2.144566666666667,-0.00028333333333341315,2.8624910074778067,0.0007408672391050261
2026-06-05 11:00:00,2.147033333333334,0.002466666666666839,2.8636262985085366,0.0011819017884494082
2026-06-05 11:05:00,2.1455666666666673,-0.0014666666666665051,2.8642587745715336,0.0006324760629970577
2026-06-05 11:10:00,2.1491525423728817,0.003585875706214381,2.865182686060987,0.0009239114894536383
2026-06-05 11:15:00,2.144483333333334,-0.004669209039547706,2.8665262974104957,0.0013436113495085271
2026-06-05 11:20:00,2.1443333333333334,-0.0001500000000005386,2.867940027447235,0.0014137300367396124
2026-06-05 11:25:00,2.1439333333333335,-0.00039999999999995595,2.8689892112200988,0.0010491837728636376
2026-06-05 11:30:00,2.142533333333333,-0.00140000000000029,2.8698635131845007,0.0008743019644017743
2026-06-05 11:35:00,2.147500000000001,0.004966666666667674,2.87080984120458,0.0009463280200796743
2026-06-05 11:40:00,2.1461333333333337,-0.0013666666666671823,2.87185901541416,0.0010491742095794527
2026-06-05 11:45:00,2.147600000000001,0.0014666666666673933,2.8727705716391507,0.0009115562249910084
2026-06-05 11:50:00,2.1479999999999997,0.0003999999999986237,2.873583998230401,0.0008134265912500303
2026-06-05 11:55:00,2.144983333333334,-0.0030166666666655573,2.8744354915649244,0.0008514933345235886
2026-06-05 12:00:00,2.144616666666667,-0.0003666666666672924,2.875256523854036,0.0008210322891115893
2026-06-05 12:05:00,2.1473666666666675,0.0027500000000006963,2.876084498606245,0.0008279747522086529
2026-06-05 12:10:00,2.14455,-0.0028166666666673557,2.877223938350384,0.0011394397441391012
2026-06-05 12:15:00,2.1468666666666674,0.0023166666666671887,2.8784850906319575,0.0019988897191033873
2026-06-05 12:20:00,2.1460333333333343,-0.0008333333333330195,2.880100270152178,0.0016151795202204412
2026-06-05 12:25:00,2.1480666666666672,0.0020333333333328873,2.881169088311227,0.0010688181590491567
2026-06-05 12:30:00,2.1480500000000005,-1.6666666666775853e-05,2.881932508271658,0.0007634199604306928
2026-06-05 12:35:00,2.145966101694916,-0.002083898305084375,2.8826913794521047,0.0007588711804467815
2026-06-05 12:40:00,2.141466666666667,-0.00449943502824901,2.8835646305685763,0.0008732511164714489
2026-06-05 12:45:00,2.1285500000000006,-0.012916666666666465,2.8843565669468583,0.0007919363782822077
2026-06-05 12:50:00,2.12545,-0.003100000000000769,2.8851099315019426,0.0007533645550842821
2026-06-05 12:55:00,2.1220000000000003,-0.003449999999999509,2.885952348562909,0.0008424170609660105
2026-06-05 13:00:00,2.1229999999999998,0.0009999999999994458,2.8867664205930614,0.0008140720301529766
2026-06-05 13:05:00,2.1235166666666667,0.0005166666666669428,2.8876042305537633,0.000837809960701859
2026-06-05 13:10:00,2.1250000000000004,0.001483333333333725,2.888755775837239,0.001151545283475445
2026-06-05 13:15:00,2.1455833333333336,0.020583333333333176,2.890302927028898,0.0015471511916590813
2026-06-05 13:20:00,2.143766666666667,-0.0018166666666665776,2.891844310405137,0.0015413833762390307
2026-06-05 13:25:00,2.1453833333333336,0.0016166666666665996,2.8929329983692122,0.0010886879640751577
2026-06-05 13:30:00,2.1417166666666674,-0.003666666666666263,2.901579992275718,-0.0003505889779507667
2026-06-05 13:35:00,2.1442833333333335,0.002566666666666162,2.9021326077861476,0.0005526155104296317
2026-06-05 13:40:00,2.144566666666667,0.00028333333333341315,2.9027963618937114,0.000663754107563732
2026-06-05 13:45:00,2.1441833333333333,-0.0003833333333336242,2.9033896304482116,0.0005932685545001889
2026-06-05 13:50:00,2.140932203389831,-0.0032511299435022956,2.903965405765397,0.0005757753171854865
2026-06-05 13:55:00,2.1468833333333337,0.005951129943502664,2.904645860573668,0.0006804548082706148
2026-06-05 14:00:00,2.147816666666667,0.0009333333333332305,2.905278732100291,0.0006328715266234157
2026-06-05 14:05:00,2.146633333333334,-0.001183333333333092,2.905933654642028,0.0006549225417364189
2026-06-05 14:10:00,2.1435000000000004,-0.0031333333333334323,2.9069108260993595,0.0009771714573318915
2026-06-05 14:15:00,2.1423666666666668,-0.0011333333333336526,2.908310182117562,0.0013993560182026068
2026-06-05 14:20:00,2.1461333333333332,0.003766666666666474,2.909745285174338,0.0014351030567758725
2026-06-05 14:25:00,2.138616666666666,-0.00751666666666706,2.9107522127780374,0.0010069276036994601
2026-06-05 14:30:00,2.1369322033898306,-0.0016844632768355794,2.911521510236825,0.0007692974587874902
2026-06-05 14:35:00,2.1355166666666667,-0.0014155367231638571,2.9123273381204404,0.0008058278836155525
2026-06-05 14:40:00,2.1334666666666666,-0.0020500000000001073,2.9132407166187657,0.0009133784983250625
2026-06-05 14:45:00,2.131883333333334,-0.0015833333333326038,2.932577738920519,0.0022744798925066595
2026-06-05 14:50:00,2.1328333333333327,0.0009499999999986741,2.9333887969057093,0.0008110579851897815
2026-06-05 14:55:00,2.133166666666667,0.0003333333333341848,2.9340765486421647,0.0006877517364557871
2026-06-05 15:00:00,2.1355999999999997,0.0024333333333328433,2.934659133781058,0.0005825851388933432
2026-06-05 15:05:00,2.1362166666666673,0.000616666666667598,2.935197741661333,0.0005386078802747742
2026-06-05 15:10:00,2.1380847457627126,0.0018680790960452498,2.93596199592723,0.0007642542658968647
2026-06-05 15:15:00,2.1343666666666667,-0.003718079096045823,2.9370717764391117,0.001109780511881744
2026-06-05 15:20:00,2.1358166666666674,0.0014500000000006175,2.9382159995907293,0.0011442231516178535
2026-06-05 15:25:00,2.1345500000000004,-0.0012666666666669713,2.938980994853368,0.0007649952626386426
2026-06-05 15:30:00,2.1353,0.0007499999999995843,2.9395633206748073,0.0005823258214393097
2026-06-05 15:35:00,2.1290333333333336,-0.006266666666666421,2.9402263147361736,0.0006629940613660496
2026-06-05 15:40:00,2.1063999999999994,-0.02263333333333417,2.941034697553679,0.000808382817505344
2026-06-05 15:45:00,2.1266000000000003,0.020200000000000884,2.9417990594128622,0.0007643618591832959
2026-06-05 15:50:00,2.1318474576271185,0.005247457627118202,2.9425345436431303,0.0007354842302682013
2026-06-05 15:55:00,2.133566666666667,0.001719209039548364,2.9433260503013554,0.0007915066582249827
2026-06-05 16:00:00,2.131500000000001,-0.002066666666665995,2.143054687039614,-0.0013538879471992219
2026-06-05 16:05:00,2.1324,0.0008999999999992347,2.1436068620453326,0.0005521750057184859
2026-06-05 16:10:00,2.12105,-0.011350000000000193,2.144444454405411,0.0008375923600786722
2026-06-05 16:15:00,2.118016666666667,-0.003033333333332777,2.1455914805186906,0.001147026113279523
2026-06-05 16:20:00,2.115183333333333,-0.0028333333333341315,2.1467023129191354,0.001110832400444883
2026-06-05 16:25:00,2.1212033898305083,0.006020056497175297,2.147307450111579,0.0006051371924438905
2026-06-05 16:30:00,2.1239500000000002,0.0027466101694919587,2.1476462321936127,0.0003387820820332364
2026-06-05 16:35:00,2.1231000000000004,-0.0008499999999997954,2.148078114534435,0.00043188234082236715
2026-06-05 16:40:00,2.102933333333332,-0.02016666666666822,2.1487586474902725,0.0006805329558373202
2026-06-05 16:45:00,2.096616666666667,-0.006316666666665416,2.149462349641585,0.0007037021513125038
2026-06-05 16:50:00,2.1079999999999997,0.011383333333332857,2.150151128399523,0.0006887787579382302
2026-06-05 16:55:00,2.1121666666666656,0.004166666666665986,2.150902133107066,0.0007510047075431711
2026-06-05 17:00:00,2.112399999999999,0.00023333333333352968,2.1515606209192932,0.0006584878122269958
2026-06-05 17:05:00,2.114423728813559,0.002023728813559611,2.1521913934296233,0.0006307725103300289
2026-06-05 17:10:00,2.1142499999999997,-0.00017372881355903758,2.1531227843830396,0.0009313909534165834
2026-06-05 17:15:00,2.114066666666667,-0.00018333333333275803,2.167202395448862,0.0012670265439128964
2026-06-05 17:20:00,2.1203999999999996,0.006333333333332636,2.167651932814083,0.0004495373652205713
2026-06-05 17:25:00,2.1300499999999998,0.009650000000000158,2.166837861653305,-0.0008140711607779875
2026-06-05 17:30:00,2.1294333333333335,-0.0006166666666662657,2.165489270879771,-0.0013485907735338862
2026-06-05 17:35:00,2.12525,-0.00418333333333365,2.1643034043811746,-0.0011858664985963316
2026-06-05 17:40:00,2.1229166666666663,-0.0023333333333335204,2.163943217900216,-0.00036018648095873695
2026-06-05 17:45:00,2.119813559322034,-0.00310310734463215,2.1642624414474785,0.00031922354726238877
2026-06-05 17:50:00,2.1199999999999997,0.00018644067796547148,2.1647998040578713,0.0005373626103929189
2026-06-05 17:55:00,2.115983333333333,-0.004016666666666779,2.1654665005825815,0.0006666965247101393
2026-06-05 18:00:00,2.1176499999999994,0.0016666666666664831,2.1661037257209164,0.0006372251383351021
2026-06-05 18:05:00,2.119416666666666,0.0017666666666666941,2.1667141462470076,0.0006104205260910396
2026-06-05 18:10:00,2.1384500000000006,0.019033333333334568,2.167587114692111,0.0008729684451035171
2026-06-05 18:15:00,2.1447833333333333,0.006333333333332636,2.168650155336532,0.0010630406444211886
2026-06-05 18:20:00,2.146300000000001,0.0015166666666677209,2.1689788739667915,0.0003287186302592768
2026-06-05 18:25:00,2.1507796610169496,0.004479661016948633,2.1679910120046593,-0.0009878619621324248
2026-06-05 18:30:00,2.1519500000000003,0.0011703389830506339,2.1826873371062963,-0.00460111721769309
2026-06-05 18:35:00,2.151516666666667,-0.00043333333333306356,2.1807330588236735,-0.0019542782826225827
2026-06-05 18:40:00,2.14805,-0.003466666666667173,2.1798934866323916,-0.0008395721912819941
2026-06-05 18:45:00,2.1414,-0.006650000000000045,2.1800078822729745,0.00011439564058276594
2026-06-05 18:50:00,2.144316666666666,0.0029166666666662344,2.1804410041642197,0.00043312189124534805
2026-06-05 18:55:00,2.13695,-0.007366666666666077,2.1810521268655303,0.0006111227013105042
2026-06-05 19:00:00,2.1460500000000007,0.009100000000000552,2.1817125241408424,0.0006603972753121664
2026-06-05 19:05:00,2.133440677966102,-0.012609322033898529,2.1823745600846474,0.0006620359438050104
2026-06-05 19:10:00,2.139966666666667,0.0065259887005648665,2.1833074826565544,0.0009329225719071066
2026-06-05 19:15:00,2.141966666666667,0.0019999999999997797,2.184369832945322,0.0010623502887672296
2026-06-05 19:20:00,2.1410333333333336,-0.0009333333333332305,2.184421875114533,5.204216921115427e-05
2026-06-05 19:25:00,2.1426333333333343,0.001600000000000712,2.1829704591577856,-0.0014514159567473764
2026-06-05 19:30:00,2.1405833333333333,-0.0020500000000009955,2.1810265042762915,-0.001943954881493743
2026-06-05 19:35:00,2.14305,0.002466666666666839,2.179276997710537,-0.0017495065657548057
2026-06-05 19:40:00,2.1413166666666665,-0.0017333333333335865,2.178512312572134,-0.0007646851384029738
2026-06-05 19:45:00,2.1386779661016946,-0.002638700564971952,2.206557864500231,0.0018726996671866477
2026-06-05 19:50:00,2.143733333333333,0.0050553672316384635,2.2071276428291227,0.0005697783288913047
2026-06-05 19:55:00,2.1369499999999997,-0.006783333333333363,2.2076932954932222,0.0005656526640996538
2026-06-05 20:00:00,2.1440499999999996,0.007099999999999884,2.2082895229456914,0.0005962274524692764
2026-06-05 20:05:00,2.136633333333334,-0.007416666666665517,2.2088569243773937,0.0005674014317023353
2026-06-05 20:10:00,2.143416666666667,0.006783333333332919,2.209663820698535,0.000806896321141065
2026-06-05 20:15:00,2.136366666666667,-0.007050000000000001,2.2105864684603818,0.0009226477618470739
2026-06-05 20:20:00,2.1491499999999997,0.012783333333332703,2.2103071440394815,-0.00027932442090047833
2026-06-05 20:25:00,2.1431186440677967,-0.006031355932202942,2.2085006948989125,-0.001806449140568988
2026-06-05 20:30:00,2.1415833333333327,-0.0015353107344640016,2.2062331110625526,-0.002267583836359656
2026-06-05 20:35:00,2.1425499999999995,0.0009666666666667822,2.204137666490171,-0.0020954445723820776
2026-06-05 20:40:00,2.1364500000000004,-0.006099999999999106,2.202990125926795,-0.0011475405633756192
2026-06-05 20:45:00,2.1373000000000006,0.0008500000000002395,2.203266732828292,0.00027660690149686255
2026-06-05 20:50:00,2.137149999999999,-0.00015000000000142677,2.2039819425508824,0.0007152097225906641
2026-06-05 20:55:00,2.1452,0.008050000000000779,2.2048440274088046,0.0008620848579219792
2026-06-05 21:00:00,2.13565,-0.009549999999999947,2.2334262883806923,-0.0003340837156223712
2026-06-05 21:05:00,2.1392711864406784,0.0036211864406783256,2.233859191811371,0.000432903430678431
2026-06-05 21:10:00,2.147333333333334,0.008062146892655608,2.234667358418616,0.0008081666072452536
2026-06-05 21:15:00,2.1467666666666663,-0.0005666666666677145,2.2354840510468907,0.0008166926282744213
2026-06-05 21:20:00,2.136316666666667,-0.010449999999999182,2.2348100563469897,-0.0006739946999007355
2026-06-05 21:25:00,2.1361833333333333,-0.00013333333333376274,2.232658178761413,-0.0021518775855767936
2026-06-05 21:30:00,2.140716666666667,0.004533333333333722,2.2300978272370133,-0.0025603515243998406
2026-06-05 21:35:00,2.1389333333333327,-0.0017833333333343582,2.227694112496513,-0.0024037147405001355
2026-06-05 21:40:00,2.1411666666666673,0.0022333333333346417,2.226148409350354,-0.0015457031461592779
2026-06-05 21:45:00,2.1423220338983056,0.0011553672316382269,2.226265584200982,0.00011717485062837316
2026-06-05 21:50:00,2.140250000000001,-0.0020720338983046815,2.2269688009967683,0.0007032167957862559
2026-06-05 21:55:00,2.1389000000000005,-0.0013500000000004064,2.227865969888716,0.0008971688919476158
2026-06-05 22:00:00,2.1376666666666675,-0.0012333333333329755,2.228732876627285,0.0008669067385686904
2026-06-05 22:05:00,2.142700000000001,0.005033333333333445,2.229562055713155,0.000829179085870313
2026-06-05 22:10:00,2.141648148148149,-0.0010518518518520814,2.230602195397304,0.0010401396841489868
2026-06-05 22:15:00,2.1470166666666675,0.005368518518518606,2.262705919265195,0.0013964528915496293
2026-06-05 22:20:00,2.132116666666667,-0.014900000000000357,2.2618936512866226,-0.0008122679785724979
2026-06-05 22:25:00,2.1400833333333336,0.007966666666666455,2.2595456657147235,-0.0023479855718988685
2026-06-05 22:30:00,2.1352833333333328,-0.004800000000000804,2.2567845554478096,-0.0027611102669136867
2026-06-05 22:35:00,2.138915254237288,0.0036319209039552547,2.2541671797442246,-0.002617375703585062
2026-06-05 22:40:00,2.1382833333333338,-0.0006319209039542528,2.252299984721129,-0.0018671950230957509
2026-06-05 22:45:00,2.1392,0.0009166666666664547,2.2521576578629547,-0.0001423268581742662
2026-06-05 22:50:00,2.1371166666666666,-0.002083333333333659,2.252778605143637,0.000620947280682342
2026-06-05 22:55:00,2.1401,0.002983333333333338,2.2536395403153864,0.0008609351717494893
2026-06-05 23:00:00,2.1322666666666668,-0.007833333333333137,2.254460472411342,0.0008209320959553987
2026-06-05 23:05:00,2.137916666666667,0.005650000000000155,2.2552618502236177,0.0008013778122758968
2026-06-05 23:10:00,2.13935593220339,0.0014392655367232443,2.2562683578139873,0.0010065075903695907
2026-06-05 23:15:00,2.1466,0.007244067796609688,2.257047176157868,0.0007788183438805648
2026-06-05 23:20:00,2.143783333333333,-0.0028166666666669116,2.255868755856383,-0.0011784203014852303
2026-06-05 23:25:00,2.1374166666666676,-0.006366666666665299,2.2533418836703607,-0.002526872186022199
2026-06-05 23:30:00,2.1389333333333336,0.0015166666666659445,2.267360840462071,-0.001326196940867155
2026-06-05 23:35:00,2.141566666666667,0.0026333333333332654,2.264266952107848,-0.003093888354223496
2026-06-05 23:40:00,2.1417500000000005,0.0001833333333336462,2.2615955480590886,-0.002671404048759206
2026-06-05 23:45:00,2.145566666666667,0.0038166666666663573,2.2609553406784286,-0.0006402073806600436
2026-06-05 23:50:00,2.1357966101694914,-0.009770056497175439,2.261467456079881,0.0005121154014527025
2026-06-05 23:55:00,2.146083333333334,0.010286723163842382,2.2622921399332196,0.000824683853338371
2026-06-06 00:00:00,2.1403166666666666,-0.005766666666667142,2.263075425177436,0.0007832852442165271
2026-06-06 00:05:00,2.143966666666666,0.003649999999999487,2.2638616518829022,0.0007862267054663151
2026-06-06 00:10:00,2.149716666666667,0.00575000000000081,2.2648339083503357,0.0009722564674331839
2026-06-06 00:15:00,2.1481166666666667,-0.0016000000000002679,2.2653214790374663,0.00048757068713073246
2026-06-06 00:20:00,2.1458000000000004,-0.0023166666666663005,2.2633692218636745,-0.0019522571737919732
2026-06-06 00:25:00,2.145383333333333,-0.0004166666666671759,2.2600568005512094,-0.0033124213124650975
2026-06-06 00:30:00,2.1488644067796616,0.00348107344632842,2.256324054384598,-0.0037327461666115075
2026-06-06 00:35:00,2.14905,0.00018559322033828707,2.252770097445828,-0.0035539569387698228
2026-06-06 00:40:00,2.14725,-0.0017999999999998018,2.2499833734383183,-0.002786724007509657
2026-06-06 00:45:00,2.1456666666666675,-0.0015833333333326038,2.2533657957428828,0.003337504915664792
2026-06-06 00:50:00,2.1458999999999997,0.0002333333333321974,2.2544293231468915,0.001063527404008961
2026-06-06 00:55:00,2.1456666666666675,-0.0002333333333321974,2.2553044430660627,0.0008751199191713356
2026-06-06 01:00:00,2.1456500000000007,-1.6666666666775853e-05,2.2561118049192705,0.000807361853207873
2026-06-06 01:05:00,2.147516666666667,0.001866666666666461,2.257020449534987,0.0009086446157161301
2026-06-06 01:10:00,2.1474237288135596,-9.293785310759972e-05,2.2583541386220785,0.001333689087091421
2026-06-06 01:15:00,2.148816666666667,0.0013929378531072345,2.260099736261383,0.001745597639304388
2026-06-06 01:20:00,2.1465166666666673,-0.0022999999999995246,2.2616925817630884,0.0015928455017057532
2026-06-06 01:25:00,2.1469666666666662,0.00044999999999895124,2.2627720765640205,0.0010794948009320024
2026-06-06 01:30:00,2.1399,-0.0070666666666663325,2.2636305968325345,0.0008585202685142916
2026-06-06 01:35:00,2.136983333333334,-0.0029166666666657903,2.26456310553082,0.0009325086982854193
2026-06-06 01:40:00,2.1386499999999997,0.001666666666665595,2.265699551121174,0.0011364455903538346
2026-06-06 01:45:00,2.1341525423728815,-0.004497457627118173,2.2668601938248303,0.0011606427036562207
2026-06-06 01:50:00,2.1370833333333334,0.002930790960451901,2.2679311643535893,0.0010709705287589245
2026-06-06 01:55:00,2.137733333333333,0.0006499999999993733,2.2689829654781604,0.0010518011245713164
2026-06-06 02:00:00,2.1354333333333333,-0.0022999999999995246,2.2558844008722376,0.001430300818937469
2026-06-06 02:05:00,2.1351833333333334,-0.00024999999999986144,2.2566213532443262,0.0007369523720882944
2026-06-06 02:10:00,2.134866666666667,-0.00031666666666652077,2.257696945761173,0.0010755925168468403
2026-06-06 02:15:00,2.1316333333333333,-0.0032333333333336434,2.259215693867058,0.001518748105885064
2026-06-06 02:20:00,2.1293833333333327,-0.0022500000000005294,2.2606915683771462,0.0014758745100881957
2026-06-06 02:25:00,2.135186440677966,0.005803107344633407,2.2617384642094756,0.0010468958323293998
2026-06-06 02:30:00,2.135866666666667,0.0006802259887006556,2.2625760205838317,0.0008375563743560166
2026-06-06 02:35:00,2.13565,-0.00021666666666675383,2.26346748283474,0.0008914622509086191
2026-06-06 02:40:00,2.1340333333333334,-0.0016166666666665996,2.264541192812811,0.001073709978071011
2026-06-06 02:45:00,2.134333333333333,0.0002999999999997449,2.2656172300251893,0.0010760372123783536
2026-06-06 02:50:00,2.1339,-0.00043333333333306356,2.266584661712285,0.0009674316870953647
2026-06-06 02:55:00,2.136583333333334,0.002683333333334037,2.2675276407153087,0.0009429790030236528
2026-06-06 03:00:00,2.1364666666666667,-0.00011666666666743097,2.268217741122797,0.0006901004074881978
2026-06-06 03:05:00,2.1369661016949153,0.0004994350282485627,2.2689283415954415,0.0007106004726448242
2026-06-06 03:10:00,2.140116666666667,0.0031505649717518125,2.2700381077217338,0.0011097661262922686
2026-06-06 03:15:00,2.1366000000000005,-0.0035166666666666124,2.2757214279092044,0.0015123563519815336
2026-06-06 03:20:00,2.134116666666667,-0.002483333333333615,2.277292205571444,0.001570777662239832
2026-06-06 03:25:00,2.1310666666666664,-0.0030500000000004412,2.2783685351488328,0.0010763295773885333
2026-06-06 03:30:00,2.1278,-0.003266666666666307,2.27925157292801,0.000883037779177284
2026-06-06 03:35:00,2.1350333333333333,0.007233333333333203,2.280176579366694,0.0009250064386842476
2026-06-06 03:40:00,2.1291166666666665,-0.005916666666666792,2.281254969457576,0.0010783900908818264
2026-06-06 03:45:00,2.1188813559322033,-0.010235310734463265,2.2822997058318424,0.001044736374266391
2026-06-06 03:50:00,2.1211999999999995,0.0023186440677962494,2.283209773339968,0.0009100675081253941
2026-06-06 03:55:00,2.1510166666666675,0.029816666666667935,2.2840844126070308,0.000874639267063206
2026-06-06 04:00:00,2.1594500000000005,0.00843333333333307,2.284689496572158,0.000605083965126922
2026-06-06 04:05:00,2.1602333333333337,0.000783333333333136,2.2853271948621563,0.0006376982899982484
2026-06-06 04:10:00,2.157133333333334,-0.0030999999999998806,2.286380495833589,0.0010533009714328335
2026-06-06 04:15:00,2.1610166666666677,0.003883333333333905,2.2879041869157004,0.0015236910821114322
2026-06-06 04:20:00,2.1605000000000003,-0.0005166666666673869,2.2893517530061875,0.0014475660904870965
2026-06-06 04:25:00,2.1656440677966113,0.005144067796611029,2.2903444028580333,0.0009926498518459835
2026-06-06 04:30:00,2.1637,-0.0019440677966113817,2.2790039451467807,-0.00017384381279681634
2026-06-06 04:35:00,2.21145,0.04775000000000018,2.279837398403424,0.0008334532566434299
2026-06-06 04:40:00,2.251733333333334,0.04028333333333389,2.280861655428159,0.0010242570247352176
2026-06-06 04:45:00,2.263383333333334,0.011649999999999938,2.281832252494277,0.0009705970661177342
2026-06-06 04:50:00,2.284036363636364,0.020653030303030118,2.2826416478338727,0.0008093953395957873
2026-06-06 04:55:00,2.2887333333333335,0.004696969696969422,2.2834098385971267,0.0007681907632536499
2026-06-06 05:00:00,2.2657166666666675,-0.02301666666666602,2.283917788154408,0.0005079495572815939
2026-06-06 05:05:00,2.263983333333333,-0.0017333333333344747,2.2844669921365486,0.000549203982140463
2026-06-06 05:10:00,2.224118644067797,-0.03986468926553588,2.2854351232310677,0.0009681310945191106
2026-06-06 05:15:00,2.2143833333333327,-0.00973531073446443,2.286904429137417,0.001469305906349179
2026-06-06 05:20:00,2.2037833333333334,-0.010599999999999277,2.2883556664985356,0.0014512373611186042
2026-06-06 05:25:00,2.2364,0.03261666666666674,2.2893857197281013,0.00103005322956613
2026-06-06 05:30:00,2.2172833333333335,-0.01911666666666667,2.29026612762394,0.0008804078958385063
2026-06-06 05:35:00,2.226733333333333,0.009449999999999292,2.2912631461380926,0.000997018514152374
2026-06-06 05:40:00,2.2298166666666663,0.003083333333333549,2.292423041701938,0.0011598955638455475
2026-06-06 05:45:00,2.2268166666666667,-0.0029999999999996696,2.2817649677779435,-0.0006345378258745131
2026-06-06 05:50:00,2.2349830508474575,0.008166384180790853,2.2822416500903806,0.00047668231243755676
2026-06-06 05:55:00,2.2663166666666665,0.031333615819209015,2.2827566162828483,0.0005149661924675065
2026-06-06 06:00:00,2.2528833333333336,-0.013433333333332964,2.2831206349801043,0.00036401869725620885
2026-06-06 06:05:00,2.2844666666666664,0.03158333333333285,2.2835597332040587,0.0004390982239541431
2026-06-06 06:10:00,2.259366666666666,-0.025100000000000566,2.2844059715485656,0.0008462383445068366
2026-06-06 06:15:00,2.2605,0.0011333333333340967,2.2857217552509814,0.001315783702416036
2026-06-06 06:20:00,2.246,-0.014499999999999957,2.286730106412495,0.0010083511615136592
2026-06-06 06:25:00,2.251016666666666,0.005016666666666225,2.2865454980354007,-0.00018460837709434618
2026-06-06 06:30:00,2.249745762711864,-0.0012709039548020051,2.285899589100228,-0.0006459089351731178
2026-06-06 06:35:00,2.2230500000000006,-0.02669576271186358,2.2854737141128436,-0.0004258749873843222
2026-06-06 06:40:00,2.224783333333333,0.0017333333333322543,2.2859018319900857,0.00042811787724235677
2026-06-06 06:45:00,2.211066666666666,-0.013716666666666821,2.2867384574840406,0.0008366254939546167
2026-06-06 06:50:00,2.24045,0.029383333333333983,2.2874167754740573,0.0006783179900170621
2026-06-06 06:55:00,2.274816666666667,0.0343666666666671,2.2879838750728054,0.0005670995987480846
2026-06-06 07:00:00,2.24495,-0.029866666666667374,2.2637373476555243,-0.01467398616363265
2026-06-06 07:05:00,2.272372881355932,0.027422881355932294,2.25992760358806,-0.00380974406746395
2026-06-06 07:10:00,2.2195833333333335,-0.05278954802259861,2.259735797032035,-0.0001918065560253675
2026-06-06 07:15:00,2.2292500000000004,0.009666666666666934,2.2607525902305308,0.0010167931984959822
2026-06-06 07:20:00,2.2136666666666662,-0.01558333333333417,2.2613793366893713,0.0006267464588402419
2026-06-06 07:25:00,2.202033333333333,-0.011633333333333162,2.260411395852752,-0.0009679408366192147
2026-06-06 07:30:00,2.188383333333334,-0.013649999999999274,2.2588543887076744,-0.0015570071450777688
2026-06-06 07:35:00,2.2100833333333325,0.02169999999999872,2.2575741245369443,-0.0012802641707299293
2026-06-06 07:40:00,2.2117833333333334,0.001700000000000923,2.2575084833005157,-6.564123642866407e-05
2026-06-06 07:45:00,2.215593220338982,0.003809887005648438,2.2582589338824812,0.0007504505819655104
2026-06-06 07:50:00,2.210283333333332,-0.005309887005649827,2.258883400619351,0.0006244667368697432
2026-06-06 07:55:00,2.1984500000000002,-0.011833333333331808,2.259426013223507,0.0005426126041563294
2026-06-06 08:00:00,2.206866666666667,0.008416666666666739,2.259858478387651,0.0004324651641437636
2026-06-06 08:05:00,2.18665,-0.02021666666666677,2.260283942309855,0.00042546392220399053
2026-06-06 08:10:00,2.1886999999999994,0.002049999999999219,2.261049499513617,0.0007655572037619286
2026-06-06 08:15:00,2.1943166666666656,0.005616666666666159,2.26463371582306,0.009466599191295891
2026-06-06 08:20:00,2.1854166666666663,-0.008899999999999242,2.265605364210625,0.0009716483875653132
2026-06-06 08:25:00,2.190101694915254,0.0046850282485877415,2.265028036838335,-0.0005773273722898877
2026-06-06 08:30:00,2.1955833333333334,0.00548163841807936,2.264207436620158,-0.0008206002181770032
2026-06-06 08:35:00,2.1910999999999996,-0.004483333333333839,2.2636087282932404,-0.0005987083269178684
2026-06-06 08:40:00,2.1772666666666667,-0.01383333333333292,2.263854968952784,0.0002462406595436063
2026-06-06 08:45:00,2.1753833333333343,-0.0018833333333323488,2.2646040627583157,0.0007490938055318326
2026-06-06 08:50:00,2.1763666666666674,0.000983333333333114,2.2652371263253714,0.0006330635670557425
2026-06-06 08:55:00,2.1842333333333337,0.007866666666666244,2.2658273016208437,0.0005901752954723063
2026-06-06 09:00:00,2.1741333333333333,-0.010100000000000442,2.2663879425593456,0.0005606409385017779
2026-06-06 09:05:00,2.172898305084747,-0.001235028248586456,2.266955680192521,0.000567737633175004
2026-06-06 09:10:00,2.17695,0.004051694915253368,2.2678554224668566,0.0008997422743360438
2026-06-06 09:15:00,2.17615,-0.000800000000000356,2.269182951305622,0.0013275288387653876
2026-06-06 09:20:00,2.1729166666666666,-0.0032333333333331993,2.270231012121669,0.001048060816046636
2026-06-06 09:25:00,2.1774833333333334,0.00456666666666683,2.2701102659913586,-0.0001207461303103423
2026-06-06 09:30:00,2.1769666666666665,-0.0005166666666669428,2.2497406443178996,-0.0008624514953387714
2026-06-06 09:35:00,2.1769166666666675,-4.999999999899529e-05,2.2494589452171754,-0.0002816991007239164
2026-06-06 09:40:00,2.1759999999999993,-0.000916666666668231,2.2497733580192576,0.0003144128020822538
2026-06-06 09:45:00,2.1758166666666674,-0.00018333333333186985,2.250355769392173,0.0005824113729150651
2026-06-06 09:50:00,2.176305084745763,0.0004884180790956094,2.2508914671172824,0.0005356977251096748
2026-06-06 09:55:00,2.1660666666666675,-0.010238418079095535,2.2514864745392664,0.0005950074219838228
2026-06-06 10:00:00,2.173500000000001,0.007433333333333625,2.252128422275245,0.0006419477359785038
2026-06-06 10:05:00,2.174383333333334,0.000883333333332903,2.2528104302837964,0.0006820080085516941
2026-06-06 10:10:00,2.1775500000000005,0.00316666666666654,2.2538295990556447,0.0010191687718483634
2026-06-06 10:15:00,2.169583333333334,-0.007966666666666455,2.2552541094537224,0.0014245103980777152
2026-06-06 10:20:00,2.1709333333333336,0.0013499999999995183,2.2564781729731243,0.0012240635194015284
2026-06-06 10:25:00,2.1723500000000007,0.0014166666666670658,2.2566709799235682,0.00019280695044428977
2026-06-06 10:30:00,2.173762711864408,0.001412711864407168,2.2563474051004975,-0.0003235748230709186
2026-06-06 10:35:00,2.171516666666667,-0.0022460451977406315,2.256183026649498,-0.0001643784509992444
2026-06-06 10:40:00,2.1697500000000005,-0.0017666666666666941,2.2567664498859608,0.0005834232364625589
2026-06-06 10:45:00,2.1718666666666673,0.0021166666666667666,2.241879349390238,0.001974268482268954
2026-06-06 10:50:00,2.17035,-0.0015166666666672768,2.242530051585918,0.0006507021956801117
2026-06-06 10:55:00,2.171716666666667,0.0013666666666671823,2.2430571297555484,0.0005270781696304542
2026-06-06 11:00:00,2.1696166666666667,-0.002100000000000435,2.2435851142051506,0.0005279844496020768
2026-06-06 11:05:00,2.1713333333333336,0.0017166666666668107,2.2441083079235535,0.0005231937184029397
2026-06-06 11:10:00,2.1716271186440683,0.0002937853107347621,2.244919813209804,0.0008115052862502556
2026-06-06 11:15:00,2.1720500000000005,0.0004228813559321587,2.2461477260723526,0.001227912862548949
2026-06-06 11:20:00,2.170900000000001,-0.0011499999999995403,2.24731008526628,0.0011623591939270849
2026-06-06 11:25:00,2.170733333333334,-0.00016666666666687036,2.247618168943761,0.00030808367748100436
2026-06-06 11:30:00,2.170133333333334,-0.0005999999999999339,2.247459092518157,-0.00015907642560396214
2026-06-06 11:35:00,2.1698166666666676,-0.00031666666666652077,2.2474468804682095,-1.2212049947292146e-05
2026-06-06 11:40:00,2.172116666666668,0.002300000000000413,2.2480696760528263,0.0006227955846167204
2026-06-06 11:45:00,2.1746949152542374,0.0025782485875693872,2.248876607605679,0.0008069315528528615
2026-06-06 11:50:00,2.1746666666666674,-2.824858757000115e-05,2.249647924710953,0.0007713171052737498
2026-06-06 11:55:00,2.174466666666667,-0.00020000000000042206,2.2504607703720194,0.0008128456610665606
2026-06-06 12:00:00,2.1714333333333338,-0.0030333333333332213,2.232493104873388,0.0011419428278766715
2026-06-06 12:05:00,2.168666666666668,-0.002766666666665696,2.2331789057354867,0.0006858008620986342
2026-06-06 12:10:00,2.1679000000000013,-0.0007666666666668043,2.2341123358835007,0.0009334301480138362
2026-06-06 12:15:00,2.174550000000001,0.006649999999999601,2.2353675586818196,0.0012552227983190231
2026-06-06 12:20:00,2.175033333333334,0.00048333333333294703,2.236480899210238,0.0011133405284185877
2026-06-06 12:25:00,2.174101694915255,-0.0009316384180788617,2.2368399773215466,0.00035907811130859546
2026-06-06 12:30:00,2.1754500000000005,0.0013483050847455935,2.236797113216436,-4.2864105110740155e-05
2026-06-06 12:35:00,2.1717666666666675,-0.0036833333333330387,2.236890230777632,9.311756119588123e-05
2026-06-06 12:40:00,2.172233333333334,0.00046666666666661527,2.2375018344863946,0.0006116037087627972
2026-06-06 12:45:00,2.1716,-0.0006333333333339297,2.238281855273941,0.0007800207875465627
2026-06-06 12:50:00,2.1719166666666663,0.0003166666666660767,2.2390736457279097,0.0007917904539683761
2026-06-06 12:55:00,2.173816666666667,0.001900000000000901,2.239949033733442,0.0008753880055324734
2026-06-06 13:00:00,2.174183333333334,0.00036666666666684833,2.240780235831554,0.0008312020981116703
2026-06-06 13:05:00,2.172101694915255,-0.002081638418078846,2.241613616343349,0.0008333805117953956
2026-06-06 13:10:00,2.1755333333333344,0.0034316384180792525,2.2427364935251504,0.0011228771818012266
2026-06-06 13:15:00,2.169383333333334,-0.006150000000000322,2.2134492119168123,0.0013389949156350244
2026-06-06 13:20:00,2.1702666666666675,0.0008833333333333471,2.214708109965708,0.001258898048895365
2026-06-06 13:25:00,2.172816666666667,0.002549999999999386,2.215185755631472,0.00047764566576418734
2026-06-06 13:30:00,2.178866666666667,0.006050000000000111,2.215209083114043,2.3327482571045392e-05
2026-06-06 13:35:00,2.1759166666666663,-0.0029500000000006743,2.215273650520098,6.456740605484553e-05
2026-06-06 13:40:00,2.1835166666666663,0.007600000000000051,2.215753173419542,0.00047952289944401647
2026-06-06 13:45:00,2.1858833333333334,0.002366666666667072,2.2164189220014094,0.0006657485818676539
2026-06-06 13:50:00,2.132305084745763,-0.05357824858757043,2.217137846029574,0.0007189240281645025
2026-06-06 13:55:00,2.1248333333333336,-0.007471751412429395,2.217973995527872,0.0008361494982977699
2026-06-06 14:00:00,2.1199166666666667,-0.004916666666666902,2.21876461596151,0.0007906204336380058
2026-06-06 14:05:00,2.119249999999999,-0.0006666666666674814,2.2195719900747024,0.000807374113192343
2026-06-06 14:10:00,2.1167499999999992,-0.0024999999999999467,2.220678123671204,0.001106133596501622
2026-06-06 14:15:00,2.11295,-0.0037999999999991374,2.222137003874431,0.0014588802032272571
2026-06-06 14:20:00,2.113883333333333,0.0009333333333327865,2.223440657965431,0.0013036540910001944
2026-06-06 14:25:00,2.10965,-0.004233333333333089,2.224044750953622,0.0006040929881909149
2026-06-06 14:30:00,2.110033898305085,0.0003838983050852285,2.20464457217678,0.00010899674902024338
2026-06-06 14:35:00,2.1136166666666663,0.0035827683615812234,2.2051187133811667,0.0004741412043867956
2026-06-06 14:40:00,2.1116833333333327,-0.0019333333333335645,2.205725260754665,0.0006065473734983189
2026-06-06 14:45:00,2.11385,0.002166666666667094,2.2063066840377124,0.000581423283047567
2026-06-06 14:50:00,2.1093999999999995,-0.004450000000000287,2.2068718049039204,0.0005651208662079484
2026-06-06 14:55:00,2.1107499999999995,0.0013499999999999623,2.207542428685797,0.0006706237818769683
2026-06-06 15:00:00,2.1112166666666674,0.00046666666666794754,2.2081441723238098,0.0006017436380125672
2026-06-06 15:05:00,2.1115333333333335,0.0003166666666660767,2.208756319206027,0.0006121468822173462
2026-06-06 15:10:00,2.112033333333333,0.0004999999999997229,2.2096794595513947,0.0009231403453671186
2026-06-06 15:15:00,2.1130847457627118,0.001051412429378562,2.2109964850562553,0.0013170255048609027
2026-06-06 15:20:00,2.111483333333333,-0.0016014124293786125,2.212209998775313,0.0012135137190577886
2026-06-06 15:25:00,2.1103333333333327,-0.0011500000000004285,2.2126157618251145,0.00040576304980151806
2026-06-06 15:30:00,2.109683333333334,-0.0006499999999989292,2.2125683390140427,-4.742281107177289e-05
2026-06-06 15:35:00,2.1117,0.0020166666666661115,2.21268762654559,0.00011928753154722636
2026-06-06 15:40:00,2.109683333333333,-0.0020166666666669997,2.21334711319308,0.0006594866474900608
2026-06-06 15:45:00,2.1097000000000006,1.6666666667664032e-05,2.191352541145087,0.0016502842176881274
2026-06-06 15:50:00,2.109516666666666,-0.0001833333333345344,2.1921015628921667,0.0007490217470797558
2026-06-06 15:55:00,2.1130847457627113,0.0035680790960452846,2.1927216560546277,0.0006200931624606293
2026-06-06 16:00:00,2.110066666666667,-0.003018079096044346,2.193234842792708,0.0005131867380804259
2026-06-06 16:05:00,2.107366666666666,-0.002700000000000813,2.193706401522932,0.0004715587302238896
2026-06-06 16:10:00,2.108649999999999,0.001283333333332859,2.1944142522750902,0.00070785075215838
2026-06-06 16:15:00,2.1108,0.0021500000000007624,2.1954775566612295,0.0010633043861393552
2026-06-06 16:20:00,2.113183333333333,0.002383333333333404,2.196531444144931,0.0010538874837013037
2026-06-06 16:25:00,2.1136,0.0004166666666667318,2.196902102973564,0.00037065882863319407
2026-06-06 16:30:00,2.1121499999999997,-0.0014500000000001734,2.196850354651827,-5.1748321737065436e-05
2026-06-06 16:35:00,2.112610169491525,0.0004601694915251642,2.197001317657897,0.00015096300606994958
2026-06-06 16:40:00,2.111199999999999,-0.0014101694915260587,2.197686511455268,0.0006851937973710293
2026-06-06 16:45:00,2.110933333333333,-0.0002666666666657491,2.198434072209037,0.0007475607537691117
2026-06-06 16:50:00,2.1096166666666667,-0.0013166666666664106,2.1991512236091917,0.000717151400154665
2026-06-06 16:55:00,2.1113999999999993,0.0017833333333325818,2.1999098235598336,0.000758599950641828
2026-06-06 17:00:00,2.1113499999999994,-4.999999999988347e-05,2.199870059203591,0.0007668750551354242
2026-06-06 17:05:00,2.1117666666666666,0.0004166666666671759,2.2002843501513687,0.00041429094777765843
2026-06-06 17:10:00,2.109933333333333,-0.0018333333333333535,2.2010155631437303,0.0007312129923615177
2026-06-06 17:15:00,2.1115999999999997,0.0016666666666664831,2.2021300206550056,0.001114457511275572
2026-06-06 17:20:00,2.1120677966101686,0.0004677966101689357,2.2031591457579425,0.0010291251029366814
2026-06-06 17:25:00,2.110333333333333,-0.0017344632768354629,2.2031781053063955,1.895954845314e-05
2026-06-06 17:30:00,2.109716666666667,-0.0006166666666662657,2.2025760745735625,-0.000602030732833104
2026-06-06 17:35:00,2.109199999999999,-0.000516666666667831,2.202260080965062,-0.0003159936085004047
2026-06-06 17:40:00,2.1088333333333327,-0.00036666666666640424,2.2028226797894455,0.0005625988243832673
2026-06-06 17:45:00,2.108416666666666,-0.0004166666666667318,2.203558650897101,0.0007359711076552056
2026-06-06 17:50:00,2.108116666666666,-0.0002999999999997449,2.204270709679693,0.0007120587825925086
2026-06-06 17:55:00,2.1088999999999993,0.000783333333333136,2.2050274218688037,0.0007567121891105016
2026-06-06 18:00:00,2.112542372881355,0.0036423728813557155,2.205733268288452,0.0007058464196481417
2026-06-06 18:05:00,2.112083333333333,-0.00045903954802195557,2.206406187650958,0.0006729193625063276
2026-06-06 18:10:00,2.1092166666666663,-0.002866666666666795,2.207386579185807,0.0009803915348489468
2026-06-06 18:15:00,2.1072666666666664,-0.0019499999999998963,2.207633269344078,0.0022307956906403403
2026-06-06 18:20:00,2.1115166666666663,0.004249999999999865,2.2087246724008622,0.0010914030567843569
2026-06-06 18:25:00,2.1086,-0.0029166666666662344,2.2080893797210086,-0.0006352926798538455
2026-06-06 18:30:00,2.110266666666667,0.0016666666666669272,2.2066031805288007,-0.0014861991922076863
2026-06-06 18:35:00,2.111883333333333,0.0016166666666661555,2.2054788921549653,-0.00112428837383536
2026-06-06 18:40:00,2.106796610169491,-0.005086723163842066,2.2057945300676307,0.00031563791266525117
2026-06-06 18:45:00,2.1098,0.0030033898305088513,2.206550452899736,0.0007559228321051141
2026-06-06 18:50:00,2.1091666666666664,-0.0006333333333334856,2.2073025405879343,0.000752087688198368
2026-06-06 18:55:00,2.10965,0.0004833333333333911,2.208110383904103,0.0008078433161691305
2026-06-06 19:00:00,2.107249999999999,-0.002400000000000624,2.2089302085786833,0.0008198246745798997
2026-06-06 19:05:00,2.1101666666666667,0.0029166666666675667,2.209737973529065,0.0008077649503818416
2026-06-06 19:10:00,2.1094,-0.0007666666666668043,2.2108710966415615,0.0011331231124961968
2026-06-06 19:15:00,2.1104,0.0009999999999998899,2.21237347807267,0.0015023814311084234
2026-06-06 19:20:00,2.11155,0.0011499999999999844,2.213383070012043,0.0010095919393734375
2026-06-06 19:25:00,2.1093389830508475,-0.002211016949152267,2.2121582267482776,-0.0012248432637657369
2026-06-06 19:30:00,2.109416666666666,7.768361581828032e-05,2.262473765556272,-0.001792111969839488
2026-06-06 19:35:00,2.1102499999999997,0.0008333333333339077,2.2606863069442604,-0.0017874586120117716
2026-06-06 19:40:00,2.1087666666666665,-0.001483333333333281,2.2604893490545996,-0.00019695788966106242
2026-06-06 19:45:00,2.106733333333333,-0.0020333333333333314,2.2611957328974186,0.0007063838428193253
2026-06-06 19:50:00,2.1097833333333336,0.0030500000000004412,2.261927283433743,0.0007315505363242837
2026-06-06 19:55:00,2.1100166666666653,0.00023333333333175332,2.262745276006328,0.0008179925725847505
2026-06-06 20:00:00,2.1089999999999995,-0.0010166666666657775,2.2636228059058716,0.0008775298995438888
2026-06-06 20:05:00,2.1101525423728806,0.0011525423728810935,2.264525213485841,0.0009024075799692681
2026-06-06 20:10:00,2.109333333333333,-0.0008192090395477969,2.2657782567995763,0.0012530433137355854
2026-06-06 20:15:00,2.108566666666666,-0.0007666666666668043,2.2673855695920095,0.001607312792433044
2026-06-06 20:20:00,2.1079499999999998,-0.0006166666666662657,2.267975528931236,0.0005899593392264957
2026-06-06 20:25:00,2.1079999999999997,4.999999999988347e-05,2.26565912478908,-0.0023164041421562414
2026-06-06 20:30:00,2.1100499999999998,0.0020500000000001073,2.262550689557476,-0.003108435231603891
2026-06-06 20:35:00,2.109266666666666,-0.0007833333333335801,2.2598457426448855,-0.0027049469125905736
2026-06-06 20:40:00,2.1101,0.0008333333333339077,2.259231624342921,-0.0006141183019642758
2026-06-06 20:45:00,2.109783333333333,-0.00031666666666696486,2.3056788949584566,0.0018024886657933403
2026-06-06 20:50:00,2.1109491525423727,0.0011658192090395758,2.3065317757565658,0.0008528807981091717
2026-06-06 20:55:00,2.107816666666666,-0.003132485875706692,2.3072691492678206,0.0007373735112548083
2026-06-06 21:00:00,2.1115166666666667,0.0037000000000007027,2.308045870064136,0.0007767207963157659
2026-06-06 21:05:00,2.1090666666666666,-0.0024500000000000632,2.3088461315506623,0.0008002614865256993
2026-06-06 21:10:00,2.1084833333333335,-0.0005833333333331581,2.310007000064319,0.001160868513656953
2026-06-06 21:15:00,2.11115,0.002666666666666373,2.3115821513098136,0.00157515124549474
2026-06-06 21:20:00,2.1094,-0.0017499999999999183,2.3126770849761504,0.0010949336663364359
2026-06-06 21:25:00,2.108033333333333,-0.0013666666666667382,2.3118985833995733,-0.0007785015765767725
2026-06-06 21:30:00,2.111745762711864,0.0037124293785306683,2.310416025858621,-0.0014825575409523942
2026-06-06 21:35:00,2.1098,-0.0019457627118639742,2.3091958013135603,-0.0012202245450607726
2026-06-06 21:40:00,2.111516666666667,0.0017166666666672548,2.3093854540645244,0.00018965275096415838
2026-06-06 21:45:00,2.1105499999999995,-0.0009666666666676704,2.3104236006709216,0.0010381466063971512
2026-06-06 21:50:00,2.1097166666666656,-0.0008333333333339077,2.311460030032351,0.0010364293614293731
2026-06-06 21:55:00,2.107349999999999,-0.002366666666666628,2.312521858184329,0.0010618281519784376
2026-06-06 22:00:00,2.109066666666667,0.001716666666668143,2.2312703775913123,0.002135592669324814
2026-06-06 22:05:00,2.1112166666666665,0.00214999999999943,2.2321246910291985,0.0008543134378862827
2026-06-06 22:10:00,2.1108000000000002,-0.0004166666666662877,2.2332772639031093,0.0011525728739106573
2026-06-06 22:15:00,2.108711864406779,-0.0020881355932211854,2.2348365529278054,0.001559289024696231
2026-06-06 22:20:00,2.1102333333333325,0.0015214689265534709,2.236340347365356,0.0015037944375504181
2026-06-06 22:25:00,2.108999999999999,-0.0012333333333334195,2.2374457821690075,0.001105434803651491
2026-06-06 22:30:00,2.1115,0.002500000000000835,2.2383777943639993,0.0009320121949916948
2026-06-06 22:35:00,2.108916666666666,-0.002583333333333826,2.239375309851954,0.0009975154879549527
2026-06-06 22:40:00,2.108983333333333,6.666666666710341e-05,2.2405367056808014,0.0011613958288472582
2026-06-06 22:45:00,2.110516666666667,0.0015333333333336086,2.2416971697186607,0.0011604640378591626
2026-06-06 22:50:00,2.110066666666666,-0.0004500000000007276,2.2427989093234086,0.0011017396047480251
2026-06-06 22:55:00,2.107466666666667,-0.0025999999999992696,2.2439302624537216,0.0011313531303128682
2026-06-06 23:00:00,2.107661016949152,0.0001943502824852672,2.244992612959242,0.0010623505055203154
2026-06-06 23:05:00,2.112133333333333,0.0044723163841808855,2.24604879848148,0.0010561855222385006
2026-06-06 23:10:00,2.1106499999999992,-0.001483333333333725,2.2474423935217884,0.0013935950403080755
2026-06-06 23:15:00,2.1123499999999997,0.001700000000000479,2.2398801116008094,0.0021357247085708893
2026-06-06 23:20:00,2.1113999999999993,-0.0009500000000004505,2.2415518041199434,0.0016716925191340292
2026-06-06 23:25:00,2.1091833333333327,-0.0022166666666665336,2.2426548424756367,0.001103038355693285
2026-06-06 23:30:00,2.109266666666666,8.333333333343518e-05,2.2435758488880873,0.0009210064124505157
2026-06-06 23:35:00,2.1108166666666666,0.0015500000000003844,2.2445655709711727,0.0009897220830857108
2026-06-06 23:40:00,2.1076271186440674,-0.003189548022599187,2.2457148776940428,0.0011493067228699374
2026-06-06 23:45:00,2.1104,0.002772881355932455,2.2468643775694686,0.0011494998754256508
2026-06-06 23:50:00,2.110583333333333,0.00018333333333320212,2.2479511054667123,0.0010867278972437058
2026-06-06 23:55:00,2.111566666666666,0.000983333333333114,2.2490751925543675,0.0011240870876551726
2026-06-07 00:00:00,2.1100499999999993,-0.0015166666666668327,2.2501106718414037,0.0010354792870363907
2026-06-07 00:05:00,2.1108833333333323,0.0008333333333330195,2.2511629896324448,0.001052317791040891
2026-06-07 00:10:00,2.110416666666666,-0.0004666666666661712,2.252571717085357,0.0014087274529122687
2026-06-07 00:15:00,2.1090833333333334,-0.0013333333333327424,2.254329917909148,0.0017582008237910793
2026-06-07 00:20:00,2.1101499999999995,0.001066666666666105,2.2559033570723934,0.0015734391632456423
2026-06-07 00:25:00,2.1096440677966095,-0.0005059322033900138,2.256973764974877,0.0010704079024836041
2026-06-07 00:30:00,2.1100399999999992,0.0003959322033897372,2.2505594004362752,0.001707650533552874
2026-06-07 00:35:00,2.113949152542373,0.003909152542373562,2.2518848914566125,0.0013254910203372354
2026-06-07 00:40:00,2.110483333333333,-0.0034658192090399886,2.2530389179625834,0.00115402650597118
2026-06-07 00:45:00,2.1105166666666664,3.333333333355171e-05,2.2541441182605015,0.001105200297917747
2026-06-07 00:50:00,2.109033333333333,-0.001483333333333281,2.255169642540425,0.0010255242799235924
2026-06-07 00:55:00,2.1095999999999995,0.0005666666666663822,2.2562413368471415,0.0010716943067163509
2026-06-07 01:00:00,2.110844444444444,0.0012444444444446034,2.25720655380176,0.0009652169546189108
2026-06-07 01:05:00,2.1117333333333335,0.0008888888888893831,2.258218915514035,0.001012361712274737
2026-06-07 01:10:00,2.1076530612244895,-0.004080272108843985,2.2596126970842016,0.0013937815701665938
2026-06-07 01:15:00,2.111647058823529,0.003993997599039734,2.2613820849094335,0.0017693878252317608
2026-06-07 01:20:00,2.111391304347826,-0.0002557544757033625,2.262985960085487,0.001603875176053845
2026-06-07 01:25:00,2.110666666666667,-0.000724637681158935,2.2640936774688862,0.0011077173833992265
2026-06-07 01:30:00,2.111916666666667,0.0012500000000001954,2.2650072358887603,0.0009135584198737428
2026-06-07 01:35:00,2.1127333333333325,0.0008166666666653555,2.2660101655713896,0.0010029296826293162
2026-06-07 01:40:00,2.11115,-0.0015833333333326038,2.2671979314587487,0.0011877658873591904
2026-06-07 01:45:00,2.1141666666666667,0.0030166666666668895,2.221815609140906,0.002378532345950286
2026-06-07 01:50:00,2.112466666666667,-0.0016999999999995907,2.2228339623172797,0.0010183531763736764
2026-06-07 01:55:00,2.116966666666666,0.004499999999998838,2.2236424637903527,0.0008085014730730658
2026-06-07 02:00:00,2.1157118644067787,-0.0012548022598872777,2.2243355365141473,0.0006930727237942187
2026-06-07 02:05:00,2.1160333333333328,0.00032146892655404713,2.2251465101168693,0.0008109736027222359
2026-06-07 02:10:00,2.1150500000000005,-0.0009833333333322258,2.2264100681838688,0.00126355806699962
2026-06-07 02:15:00,2.112149999999999,-0.002900000000001679,2.2281327907150654,0.001722722531196502
2026-06-07 02:20:00,2.1139666666666668,0.0018166666666679099,2.2297660472371694,0.001633256522103832
2026-06-07 02:25:00,2.114016666666666,4.999999999943938e-05,2.230937520480541,0.0011714732433717168
2026-06-07 02:30:00,2.1127999999999996,-0.0012166666666666437,2.231907761568665,0.0009702410881241616
2026-06-07 02:35:00,2.1128666666666662,6.666666666665932e-05,2.232940500270822,0.0010327387021564626
2026-06-07 02:40:00,2.11235593220339,-0.0005107344632762079,2.2341289262792694,0.0011884260084478553
2026-06-07 02:45:00,2.1108499999999997,-0.0015059322033903477,2.2352706851009168,0.001141758821647511
2026-06-07 02:50:00,2.1104833333333324,-0.0003666666666672924,2.23626766182724,0.0009969767263227972
2026-06-07 02:55:00,2.1084333333333336,-0.002049999999998775,2.237212825333267,0.0009451635060271994
2026-06-07 03:00:00,2.1137333333333332,0.005299999999999638,2.203654774118857,0.001805207940000357
2026-06-07 03:05:00,2.110383333333333,-0.003350000000000186,2.204324607049157,0.000669832930299972
2026-06-07 03:10:00,2.1067833333333326,-0.0036000000000004917,2.205322022128593,0.000997415079436332
2026-06-07 03:15:00,2.1070166666666665,0.00023333333333397377,2.2068276799582165,0.0015056578296236349
2026-06-07 03:20:00,2.10857627118644,0.0015596045197736608,2.208365229614176,0.0015375496559591844
2026-06-07 03:25:00,2.1094999999999993,0.000923728813559066,2.209533544724593,0.0011683151104168992
2026-06-07 03:30:00,2.1124333333333336,0.0029333333333343425,2.2105192839522,0.0009857392276071616
2026-06-07 03:35:00,2.108566666666666,-0.003866666666667573,2.211553248292355,0.001033964340154833
2026-06-07 03:40:00,2.1130833333333325,0.004516666666666502,2.2127201341783205,0.0011668858859658555
2026-06-07 03:45:00,2.110966666666666,-0.0021166666666663225,2.2138123992166756,0.0010922650383551104
2026-06-07 03:50:00,2.1105333333333327,-0.00043333333333350765,2.214741214845919,0.0009288156292432875
2026-06-07 03:55:00,2.111166666666667,0.0006333333333343738,2.215610871442304,0.0008696565963848588
2026-06-07 04:00:00,2.1121016949152542,0.0009350282485871553,2.216188150277221,0.0005772788349171375
2026-06-07 04:05:00,2.1128666666666667,0.0007649717514124355,2.216783602148137,0.0005954518709159488
2026-06-07 04:10:00,2.1097166666666665,-0.003150000000000208,2.2177904587415798,0.0010068565934429664
2026-06-07 04:15:00,2.110499999999999,0.000783333333332692,2.249484697793162,0.0023238392056161954
2026-06-07 04:20:00,2.1096500000000002,-0.0008499999999989072,2.2511456898979865,0.0016609921048243179
2026-06-07 04:25:00,2.1073666666666666,-0.002283333333333637,2.2523053542127625,0.00115966431477582
2026-06-07 04:30:00,2.110066666666666,0.0026999999999994806,2.253293600860256,0.000988246647493586
2026-06-07 04:35:00,2.1082000000000005,-0.001866666666665573,2.2543189756332023,0.0010253747729463568
2026-06-07 04:40:00,2.103711864406779,-0.004488135593221365,2.255448307027062,0.0011293313938596633
2026-06-07 04:45:00,2.097716666666666,-0.005995197740113145,2.2564639516754434,0.001015644648381669
2026-06-07 04:50:00,2.088533333333333,-0.009183333333333099,2.257290374509111,0.0008264228336673744
2026-06-07 04:55:00,2.0919833333333324,0.003449999999999509,2.258050342664657,0.00075996815554606
2026-06-07 05:00:00,2.1035166666666663,0.01153333333333384,2.258522488369836,0.0004721457051789822
2026-06-07 05:05:00,2.104833333333333,0.0013166666666668547,2.2590225012311578,0.0005000128613218572
2026-06-07 05:10:00,2.1064499999999997,0.0016166666666665996,2.259940285365939,0.0009177841347812358
2026-06-07 05:15:00,2.1017166666666665,-0.004733333333333256,2.2613699306456647,0.0014296452797256183
2026-06-07 05:20:00,2.1037288135593215,0.0020121468926550534,2.2628086471560254,0.0014387165103605546
2026-06-07 05:25:00,2.101333333333333,-0.0023954802259886776,2.263855325102185,0.001046677946159837
2026-06-07 05:30:00,2.1039333333333334,0.002600000000000602,2.299650671619884,0.0018219885837090725
2026-06-07 05:35:00,2.101866666666667,-0.002066666666666439,2.301001071611091,0.0013503999912071966
2026-06-07 05:40:00,2.1022166666666657,0.0003499999999987402,2.3021431268589634,0.0011420552478724959
2026-06-07 05:45:00,2.1035833333333334,0.0013666666666676264,2.303081289864937,0.000938163005973708
2026-06-07 05:50:00,2.098933333333333,-0.004650000000000265,2.303798097979103,0.0007168081141660371
2026-06-07 05:55:00,2.09935,0.0004166666666667318,2.304450367577341,0.0006522695982379191
2026-06-07 06:00:00,2.1009999999999995,0.0016499999999997073,2.30486721619771,0.00041684862036902063
2026-06-07 06:05:00,2.094949999999999,-0.006050000000000555,2.30532180215292,0.00045458595520956837
2026-06-07 06:10:00,2.0961166666666657,0.0011666666666667602,2.306188451410593,0.0008666492576734747
2026-06-07 06:15:00,2.0939,-0.0022166666666656454,2.3075856687727248,0.0013972173621315694
2026-06-07 06:20:00,2.10115,0.007249999999999979,2.3090451875732145,0.0014595188004896645
2026-06-07 06:25:00,2.0999499999999998,-0.001200000000000312,2.310140150727411,0.001094963154196781
2026-06-07 06:30:00,2.0951000000000004,-0.004849999999999355,2.3110951744175297,0.0009550236901183362
2026-06-07 06:35:00,2.096083333333332,0.0009833333333317817,2.312142558340343,0.001047383922813394
2026-06-07 06:40:00,2.0937457627118636,-0.0023375706214685543,2.3132909438372926,0.0011483854969496082
2026-06-07 06:45:00,2.0939833333333326,0.00023757062146900765,2.3618939534998526,0.002028667124838427
2026-06-07 06:50:00,2.0916166666666665,-0.002366666666666184,2.3625435033664086,0.0006495498665561229
2026-06-07 06:55:00,2.0952499999999996,0.0036333333333331552,2.3629176432539056,0.00037413988749691694
2026-06-07 07:00:00,2.0882333333333336,-0.007016666666666005,2.3631356022532435,0.0002179589993380213
2026-06-07 07:05:00,2.0925499999999997,0.00431666666666608,2.363416516176938,0.00028091392369468876
2026-06-07 07:10:00,2.0895499999999996,-0.0030000000000001137,2.3641352715499644,0.0007187553730261288
2026-06-07 07:15:00,2.098483333333333,0.008933333333333238,2.365450935074262,0.0013156635242975588
2026-06-07 07:20:00,2.1029152542372875,0.0044319209039547225,2.3669266259708466,0.0014756908965846427
2026-06-07 07:25:00,2.1063,0.0033847457627125266,2.368083475457976,0.0011568494871296356
2026-06-07 07:30:00,2.1081666666666656,0.001866666666665573,2.36909304387658,0.0010095684186039334
2026-06-07 07:35:00,2.1056333333333326,-0.0025333333333330543,2.370163013587135,0.0010699697105552518
2026-06-07 07:40:00,2.0981666666666667,-0.007466666666665844,2.3712943396354533,0.0011313260483179252
2026-06-07 07:45:00,2.100266666666666,0.0020999999999991026,2.37220631084353,0.0009119712080766811
2026-06-07 07:50:00,2.100483333333333,0.00021666666666719792,2.37285650766332,0.0006501968197899635
2026-06-07 07:55:00,2.10505,0.00456666666666683,2.373390677507659,0.0005341698443389769
2026-06-07 08:00:00,2.1064745762711863,0.0014245762711864174,2.415234417693508,0.0003292795767152472
2026-06-07 08:05:00,2.10255,-0.003924576271186364,2.41555534231899,0.00032092462548203015
2026-06-07 08:10:00,2.102233333333332,-0.00031666666666785304,2.416285489758843,0.0007301474398531419
2026-06-07 08:15:00,2.101833333333332,-0.00039999999999995595,2.4175126647443186,0.0012271749854753315
2026-06-07 08:20:00,2.0976999999999992,-0.004133333333332878,2.4188823760617413,0.0013697113174228883
2026-06-07 08:25:00,2.1052166666666663,0.00751666666666706,2.4199933431045735,0.0011109670428319617
2026-06-07 08:30:00,2.1050166666666663,-0.00019999999999997797,2.4209996493493415,0.001006306244768097
2026-06-07 08:35:00,2.107316666666667,0.002300000000000857,2.422069311253159,0.0010696619038173061
2026-06-07 08:40:00,2.102566666666666,-0.004750000000001364,2.4231872572712803,0.0011179460181217128
2026-06-07 08:45:00,2.104389830508474,0.0018231638418080287,2.4240880619624376,0.0009008046911572487
2026-06-07 08:50:00,2.1027999999999993,-0.001589830508474499,2.4247683595713156,0.0006802976088777703
2026-06-07 08:55:00,2.1054333333333326,0.0026333333333332654,2.425382292111791,0.0006139325404757725
2026-06-07 09:00:00,2.0952499999999987,-0.010183333333333877,2.425947070959297,0.0005647788475057192
2026-06-07 09:05:00,2.093866666666666,-0.0013833333333326259,2.4265156078333434,0.0005685368740462765
2026-06-07 09:10:00,2.092816666666666,-0.0010500000000002174,2.4274266308685575,0.0009110230352144055
2026-06-07 09:15:00,2.0920166666666664,-0.0007999999999994678,2.443759971422252,0.0020978416255051347
2026-06-07 09:20:00,2.0977499999999996,0.005733333333333146,2.445339920336758,0.0015799489145061562
2026-06-07 09:25:00,2.093542372881355,-0.004207627118644641,2.446450798367883,0.0011108780311247432
2026-06-07 09:30:00,2.089716666666666,-0.0038257062146889176,2.447373140580237,0.0009223422123545204
2026-06-07 09:35:00,2.0906333333333325,0.0009166666666664547,2.448348134097693,0.0009749935174556834
2026-06-07 09:40:00,2.090783333333333,0.0001500000000005386,2.4493959379297467,0.0010478038320539005
2026-06-07 09:45:00,2.089349999999999,-0.0014333333333338416,2.4502594301369105,0.0008634922071635027
2026-06-07 09:50:00,2.088916666666666,-0.00043333333333306356,2.4509602584656234,0.000700828328713079
2026-06-07 09:55:00,2.087166666666666,-0.0017499999999999183,2.4516536598073273,0.0006934013417040983
2026-06-07 10:00:00,2.0897333333333323,0.002566666666666162,2.452345924047004,0.0006922642396763508
2026-06-07 10:05:00,2.084983050847457,-0.004750282485875168,2.453061946276659,0.0007160222296555049
2026-06-07 10:10:00,2.0919333333333343,0.006950282485877146,2.454121593068206,0.0010596467915465963
2026-06-07 10:15:00,2.0993166666666654,0.007383333333331077,2.455638272987317,0.0015166799191113258
2026-06-07 10:20:00,2.0971999999999995,-0.0021166666666658784,2.457211928547895,0.0015736555605778467
2026-06-07 10:25:00,2.0998333333333328,0.0026333333333332654,2.458395963373225,0.001184034825329999
2026-06-07 10:30:00,2.098616666666666,-0.0012166666666666437,2.474589789521918,0.0006275612702161592
2026-06-07 10:35:00,2.1001666666666656,0.0015499999999994962,2.4756243441846735,0.0010345546627556707
2026-06-07 10:40:00,2.0906499999999997,-0.009516666666665952,2.4765480146340826,0.0009236704494090956
2026-06-07 10:45:00,2.093423728813559,0.0027737288135591953,2.477274415772629,0.0007264011385466762
2026-06-07 10:50:00,2.0919,-0.001523728813559,2.477897792393694,0.0006233766210642915
2026-06-07 10:55:00,2.097833333333333,0.005933333333333124,2.4785831550263895,0.0006853626326956665
2026-06-07 11:00:00,2.095516666666666,-0.0023166666666671887,2.4793029963714237,0.0007198413450341818
2026-06-07 11:05:00,2.0927333333333324,-0.00278333333333336,2.480074861478326,0.0007718651069026217
2026-06-07 11:10:00,2.084683333333333,-0.008049999999999446,2.4812050809720714,0.0011302194937452858
2026-06-07 11:15:00,2.0900833333333333,0.0054000000000002935,2.482792383860645,0.0015873028885735648
2026-06-07 11:20:00,2.0914333333333324,0.0013499999999990742,2.484431348119043,0.0016389642583981231
2026-06-07 11:25:00,2.0917796610169495,0.000346327683617087,2.4856606858552186,0.0012293377361755743
2026-06-07 11:30:00,2.096533333333333,0.0047536723163834615,2.4866734228504157,0.001012736995196956
2026-06-07 11:35:00,2.0960666666666663,-0.00046666666666661527,2.4877233447715996,0.001049921921183989
2026-06-07 11:40:00,2.0960499999999995,-1.6666666666775853e-05,2.4888454028945644,0.0011220581229649214
2026-06-07 11:45:00,2.0980833333333333,0.0020333333333337755,2.4906157287160555,0.0018008585468985996
2026-06-07 11:50:00,2.097866666666666,-0.00021666666666719792,2.4913418058140273,0.0007260770979720389
2026-06-07 11:55:00,2.0989666666666666,0.001100000000000545,2.491987749450048,0.0006459436360208962
2026-06-07 12:00:00,2.099233333333333,0.0002666666666661932,2.4926017495167283,0.0006140000666800437
2026-06-07 12:05:00,2.0981525423728815,-0.0010807909604513277,2.4932014439231476,0.0005996944064191258
2026-06-07 12:10:00,2.0932833333333325,-0.004869209039549016,2.4940674560088962,0.000866012085748779
2026-06-07 12:15:00,2.0978166666666658,0.004533333333333278,2.4953372830837925,0.0012698270748963015
2026-06-07 12:20:00,2.097883333333333,6.666666666710341e-05,2.4967112167824395,0.0013739336986469904
2026-06-07 12:25:00,2.098033333333333,0.0001500000000000945,2.4977559029289007,0.001044686146461146
2026-06-07 12:30:00,2.098499999999999,0.0004666666666661712,2.498628214898119,0.000872311969217998
2026-06-07 12:35:00,2.0974833333333334,-0.0010166666666657775,2.4995572355787172,0.0009290206805984004
2026-06-07 12:40:00,2.097083333333333,-0.00040000000000040004,2.5005825243461013,0.0010252887673843452
2026-06-07 12:45:00,2.0989152542372875,0.0018319209039545647,2.501488649896991,0.0009061255508894944
2026-06-07 12:50:00,2.0983,-0.000615254237287477,2.502316283935053,0.000827634038061612
2026-06-07 12:55:00,2.0971833333333327,-0.0011166666666673208,2.5031857539896585,0.0008694700546058757
2026-06-07 13:00:00,2.0957166666666662,-0.0014666666666665051,2.4656254009304672,0.0014040508604208507
2026-06-07 13:05:00,2.0965666666666656,0.0008499999999993513,2.4663569904692717,0.0007315895388041704
2026-06-07 13:10:00,2.096833333333332,0.0002666666666666373,2.4673088534541616,0.0009518629848899666
2026-06-07 13:15:00,2.096316666666666,-0.0005166666666660547,2.468613022790921,0.001304169336759812
2026-06-07 13:20:00,2.0958333333333328,-0.0004833333333333911,2.469933127303721,0.0013201045127998893
2026-06-07 13:25:00,2.0954915254237285,-0.00034180790960425256,2.4708306062427394,0.0008974789390183342
2026-06-07 13:30:00,2.0939666666666663,-0.0015248587570622085,2.471494637185669,0.0006640309429294071
2026-06-07 13:35:00,2.0908999999999995,-0.003066666666666773,2.4722180735754633,0.000723436389794435
2026-06-07 13:40:00,2.0848499999999994,-0.006050000000000111,2.473082787030424,0.0008647134549609308
2026-06-07 13:45:00,2.0953166666666667,0.01046666666666729,2.4738855883799573,0.0008028013495329825
2026-06-07 13:50:00,2.0898499999999998,-0.005466666666666953,2.474661096260335,0.0007755078803778474
2026-06-07 13:55:00,2.084466666666666,-0.005383333333333962,2.475519196639291,0.000858100378955539
2026-06-07 14:00:00,2.085166666666666,0.000700000000000145,2.476306908253933,0.0007877116146423108
2026-06-07 14:05:00,2.0857627118644064,0.0005960451977404801,2.4770945249228835,0.0007876166689506901
2026-06-07 14:10:00,2.0827,-0.003062711864406431,2.478175334759697,0.001080809836813602
2026-06-07 14:15:00,2.0810833333333325,-0.0016166666666674878,2.490079048326261,0.0023646082185571206
2026-06-07 14:20:00,2.0786999999999995,-0.00238333333333296,2.4916028054619597,0.001523757135699085
2026-06-07 14:25:00,2.0819333333333327,0.0032333333333331993,2.492537249354545,0.0009344438925853837
2026-06-07 14:30:00,2.082383333333333,0.0004500000000002835,2.49314868331609,0.000611433961544842
2026-06-07 14:35:00,2.081766666666666,-0.0006166666666671539,2.493733843186688,0.0005851598705978629
2026-06-07 14:40:00,2.0806833333333326,-0.001083333333333325,2.4944366648647356,0.0007028216780478005
2026-06-07 14:45:00,2.0829666666666666,0.002283333333334081,2.495101557310225,0.0006648924454891926
2026-06-07 14:50:00,2.0842203389830507,0.001253672316384069,2.495766084597815,0.0006645272875902868
2026-06-07 14:55:00,2.0821833333333326,-0.0020370056497180933,2.496534680422055,0.0007685958242399427
2026-06-07 15:00:00,2.0825499999999995,0.00036666666666684833,2.497231643517882,0.0006969630958268986
2026-06-07 15:05:00,2.082466666666666,-8.333333333343518e-05,2.4979393592424506,0.0007077157245684889
2026-06-07 15:10:00,2.0830833333333327,0.0006166666666667098,2.498954104307044,0.0010147450645934357
2026-06-07 15:15:00,2.08195,-0.0011333333333327644,2.5003626339533627,0.001408529646318888
2026-06-07 15:20:00,2.0819999999999994,4.999999999943938e-05,2.501772227199788,0.0014095932464254332
2026-06-07 15:25:00,2.0827666666666658,0.0007666666666663602,2.5027375038330355,0.0009652766332471272
2026-06-07 15:30:00,2.084559322033898,0.0017926553672320544,2.4798526757754558,0.0010727982871819655
2026-06-07 15:35:00,2.0833499999999994,-0.0012093220338984523,2.480877047248382,0.00102437147292611
2026-06-07 15:40:00,2.082983333333333,-0.00036666666666640424,2.481632241880075,0.0007551946316928471
2026-06-07 15:45:00,2.0799999999999987,-0.002983333333334226,2.482219744523223,0.0005875026431480634
2026-06-07 15:50:00,2.0773166666666656,-0.002683333333333149,2.482760170219816,0.0005404256965930432
2026-06-07 15:55:00,2.0800500000000004,0.0027333333333348087,2.4833723418474483,0.0006121716276322441
2026-06-07 16:00:00,2.0773333333333324,-0.002716666666668033,2.483886441660663,0.0005140998132149735
2026-06-07 16:05:00,2.077866666666666,0.0005333333333337187,2.4843883513045526,0.0005019096438893203
2026-06-07 16:10:00,2.07828813559322,0.00042146892655381407,2.485203408763647,0.0008150574590947716
2026-06-07 16:15:00,2.0782999999999996,1.1864406779693581e-05,2.486454674399062,0.0012512656354147196
2026-06-07 16:20:00,2.0688666666666666,-0.00943333333333296,2.4877613370505287,0.0013066626514666327
2026-06-07 16:25:00,2.0708333333333333,0.001966666666666672,2.488661960946406,0.0009006238958774978
2026-06-07 16:30:00,2.0709999999999997,0.00016666666666642627,2.48935169992595,0.0006897389795442783
2026-06-07 16:35:00,2.0678333333333323,-0.003166666666667428,2.490100012635863,0.0007483127099127141
2026-06-07 16:40:00,2.0702666666666665,0.0024333333333341756,2.4909721591929257,0.0008721465570625263
2026-06-07 16:45:00,2.0661333333333327,-0.004133333333333766,2.452083489628024,0.0014231250532131992
2026-06-07 16:50:00,2.067576271186441,0.0014429378531084502,2.4527495676877518,0.0006660780597277364
2026-06-07 16:55:00,2.05825,-0.009326271186441026,2.4533344018807863,0.0005848341930343907
2026-06-07 17:00:00,2.065016666666666,0.006766666666665699,2.4538407450509903,0.0005063431702042713
2026-06-07 17:05:00,2.066866666666667,0.0018500000000010175,2.4543088199725895,0.0004680749215990941
2026-06-07 17:10:00,2.0709666666666657,0.004099999999998882,2.4550363351280833,0.000727515155493633
2026-06-07 17:15:00,2.0753499999999994,0.004383333333333628,2.456148041651791,0.0011117065237081268
2026-06-07 17:20:00,2.0684,-0.006949999999999346,2.4573062455749586,0.0011582039231671092
2026-06-07 17:25:00,2.0700499999999997,0.0016499999999997073,2.4580968056020858,0.0007905600271273706
2026-06-07 17:30:00,2.072237288135593,0.002187288135593324,2.4587248045512924,0.000627998949206525
2026-06-07 17:35:00,2.0697666666666668,-0.002470621468926293,2.459443609792876,0.0007188052415834958
2026-06-07 17:40:00,2.0726833333333334,0.0029166666666666785,2.4603104416959765,0.0008668319031004574
2026-06-07 17:45:00,2.0760833333333335,0.0034000000000000696,2.461132213137756,0.000821771441779572
2026-06-07 17:50:00,2.0751166666666667,-0.0009666666666667822,2.4618938935864807,0.0007616804487248289
2026-06-07 17:55:00,2.0728666666666657,-0.0022500000000009734,2.462674747473329,0.0007808538868482804
2026-06-07 18:00:00,2.0766999999999993,0.0038333333333335773,2.4735800975165434,0.0017506186136129322
2026-06-07 18:05:00,2.074783333333333,-0.0019166666666663446,2.4741779041758365,0.0005978066592932658
2026-06-07 18:10:00,2.0777796610169488,0.002996327683615796,2.4750162819856794,0.0008383778098426836
2026-06-07 18:15:00,2.077249999999999,-0.000529661016949845,2.4762511083690595,0.0012348263833804956
2026-06-07 18:20:00,2.0794166666666665,0.0021666666666675383,2.4774774439913463,0.001226335622286769
2026-06-07 18:25:00,2.0784333333333334,-0.000983333333333114,2.4782847545874827,0.0008073105961360545
2026-06-07 18:30:00,2.081749999999999,0.0033166666666657463,2.478915898388813,0.0006311438013304084
2026-06-07 18:35:00,2.0780166666666657,-0.0037333333333333663,2.4796453317725353,0.0007294333837222856
2026-06-07 18:40:00,2.0755999999999992,-0.0024166666666665115,2.4805411905071004,0.0008958587345654631
2026-06-07 18:45:00,2.075799999999999,0.00019999999999997797,2.481412049701643,0.0008708591945424792
2026-06-07 18:50:00,2.080389830508474,0.004589830508474613,2.4822310766890974,0.0008190269874544818
2026-06-07 18:55:00,2.0769833333333327,-0.0034064971751410766,2.4830786420852418,0.0008475653961442981
2026-06-07 19:00:00,2.0785999999999993,0.0016166666666665996,2.483914277318036,0.0008356352327943353
2026-06-07 19:05:00,2.078333333333332,-0.0002666666666675255,2.4847194907226755,0.0008052134046392326
2026-06-07 19:10:00,2.0804833333333326,0.0021500000000007624,2.485842495636407,0.001123004913731621
2026-06-07 19:15:00,2.0783666666666663,-0.0021166666666663225,2.512960938308051,0.001678649092952883
2026-06-07 19:20:00,2.0732000000000004,-0.005166666666665876,2.5144538857824257,0.0014929474743746367
2026-06-07 19:25:00,2.079216666666666,0.006016666666665671,2.515374228406154,0.0009203426237285559
2026-06-07 19:30:00,2.079016949152542,-0.00019971751412395378,2.5160564622071506,0.0006822338009962644
2026-06-07 19:35:00,2.075716666666666,-0.003300282485875883,2.516821533285905,0.0007650710787546306
2026-06-07 19:40:00,2.077866666666666,0.0021499999999998742,2.5177666465040356,0.0009451132181304745
2026-06-07 19:45:00,2.0757833333333333,-0.002083333333332771,2.518705171227814,0.0009385247237782474
2026-06-07 19:50:00,2.0707499999999994,-0.005033333333333889,2.519603741988424,0.0008985707606101892
2026-06-07 19:55:00,2.067416666666667,-0.003333333333332522,2.5205464438548137,0.0009427018663897445
2026-06-07 20:00:00,2.0710666666666664,0.003649999999999487,2.5215078213233664,0.0009613774685526143
2026-06-07 20:05:00,2.068366666666667,-0.0026999999999994806,2.5224608171003595,0.0009529957769930014
2026-06-07 20:10:00,2.056508474576271,-0.011858192090395736,2.523745628986503,0.001284811886143295
2026-06-07 20:15:00,2.060183333333333,0.0036748587570616387,2.525403259941181,0.0016576309546782225
2026-06-07 20:20:00,2.061899999999999,0.0017166666666663666,2.5269390928987066,0.001535832957525478
2026-06-07 20:25:00,2.0654333333333335,0.0035333333333342765,2.5279648395751635,0.0010257466764573597
2026-06-07 20:30:00,2.068716666666666,0.0032833333333326387,2.5330078700909806,0.000911413096134404
2026-06-07 20:35:00,2.0697999999999994,0.001083333333333325,2.5340092877334555,0.0010014176424749802
2026-06-07 20:40:00,2.0743166666666664,0.004516666666666946,2.5348582780898,0.000848990356344582
2026-06-07 20:45:00,2.0730166666666667,-0.0012999999999996348,2.5357086260636605,0.0008503479738604919
2026-06-07 20:50:00,2.0762333333333336,0.0032166666666668675,2.536565279478679,0.0008566534150182764
2026-06-07 20:55:00,2.075593220338983,-0.0006401129943505168,2.53751559638095,0.0009503169022712083
2026-06-07 21:00:00,2.0740000000000003,-0.0015932203389827926,2.538512488861051,0.0009968924801012477
2026-06-07 21:05:00,2.077149999999999,0.003149999999998876,2.539536399212539,0.0010239103514879642
2026-06-07 21:10:00,2.0766166666666668,-0.0005333333333323864,2.540910572340514,0.0013741731279748109
2026-06-07 21:15:00,2.078266666666666,0.0016499999999992632,2.5426434936848885,0.0017329213443743829
2026-06-07 21:20:00,2.077866666666666,-0.00039999999999995595,2.5442058987004557,0.0015624050155673224
2026-06-07 21:25:00,2.0748166666666665,-0.003049999999999553,2.545223038610809,0.0010171399103530156
2026-06-07 21:30:00,2.0771666666666664,0.002349999999999852,2.5460141574267263,0.0007911188159175078
2026-06-07 21:35:00,2.075864406779661,-0.0013022598870051638,2.5468955617752487,0.000881404348522464
2026-06-07 21:40:00,2.074233333333334,-0.0016310734463274024,2.5479800608975944,0.0010844991223454819
2026-06-07 21:45:00,2.0766999999999993,0.002466666666665507,2.559778720452489,0.002482006719955484
2026-06-07 21:50:00,2.0766666666666667,-3.333333333266353e-05,2.560732347810188,0.0009536273576990213
2026-06-07 21:55:00,2.0753499999999994,-0.0013166666666672988,2.5615444367536204,0.0008120889434323945
2026-06-07 22:00:00,2.076966666666666,0.0016166666666665996,2.5623736606322214,0.000829223878601058
2026-06-07 22:05:00,2.0768999999999993,-6.666666666665932e-05,2.5632427981650765,0.0008691375328551772
2026-06-07 22:10:00,2.0774166666666662,0.0005166666666669428,2.5644955671552285,0.0012527689901519201
2026-06-07 22:15:00,2.0754237288135577,-0.0019929378531085007,2.5661723030611303,0.0016767359059017804
2026-06-07 22:20:00,2.0751499999999994,-0.00027372881355836043,2.567734510109136,0.0015622070480056573
2026-06-07 22:25:00,2.07875,0.0036000000000004917,2.5687811093599278,0.0010465992507916692
2026-06-07 22:30:00,2.0737000000000005,-0.005049999999999333,2.569598466161716,0.0008173568017883491
2026-06-07 22:35:00,2.0770999999999997,0.0033999999999991815,2.5704876746283207,0.0008892084666048524
2026-06-07 22:40:00,2.077366666666667,0.0002666666666670814,2.571577720167161,0.0010900455388400763
2026-06-07 22:45:00,2.077116666666666,-0.0002500000000007496,2.572700370035244,0.0011226498680829457
2026-06-07 22:50:00,2.0773666666666655,0.00024999999999941735,2.5737707127647234,0.0010703427294795097
2026-06-07 22:55:00,2.079050847457627,0.0016841807909613316,2.5748600114877194,0.0010892987229959978
2026-06-07 23:00:00,2.077999999999999,-0.001050847457627846,2.5784034011527424,0.0013939163203821243
2026-06-07 23:05:00,2.075583333333333,-0.0024166666666660674,2.5792314516704704,0.0008280505177279717
2026-06-07 23:10:00,2.075483333333333,-9.999999999976694e-05,2.580392867963067,0.0011614162925964973
2026-06-07 23:15:00,2.0770166666666663,0.0015333333333331645,2.5819348101415103,0.0015419421784432937
2026-06-07 23:20:00,2.0782499999999993,0.0012333333333329755,2.583391097196705,0.0014562870551948035
2026-06-07 23:25:00,2.0774166666666654,-0.0008333333333339077,2.5844133899455266,0.0010222927488216596
2026-06-07 23:30:00,2.077816666666666,0.0004000000000008441,2.5852366200565102,0.0008232301109835842
2026-06-07 23:35:00,2.0776610169491523,-0.0001556497175139171,2.586123058573641,0.0008864385171310584
2026-06-07 23:40:00,2.079166666666667,0.0015056497175147676,2.5872049878672883,0.0010819292936468006
2026-06-07 23:45:00,2.0783272727272726,-0.0008393939393944727,2.5883275659455873,0.0011225780782990228
2026-06-07 23:50:00,2.086277777777777,0.007950505050504209,2.5894005948428354,0.0010730288972481533
2026-06-07 23:55:00,2.082574074074073,-0.0037037037037039866,2.5905027384285413,0.001102143585706024
2026-06-08 00:00:00,2.0766274509803915,-0.005946623093681325,2.5914981379921755,0.00099539956363403
2026-06-08 00:05:00,2.078816666666666,0.002189215686274615,2.592495081854137,0.0009969438619614813
2026-06-08 00:10:00,2.095833333333333,0.017016666666667124,2.5938374007083276,0.0013423188541907202
2026-06-08 00:15:00,2.0969666666666664,0.0011333333333332085,2.604505377779372,-0.003099475293251574
2026-06-08 00:20:00,2.0977288135593217,0.0007621468926553021,2.6051674833551766,0.0006621055758048551
2026-06-08 00:25:00,2.09555,-0.0021788135593219238,2.6058955361776204,0.0007280528224434122
2026-06-08 00:30:00,2.0960499999999995,0.0004999999999997229,2.6065919600619374,0.0006964238843170559
2026-06-08 00:35:00,2.097199999999999,0.0011499999999995403,2.607431404376092,0.0008394443141551383
2026-06-08 00:40:00,2.097166666666666,-3.333333333310762e-05,2.608489073965924,0.0010576695898315805
2026-06-08 00:45:00,2.0978833333333324,0.0007166666666664767,2.609593708727953,0.0011046347620291869
2026-06-08 00:50:00,2.097199999999999,-0.0006833333333333691,2.6106446503067846,0.0010509415788315741
2026-06-08 00:55:00,2.0967499999999997,-0.00044999999999939533,2.6117285709748668,0.001083920668081925
2026-06-08 01:00:00,2.0962033898305075,-0.000546610169492201,2.612676076417372,0.0009475054425052067
2026-06-08 01:05:00,2.098866666666667,0.0026632768361594117,2.613649293368954,0.0009732169515822578
2026-06-08 01:10:00,2.095266666666667,-0.0036000000000000476,2.6149920363313255,0.0013427429623712875
2026-06-08 01:15:00,2.098366666666666,0.0030999999999989925,2.616693051601922,0.0017010152705965872
2026-06-08 01:20:00,2.0982833333333333,-8.3333333332547e-05,2.618189781038438,0.0014967294365159202
2026-06-08 01:25:00,2.09995,0.0016666666666669272,2.6191570736383314,0.0009672925998932983
2026-06-08 01:30:00,2.098749999999999,-0.0012000000000012,2.619860135447032,0.001346312633487146
2026-06-08 01:35:00,2.0974999999999997,-0.0012499999999993072,2.6210155115031255,0.0011553760560933525
2026-06-08 01:40:00,2.0976610169491523,0.00016101694915260367,2.6220895072149513,0.0010739957118259067
2026-06-08 01:45:00,2.1008833333333325,0.003222316384180246,2.6231542203833125,0.001064713168360903
2026-06-08 01:50:00,2.0975666666666664,-0.0033166666666661904,2.624143568436095,0.0009893480527828305
2026-06-08 01:55:00,2.0995499999999994,0.001983333333333004,2.6251673869583287,0.0010238185222337754
2026-06-08 02:00:00,2.1003833333333333,0.0008333333333339077,2.6260346280233446,0.0008672410650158625
2026-06-08 02:05:00,2.0994666666666664,-0.0009166666666668988,2.6269529274862777,0.0009182994629328843
2026-06-08 02:10:00,2.09935,-0.0001166666666665428,2.6282646055071957,0.001311678020917923
2026-06-08 02:15:00,2.0997166666666667,0.00036666666666684833,2.6299672297361107,0.0017026242289153867
2026-06-08 02:20:00,2.101983050847456,0.0022663841807895047,2.6314924289541133,0.0015251992180021782
2026-06-08 02:25:00,2.1002666666666667,-0.0017163841807894542,2.632492651076504,0.0010002221223908688
2026-06-08 02:30:00,2.0998499999999996,-0.0004166666666671759,2.633286473923403,0.0007938228468992681
2026-06-08 02:35:00,2.100816666666667,0.0009666666666676704,2.634180324842682,0.0008938509192788151
2026-06-08 02:40:00,2.1003666666666665,-0.0004500000000007276,2.6352958466764895,0.0011155218338073881
2026-06-08 02:45:00,2.1011499999999996,0.000783333333333136,2.608225150411986,0.0021606187424799066
2026-06-08 02:50:00,2.1015999999999995,0.0004499999999998394,2.6091831964717187,0.00095804605973268
2026-06-08 02:55:00,2.1001833333333324,-0.0014166666666670658,2.60993853586323,0.0007553393915109502
2026-06-08 03:00:00,2.1001186440677957,-6.46892655367104e-05,2.610532797868634,0.0005942620054044012
2026-06-08 03:05:00,2.094183333333333,-0.005935310734462629,2.611240851029056,0.0007080531604222509
2026-06-08 03:10:00,2.0855166666666665,-0.0086666666666666,2.612403542786481,0.0011626917574249205
2026-06-08 03:15:00,2.0875166666666667,0.002000000000000224,2.6140336450005224,0.001630102214041206
2026-06-08 03:20:00,2.09115,0.0036333333333331552,2.6155560440408303,0.0015223990403080345
2026-06-08 03:25:00,2.0880166666666664,-0.0031333333333334323,2.616573427008997,0.0010173829681662026
2026-06-08 03:30:00,2.0911166666666654,0.0030999999999989925,2.617367826048552,0.0007943990395551144
2026-06-08 03:35:00,2.0904999999999996,-0.0006166666666658216,2.618234977165029,0.000867151116477063
2026-06-08 03:40:00,2.0976440677966104,0.007144067796610809,2.6193027989339783,0.0010678217689496022
2026-06-08 03:45:00,2.092566666666666,-0.00507740112994437,2.6203590854261902,0.0010562864922115955
2026-06-08 03:50:00,2.088683333333334,-0.0038833333333321285,2.6212698258654763,0.0009107404392863709
2026-06-08 03:55:00,2.0902333333333325,0.001549999999998608,2.622113327228357,0.0008435013628806237
2026-06-08 04:00:00,2.089083333333333,-0.0011499999999995403,2.6251827584976937,0.0014583538947334335
2026-06-08 04:05:00,2.090433333333333,0.0013499999999999623,2.625679826920724,0.0004970684230304018
2026-06-08 04:10:00,2.089116666666666,-0.0013166666666668547,2.626569590768434,0.0008897638477098844
2026-06-08 04:15:00,2.0875666666666657,-0.0015500000000003844,2.628007812412277,0.001438221643843453
2026-06-08 04:20:00,2.0912372881355927,0.003670621468927049,2.6295135024967324,0.0015056900844550771
2026-06-08 04:25:00,2.08755,-0.0036872881355929366,2.6306633488352755,0.0011498463385428766
2026-06-08 04:30:00,2.087849999999999,0.0002999999999993008,2.6316366134700435,0.0009732646347683721
2026-06-08 04:35:00,2.089466666666666,0.0016166666666670437,2.632661223535248,0.0010246100652038946
2026-06-08 04:40:00,2.088266666666666,-0.001200000000000312,2.6338122688838648,0.0011510453486169696
2026-06-08 04:45:00,2.0902999999999987,0.0020333333333328873,2.6348612913077925,0.0010490224239280072
2026-06-08 04:50:00,2.0911833333333325,0.0008833333333337912,2.6357164414111036,0.0008551501033111574
2026-06-08 04:55:00,2.0905333333333327,-0.0006499999999998174,2.636488709657956,0.0007722682468522687
2026-06-08 05:00:00,2.089593220338983,-0.0009401129943498177,2.636952853123717,0.00046414346576108875
2026-06-08 05:05:00,2.088599999999999,-0.0009932203389837468,2.6374308853923902,0.00047803226867335015
2026-06-08 05:10:00,2.0895166666666665,0.0009166666666673429,2.63832029142085,0.0008894060284594509
2026-06-08 05:15:00,2.090716666666665,0.0011999999999985356,2.700739917894156,0.0018349735946696425
2026-06-08 05:20:00,2.0916999999999994,0.0009833333333344463,2.7023285389364347,0.0015886210422784485
2026-06-08 05:25:00,2.090783333333333,-0.0009166666666664547,2.7034649349088107,0.0011363959723764236
2026-06-08 05:30:00,2.090466666666666,-0.00031666666666696486,2.7044347493488705,0.0009698144400594695
2026-06-08 05:35:00,2.0902333333333334,-0.0002333333333326415,2.705444741467502,0.0010099921186316474
2026-06-08 05:40:00,2.093881355932204,0.0036480225988704262,2.706548656494897,0.0011039150273949284
2026-06-08 05:45:00,2.0898166666666658,-0.004064689265538046,2.7075081829229655,0.0009595264280685678
2026-06-08 05:50:00,2.09115,0.0013333333333340747,2.7082512868032063,0.0007431038802405973
2026-06-08 05:55:00,2.0905,-0.0006499999999998174,2.7089108637386183,0.000659576935412073
2026-06-08 06:00:00,2.0911833333333334,0.0006833333333333691,2.7093088181148746,0.00039795437625645753
2026-06-08 06:05:00,2.0908999999999986,-0.0002833333333347454,2.7097292284714034,0.0004204103565288295
2026-06-08 06:10:00,2.090483333333333,-0.0004166666666658436,2.7105545270665066,0.000825298595103112
2026-06-08 06:15:00,2.090683333333333,0.00019999999999997797,2.7119054729386622,0.0013509458721557217
2026-06-08 06:20:00,2.09022033898305,-0.0004629943502827416,2.713311291125074,0.0014058181864115087
2026-06-08 06:25:00,2.088016666666666,-0.0022036723163840755,2.7143524096740186,0.0010411185489447017
2026-06-08 06:30:00,2.0886999999999993,0.0006833333333333691,2.731468872420104,0.0013523510496696162
2026-06-08 06:35:00,2.0903499999999986,0.0016499999999992632,2.7328033148614814,0.0013344424413773747
2026-06-08 06:40:00,2.090983333333333,0.0006333333333343738,2.7339284554501546,0.0011251405886731026
2026-06-08 06:45:00,2.0902166666666666,-0.0007666666666663602,2.7348090192063297,0.0008805637561750536
2026-06-08 06:50:00,2.091533333333333,0.0013166666666664106,2.7354491349783157,0.0006401157719857593
2026-06-08 06:55:00,2.092999999999999,0.001466666666666061,2.736020773918889,0.0005716389405733154
2026-06-08 07:00:00,2.0916666666666663,-0.0013333333333327424,2.7364337854881873,0.00041301156929827255
2026-06-08 07:05:00,2.093254237288135,0.001587570621468526,2.736882022433208,0.00044823694502113374
2026-06-08 07:10:00,2.092433333333333,-0.0008209039548017216,2.737724561868209,0.0008425394350007641
2026-06-08 07:15:00,2.093983333333333,0.0015499999999999403,2.7390952239278024,0.001370662059593485
2026-06-08 07:20:00,2.094983333333333,0.0009999999999998899,2.7405578093845433,0.0014625854567408988
2026-06-08 07:25:00,2.0956999999999995,0.0007166666666664767,2.74167188305503,0.0011140736704869773
2026-06-08 07:30:00,2.0976999999999997,0.002000000000000224,2.7426466223245987,0.0009747392695682882
2026-06-08 07:35:00,2.099066666666667,0.0013666666666671823,2.743707335966524,0.0010607136419254128
2026-06-08 07:40:00,2.0978833333333333,-0.001183333333333536,2.7448508555587208,0.0011435195921966927
2026-06-08 07:45:00,2.1005932203389825,0.0027098870056492252,2.726655424009702,0.0015734283030778967
2026-06-08 07:50:00,2.0978666666666665,-0.002726553672316001,2.7272497249108945,0.000594300901192249
2026-06-08 07:55:00,2.0995833333333334,0.0017166666666668107,2.727629390935084,0.0003796660241897741
2026-06-08 08:00:00,2.1031999999999993,0.0036166666666659353,2.7279185026941746,0.00028911175909064255
2026-06-08 08:05:00,2.0992666666666664,-0.0039333333333329,2.728233668713353,0.00031516601917832654
2026-06-08 08:10:00,2.099883333333333,0.0006166666666667098,2.7289336880475714,0.0007000193342181875
2026-06-08 08:15:00,2.1018999999999997,0.0020166666666665556,2.7302074462557147,0.0012737582081435827
2026-06-08 08:20:00,2.099999999999999,-0.0019000000000004569,2.7316750335167637,0.0014675872610490524
2026-06-08 08:25:00,2.1015084745762707,0.0015084745762714569,2.7328460541681503,0.0011710206513862414
2026-06-08 08:30:00,2.103333333333333,0.0018248587570623975,2.733868075330432,0.0010220211622819972
2026-06-08 08:35:00,2.0990333333333333,-0.0042999999999997485,2.7349427339148784,0.0010746585844461675
2026-06-08 08:40:00,2.097118644067796,-0.0019146892655372838,2.736069405180749,0.0011266712658707298
2026-06-08 08:45:00,2.0947872340425526,-0.0023314100252433967,2.7369775657362845,0.000908160555535653
2026-06-08 08:50:00,2.0966333333333327,0.0018460992907800566,2.737652881784758,0.0006753160484734156
2026-06-08 08:55:00,2.09155,-0.0050833333333328845,2.738242235758191,0.0005893539734329445
2026-06-08 09:00:00,2.088933333333333,-0.0026166666666669336,2.698045067749252,0.0015540331932414
2026-06-08 09:05:00,2.0893999999999995,0.00046666666666661527,2.6985368850343194,0.0004918172850675814
2026-06-08 09:10:00,2.092966666666665,0.0035666666666656077,2.6992767337080457,0.0007398486737260531
2026-06-08 09:15:00,2.0867833333333325,-0.006183333333332541,2.700518212099144,0.0012414783910985633
2026-06-08 09:20:00,2.0851666666666664,-0.0016166666666661555,2.7018887759188206,0.001370563819676525
2026-06-08 09:25:00,2.0872033898305076,0.002036723163841181,2.70296362690721,0.0010748509883894445
2026-06-08 09:30:00,2.081699999999999,-0.005503389830508354,2.703919149769969,0.0009555228627588235
2026-06-08 09:35:00,2.086383333333332,0.0046833333333329286,2.704947593138943,0.001028443368974364
2026-06-08 09:40:00,2.088016666666666,0.0016333333333338196,2.7060389598367482,0.0010913666978049328
2026-06-08 09:45:00,2.0839666666666665,-0.004049999999999443,2.706935577999504,0.0008966181627558812
2026-06-08 09:50:00,2.083949999999999,-1.6666666667664032e-05,2.7076547260967083,0.0007191480972041442
2026-06-08 09:55:00,2.0846666666666667,0.000716666666667809,2.7083455472306093,0.0006908211339009309
2026-06-08 10:00:00,2.0821499999999995,-0.0025166666666671667,2.70901374416148,0.0006681969308709913
2026-06-08 10:05:00,2.0829999999999993,0.0008499999999997954,2.7096878017053814,0.0006740575439014709
2026-06-08 10:10:00,2.082949999999999,-5.000000000032756e-05,2.7106935862176966,0.0010057845123150348
2026-06-08 10:15:00,2.0798,-0.003149999999998876,2.6981022937499266,0.001601508478484611
2026-06-08 10:20:00,2.080533333333333,0.0007333333333328085,2.6997029790744245,0.001600685324497701
2026-06-08 10:25:00,2.079883333333332,-0.0006500000000007056,2.7008474831688627,0.0011445040944382874
2026-06-08 10:30:00,2.079833333333333,-4.999999999899529e-05,2.7017457951755524,0.0008983120066897185
2026-06-08 10:35:00,2.0824166666666666,0.002583333333333382,2.702671726458362,0.0009259312828095864
2026-06-08 10:40:00,2.080183333333333,-0.0022333333333337535,2.7036814637337896,0.0010097372754275429
2026-06-08 10:45:00,2.078322033898304,-0.0018612994350286627,2.704536111373018,0.0008546476392284238
2026-06-08 10:50:00,2.080833333333332,0.002511299435028036,2.7052723071146554,0.0007361957416375058
2026-06-08 10:55:00,2.0796833333333336,-0.001149999999998652,2.706038482669957,0.0007661755553014911
2026-06-08 11:00:00,2.0770166666666663,-0.002666666666667261,2.706809383571673,0.0007709009017162216
2026-06-08 11:05:00,2.0783,0.001283333333333747,2.7076058163400183,0.0007964327683453434
2026-06-08 11:10:00,2.0772999999999997,-0.001000000000000334,2.7087362080774264,0.0011303917374081405
2026-06-08 11:15:00,2.077833333333333,0.0005333333333332746,2.710300074884996,0.0015638668075696265
2026-06-08 11:20:00,2.079616666666667,0.001783333333333914,2.7118950719945047,0.0015949971095085623
2026-06-08 11:25:00,2.080169491525423,0.0005528248587562956,2.7130747350705575,0.0011796630760527978
2026-06-08 11:30:00,2.0786499999999997,-0.001519491525423522,2.696604206009402,0.0009960764716184657
2026-06-08 11:35:00,2.0770833333333334,-0.001566666666666272,2.697825129437529,0.0012209234281270397
2026-06-08 11:40:00,2.0778666666666665,0.000783333333333136,2.6988005554962133,0.0009754260586840867
2026-06-08 11:45:00,2.077966666666666,9.999999999932285e-05,2.699530465760842,0.000729910264629071
2026-06-08 11:50:00,2.077716666666666,-0.00024999999999986144,2.7001634231463827,0.0006329573855402413
2026-06-08 11:55:00,2.0781499999999995,0.00043333333333350765,2.7008757932628336,0.0007123701164508876
2026-06-08 12:00:00,2.084101694915253,0.0059516949152533805,2.7016027866863657,0.0007269934235323584
2026-06-08 12:05:00,2.081733333333333,-0.0023683615819196646,2.70237892622603,0.0007761395396642419
2026-06-08 12:10:00,2.076983333333333,-0.004750000000000032,2.7035047030963204,0.0011257768702903272
2026-06-08 12:15:00,2.0785499999999995,0.001566666666666272,2.705072205209034,0.0015675021127135804
2026-06-08 12:20:00,2.076916666666666,-0.0016333333333333755,2.7066779670988685,0.0016057618898344932
2026-06-08 12:25:00,2.077499999999999,0.000583333333332714,2.7078594518989156,0.0011814848000470614
2026-06-08 12:30:00,2.0770166666666667,-0.00048333333333205886,2.708809786792573,0.0009503348936573495
2026-06-08 12:35:00,2.0767833333333328,-0.00023333333333397377,2.709792764219244,0.000982977426671365
2026-06-08 12:40:00,2.0787500000000003,0.0019666666666675603,2.7108580007899064,0.0010652365706622464
2026-06-08 12:45:00,2.0768813559322035,-0.001868644067796854,2.7048761161812505,0.001511389260485498
2026-06-08 12:50:00,2.0779499999999995,0.001068644067796054,2.7056309653624306,0.000754849181180088
2026-06-08 12:55:00,2.076083333333333,-0.001866666666666461,2.7063202962083235,0.0006893308458927349
2026-06-08 13:00:00,2.079616666666666,0.003533333333332944,2.7069501290973403,0.0006298328890170257
2026-06-08 13:05:00,2.0763,-0.0033166666666661904,2.707556526362553,0.0006063972652124284
2026-06-08 13:10:00,2.0755166666666667,-0.000783333333333136,2.708409576340257,0.0008530499777042758
2026-06-08 13:15:00,2.075999999999999,0.00048333333333250295,2.7096351672444285,0.0012255909041714744
2026-06-08 13:20:00,2.076483333333333,0.0004833333333338352,2.7109324616231145,0.0012972943786861498
2026-06-08 13:25:00,2.0785762711864404,0.0020929378531073795,2.7118791166790026,0.00094665505588774
2026-06-08 13:30:00,2.075816666666667,-0.0027596045197735286,2.7126472138485758,0.0007680971695731823
2026-06-08 13:35:00,2.0752666666666655,-0.0005500000000013827,2.7134802208098776,0.0008330069613021771
2026-06-08 13:40:00,2.0770499999999994,0.001783333333333914,2.714428002065983,0.0009477812561048495
2026-06-08 13:45:00,2.0788999999999995,0.0018500000000001293,2.71528659222256,0.0008585901565774179
2026-06-08 13:50:00,2.0760833333333326,-0.0028166666666669116,2.7160941585574303,0.0008075663348704165
2026-06-08 13:55:00,2.0770833333333334,0.001000000000000778,2.7169591632283425,0.000865004670912125
2026-06-08 14:00:00,2.075966666666666,-0.0011166666666673208,2.659501456984748,0.0010407313218560286
2026-06-08 14:05:00,2.0765423728813555,0.0005757062146893865,2.660114636600517,0.0006131796157689558
2026-06-08 14:10:00,2.076133333333333,-0.0004090395480225162,2.6610054339342595,0.0008907973337425643
2026-06-08 14:15:00,2.0727833333333328,-0.003350000000000186,2.662250556453901,0.0012451225196416305
2026-06-08 14:20:00,2.0780999999999996,0.005316666666666858,2.663507116100002,0.0012565596461009104
2026-06-08 14:25:00,2.077166666666665,-0.0009333333333345628,2.664334426958496,0.0008273108584938123
2026-06-08 14:30:00,2.075949999999999,-0.0012166666666661996,2.66491465051127,0.0005802235527743087
2026-06-08 14:35:00,2.0767666666666664,0.0008166666666675759,2.6655462378623302,0.0006315873510601708
2026-06-08 14:40:00,2.0782666666666656,0.0014999999999991687,2.6663263364865673,0.0007800986242370312
2026-06-08 14:45:00,2.0771864406779654,-0.0010802259887001675,2.6670662091640405,0.0007398726774734507
2026-06-08 14:50:00,2.0767999999999995,-0.00038644067796589354,2.667794551094629,0.0007283419305882599
2026-06-08 14:55:00,2.074516666666666,-0.002283333333333637,2.6686093350186852,0.0008147839240562331
2026-06-08 15:00:00,2.074266666666666,-0.00024999999999986144,2.669332223055452,0.0007228880367670188
2026-06-08 15:05:00,2.0759833333333324,0.0017166666666663666,2.6700471585647985,0.0007149355093462524
2026-06-08 15:10:00,2.0759999999999996,1.6666666667219943e-05,2.6710534818425993,0.0010063232778006507
2026-06-08 15:15:00,2.0757499999999998,-0.00024999999999986144,2.648605819358079,0.001566977064865217
2026-06-08 15:20:00,2.0754333333333332,-0.00031666666666652077,2.6500616655127214,0.0014558461546424178
2026-06-08 15:25:00,2.076593220338983,0.001159887005649729,2.6509679890544424,0.0009063235417210557
2026-06-08 15:30:00,2.075049999999999,-0.0015432203389837973,2.6515392412288676,0.0005712521744255333
2026-06-08 15:35:00,2.0760166666666655,0.0009666666666663382,2.652081149774246,0.000541908545378159
2026-06-08 15:40:00,2.0749166666666663,-0.0010999999999992127,2.6527401535828212,0.0006590038085753302
2026-06-08 15:45:00,2.075666666666666,0.0007499999999995843,2.653368632013549,0.0006284784307275689
2026-06-08 15:50:00,2.075799999999999,0.00013333333333331865,2.6539952742220327,0.0006266422084836942
2026-06-08 15:55:00,2.0761333333333334,0.0003333333333341848,2.654715762060207,0.000720487838174268
2026-06-08 16:00:00,2.071866666666667,-0.004266666666666197,2.6553519324383865,0.0006361703781795789
2026-06-08 16:05:00,2.0755084745762704,0.003641807909603223,2.655989449036467,0.0006375165980805636
2026-06-08 16:10:00,2.0736333333333326,-0.001875141242937861,2.6569376640396447,0.0009482150031778845
2026-06-08 16:15:00,2.0753333333333335,0.001700000000000923,2.65828870887577,0.001351044836124917
2026-06-08 16:20:00,2.073116666666665,-0.00221666666666831,2.659645254617488,0.001356545741717851
2026-06-08 16:25:00,2.0744833333333323,0.0013666666666671823,2.660565675395391,0.0009204207779031073
