Real_Future_Timestamp,Actual_Electrode_V_Abs,Actual_Electrode_V_Delta,TFT_Prediction_V_Abs,TFT_Prediction_V_Delta
2026-06-02 16:30:00,1.634,0.003066666666665885,1.632242536374098,0.0013092030407639225
2026-06-02 16:35:00,1.6375932203389836,0.0035932203389836825,1.632019879139609,-0.00022265723448893222
2026-06-02 16:40:00,1.6396833333333334,0.002090112994349802,1.6313469184392175,-0.000672960700391426
2026-06-02 16:45:00,1.6408666666666671,0.0011833333333337581,1.6303166955927508,-0.0010302228464668336
2026-06-02 16:50:00,1.6404500000000006,-0.00041666666666650976,1.6297889221138584,-0.0005277734788922591
2026-06-02 16:55:00,1.642233333333333,0.0017833333333323598,1.6416161188165679,0.0011661188165673032
2026-06-02 17:00:00,1.6412999999999995,-0.0009333333333334526,1.6422583172607124,0.0006421984441445248
2026-06-02 17:05:00,1.639833333333334,-0.001466666666665617,1.642845449792369,0.0005871325316565285
2026-06-02 17:10:00,1.64345,0.0036166666666661573,1.643056560951656,0.00021111115928706004
2026-06-02 17:15:00,1.6413166666666674,-0.0021333333333326543,1.6430858708395224,2.9309887866336723e-05
2026-06-02 17:20:00,1.6405166666666673,-0.0008000000000001339,1.640160579361035,-0.001156087305632341
2026-06-02 17:25:00,1.6371333333333333,-0.00338333333333396,1.638343210992824,-0.0018173683682111421
2026-06-02 17:30:00,1.6297999999999997,-0.007333333333333636,1.6363101528401949,-0.0020330581526290348
2026-06-02 17:35:00,1.6147288135593216,-0.015071186440678064,1.6342509026204055,-0.002059250219789324
2026-06-02 17:40:00,1.6099333333333334,-0.004795480225988191,1.6324733756785563,-0.0017775269418493099
2026-06-02 17:45:00,1.6067499999999995,-0.003183333333333982,1.6089511943130888,-0.0009821390202447429
2026-06-02 17:50:00,1.5864333333333334,-0.020316666666666094,1.606970017513423,-0.0019811767996657558
2026-06-02 17:55:00,1.5829499999999994,-0.003483333333333949,1.6049355693384186,-0.0020344481750042944
2026-06-02 18:00:00,1.579616666666667,-0.003333333333332522,1.6038564198894998,-0.001079149448918759
2026-06-02 18:05:00,1.5804333333333331,0.0008166666666662437,1.6033834781925276,-0.00047294169697229406
2026-06-02 18:10:00,1.5793666666666661,-0.0010666666666669933,1.5818071254147954,0.001373792081462281
2026-06-02 18:15:00,1.5833559322033897,0.003989265536723519,1.5831781177058466,0.0013709922910512071
2026-06-02 18:20:00,1.5829999999999997,-0.00035593220338991927,1.584210691687602,0.0010325739817553252
2026-06-02 18:25:00,1.57885,-0.004149999999999654,1.5849296588798003,0.0007189671921983213
2026-06-02 18:30:00,1.6027666666666665,0.023916666666666364,1.585638752266837,0.0007090933870365898
2026-06-02 18:35:00,1.6103333333333332,0.0075666666666667215,1.6052171733199405,0.0024505066532740853
2026-06-02 18:40:00,1.5957499999999998,-0.014583333333333393,1.6057028575553693,0.0004856842354287938
2026-06-02 18:45:00,1.5719833333333326,-0.023766666666667158,1.607188854701286,0.0014859971459167099
2026-06-02 18:50:00,1.5743833333333328,0.0024000000000001798,1.608701256528539,0.0015124018272528832
2026-06-02 18:55:00,1.54593220338983,-0.02845112994350285,1.6098697343023498,0.0011684777738109116
2026-06-02 19:00:00,1.857916666666666,0.31198446327683604,1.547206818481975,0.001274615092145085
2026-06-02 19:05:00,1.8342166666666668,-0.023699999999999166,1.547835595231305,0.0006287767493298714
2026-06-02 19:10:00,1.824949999999999,-0.009266666666667867,1.547311572417931,-0.0005240228133738976
2026-06-02 19:15:00,1.8179000000000007,-0.007049999999998224,1.5472263941738753,-8.517824405564419e-05
2026-06-02 19:20:00,1.8154499999999996,-0.0024500000000011735,1.5465846853487732,-0.0006417088251021838
2026-06-02 19:25:00,1.808766666666667,-0.006683333333332486,1.8178407043144043,0.002390704314404649
2026-06-02 19:30:00,1.8079322033898308,-0.0008344632768362281,1.8194757872998706,0.0016350829854663575
2026-06-02 19:35:00,1.80805,0.00011779661016908527,1.8207084639235291,0.0012326766236584856
2026-06-02 19:40:00,1.8123666666666665,0.004316666666666524,1.8213235043537082,0.0006150404301790361
2026-06-02 19:45:00,1.8109166666666667,-0.0014499999999997293,1.8219334172822435,0.0006099129285353806
2026-06-02 19:50:00,1.8108166666666667,-9.999999999998899e-05,1.8135696733596125,0.002653006692945822
2026-06-02 19:55:00,1.8104500000000006,-0.0003666666666661822,1.8156475045392504,0.0020778311796379122
2026-06-02 20:00:00,1.8106500000000003,0.00019999999999975593,1.816991402397273,0.0013438978580226878
2026-06-02 20:05:00,1.808683333333334,-0.001966666666666228,1.8176990859903874,0.0007076835931142125
2026-06-02 20:10:00,1.8123050847457627,0.0036217514124285977,1.8180138473975613,0.000314761407173961
2026-06-02 20:15:00,1.8156166666666669,0.003311581920904194,1.8127496318698118,0.0004445471240489881
2026-06-02 20:20:00,1.8100500000000004,-0.005566666666666498,1.812380053860955,-0.0003695780088566679
2026-06-02 20:25:00,1.8105499999999997,0.0004999999999992788,1.8114504697086626,-0.000929584152292468
2026-06-02 20:30:00,1.8086999999999998,-0.0018499999999999073,1.8102471688431707,-0.001203300865491716
2026-06-02 20:35:00,1.8089999999999997,0.00029999999999996696,1.808820344064433,-0.0014268247787377997
2026-06-02 20:40:00,1.8065833333333334,-0.0024166666666662895,1.8085355659685203,-0.00046443403147934724
2026-06-02 20:45:00,1.8054333333333328,-0.0011500000000006505,1.8077412206269192,-0.0007943453416011489
2026-06-02 20:50:00,1.8060000000000005,0.0005666666666677145,1.8079677416397293,0.000226521012810024
2026-06-02 20:55:00,1.8062033898305083,0.00020338983050782744,1.8083814646190686,0.0004137229793392948
2026-06-02 21:00:00,1.8012499999999994,-0.00495338983050897,1.80864249258711,0.0002610279680416349
2026-06-02 21:05:00,1.8012666666666663,1.6666666666997898e-05,1.8015871434600923,0.00033714346009301645
2026-06-02 21:10:00,1.8057333333333334,0.004466666666667063,1.8022966221979853,0.0007094787378929551
2026-06-02 21:15:00,1.8021666666666671,-0.003566666666666274,1.8021767953012273,-0.00011982689675800772
2026-06-02 21:20:00,1.7982166666666675,-0.003949999999999676,1.801032219556382,-0.0011445757448454725
2026-06-02 21:25:00,1.7998833333333342,0.0016666666666667052,1.7995678724685602,-0.0014643470878216971
2026-06-02 21:30:00,1.799366666666667,-0.0005166666666671649,1.7999026466797763,1.931334644202891e-05
2026-06-02 21:35:00,1.7986833333333334,-0.0006833333333335911,1.7990685692625474,-0.0008340774172287458
2026-06-02 21:40:00,1.7985254237288135,-0.00015790960451989022,1.7977716305727631,-0.0012969386897844317
2026-06-02 21:45:00,1.7975333333333343,-0.000992090395479206,1.7967243022744672,-0.001047328298295772
2026-06-02 21:50:00,1.7949666666666675,-0.002566666666666828,1.7966715912769096,-5.271099755759693e-05
2026-06-02 21:55:00,1.7937833333333335,-0.0011833333333339802,1.7954076860178445,0.00044101935117707496
2026-06-02 22:00:00,1.7900833333333332,-0.0037000000000002586,1.796181002339018,0.0007733163211732956
2026-06-02 22:05:00,1.7930166666666671,0.0029333333333338985,1.7964106580211707,0.00022965568215277832
2026-06-02 22:10:00,1.7900666666666667,-0.0029500000000004523,1.7962964250536366,-0.00011423296753405408
2026-06-02 22:15:00,1.7852500000000004,-0.004816666666666247,1.7958903300794997,-0.0004060949741368665
2026-06-02 22:20:00,1.7844166666666677,-0.0008333333333327975,1.7841881077877684,-0.00106189221223218
2026-06-02 22:25:00,1.7859500000000006,0.0015333333333329424,1.78347465470703,-0.0007134530807383244
2026-06-02 22:30:00,1.7882711864406784,0.0023211864406778027,1.7823886184034818,-0.0010860363035480553
2026-06-02 22:35:00,1.7839333333333334,-0.004337853107345024,1.7808978735308196,-0.001490744872662176
2026-06-02 22:40:00,1.7884333333333338,0.004500000000000393,1.7791788649147136,-0.001719008616106068
2026-06-02 22:45:00,1.7853333333333332,-0.0031000000000005468,1.7883945104251318,-3.882290820206217e-05
2026-06-02 22:50:00,1.788033333333334,0.002700000000000813,1.7889832315987724,0.000588721173640766
2026-06-02 22:55:00,1.7870500000000005,-0.000983333333333558,1.7896304033208503,0.000647171722077929
2026-06-02 23:00:00,1.7843000000000002,-0.0027500000000002522,1.7898981312587612,0.00026772793791078744
2026-06-02 23:05:00,1.7879333333333343,0.0036333333333340434,1.7899376424434614,3.9511184700190324e-05
2026-06-02 23:10:00,1.7839666666666676,-0.003966666666666674,1.7872428318947147,-0.0006905014386194853
2026-06-02 23:15:00,1.7914000000000005,0.007433333333332959,1.7867728373437897,-0.00046999455092513266
2026-06-02 23:20:00,1.7892833333333342,-0.0021166666666663225,1.7854189712552204,-0.0013538660885691355
2026-06-02 23:25:00,1.7946440677966111,0.005360734463276895,1.7837848386317818,-0.0016341326234386453
2026-06-02 23:30:00,1.7852833333333338,-0.009360734463277343,1.7822243445528774,-0.001560494078904476
2026-06-02 23:35:00,1.7762333333333336,-0.009050000000000225,1.783874940435945,-0.0014083928973887875
2026-06-02 23:40:00,1.7784833333333332,0.002249999999999641,1.7818475710491524,-0.002027369386792607
2026-06-02 23:45:00,1.7756666666666674,-0.0028166666666658013,1.780182882672285,-0.0016646883768673445
2026-06-02 23:50:00,1.7649000000000006,-0.010766666666666813,1.779574907119076,-0.0006079755532090638
2026-06-02 23:55:00,1.767033333333334,0.0021333333333333204,1.7794616723227803,-0.00011323479629568787
2026-06-03 00:00:00,1.7709833333333338,0.003949999999999898,1.7664955828774094,-0.0005377504559245781
2026-06-03 00:05:00,1.7694333333333334,-0.0015500000000003844,1.7666997664588842,0.00020418358147489935
2026-06-03 00:10:00,1.7716666666666676,0.0022333333333341976,1.766360044378001,-0.00033972208088318555
2026-06-03 00:15:00,1.7733559322033896,0.0016892655367219955,1.765702626255471,-0.0006574181225301594
2026-06-03 00:20:00,1.773433333333334,7.740112994447657e-05,1.7641570465568641,-0.0015455796986067346
2026-06-03 00:25:00,1.7697500000000004,-0.003683333333333705,1.7740195718942395,0.000586238560905471
2026-06-03 00:30:00,1.7690666666666675,-0.000683333333332925,1.773397756602149,-0.0006218152920904035
2026-06-03 00:35:00,1.761883333333333,-0.00718333333333443,1.7723956068767495,-0.001002149725399761
2026-06-03 00:40:00,1.7562666666666662,-0.005616666666666825,1.7709235131526802,-0.0014720937240692115
2026-06-03 00:45:00,1.7482666666666666,-0.007999999999999563,1.7698635054946856,-0.00106000765799448
2026-06-03 00:50:00,1.7434915254237293,-0.00477514124293732,1.7490732270880507,0.000806560421384014
2026-06-03 00:55:00,1.7414999999999994,-0.001991525423729934,1.7508059621057614,0.001732735017710737
2026-06-03 01:00:00,1.7310666666666665,-0.01043333333333285,1.7511959239546748,0.00038996184891333316
2026-06-03 01:05:00,1.7261333333333335,-0.004933333333333012,1.751045464222511,-0.0001504597321637503
2026-06-03 01:10:00,1.7422333333333333,0.01609999999999978,1.7507207237842672,-0.0003247404382436945
2026-06-03 01:15:00,1.7354166666666662,-0.006816666666667137,1.743331176097492,0.0010978427641587536
2026-06-03 01:20:00,1.7067457627118638,-0.028670903954802318,1.7433181242258062,-1.3051871685816841e-05
2026-06-03 01:25:00,1.6915333333333333,-0.015212429378530512,1.74341615463147,9.803040566374123e-05
2026-06-03 01:30:00,1.6615833333333339,-0.029949999999999477,1.7435683279162548,0.00015217328478486325
2026-06-03 01:35:00,1.6411833333333337,-0.020400000000000196,1.743552903204901,-1.5424711353767544e-05
2026-06-03 01:40:00,1.586383333333333,-0.054800000000000626,1.632332676263151,-0.00885065707018268
2026-06-03 01:45:00,1.6346166666666662,0.04823333333333313,1.625843368565638,-0.006489307697513151
2026-06-03 01:50:00,1.7229833333333333,0.08836666666666715,1.6218423597091989,-0.004001008856438963
2026-06-03 01:55:00,1.7202542372881349,-0.0027290960451984425,1.619469114680285,-0.0023732450289137455
2026-06-03 02:00:00,1.7169333333333325,-0.0033209039548023345,1.6179518188991795,-0.001517295781105537
2026-06-03 02:05:00,1.7229333333333325,0.006000000000000005,1.714784262258119,-0.0021490710752133466
2026-06-03 02:10:00,1.7206166666666658,-0.0023166666666667446,1.7138921560150515,-0.0008921062430676591
2026-06-03 02:15:00,1.7175833333333332,-0.003033333333332555,1.7143824621173904,0.0004903061023388489
2026-06-03 02:20:00,1.7159499999999994,-0.0016333333333338196,1.7135223594787785,-0.0008601026386119548
2026-06-03 02:25:00,1.7174745762711863,0.0015245762711868505,1.7113857475601377,-0.0021366119186406723
2026-06-03 02:30:00,1.7194999999999996,0.0020254237288133137,1.712168554641849,-0.005306021629337255
2026-06-03 02:35:00,1.7142833333333327,-0.005216666666666869,1.7069746243719917,-0.0051939302698574205
2026-06-03 02:40:00,1.715849999999999,0.001566666666666272,1.7020915808155714,-0.004883043556420136
2026-06-03 02:45:00,1.7121500000000003,-0.0036999999999987043,1.6981609616985078,-0.003930619117063625
2026-06-03 02:50:00,1.6939999999999997,-0.018150000000000555,1.6952174770966124,-0.0029434846018954186
2026-06-03 02:55:00,1.682101694915255,-0.011898305084744765,1.6988872002578224,0.004887200257822692
2026-06-03 03:00:00,1.6654166666666668,-0.016685028248588196,1.6971784032652277,-0.0017087969925946998
2026-06-03 03:05:00,1.664266666666667,-0.0011499999999997623,1.6945086719172429,-0.002669731347984966
2026-06-03 03:10:00,1.6660333333333333,0.00176666666666625,1.6924524390596176,-0.0020562328576250967
2026-06-03 03:15:00,1.6665500000000006,0.0005166666666673869,1.6907105925689756,-0.0017418464906419943
2026-06-03 03:20:00,1.6537833333333336,-0.012766666666667037,1.6649323405627472,-0.0016176594372533939
2026-06-03 03:25:00,1.647816666666667,-0.005966666666666676,1.662550321959686,-0.002382018603061329
2026-06-03 03:30:00,1.6337966101694916,-0.014020056497175304,1.6601990391003336,-0.0023512828593522717
2026-06-03 03:35:00,1.622783333333333,-0.011013276836158603,1.6578988009157885,-0.002300238184545293
2026-06-03 03:40:00,1.6200999999999994,-0.002683333333333593,1.6556310816201951,-0.0022677192955931798
2026-06-03 03:45:00,1.5866666666666664,-0.03343333333333298,1.619382946723992,-0.0007170532760073551
2026-06-03 03:50:00,1.5817,-0.004966666666666342,1.6194767816543145,9.383493032235585e-05
2026-06-03 03:55:00,1.5772166666666665,-0.004483333333333617,1.619408856220462,-6.792543385234374e-05
2026-06-03 04:00:00,1.5757166666666669,-0.0014999999999996128,1.6187330262453763,-0.0006758299750858279
2026-06-03 04:05:00,1.572466666666667,-0.003249999999999975,1.6176181199886532,-0.0011149062567230009
2026-06-03 04:10:00,1.5815932203389833,0.009126553672316406,1.5723013846777878,-0.00016528198887903387
2026-06-03 04:15:00,1.6103166666666655,0.0287234463276822,1.5724916994533835,0.00019031477559563768
2026-06-03 04:20:00,1.6760499999999996,0.06573333333333409,1.572285517620013,-0.00020618183337054791
2026-06-03 04:25:00,1.6814,0.00535000000000041,1.5717030431627326,-0.0005824744572804464
2026-06-03 04:30:00,1.674800000000001,-0.006599999999999051,1.5710037855084813,-0.0006992576542511579
2026-06-03 04:35:00,1.6682372881355936,-0.006562711864407378,1.6662397703903962,-0.008560229609604692
2026-06-03 04:40:00,1.6653666666666664,-0.002870621468927137,1.661805667234058,-0.004434103156338383
2026-06-03 04:45:00,1.6717500000000003,0.0063833333333338516,1.6600680023461714,-0.0017376648878865797
2026-06-03 04:50:00,1.6655833333333334,-0.006166666666666876,1.6585427386812195,-0.00152526366495189
2026-06-03 04:55:00,1.6564833333333338,-0.009099999999999664,1.6570493652671672,-0.001493373414052141
2026-06-03 05:00:00,1.6557500000000003,-0.0007333333333334746,1.656155533518612,-0.000327799814721673
2026-06-03 05:05:00,1.6445666666666672,-0.011183333333333101,1.6545184987851556,-0.001637034733456534
2026-06-03 05:10:00,1.6389666666666673,-0.005599999999999827,1.6525985674103465,-0.0019199313748091108
2026-06-03 05:15:00,1.6358813559322039,-0.003085310734463498,1.6509998550229465,-0.0015987123873999617
2026-06-03 05:20:00,1.6295333333333326,-0.006348022598871239,1.6485152966590182,-0.0024845583639282603
2026-06-03 05:25:00,1.6274166666666658,-0.0021166666666667666,1.622155673667923,-0.0073776596654094966
2026-06-03 05:30:00,1.6214333333333326,-0.0059833333333332295,1.6145031826020908,-0.007652491065832262
2026-06-03 05:35:00,1.6146833333333328,-0.006749999999999812,1.6060029775836135,-0.008500205018477208
2026-06-03 05:40:00,1.6056333333333335,-0.009049999999999336,1.5990063889404196,-0.006996588643194128
2026-06-03 05:45:00,1.598749999999999,-0.006883333333334463,1.5940886221774375,-0.004917766762981968
2026-06-03 05:50:00,1.6013333333333326,0.002583333333333604,1.5987154750892956,-3.4524910703346865e-05
2026-06-03 05:55:00,1.59885,-0.0024833333333325047,1.5991571684938017,0.00044169340450612293
2026-06-03 06:00:00,1.6045999999999991,0.005749999999999034,1.5989419772330309,-0.00021519126077083995
2026-06-03 06:05:00,1.5996271186440674,-0.004972881355931769,1.5980214612251324,-0.0009205160078985669
2026-06-03 06:10:00,1.60415,0.004522881355932595,1.5968320868534376,-0.0011893743716948819
2026-06-03 06:15:00,1.599283333333333,-0.004866666666667019,1.6054001340037742,0.0012501340037742786
2026-06-03 06:20:00,1.603233333333334,0.003950000000001008,1.6055892593934022,0.00018912538962793566
2026-06-03 06:25:00,1.6078166666666667,0.0045833333333327175,1.6054321409922223,-0.00015711840117987131
2026-06-03 06:30:00,1.6111500000000005,0.0033333333333338544,1.6048581756344955,-0.0005739653577267335
2026-06-03 06:35:00,1.6064666666666665,-0.004683333333334039,1.6038983756401317,-0.0009597999943639294
2026-06-03 06:40:00,1.606133333333333,-0.00033333333333351867,1.6066500693581072,0.00018340269144069492
2026-06-03 06:45:00,1.6067333333333336,0.0006000000000006,1.605972449522981,-0.0006776198351262455
2026-06-03 06:50:00,1.6072666666666668,0.0005333333333332746,1.6054742039358472,-0.0004982455871338205
2026-06-03 06:55:00,1.613152542372881,0.005885875706214128,1.6047154743754,-0.0007587295604470724
2026-06-03 07:00:00,1.6146166666666661,0.001464124293785174,1.6037295838258228,-0.0009858905495773165
2026-06-03 07:05:00,1.6177999999999997,0.003183333333333538,1.6140864989072972,-0.0005301677593689064
2026-06-03 07:10:00,1.6179999999999997,0.00019999999999997797,1.6130363943812864,-0.0010501045260107675
2026-06-03 07:15:00,1.6140666666666659,-0.003933333333333788,1.612103456047373,-0.0009329383339133369
2026-06-03 07:20:00,1.6172333333333329,0.003166666666666984,1.6103697824539833,-0.0017336735933898186
2026-06-03 07:25:00,1.6159333333333339,-0.0012999999999989686,1.6083868985281753,-0.001982883925807947
2026-06-03 07:30:00,1.5891333333333328,-0.026800000000001045,1.6140792853020363,-0.0018540480312976987
2026-06-03 07:35:00,2.5868305084745775,0.9976971751412447,1.6113647814054592,-0.002714503896576855
2026-06-03 07:40:00,2.6412000000000004,0.05436949152542292,1.6085264577832963,-0.0028383236221629893
2026-06-03 07:45:00,2.600383333333333,-0.04081666666666761,1.6062525276458874,-0.0022739301374088763
2026-06-03 07:50:00,2.6809166666666675,0.08053333333333468,1.6043482505450335,-0.0019042771008539708
2026-06-03 07:55:00,1.0341833333333335,-1.646733333333334,2.662752983504149,-0.018163683162518495
2026-06-03 08:00:00,1.8953220338983046,0.8611387005649711,2.645894465109416,-0.016858518394732805
2026-06-03 08:05:00,2.6883333333333326,0.793011299435028,2.6373390045541765,-0.008555460555239544
2026-06-03 08:10:00,2.6754166666666674,-0.012916666666665133,2.6346854778392874,-0.0026535267148893762
2026-06-03 08:15:00,2.684516666666667,0.009099999999999664,2.633984676803774,-0.0007008010355137007
2026-06-03 08:20:00,2.686233333333334,0.0017166666666668107,2.6742359539484393,-0.010280712718227718
2026-06-03 08:25:00,2.6917499999999994,0.005516666666665504,2.6652174675654305,-0.00901848638300906
2026-06-03 08:30:00,2.6919333333333335,0.0001833333333340903,2.656658519386721,-0.008558948178709431
2026-06-03 08:35:00,2.689266666666667,-0.002666666666666373,2.6478526955824138,-0.008805823804307139
2026-06-03 08:40:00,2.691516666666667,0.002249999999999641,2.639094857307843,-0.008757838274570834
2026-06-03 08:45:00,2.6929830508474577,0.001466384180790925,2.6843537078935276,-0.007162958773139238
2026-06-03 08:50:00,2.6822999999999992,-0.010683050847458464,2.6801711016987504,-0.004182606194777239
2026-06-03 08:55:00,2.680666666666666,-0.0016333333333333755,2.677178435515912,-0.0029926661828385574
2026-06-03 09:00:00,2.6805666666666665,-9.999999999932285e-05,2.6746117940788277,-0.002566641437084196
2026-06-03 09:05:00,2.6832833333333332,0.0027166666666667005,2.6720949953111193,-0.002516798767708287
2026-06-03 09:10:00,2.6883333333333317,0.005049999999998445,2.680999477685941,-0.0022838556473921095
2026-06-03 09:15:00,2.7171999999999996,0.02886666666666793,2.6795478959936356,-0.0014515816923053833
2026-06-03 09:20:00,2.723166666666667,0.005966666666667564,2.677147877359136,-0.002400018634499533
2026-06-03 09:25:00,2.725266666666666,0.0020999999999986585,2.6742814834979365,-0.0028663938611998936
2026-06-03 09:30:00,2.7178813559322035,-0.007385310734462358,2.6713729154290444,-0.0029085680688919766
2026-06-03 09:35:00,2.717949999999999,6.864406779572008e-05,2.7070138942195405,-0.01086746171266277
2026-06-03 09:40:00,2.717516666666666,-0.00043333333333306356,2.702141552585208,-0.004872341634332788
2026-06-03 09:45:00,2.7146166666666653,-0.002900000000000791,2.699145632396992,-0.0029959201882162893
2026-06-03 09:50:00,2.7146333333333326,1.6666666667219943e-05,2.6970955021167886,-0.0020501302802030277
2026-06-03 09:55:00,2.7146666666666666,3.3333333333995796e-05,2.6957691974899736,-0.001326304626814848
2026-06-03 10:00:00,2.7121333333333317,-0.0025333333333348307,2.7128548084866058,-0.001811858180060882
2026-06-03 10:05:00,2.7127666666666665,0.0006333333333348179,2.711622733590846,-0.001232074895759825
2026-06-03 10:10:00,2.71365,0.0008833333333333471,2.7105997637868553,-0.0010229698039905027
2026-06-03 10:15:00,2.708372881355931,-0.005277118644068768,2.709826132625056,-0.0007736311617994111
2026-06-03 10:20:00,2.709116666666666,0.0007437853107350456,2.7081153795670754,-0.0017107530579805574
2026-06-03 10:25:00,2.6971499999999997,-0.011966666666666459,2.707114236269638,-0.0020024303970281186
2026-06-03 10:30:00,2.704933333333332,0.007783333333332365,2.7043222663126767,-0.0027919699569611822
2026-06-03 10:35:00,2.7045833333333325,-0.0003499999999996284,2.701193584509247,-0.003128681803429844
2026-06-03 10:40:00,2.7015999999999996,-0.0029833333333328937,2.6980840546811304,-0.0031095298281166943
2026-06-03 10:45:00,2.6992166666666666,-0.00238333333333296,2.6953972334904446,-0.002686821190685745
2026-06-03 10:50:00,2.6972333333333323,-0.001983333333334336,2.700449898264689,0.0012332315980224371
2026-06-03 10:55:00,2.698183333333333,0.0009500000000008946,2.701430290240995,0.000980391976305942
2026-06-03 11:00:00,2.702135593220339,0.003952259887005649,2.701773888854301,0.0003435986133062177
2026-06-03 11:05:00,2.6931333333333334,-0.009002259887005426,2.701635398668845,-0.0001384901854561462
2026-06-03 11:10:00,2.6987333333333345,0.00560000000000116,2.7013882078931846,-0.0002471907756603286
2026-06-03 11:15:00,2.696516666666667,-0.0022166666666674217,2.699122019518112,0.00038868618477730187
2026-06-03 11:20:00,2.694616666666666,-0.001900000000000901,2.69882595551795,-0.0002960640001620191
2026-06-03 11:25:00,2.695783333333334,0.0011666666666676484,2.6979938213014614,-0.00083213421648825
2026-06-03 11:30:00,2.6947333333333336,-0.0010500000000002174,2.6969507585676884,-0.0010430627337732438
2026-06-03 11:35:00,2.6935166666666666,-0.0012166666666670878,2.6956853186449923,-0.0012654399226958927
2026-06-03 11:40:00,2.691416666666667,-0.0020999999999995467,2.692961059450143,-0.0005556072165236439
2026-06-03 11:45:00,2.6958644067796604,0.004447740112993426,2.6921792667369373,-0.0007817927132058164
2026-06-03 11:50:00,2.6976333333333327,0.0017689265536722232,2.6920166827957606,-0.00016258394117670886
2026-06-03 11:55:00,2.6870666666666665,-0.010566666666666169,2.6920586118190424,4.1929023281941484e-05
2026-06-03 12:00:00,2.687133333333334,6.66666666675475e-05,2.6921330424867516,7.443066770942398e-05
2026-06-03 12:05:00,2.68855,0.0014166666666661776,2.6872360605220678,0.00010272718873366747
2026-06-03 12:10:00,2.6873666666666676,-0.001183333333332648,2.6878231415197407,0.0005870809976729638
2026-06-03 12:15:00,2.687733333333334,0.00036666666666640424,2.687987853313914,0.0001647117941733773
2026-06-03 12:20:00,2.686166666666667,-0.0015666666666671603,2.687237029401005,-0.0007508239129091809
2026-06-03 12:25:00,2.683866666666667,-0.0022999999999999687,2.6861508230877016,-0.0010862063133032528
2026-06-03 12:30:00,2.6868983050847453,0.0030316384180784084,2.6844749939036032,0.0006083272369365281
2026-06-03 12:35:00,2.6864333333333335,-0.00046497175141180236,2.68437995832628,-9.503557732349454e-05
2026-06-03 12:40:00,2.687466666666667,0.0010333333333334416,2.6839532614643575,-0.00042669686192236254
2026-06-03 12:45:00,2.6833666666666662,-0.004100000000000659,2.6835240536007094,-0.0004292078636482154
2026-06-03 12:50:00,2.683033333333334,-0.00033333333333240844,2.6835890522606864,6.499865997695325e-05
2026-06-03 12:55:00,2.6837,0.0006666666666661492,2.6831578302466403,0.0001244969133064327
2026-06-03 13:00:00,2.69185,0.008150000000000102,2.684149362557213,0.0009915323105724554
2026-06-03 13:05:00,2.685733333333334,-0.006116666666665882,2.684688811394655,0.0005394488374421099
2026-06-03 13:10:00,2.6908166666666675,0.005083333333333329,2.6850670150124873,0.00037820361783238315
2026-06-03 13:15:00,2.694271186440678,0.003454519774010567,2.685544638749641,0.0004776237371536961
2026-06-03 13:20:00,2.684833333333332,-0.009437853107346239,2.693201845181317,-0.0010693412593608762
2026-06-03 13:25:00,2.686066666666667,0.001233333333335196,2.691826805344387,-0.0013750398369303115
2026-06-03 13:30:00,2.686799999999999,0.0007333333333319203,2.690613208003516,-0.0012135973408706382
2026-06-03 13:35:00,2.68785,0.0010500000000011056,2.689487179268358,-0.001126028735158303
2026-06-03 13:40:00,2.6859000000000006,-0.0019499999999994522,2.688484800340065,-0.001002378928292835
2026-06-03 13:45:00,2.6907,0.004799999999999471,2.6854378687619715,-0.00046213123802929214
2026-06-03 13:50:00,2.6937666666666673,0.003066666666667217,2.685676361048562,0.00023849228659088585
2026-06-03 13:55:00,2.6888166666666673,-0.00495000000000001,2.686011604213196,0.000335243164633958
2026-06-03 14:00:00,2.6904237288135593,0.001607062146891991,2.6864058847300005,0.00039428051680420815
2026-06-03 14:05:00,2.6879500000000003,-0.0024737288135590063,2.6867437536942025,0.000337868964202274
2026-06-03 14:10:00,2.6888833333333335,0.0009333333333332305,2.6875898941707903,-0.0003601058292098662
2026-06-03 14:15:00,2.6922666666666664,0.0033833333333328497,2.688055072839775,0.0004651786689843393
2026-06-03 14:20:00,2.6922333333333337,-3.333333333266353e-05,2.6877188362149536,-0.0003362366248213646
2026-06-03 14:25:00,2.693383333333333,0.0011499999999990962,2.687071312908529,-0.0006475233064246579
2026-06-03 14:30:00,2.691,-0.00238333333333296,2.6865103111749886,-0.0005610017335402523
2026-06-03 14:35:00,2.6871166666666664,-0.0038833333333334608,2.6911346715160636,0.0001346715160639185
2026-06-03 14:40:00,2.690266666666666,0.003149999999999764,2.6906269563442295,-0.0005077151718344275
2026-06-03 14:45:00,2.686881355932202,-0.003385310734464131,2.6901471296592883,-0.0004798266849408942
2026-06-03 14:50:00,2.694916666666667,0.00803531073446484,2.6902407621311286,9.363247184036454e-05
2026-06-03 14:55:00,2.69455,-0.00036666666666684833,2.690631747895041,0.00039098576391199534
2026-06-03 15:00:00,2.6966833333333327,0.0021333333333326543,2.694614009541459,6.400954145858419e-05
2026-06-03 15:05:00,2.6837833333333334,-0.012899999999999245,2.6951479829441896,0.0005339734027309561
2026-06-03 15:10:00,2.692266666666666,0.00848333333333251,2.6957026636837327,0.0005546807395432978
2026-06-03 15:15:00,2.698066666666667,0.005800000000001138,2.69626910404589,0.0005664403621571773
2026-06-03 15:20:00,2.692683333333333,-0.005383333333333962,2.6960347143462737,-0.0002343896996163528
2026-06-03 15:25:00,2.693016666666667,0.0003333333333337407,2.692365246463196,-0.0003180868701368082
2026-06-03 15:30:00,2.6906440677966095,-0.002372598870057363,2.6917692758481646,-0.0005959706150315849
2026-06-03 15:35:00,2.2108000000000008,-0.4798440677966087,2.69812416989125,0.006354894043085147
2026-06-03 15:40:00,2.113783333333333,-0.09701666666666764,2.7025336792153696,0.004409509324119847
2026-06-03 15:45:00,2.1145499999999995,0.0007666666666663602,2.702237190807139,-0.00029648840823032576
2026-06-03 15:50:00,2.1161333333333334,0.0015833333333339361,2.122852364004982,0.008302364004982766
2026-06-03 15:55:00,2.113466666666666,-0.002666666666667261,2.124680510034699,0.001828146029716982
2026-06-03 16:00:00,2.1163,0.0028333333333336874,2.1240365152552307,-0.0006439947794687162
2026-06-03 16:05:00,2.117316666666666,0.0010166666666662216,2.1237225946066274,-0.0003139206486031868
2026-06-03 16:10:00,2.1161499999999998,-0.0011666666666663161,2.1234095510302695,-0.00031304357635798195
2026-06-03 16:15:00,2.1198644067796604,0.0037144067796606173,2.117875150467928,0.0017251504679281218
2026-06-03 16:20:00,2.120816666666667,0.0009522598870064236,2.118682059408251,0.0008069089403232275
2026-06-03 16:25:00,2.1148666666666665,-0.005950000000000344,2.119279896244684,0.0005978368364326207
2026-06-03 16:30:00,2.1201333333333334,0.005266666666666975,2.1197279613624604,0.0004480651177767964
2026-06-03 16:35:00,2.115366666666666,-0.004766666666667252,2.119985984912479,0.00025802355001835586
2026-06-03 16:40:00,2.1227833333333335,0.007416666666667293,2.117058327501751,0.0016916608350851367
2026-06-03 16:45:00,2.129733333333333,0.006949999999999346,2.117726198215527,0.0006678707137755712
2026-06-03 16:50:00,2.1298,6.666666666710341e-05,2.118278021975576,0.0005518237600490746
2026-06-03 16:55:00,2.1257166666666674,-0.0040833333333325506,2.1189306050921313,0.0006525831165553927
2026-06-03 17:00:00,2.1271016949152535,0.0013850282485861065,2.119360168150087,0.0004295630579555901
2026-06-03 17:05:00,2.126016666666666,-0.0010850282485872498,2.126288868756935,-0.0008128261583184254
2026-06-03 17:10:00,2.1249333333333333,-0.001083333333332881,2.1255403388179452,-0.0007485299389897533
2026-06-03 17:15:00,2.1268999999999996,0.001966666666666228,2.124692172819866,-0.0008481659980792257
2026-06-03 17:20:00,2.12615,-0.0007499999999995843,2.123290812481196,-0.001401360338670262
2026-06-03 17:25:00,2.1278333333333337,0.001683333333333703,2.121659774633505,-0.0016310378476908148
2026-06-03 17:30:00,2.1274833333333336,-0.0003500000000000725,2.127006934221136,-0.0008263991121973211
2026-06-03 17:35:00,2.1247,-0.002783333333333804,2.125775047800609,-0.0012318864205271122
2026-06-03 17:40:00,2.1291833333333328,0.004483333333332951,2.124537265308835,-0.0012377824917742739
2026-06-03 17:45:00,2.127,-0.002183333333332982,2.12325250043949,-0.0012847648693447877
2026-06-03 17:50:00,2.129783333333333,0.00278333333333336,2.122270307119708,-0.000982193319781774
2026-06-03 17:55:00,2.1233666666666666,-0.006416666666666515,2.128264188595016,-0.0015191447383167246
2026-06-03 18:00:00,2.126683333333333,0.0033166666666661904,2.1275235481594788,-0.0007406404355375582
2026-06-03 18:05:00,2.1272333333333333,0.0005500000000004945,2.126773124897851,-0.0007504232616276876
2026-06-03 18:10:00,2.1245499999999997,-0.002683333333333593,2.12590228620522,-0.0008708386926313183
2026-06-03 18:15:00,2.1239166666666676,-0.0006333333333321534,2.1249221238794536,-0.0009801623257662307
2026-06-03 18:20:00,2.1258,0.0018833333333323488,2.1231774566978,-0.0007392099688674868
2026-06-03 18:25:00,2.1246271186440673,-0.0011728813559326312,2.1223216542624845,-0.0008558024353154718
2026-06-03 18:30:00,2.1217999999999995,-0.0028271186440678164,2.121286616582548,-0.001035037679936542
2026-06-03 18:35:00,2.1223666666666667,0.0005666666666672704,2.120203405704928,-0.0010832108776200797
2026-06-03 18:40:00,2.1237166666666663,0.0013499999999995183,2.119160042113441,-0.0010433635914866523
2026-06-03 18:45:00,2.1213,-0.0024166666666660674,2.122840884615528,-0.0008757820511384011
2026-06-03 18:50:00,2.1221499999999995,0.0008499999999993513,2.1221659085776876,-0.0006749760378400463
2026-06-03 18:55:00,2.1253,0.0031500000000006523,2.1219726405608714,-0.0001932680168165444
2026-06-03 19:00:00,2.1250166666666668,-0.00028333333333341315,2.1217986750237614,-0.00017396553711003575
2026-06-03 19:05:00,2.1210333333333335,-0.003983333333333228,2.121507693357076,-0.0002909816666852798
2026-06-03 19:10:00,2.1233050847457626,0.0022717514124290794,2.1197677326792688,-0.0012656006540646841
2026-06-03 19:15:00,2.1213999999999995,-0.0019050847457631193,2.119011224123226,-0.0007565085560425656
2026-06-03 19:20:00,2.1231999999999998,0.0018000000000002458,2.117710763365279,-0.001300460757946939
2026-06-03 19:25:00,2.122883333333333,-0.00031666666666696486,2.116128669636183,-0.0015820937290962195
2026-06-03 19:30:00,2.1232166666666665,0.0003333333333337407,2.1146582344294202,-0.0014704352067630272
2026-06-03 19:35:00,2.1214833333333334,-0.0017333333333331424,2.1226085263861654,-0.0006081402805010656
2026-06-03 19:40:00,2.119666666666666,-0.0018166666666674658,2.1214976960516423,-0.0011108303345232265
2026-06-03 19:45:00,2.123599999999999,0.0039333333333329,2.1201676842072836,-0.0013300118443584504
2026-06-03 19:50:00,2.1277,0.004100000000001103,2.1189903673197117,-0.0011773168875719663
2026-06-03 19:55:00,2.123220338983051,-0.004479661016949077,2.1186124076760176,-0.00037795964369446717
2026-06-03 20:00:00,2.1294333333333335,0.0062129943502826634,2.1217195907782775,-0.0015007482047732137
2026-06-03 20:05:00,2.125316666666666,-0.0041166666666674345,2.120761912268716,-0.000957678509561553
2026-06-03 20:10:00,2.1281,0.002783333333333804,2.1196599225205177,-0.0011019897481982747
2026-06-03 20:15:00,2.1295666666666664,0.0014666666666665051,2.118512929312567,-0.0011469932079510342
2026-06-03 20:20:00,2.125233333333333,-0.0043333333333333,2.1168385313775637,-0.001674397935003002
2026-06-03 20:25:00,2.130566666666667,0.005333333333334078,2.1244096020910583,-0.0008237312422746123
2026-06-03 20:30:00,2.1350333333333333,0.004466666666666175,2.1231634689386474,-0.0012461331524110208
2026-06-03 20:35:00,2.132833333333333,-0.002200000000000202,2.1217060621376054,-0.0014574068010422222
2026-06-03 20:40:00,2.133677966101695,0.000844632768361997,2.1202555003439314,-0.001450561793673946
2026-06-03 20:45:00,2.13585,0.0021720338983048926,2.118683244060879,-0.0015722562830524256
2026-06-03 20:50:00,2.131866666666667,-0.003983333333333228,2.1337055029981933,-0.002144497001806775
2026-06-03 20:55:00,2.1291333333333338,-0.0027333333333330323,2.1323724233887895,-0.0013330796094036678
2026-06-03 21:00:00,2.1301666666666668,0.0010333333333329975,2.1313173384621686,-0.0010550849266209375
2026-06-03 21:05:00,2.14875,0.018583333333333396,2.130318861098071,-0.000998477364097861
2026-06-03 21:10:00,2.13555,-0.013200000000000323,2.1292239815213843,-0.0010948795766865668
2026-06-03 21:15:00,2.113599999999999,-0.021950000000000802,2.1342943645431665,-0.0012556354568335271
2026-06-03 21:20:00,2.132406779661018,0.018806779661018957,2.133047797977729,-0.001246566565437134
2026-06-03 21:25:00,2.1346333333333334,0.00222655367231539,2.131361219286407,-0.0016865786913224758
2026-06-03 21:30:00,2.1370166666666672,0.002383333333333848,2.129675524781206,-0.001685694505200971
2026-06-03 21:35:00,2.131166666666667,-0.005850000000000133,2.1279462206602813,-0.0017293041209243258
2026-06-03 21:40:00,2.13145,0.00028333333333296906,2.1296336688138227,-0.0015329978528445132
2026-06-03 21:45:00,2.132283333333334,0.0008333333333339077,2.128110720268807,-0.001522948545015336
2026-06-03 21:50:00,2.134133333333333,0.0018499999999992411,2.1264029431387588,-0.0017077771300483518
2026-06-03 21:55:00,2.1399833333333333,0.005850000000000133,2.125491623759443,-0.0009113193793159342
2026-06-03 22:00:00,2.1337666666666673,-0.006216666666666093,2.1247752151476993,-0.0007164086117435065
2026-06-03 22:05:00,2.1450000000000005,0.011233333333333206,2.131633841514631,-0.002132825152035902
2026-06-03 22:10:00,2.1382833333333333,-0.006716666666667148,2.129769592148794,-0.0018642493658371348
2026-06-03 22:15:00,2.134533333333334,-0.003749999999999254,2.1279641588494447,-0.0018054332993493816
2026-06-03 22:20:00,2.133333333333333,-0.0012000000000012,2.125792327845143,-0.002171831004301472
2026-06-03 22:25:00,2.135100000000001,0.0017666666666680264,2.1234799446748216,-0.002312383170321672
2026-06-03 22:30:00,2.1336333333333335,-0.0014666666666673933,2.1338446725019056,-0.0012553274980953897
2026-06-03 22:35:00,2.1365166666666666,0.002883333333333127,2.1319397104891027,-0.0019049620128026544
2026-06-03 22:40:00,2.1353166666666668,-0.0011999999999998678,2.130019638079507,-0.0019200724095959272
2026-06-03 22:45:00,2.135593220338983,0.00027655367231638195,2.1282067887876086,-0.0018128492918982695
2026-06-03 22:50:00,2.138183333333333,0.002590112994349969,2.126455990151238,-0.0017507986363705563
2026-06-03 22:55:00,2.1349666666666662,-0.0032166666666668675,2.137761931585845,-0.0004214017474879131
2026-06-03 23:00:00,2.136183333333333,0.0012166666666666437,2.1377475803840444,-1.4351201800880418e-05
2026-06-03 23:05:00,2.1379333333333337,0.0017500000000008065,2.137647965888468,-9.961449557615411e-05
2026-06-03 23:10:00,2.1383500000000004,0.0004166666666667318,2.1375244627133263,-0.00012350317514202337
2026-06-03 23:15:00,2.1354,-0.00295000000000023,2.137397524471916,-0.00012693824141016293
2026-06-03 23:20:00,2.1378166666666676,0.0024166666666673997,2.1357488070209785,0.0003488070209784843
2026-06-03 23:25:00,2.136416666666667,-0.001400000000000734,2.135457206720618,-0.00029160030036050897
2026-06-03 23:30:00,2.137203389830509,0.0007867231638423178,2.1351336985059266,-0.00032350821469175794
2026-06-03 23:35:00,2.1403333333333334,0.0031299435028242506,2.134831011891294,-0.0003026866146323267
2026-06-03 23:40:00,2.135483333333333,-0.004850000000000243,2.134605919263844,-0.0002250926274504692
2026-06-03 23:45:00,2.1375,0.0020166666666669997,2.136134416603578,0.0006510832702450234
2026-06-03 23:50:00,2.1347666666666663,-0.0027333333333339205,2.1364487115669717,0.0003142949633934493
2026-06-03 23:55:00,2.1385333333333336,0.003766666666667362,2.1367492602217633,0.00030054865479174566
2026-06-04 00:00:00,2.139433333333334,0.000900000000000567,2.1370183815366253,0.0002691213148618231
2026-06-04 00:05:00,2.1364000000000005,-0.0030333333333336654,2.1372779970018905,0.00025961546526508285
2026-06-04 00:10:00,2.135999999999999,-0.0004000000000017323,2.1369163066089594,0.0005163066089586722
2026-06-04 00:15:00,2.1377627118644065,0.0017627118644076845,2.13737399069894,0.00045768408998091126
2026-06-04 00:20:00,2.1401499999999998,0.0023872881355933018,2.137120419203968,-0.0002535714949723371
2026-06-04 00:25:00,2.1384333333333334,-0.0017166666666663666,2.136820245334728,-0.0003001738692399592
2026-06-04 00:30:00,2.1361833333333333,-0.0022500000000000853,2.1366317206139755,-0.00018852472075210077
2026-06-04 00:35:00,2.13775,0.0015666666666667162,2.1365417484004294,0.00035841506709616847
2026-06-04 00:40:00,2.1412666666666667,0.0035166666666666124,2.1362408379494657,-0.0003009104509636768
2026-06-04 00:45:00,2.1404,-0.0008666666666665712,2.1361929792762675,-4.785867319852256e-05
2026-06-04 00:50:00,2.1391833333333334,-0.0012166666666666437,2.1362118277725735,1.88484963059782e-05
2026-06-04 00:55:00,2.1425666666666667,0.0033833333333332938,2.1364142847902117,0.00020245701763822954
2026-06-04 01:00:00,2.1395084745762714,-0.003058192090395373,2.1416465279970764,-0.0009201386695900901
2026-06-04 01:05:00,2.1389333333333336,-0.0005751412429377822,2.1415228467242744,-0.0001236812728023987
2026-06-04 01:10:00,2.1421333333333337,0.0032000000000000917,2.1416779700506785,0.00015512332640425612
2026-06-04 01:15:00,2.1398166666666665,-0.0023166666666671887,2.142093526670187,0.00041555661950846745
2026-06-04 01:20:00,2.137983333333333,-0.0018333333333333535,2.1417891645323235,-0.00030436213786329047
2026-06-04 01:25:00,2.143716666666667,0.005733333333334034,2.1386114887071233,0.0006281553737900972
2026-06-04 01:30:00,2.141666666666667,-0.0020500000000001073,2.1384025838430603,-0.00020890486406314888
2026-06-04 01:35:00,2.141466666666667,-0.00019999999999997797,2.1380284193444634,-0.00037416449859670875
2026-06-04 01:40:00,2.1421500000000004,0.0006833333333333691,2.1377767713817053,-0.00025164796275794343
2026-06-04 01:45:00,2.142169491525423,1.9491525422576927e-05,2.1377326092398183,-4.4162141887221856e-05
2026-06-04 01:50:00,2.1395,-0.0026694915254230622,2.142089575829542,-7.991569588078976e-05
2026-06-04 01:55:00,2.1389833333333343,-0.0005166666666656106,2.1422205056086336,0.0001309297790915526
2026-06-04 02:00:00,2.1397833333333334,0.0007999999999990237,2.1422906719722987,7.016636366481753e-05
2026-06-04 02:05:00,2.145616666666667,0.005833333333333801,2.1423705040215015,7.983204920272801e-05
2026-06-04 02:10:00,2.14255,-0.003066666666667217,2.1426212589672655,0.00025075494576414143
2026-06-04 02:15:00,2.149416666666667,0.006866666666667243,2.142531396218532,-1.8603781467805456e-05
2026-06-04 02:20:00,2.149016666666666,-0.0004000000000012882,2.1423110914312633,-0.0002203047872686733
2026-06-04 02:25:00,2.151133333333333,0.0021166666666672107,2.1420344741394395,-0.0002766172918239354
2026-06-04 02:30:00,2.146949152542373,-0.004184180790959946,2.1418764651948266,-0.0001580089446130379
2026-06-04 02:35:00,2.144716666666666,-0.002232485875707013,2.141682491825185,-0.00019397336964160198
2026-06-04 02:40:00,2.1451166666666674,0.0004000000000012882,2.145095057937563,0.0003783912708971945
2026-06-04 02:45:00,2.1511166666666672,0.005999999999999783,2.1449985620844525,-9.649585311088166e-05
2026-06-04 02:50:00,2.1496666666666666,-0.0014500000000006175,2.1448826225715663,-0.00011593951288633409
2026-06-04 02:55:00,2.1520666666666672,0.002400000000000624,2.1449359120247404,5.3289453174086524e-05
2026-06-04 03:00:00,2.152200000000001,0.00013333333333376274,2.144979438757875,4.352673313489027e-05
2026-06-04 03:05:00,2.1495333333333337,-0.002666666666667261,2.1513831334023696,-0.0008168665976315071
2026-06-04 03:10:00,2.153389830508475,0.00385649717514136,2.151334312372106,-4.882103026356661e-05
2026-06-04 03:15:00,2.1509666666666662,-0.002423163841808851,2.151649371720874,0.000315059348768076
2026-06-04 03:20:00,2.149866666666667,-0.0010999999999992127,2.1513485438895326,-0.0003008278313414793
2026-06-04 03:25:00,2.1498666666666666,-4.440892098500626e-16,2.1509842630647023,-0.00036428082483030776
2026-06-04 03:30:00,2.1516166666666674,0.0017500000000008065,2.15014079009172,0.000274123425053386
2026-06-04 03:35:00,2.1524333333333336,0.0008166666666662437,2.1496452491236226,-0.0004955409680971623
2026-06-04 03:40:00,2.1513000000000004,-0.0011333333333332085,2.1492771032063933,-0.0003681459172295443
2026-06-04 03:45:00,2.1472333333333333,-0.004066666666667107,2.1491675681906,-0.0001095350157929064
2026-06-04 03:50:00,2.1488000000000005,0.0015666666666671603,2.148977563522887,-0.00019000466771340458
2026-06-04 03:55:00,2.151508474576272,0.0027084745762713247,2.1494308568322813,0.0006308568322809816
2026-06-04 04:00:00,2.1523333333333334,0.0008248587570616195,2.149634169033072,0.00020331220079012146
2026-06-04 04:05:00,2.1502499999999993,-0.002083333333334103,2.149669425820722,3.525678765052922e-05
2026-06-04 04:10:00,2.1487666666666665,-0.001483333333332837,2.149840621160545,0.00017119533982279275
2026-06-04 04:15:00,2.1490000000000005,0.00023333333333397377,2.150390424727601,0.0005498035670559361
2026-06-04 04:20:00,2.1486499999999995,-0.00035000000000096065,2.1495490252458467,0.0005490252458462057
2026-06-04 04:25:00,2.1510517241379308,0.0024017241379312715,2.1494472871401697,-0.00010173810567679088
2026-06-04 04:30:00,2.149551724137932,-0.0014999999999987246,2.1493097163131636,-0.00013757082700615735
2026-06-04 04:35:00,2.1495762711864406,2.454704850851641e-05,2.149168310163215,-0.00014140614994874044
2026-06-04 04:40:00,2.1496333333333335,5.706214689293887e-05,2.1490797875611354,-8.85226020795988e-05
2026-06-04 04:45:00,2.1501500000000004,0.0005166666666669428,2.1498761250375247,0.00024279170419130703
2026-06-04 04:50:00,2.1481666666666674,-0.001983333333333004,2.1499360506877454,5.9925650220657664e-05
2026-06-04 04:55:00,2.1479090909090917,-0.00025757575757578977,2.1499828001408825,4.674945313702505e-05
2026-06-04 05:00:00,2.1513000000000004,0.003390909090908778,2.1500040266407607,2.1226499878394987e-05
2026-06-04 05:05:00,2.1494000000000004,-0.0019000000000000128,2.149987719192435,-1.6307448325877143e-05
2026-06-04 05:10:00,2.150950000000001,0.0015500000000003844,2.1496639366824875,0.00026393668248699383
2026-06-04 05:15:00,2.151203389830509,0.000253389830508155,2.1500532672042985,0.00038933052181114536
2026-06-04 05:20:00,2.1512833333333337,7.994350282469753e-05,2.1498739501517785,-0.00017931705252013832
2026-06-04 05:25:00,2.151666666666666,0.0003833333333322919,2.1496544128467034,-0.00021953730507491098
2026-06-04 05:30:00,2.1491833333333337,-0.0024833333333322827,2.149581053406523,-7.335944018023601e-05
2026-06-04 05:35:00,2.155616666666667,0.006433333333333291,2.149646083937041,0.0004627506037073225
2026-06-04 05:40:00,2.1521000000000003,-0.0035166666666666124,2.149421536595064,-0.00022454734197661425
2026-06-04 05:45:00,2.156616666666667,0.004516666666666502,2.1493306203469538,-9.091624811065334e-05
2026-06-04 05:50:00,2.153166666666668,-0.003449999999999065,2.1491594699444168,-0.00017115040253681
2026-06-04 05:55:00,2.1492333333333344,-0.003933333333333344,2.1491038113780734,-5.5658566343664004e-05
2026-06-04 06:00:00,2.15335593220339,0.004122598870055505,2.1506875314371796,0.0014541981038451246
2026-06-04 06:05:00,2.155072727272727,0.0017167950693370848,2.1509882388358075,0.0003007073986276937
2026-06-04 06:10:00,2.1517500000000003,-0.0033227272727267554,2.151157945612514,0.00016970677670676113
2026-06-04 06:15:00,2.154033333333333,0.002283333333332749,2.151704484969115,0.0005465393566013127
2026-06-04 06:20:00,2.153633333333333,-0.00039999999999995595,2.15160004837342,-0.0001044365956951272
2026-06-04 06:25:00,2.154633333333334,0.001000000000000778,2.15358274139683,-5.0591936503275194e-05
2026-06-04 06:30:00,2.1610500000000012,0.006416666666667403,2.15317462550963,-0.00040811588720020324
2026-06-04 06:35:00,2.161086206896552,3.6206896550705636e-05,2.152853643508265,-0.00032098200136470033
2026-06-04 06:40:00,2.1612692307692316,0.00018302387267965514,2.152688648748075,-0.00016499476018967237
2026-06-04 06:45:00,2.1606000000000005,-0.0006692307692310884,2.1525957698134532,-9.287893462184766e-05
2026-06-04 06:50:00,2.156316666666667,-0.004283333333333417,2.160047817677873,-0.0005521823221276961
2026-06-04 06:55:00,2.1567857142857148,0.0004690476190476467,2.1599085759313446,-0.0001392417465282232
2026-06-04 07:00:00,2.1591875000000003,0.0024017857142855092,2.159835030282478,-7.354564886658737e-05
2026-06-04 07:05:00,2.1589666666666667,-0.0002208333333335588,2.1597584641312424,-7.656615123569882e-05
2026-06-04 07:10:00,2.161716666666666,0.002749999999999364,2.1598552462630933,9.678213185098634e-05
2026-06-04 07:15:00,2.16255,0.0008333333333339077,2.1610181225367318,-0.0006985441299344646
2026-06-04 07:20:00,2.1650169491525424,0.002466949152542419,2.160617443648211,-0.0004006788885209129
2026-06-04 07:25:00,2.163000000000001,-0.0020169491525412475,2.1602387311265736,-0.0003787125216370837
2026-06-04 07:30:00,2.163733333333334,0.0007333333333328085,2.1600459003551324,-0.00019283077144130668
2026-06-04 07:35:00,2.1649833333333333,0.0012499999999993072,2.1598561763316435,-0.00018972402348894639
2026-06-04 07:40:00,2.1673833333333334,0.0024000000000001798,2.164148949903182,-0.0008343834301515805
2026-06-04 07:45:00,2.16935,0.001966666666666672,2.163720251199231,-0.000428698703950735
2026-06-04 07:50:00,2.167766666666668,-0.0015833333333321598,2.163451329943694,-0.0002689212555368576
2026-06-04 07:55:00,2.166416666666667,-0.0013500000000008505,2.163369216077172,-8.211386652227156e-05
2026-06-04 08:00:00,2.167677966101696,0.0012612994350287288,2.1633272662197554,-4.194985741629013e-05
2026-06-04 08:05:00,2.167816666666667,0.00013870056497111705,2.167485835513949,-0.00019213058774691905
2026-06-04 08:10:00,2.1638333333333346,-0.0039833333333323395,2.167480909016832,-4.926497117079002e-06
2026-06-04 08:15:00,2.1645666666666665,0.0007333333333319203,2.1678258815272806,0.0003449725104486486
2026-06-04 08:20:00,2.169583333333334,0.0050166666666675575,2.167570117723815,-0.000255763803465358
2026-06-04 08:25:00,2.1649333333333334,-0.004650000000000709,2.167186638645289,-0.00038347907852594664
2026-06-04 08:30:00,2.162850000000001,-0.0020833333333323267,2.165531652774288,0.0005983194409545072
2026-06-04 08:35:00,2.1653000000000007,0.002449999999999619,2.1654044223032147,-0.0001272304710732438
2026-06-04 08:40:00,2.165118644067798,-0.0001813559322028091,2.165352353300663,-5.2069002551815996e-05
2026-06-04 08:45:00,2.165966666666667,0.0008480225988689583,2.165412620488477,6.026718781399197e-05
2026-06-04 08:50:00,2.1601833333333342,-0.005783333333332585,2.1652795762594033,-0.00013304422907354282
2026-06-04 08:55:00,2.156116666666667,-0.004066666666667107,2.1619377550519188,0.0017544217185844558
2026-06-04 09:00:00,2.159300000000001,0.00318333333333376,2.162550320468342,0.0006125654164233585
2026-06-04 09:05:00,2.1581500000000005,-0.0011500000000004285,2.1627266698271153,0.00017634935877326396
2026-06-04 09:10:00,2.157716666666667,-0.00043333333333350765,2.16297217650233,0.00024550667521455174
2026-06-04 09:15:00,2.157533333333333,-0.0001833333333340903,2.163600764075798,0.0006285875734679711
2026-06-04 09:20:00,2.158677966101695,0.001144632768362186,2.1584612730909463,0.0009279397576132285
2026-06-04 09:25:00,2.159933333333334,0.001255367231638882,2.1587593670630914,0.00029809397214534744
2026-06-04 09:30:00,2.1572666666666667,-0.002666666666667261,2.1589826100793177,0.00022324301622643643
2026-06-04 09:35:00,2.1579833333333336,0.0007166666666669208,2.159135006758775,0.0001523966794571676
2026-06-04 09:40:00,2.157733333333333,-0.0002500000000007496,2.1592714200920553,0.0001364133332801155
2026-06-04 09:45:00,2.1570499999999995,-0.0006833333333333691,2.158034095492616,0.0003007621592831073
2026-06-04 09:50:00,2.1580833333333334,0.0010333333333338857,2.158139426258688,0.00010533076607216113
2026-06-04 09:55:00,2.15745,-0.0006333333333334856,2.158220243627595,8.08173689071285e-05
2026-06-04 10:00:00,2.1559999999999997,-0.0014500000000001734,2.1582889155671325,6.867193953737842e-05
2026-06-04 10:05:00,2.1549666666666667,-0.0010333333333329975,2.1583215901083226,3.267454119006371e-05
2026-06-04 10:10:00,2.1554666666666673,0.0005000000000006111,2.1556916117232996,0.0007249450566330954
2026-06-04 10:15:00,2.1546833333333333,-0.0007833333333340242,2.156145215437941,0.00045360371464106433
2026-06-04 10:20:00,2.1556500000000005,0.0009666666666672263,2.1558493577953985,-0.0002958576425424229
2026-06-04 10:25:00,2.1529166666666675,-0.0027333333333330323,2.1554503050300378,-0.00039905276536058556
2026-06-04 10:30:00,2.154283333333334,0.0013666666666667382,2.155192479121624,-0.00025782590841374174
2026-06-04 10:35:00,2.1581000000000006,0.0038166666666663573,2.15444368912917,0.0001603557958357179
2026-06-04 10:40:00,2.1581355932203397,3.5593220339080744e-05,2.1540704156433117,-0.0003732734858582536
2026-06-04 10:45:00,2.153666666666667,-0.004468926553672592,2.153994818868318,-7.559677499367337e-05
2026-06-04 10:50:00,2.1548666666666665,0.0011999999999994237,2.153926766563093,-6.805230522499964e-05
2026-06-04 10:55:00,2.1550333333333347,0.00016666666666820262,2.1539896807415757,6.291417848273373e-05
2026-06-04 11:00:00,2.1537833333333336,-0.0012500000000010836,2.1552334674472005,0.0002001341138658635
2026-06-04 11:05:00,2.1550166666666675,0.0012333333333338636,2.155349191190239,0.00011572374303852135
2026-06-04 11:10:00,2.1546500000000015,-0.00036666666666596015,2.1555087333820353,0.00015954219179618623
2026-06-04 11:15:00,2.153300000000001,-0.0013500000000004064,2.1559562299428916,0.00044749656085627557
2026-06-04 11:20:00,2.154152542372882,0.0008525423728809045,2.1556196843670232,-0.00033654557586819286
2026-06-04 11:25:00,2.1493666666666673,-0.004785875706214693,2.1540667252968677,-8.58170760145087e-05
2026-06-04 11:30:00,2.151450000000001,0.002083333333333659,2.1534412010958754,-0.0006255242009921071
2026-06-04 11:35:00,2.1532333333333336,0.0017833333333325818,2.152850208267882,-0.0005909928279932466
2026-06-04 11:40:00,2.1534000000000004,0.00016666666666687036,2.152458537166395,-0.00039167110148697167
2026-06-04 11:45:00,2.1524500000000004,-0.0009500000000000064,2.152286937999245,-0.00017159916714991268
2026-06-04 11:50:00,2.15615,0.0036999999999993705,2.152698232480643,0.0002482324806427824
2026-06-04 11:55:00,2.1538500000000007,-0.0022999999999990806,2.1530127656451046,0.0003145331644615277
2026-06-04 12:00:00,2.154266666666667,0.0004166666666662877,2.153237675628852,0.00022490998374688067
2026-06-04 12:05:00,2.150898305084746,-0.0033683615819208867,2.1534065488550156,0.00016887322616399898
2026-06-04 12:10:00,2.152183333333334,0.0012850282485876718,2.1537080101125765,0.00030146125756068127
2026-06-04 12:15:00,2.148216666666667,-0.003966666666666896,2.1524924561942416,0.0003091228609076499
2026-06-04 12:20:00,2.1491,0.000883333333332903,2.1520834764968675,-0.00040897969737381653
2026-06-04 12:25:00,2.1418166666666663,-0.00728333333333353,2.1514644375078773,-0.0006190389889900928
2026-06-04 12:30:00,2.1432333333333338,0.0014166666666675098,2.1509873314039862,-0.0004771061038912042
2026-06-04 12:35:00,2.1447999999999996,0.001566666666665828,2.150534670018152,-0.00045266138583449736
2026-06-04 12:40:00,2.1428000000000007,-0.0019999999999988916,2.14536305683409,0.0005630568340902523
2026-06-04 12:45:00,2.1449322033898315,0.002132203389830778,2.145624390529174,0.0002613336950844147
2026-06-04 12:50:00,2.144083333333333,-0.0008488700564983631,2.145952464146591,0.00032807361741661617
2026-06-04 12:55:00,2.1402666666666668,-0.0038166666666663573,2.1463407136757975,0.0003882495292065612
2026-06-04 13:00:00,2.1428333333333334,0.002566666666666606,2.1467238621316906,0.000383148455893388
2026-06-04 13:05:00,2.1419333333333332,-0.0009000000000001229,2.14342411461016,0.0005907812768265484
2026-06-04 13:10:00,2.1387166666666673,-0.0032166666666659793,2.143979878863432,0.0005557642532723732
2026-06-04 13:15:00,2.139716666666667,0.0009999999999998899,2.144524958960322,0.0005450800968894754
2026-06-04 13:20:00,2.1407,0.00098333333333267,2.1442931915703656,-0.00023176738995617986
2026-06-04 13:25:00,2.1436166666666674,0.0029166666666675667,2.143839454780305,-0.00045373679006058894
2026-06-04 13:30:00,2.1396949152542373,-0.003921751412430119,2.14252447385306,-0.0010921928136070891
2026-06-04 13:35:00,2.1397000000000004,5.0847457631064685e-06,2.1414114596704894,-0.0011130141825710636
2026-06-04 13:40:00,2.137750000000001,-0.0019499999999994522,2.1407823152347265,-0.0006291444357628653
2026-06-04 13:45:00,2.138183333333333,0.0004333333333321754,2.140619890111088,-0.0001624251236383634
2026-06-04 13:50:00,2.1370500000000003,-0.0011333333333327644,2.1405823219742737,-3.756813681452969e-05
2026-06-04 13:55:00,2.1355500000000003,-0.0015000000000000568,2.1378704300399876,0.0008204300399872556
2026-06-04 14:00:00,2.13615,0.0005999999999999339,2.138455148077354,0.0005847180373665528
2026-06-04 14:05:00,2.133566666666667,-0.002583333333333382,2.1388130136908283,0.0003578656134740829
2026-06-04 14:10:00,2.1325000000000003,-0.0010666666666665492,2.13927089402064,0.0004578803298119208
2026-06-04 14:15:00,2.1350338983050854,0.0025338983050851027,2.139967342372518,0.0006964483518776035
2026-06-04 14:20:00,2.13625,0.0012161016949145953,2.135225541090292,0.0001916427852063156
2026-06-04 14:25:00,2.1349333333333336,-0.0013166666666664106,2.1349173586922663,-0.00030818239802549456
2026-06-04 14:30:00,2.13385,-0.0010833333333337691,2.134624861230676,-0.00029249746158985105
2026-06-04 14:35:00,2.133266666666666,-0.0005833333333336022,2.134406415826786,-0.0002184454038902207
2026-06-04 14:40:00,2.131783333333333,-0.001483333333333281,2.1342754271373012,-0.00013098868948512575
2026-06-04 14:45:00,2.1315999999999997,-0.00018333333333320212,2.132646125976792,0.0008627926434589052
2026-06-04 14:50:00,2.1330999999999998,0.0015000000000000568,2.133157952624913,0.0005118266481211163
2026-06-04 14:55:00,2.1328135593220336,-0.0002864406779661266,2.133572825643604,0.0004148730186910977
2026-06-04 15:00:00,2.12925,-0.0035635593220337825,2.1340455846147544,0.0004727589711503166
2026-06-04 15:05:00,2.1306666666666674,0.0014166666666675098,2.1344716855457118,0.0004261009309575846
2026-06-04 15:10:00,2.1242666666666663,-0.0064000000000010715,2.131303803574448,0.0006371369077803225
2026-06-04 15:15:00,2.12695,0.002683333333333593,2.1318942489957746,0.000590445421326867
2026-06-04 15:20:00,2.1260999999999997,-0.0008500000000002395,2.1316508445247595,-0.00024340447101504087
2026-06-04 15:25:00,2.1275166666666663,0.0014166666666666217,2.1312345761763543,-0.0004162683484051185
2026-06-04 15:30:00,2.1257,-0.0018166666666661335,2.1309453306492845,-0.00028924552706974325
2026-06-04 15:35:00,2.1286271186440677,0.0029271186440675834,2.126528504209576,0.0008285042095756823
2026-06-04 15:40:00,2.1233999999999993,-0.00522711864406844,2.1266745140168313,0.0001460098072555399
2026-06-04 15:45:00,2.123866666666666,0.00046666666666661527,2.127008249239051,0.0003337352222200318
2026-06-04 15:50:00,2.1287999999999996,0.004933333333333678,2.1274086064950244,0.0004003572559731148
2026-06-04 15:55:00,2.1304833333333333,0.001683333333333703,2.127948719464238,0.0005401129692132411
2026-06-04 16:00:00,2.126533333333333,-0.00395000000000012,2.1297295365168614,-0.0007537968164716983
2026-06-04 16:05:00,2.1275833333333334,0.0010500000000002174,2.129891897763989,0.0001623612471276749
2026-06-04 16:10:00,2.1272500000000005,-0.00033333333333285253,2.1302953712585317,0.0004034734945425006
2026-06-04 16:15:00,2.1301525423728815,0.002902542372881012,2.130931660583852,0.0006362893253203967
2026-06-04 16:20:00,2.1276,-0.0025525423728813834,2.130743335182979,-0.00018832540087311054
2026-06-04 16:25:00,2.1291500000000005,0.0015500000000003844,2.127569876494591,-3.01235054091518e-05
2026-06-04 16:30:00,2.1383999999999994,0.00924999999999887,2.1270377220275734,-0.000532154467017578
2026-06-04 16:35:00,2.1292333333333344,-0.009166666666664991,2.126550553629201,-0.0004871683983724247
2026-06-04 16:40:00,2.119333333333333,-0.009900000000001352,2.126248933785203,-0.0003016198439983647
2026-06-04 16:45:00,2.1238499999999996,0.004516666666666502,2.126271504708199,2.2570922996222816e-05
2026-06-04 16:50:00,2.124783333333333,0.0009333333333332305,2.1256845949621854,0.001834594962185645
2026-06-04 16:55:00,2.1345641025641022,0.009780769230769426,2.1261753801724526,0.0004907852102674433
2026-06-04 17:00:00,2.1455319148936174,0.010967812329515159,2.126616483106914,0.0004411029344613171
2026-06-04 17:05:00,2.143533333333333,-0.001998581560284318,2.127078502204617,0.0004620190977031437
2026-06-04 17:10:00,2.145716666666667,0.00218333333333387,2.127668419461014,0.0005899172563968343
2026-06-04 17:15:00,2.1450588235294124,-0.0006578431372545879,2.1422352872144708,-0.0034813794521963816
2026-06-04 17:20:00,2.157666666666666,0.012607843137253827,2.1413657959347434,-0.0008694912797269364
2026-06-04 17:25:00,2.146083333333334,-0.01158333333333239,2.1405785642924493,-0.0007872316422941163
2026-06-04 17:30:00,2.1482666666666663,0.0021833333333325378,2.1399542357269774,-0.000624328565472035
2026-06-04 17:35:00,2.1421186440677973,-0.006148022598869041,2.1394026155196357,-0.0005516202073415694
2026-06-04 17:40:00,2.1465500000000004,0.004431355932203118,2.143303722282759,0.001185078214961646
2026-06-04 17:45:00,2.1484499999999995,0.0018999999999991246,2.1434296721342476,0.00012594985148860175
2026-06-04 17:50:00,2.1464,-0.002049999999999663,2.1436552193044807,0.00022554717023297343
2026-06-04 17:55:00,2.1475999999999997,0.0011999999999998678,2.144107181711265,0.0004519624067846265
2026-06-04 18:00:00,2.1465166666666664,-0.001083333333333325,2.1445331333353863,0.0004259516241213373
2026-06-04 18:05:00,2.14935,0.0028333333333336874,2.1468442302090947,0.0003275635424282709
2026-06-04 18:10:00,2.1475166666666676,-0.0018333333333324653,2.1472590227789636,0.00041479256986887484
2026-06-04 18:15:00,2.145,-0.0025166666666676107,2.1477630566035666,0.0005040338246031071
2026-06-04 18:20:00,2.152683333333334,0.00768333333333393,2.1474831171415145,-0.0002799394620522546
2026-06-04 18:25:00,2.154966666666667,0.002283333333333193,2.146995109054701,-0.00048800808681365165
2026-06-04 18:30:00,2.1525166666666675,-0.002449999999999619,2.1519189616814884,-0.0030477049851786505
2026-06-04 18:35:00,2.1567833333333337,0.004266666666666197,2.150438174269102,-0.0014807874123862115
2026-06-04 18:40:00,2.176366666666667,0.019583333333333286,2.149797972935313,-0.000640201333788936
2026-06-04 18:45:00,2.172533333333334,-0.003833333333333133,2.149657581022918,-0.00014039191239530733
2026-06-04 18:50:00,2.1466166666666666,-0.025916666666667254,2.1497352979503224,7.771692740438927e-05
2026-06-04 18:55:00,2.1760169491525425,0.029400282485875895,2.157691528784574,0.011074862117907674
2026-06-04 19:00:00,2.2022833333333334,0.026266384180790858,2.1581758908137116,0.0004843620291375152
2026-06-04 19:05:00,2.192383333333334,-0.009899999999999576,2.1581272538886016,-4.863692511033825e-05
2026-06-04 19:10:00,2.1739833333333336,-0.018400000000000194,2.1590155267984623,0.0008882729098607341
2026-06-04 19:15:00,2.173383333333334,-0.0005999999999994898,2.1599313643976257,0.0009158375991636256
2026-06-04 19:20:00,2.1670833333333346,-0.006299999999999528,2.1708658106368413,-0.0025175226964927063
2026-06-04 19:25:00,2.2047499999999993,0.03766666666666474,2.1693782811999545,-0.0014875294368867586
2026-06-04 19:30:00,2.230199999999999,0.02544999999999975,2.1684980292994904,-0.0008802519004640582
2026-06-04 19:35:00,2.309372881355933,0.07917288135593381,2.167533926764396,-0.000964102535094562
2026-06-04 19:40:00,2.3145000000000007,0.005127118644067785,2.166559728895672,-0.0009741978687238726
2026-06-04 19:45:00,2.233916666666666,-0.08058333333333456,2.274449380781447,-0.04005061921855353
2026-06-04 19:50:00,2.203866666666666,-0.030050000000000132,2.2462390625280473,-0.028210318253399643
2026-06-04 19:55:00,2.1922833333333336,-0.01158333333333239,2.242600229362102,-0.0036388331659454832
2026-06-04 20:00:00,2.1818166666666676,-0.010466666666665958,2.2423791003069558,-0.00022112905514622082
2026-06-04 20:05:00,2.19995,0.018133333333332224,2.2416754402745918,-0.0007036600323638469
2026-06-04 20:10:00,2.1802166666666674,-0.019733333333332492,2.2051290763022817,0.005179076302281748
2026-06-04 20:15:00,2.1849152542372883,0.004698587570620916,2.2004223460613717,-0.004706730240909751
2026-06-04 20:20:00,2.1787833333333335,-0.006131920903954757,2.199386905373775,-0.0010354406875968866
2026-06-04 20:25:00,2.1742833333333333,-0.0045000000000001705,2.198857986268715,-0.0005289191050599458
2026-06-04 20:30:00,2.1903166666666674,0.01603333333333401,2.198743156735723,-0.00011482953299220873
2026-06-04 20:35:00,2.2544333333333335,0.06411666666666616,2.192532618377142,0.002215951710474502
2026-06-04 20:40:00,2.2762499999999997,0.02181666666666615,2.1932977284426896,0.0007651100655477875
2026-06-04 20:45:00,2.2883166666666677,0.012066666666668002,2.1949468761207114,0.0016491476780218597
2026-06-04 20:50:00,2.25265,-0.035666666666667624,2.1963110045699556,0.0013641284492442959
2026-06-04 20:55:00,2.2731694915254246,0.020519491525424538,2.197353951878031,0.0010429473080754673
2026-06-04 21:00:00,2.2551333333333323,-0.018036158192092255,2.2520406969555413,-0.021128794569883157
2026-06-04 21:05:00,2.258816666666667,0.003683333333334815,2.251128092628324,-0.0009126043272171635
2026-06-04 21:10:00,2.261116666666666,0.0022999999999990806,2.2505722820288634,-0.0005558105994609184
2026-06-04 21:15:00,2.2666000000000013,0.005483333333335061,2.2502070005062884,-0.0003652815225751464
2026-06-04 21:20:00,2.2513500000000004,-0.015250000000000874,2.249220953798914,-0.0009860467073741297
2026-06-04 21:25:00,2.1917999999999997,-0.05955000000000066,2.2561161814822706,0.004766181482270251
2026-06-04 21:30:00,2.2052999999999994,0.013499999999999623,2.2541541918045622,-0.0019619896777084557
2026-06-04 21:35:00,2.1903220338983056,-0.014977966101693774,2.2518765070486966,-0.002277684755865584
2026-06-04 21:40:00,2.2102500000000003,0.019927966101694672,2.2503478744360366,-0.0015286326126599165
2026-06-04 21:45:00,2.2174499999999995,0.007199999999999207,2.2492002552197974,-0.0011476192162391619
2026-06-04 21:50:00,2.2110333333333334,-0.006416666666666071,2.211848827537867,-0.005601172462132546
2026-06-04 21:55:00,2.21085,-0.00018333333333320212,2.2131016683828886,0.0012528408450216233
2026-06-04 22:00:00,2.2073499999999995,-0.0035000000000007248,2.2132886609826143,0.00018699259972581925
2026-06-04 22:05:00,2.226766666666667,0.019416666666667304,2.2135078917907762,0.00021923080816192613
2026-06-04 22:10:00,2.2311333333333327,0.004366666666665964,2.213876468775147,0.0003685769843708302
2026-06-04 22:15:00,2.2593389830508475,0.028205649717514714,2.2190689215088524,-0.012064411824480252
2026-06-04 22:20:00,2.273400000000001,0.014061016949153515,2.2171445177999516,-0.0019244037089011198
2026-06-04 22:25:00,2.2423166666666656,-0.03108333333333535,2.2148846747902007,-0.0022598430097508044
2026-06-04 22:30:00,2.234766666666666,-0.007549999999999724,2.2127603919976027,-0.0021242827925978306
2026-06-04 22:35:00,2.2440666666666664,0.00930000000000053,2.2108291672744724,-0.0019312247231302324
2026-06-04 22:40:00,2.24045,-0.0036166666666663794,2.235935100904169,-0.008131565762497281
2026-06-04 22:45:00,2.2196833333333332,-0.020766666666666822,2.234960637545823,-0.0009744633583462033
2026-06-04 22:50:00,2.21593220338983,-0.0037511299435033507,2.2343681602213437,-0.000592477324479406
2026-06-04 22:55:00,2.2307499999999996,0.014817796610169687,2.2341935659871703,-0.0001745942341730276
2026-06-04 23:00:00,2.2407333333333326,0.009983333333333011,2.2341929221140053,-6.438731650996639e-07
2026-06-04 23:05:00,2.2192666666666674,-0.02146666666666519,2.233757196983053,-0.006976136350279388
2026-06-04 23:10:00,2.2133833333333333,-0.005883333333334129,2.2348367587635565,0.001079561780503233
2026-06-04 23:15:00,2.2154499999999997,0.002066666666666439,2.234817490425468,-1.9268338088434502e-05
2026-06-04 23:20:00,2.2319499999999994,0.016499999999999737,2.2337059870415557,-0.00111150338391219
2026-06-04 23:25:00,2.2258833333333325,-0.006066666666666887,2.2323541802301543,-0.0013518068114012922
2026-06-04 23:30:00,2.239254237288135,0.013370903954802671,2.2217270143123913,-0.0041563190209414165
2026-06-04 23:35:00,2.2338666666666662,-0.005387570621468996,2.2205386274906376,-0.0011883868217535721
2026-06-04 23:40:00,2.2013166666666666,-0.032549999999999635,2.219806584409738,-0.0007320430808994118
2026-06-04 23:45:00,2.1993999999999994,-0.0019166666666672327,2.219322825166377,-0.0004837592433610161
2026-06-04 23:50:00,2.196983333333333,-0.0024166666666665115,2.2192605527654004,-6.227240097696915e-05
2026-06-04 23:55:00,2.1915833333333326,-0.0054000000000002935,2.2043371497401067,0.0073538164067738915
2026-06-05 00:00:00,2.2101333333333333,0.018550000000000733,2.2040730050184387,-0.0002641447216679994
2026-06-05 00:05:00,2.2027833333333344,-0.0073499999999988574,2.204117377940518,4.437292207949476e-05
2026-06-05 00:10:00,2.217644067796609,0.014860734463274738,2.2044604797951823,0.0003431018546639673
2026-06-05 00:15:00,2.1919500000000003,-0.025694067796608877,2.204813463752408,0.0003529839572260677
2026-06-05 00:20:00,2.190150000000001,-0.0017999999999993577,2.1983837457042776,0.006433745704277168
2026-06-05 00:25:00,2.2187333333333323,0.028583333333331407,2.1990303731814267,0.0006466274771493161
2026-06-05 00:30:00,2.1899166666666674,-0.028816666666664936,2.1980802992870685,-0.0009500738943582774
2026-06-05 00:35:00,2.1861666666666655,-0.0037500000000019185,2.197617817138741,-0.000462482148327584
2026-06-05 00:40:00,2.221816666666667,0.035650000000001736,2.19723290412006,-0.00038491301868120867
2026-06-05 00:45:00,2.191457627118645,-0.030359039548022437,2.1925629221167378,-0.029253744549929656
2026-06-05 00:50:00,2.190066666666667,-0.0013909604519777297,2.1923799183445354,-0.00018300377220225014
2026-06-05 00:55:00,2.1984166666666662,0.008349999999999191,2.1913829419659976,-0.0009969763785376217
2026-06-05 01:00:00,2.195399999999999,-0.0030166666666673336,2.19009473594011,-0.0012882060258877237
2026-06-05 01:05:00,2.1909166666666673,-0.004483333333331618,2.189691513824306,-0.0004032221158040198
2026-06-05 01:10:00,2.1812666666666667,-0.009650000000000603,2.1925503295758317,0.0016336629091642982
2026-06-05 01:15:00,2.160766666666667,-0.02049999999999974,2.1920406659584364,-0.0005096636173952476
2026-06-05 01:20:00,2.160433333333333,-0.0003333333333337407,2.1908531310622155,-0.0011875348962206765
2026-06-05 01:25:00,2.1705254237288143,0.01009209039548109,2.1895397154354175,-0.0013134156267981803
2026-06-05 01:30:00,2.1716833333333336,0.001157909604519336,2.1882587674681164,-0.0012809479673008461
2026-06-05 01:35:00,2.188933333333334,0.01725000000000021,2.172143041452286,0.0004597081189525765
2026-06-05 01:40:00,2.167216666666667,-0.02171666666666683,2.1718014966605748,-0.0003415447917114564
2026-06-05 01:45:00,2.14625,-0.0209666666666668,2.172234189119852,0.00043269245927747823
2026-06-05 01:50:00,2.403416666666666,0.25716666666666566,2.172726542289353,0.0004923531695007457
2026-06-05 01:55:00,2.3871833333333337,-0.01623333333333221,2.1731458067331135,0.00041926444376041804
2026-06-05 02:00:00,2.338083333333334,-0.0490999999999997,2.389175762946768,0.001992429613433937
2026-06-05 02:05:00,2.2819830508474572,-0.05610028248587673,2.390374147610295,0.0011983846635275947
2026-06-05 02:10:00,2.2408333333333332,-0.041149717514123996,2.3909611168559,0.0005869692456046199
2026-06-05 02:15:00,2.1976166666666677,-0.04321666666666557,2.3912310658872906,0.00026994903139084567
2026-06-05 02:20:00,2.1983500000000005,0.0007333333333328085,2.3902788304903146,-0.0009522353969758685
2026-06-05 02:25:00,2.1916166666666665,-0.006733333333333924,2.184496497416508,-0.013853502583492125
2026-06-05 02:30:00,2.15585,-0.0357666666666665,2.1708419178067175,-0.013654579609790957
2026-06-05 02:35:00,2.1711166666666677,0.01526666666666765,2.156046252502914,-0.014795665303803178
2026-06-05 02:40:00,2.1623499999999996,-0.008766666666668144,2.143731599154765,-0.012314653348149159
2026-06-05 02:45:00,2.1380338983050855,-0.02431610169491405,2.1351026597459044,-0.008628939408860753
2026-06-05 02:50:00,2.1710166666666666,0.032982768361581094,2.133027303600557,-0.005006594704528386
2026-06-05 02:55:00,2.137883333333334,-0.03313333333333279,2.130590124801044,-0.0024371787995133365
2026-06-05 03:00:00,2.1292999999999997,-0.008583333333334053,2.1286148255636914,-0.0019752992373521425
2026-06-05 03:05:00,2.1452999999999998,0.016000000000000014,2.126581129467944,-0.0020336960957474865
2026-06-05 03:10:00,2.1457,0.00040000000000040004,2.1245405533494277,-0.0020405761185163162
2026-06-05 03:15:00,2.1438833333333345,-0.0018166666666656894,2.1448061482962593,-0.0008938517037410917
2026-06-05 03:20:00,2.1448644067796607,0.0009810734463262527,2.142762492141726,-0.0020436561545330383
2026-06-05 03:25:00,2.1417500000000005,-0.0031144067796602393,2.1407312383049275,-0.002031253836798595
2026-06-05 03:30:00,2.1344666666666665,-0.0072833333333339745,2.1386758508771395,-0.0020553874277877216
2026-06-05 03:35:00,2.1299833333333336,-0.004483333333332951,2.1364410459599164,-0.002234804917223564
2026-06-05 03:40:00,2.1285833333333337,-0.0013999999999998458,2.1308979218899715,0.0009145885566378155
2026-06-05 03:45:00,2.1275,-0.0010833333333337691,2.1296816061666495,-0.0012163157233218347
2026-06-05 03:50:00,2.128266666666667,0.0007666666666672484,2.1281348636544126,-0.0015467425122367001
2026-06-05 03:55:00,2.1429833333333335,0.014716666666666267,2.1267830552330285,-0.0013518084213842393
2026-06-05 04:00:00,2.2594915254237287,0.1165081920903952,2.125277669959195,-0.00150538527383389
2026-06-05 04:05:00,2.1457333333333337,-0.11375819209039495,2.2506417022319503,-0.008849823191778279
2026-06-05 04:10:00,2.15025,0.004516666666666502,2.2428673215796806,-0.007774380652269636
2026-06-05 04:15:00,2.1554333333333338,0.00518333333333354,2.2397481637847045,-0.003119157794976043
2026-06-05 04:20:00,2.151150000000001,-0.004283333333332973,2.2381619917319986,-0.0015861720527060948
2026-06-05 04:25:00,2.1529166666666675,0.0017666666666666941,2.234311328161419,-0.0038506635705797113
2026-06-05 04:30:00,2.1564999999999994,0.0035833333333319395,2.1504742609227274,-0.0024424057439401533
2026-06-05 04:35:00,2.1508500000000006,-0.005649999999998823,2.1472682221256703,-0.0032060387970569855
2026-06-05 04:40:00,2.152728813559322,0.0018788135593212907,2.144112563028939,-0.003155659096731453
2026-06-05 04:45:00,2.1524833333333344,-0.0002454802259874711,2.1412703259120063,-0.0028422371169327617
2026-06-05 04:50:00,2.14695,-0.0055333333333345,2.138804023230669,-0.002466302681337035
2026-06-05 04:55:00,2.1500166666666676,0.003066666666667661,2.1458877626842314,-0.0010622373157687043
2026-06-05 05:00:00,2.146433333333334,-0.003583333333333716,2.1447203076412924,-0.001167455042938598
2026-06-05 05:05:00,2.1461666666666663,-0.0002666666666675255,2.1428577117052505,-0.0018625959360421339
2026-06-05 05:10:00,2.1464333333333343,0.00026666666666796957,2.1408114328551937,-0.002046278850056709
2026-06-05 05:15:00,2.1456166666666667,-0.0008166666666675759,2.1388311547348167,-0.001980278120377036
2026-06-05 05:20:00,2.1484745762711865,0.002857909604519815,2.1434144187657234,-0.0022022479009434054
2026-06-05 05:25:00,2.1497000000000006,0.001225423728814068,2.1411158284124756,-0.002298590353247553
2026-06-05 05:30:00,2.1474166666666665,-0.002283333333334081,2.1386341793479295,-0.00248164906454641
2026-06-05 05:35:00,2.1464666666666674,-0.0009499999999991182,2.135908691973997,-0.002725487373932477
2026-06-05 05:40:00,2.1461500000000004,-0.00031666666666696486,2.1331205779076066,-0.0027881140663903537
2026-06-05 05:45:00,2.145800000000001,-0.0003499999999996284,2.1439364794785556,-0.0022135205214448336
2026-06-05 05:50:00,2.1437166666666667,-0.002083333333334103,2.1423774589509357,-0.0015590205276199449
2026-06-05 05:55:00,2.1549661016949164,0.01124943502824971,2.140851373456947,-0.0015260854939882864
2026-06-05 06:00:00,2.1522,-0.002766101694916312,2.1392038863097818,-0.0016474871471654615
2026-06-05 06:05:00,2.1451666666666673,-0.007033333333332781,2.1373439048754865,-0.001859981434295452
2026-06-05 06:10:00,2.150066666666667,0.004899999999999682,2.143266425248846,-0.0019002414178212836
2026-06-05 06:15:00,2.1503500000000004,0.00028333333333341315,2.1416791317690143,-0.0015872934798320112
2026-06-05 06:20:00,2.147800000000001,-0.002549999999999386,2.138738043405636,-0.002941088363377957
2026-06-05 06:25:00,2.151150000000001,0.003349999999999742,2.135333284925913,-0.003404758479723075
2026-06-05 06:30:00,2.1527833333333337,0.0016333333333329314,2.132043922059529,-0.003289362866384093
2026-06-05 06:35:00,2.1505084745762715,-0.002274858757062237,2.1493905412378878,-0.00339279209544586
2026-06-05 06:40:00,2.151033333333334,0.0005248587570623187,2.145574006206067,-0.0038165350318207615
2026-06-05 06:45:00,2.1529833333333332,0.0019499999999994522,2.1423293499585117,-0.0032446562475552916
2026-06-05 06:50:00,2.153533333333334,0.0005500000000009386,2.1399137415510463,-0.0024156084074656945
2026-06-05 06:55:00,2.1535833333333345,5.000000000032756e-05,2.138043470155136,-0.0018702713959103817
2026-06-05 07:00:00,2.1558500000000005,0.002266666666665973,2.1510975306422018,-0.0024858026911329595
2026-06-05 07:05:00,2.1534333333333335,-0.0024166666666669556,2.1490507710006717,-0.002046759641530117
2026-06-05 07:10:00,2.154150000000001,0.0007166666666673649,2.1468888284004617,-0.002161942600209633
2026-06-05 07:15:00,2.156559322033899,0.00240932203389832,2.1447782489429437,-0.002110579457518335
2026-06-05 07:20:00,2.1606166666666673,0.0040573446327680784,2.1414614299614705,-0.0033168189814731697
2026-06-05 07:25:00,2.1586166666666675,-0.0019999999999997797,2.157027593327449,-0.003589073339218182
2026-06-05 07:30:00,2.160316666666667,0.0016999999999995907,2.1529231532319133,-0.004104440095535829
2026-06-05 07:35:00,2.1614333333333335,0.0011166666666664327,2.1489688556455473,-0.003954297586366137
2026-06-05 07:40:00,2.1614166666666677,-1.6666666665887675e-05,2.14528980338741,-0.0036790522581374016
2026-06-05 07:45:00,2.1624000000000003,0.00098333333333267,2.142015690581031,-0.003274112806378919
2026-06-05 07:50:00,2.16225,-0.0001500000000005386,2.159312420823861,-0.0030875791761394455
2026-06-05 07:55:00,2.1638644067796613,0.0016144067796615147,2.157236499949345,-0.002075920874515474
2026-06-05 08:00:00,2.161583333333333,-0.002281073446328108,2.155284893855492,-0.0019516060938537425
2026-06-05 08:05:00,2.1606833333333335,-0.0008999999999996788,2.1532279488448456,-0.00205694501064623
2026-06-05 08:10:00,2.160566666666667,-0.0001166666666665428,2.151128321253248,-0.0020996275915973854
2026-06-05 08:15:00,2.1632500000000006,0.002683333333333593,2.1575313964039506,-0.003035270262716488
2026-06-05 08:20:00,2.158516666666667,-0.0047333333333337,2.15425826928844,-0.003273127115510617
2026-06-05 08:25:00,2.1621333333333337,0.0036166666666668235,2.1506150916524756,-0.0036431776359642037
2026-06-05 08:30:00,2.16255,0.0004166666666662877,2.147046746356427,-0.0035683452960488895
2026-06-05 08:35:00,2.1628305084745767,0.0002805084745767239,2.1434507696734224,-0.0035959766830041687
2026-06-05 08:40:00,2.161233333333334,-0.0015971751412426904,2.1598799473763273,-0.0029505610982493674
2026-06-05 08:45:00,2.160333333333334,-0.0009000000000001229,2.156610242485014,-0.00326970489131344
2026-06-05 08:50:00,2.1599833333333343,-0.0003499999999996284,2.1538265163213595,-0.0027837261636545685
2026-06-05 08:55:00,2.1562666666666668,-0.0037166666666674786,2.151712381018088,-0.0021141353032715017
2026-06-05 09:00:00,2.159733333333334,0.003466666666667173,2.1497911778170518,-0.0019212032010361157
2026-06-05 09:05:00,2.159633333333334,-9.999999999976694e-05,2.157065009546191,-0.0026683237871426716
2026-06-05 09:10:00,2.154133333333334,-0.00550000000000006,2.154480999894984,-0.0025840096512069863
2026-06-05 09:15:00,2.155016949152543,0.0008836158192089272,2.1516627590102164,-0.002818240884767859
2026-06-05 09:20:00,2.1569999999999996,0.0019830508474565356,2.1478666205042827,-0.0037961385059335963
2026-06-05 09:25:00,2.146116666666667,-0.01088333333333269,2.1437785996653735,-0.0040880208389092315
2026-06-05 09:30:00,2.1445333333333334,-0.001583333333333492,2.1451738172940686,-0.0009428493725982739
2026-06-05 09:35:00,2.1437666666666666,-0.0007666666666668043,2.144174737608089,-0.0009990796859799672
2026-06-05 09:40:00,2.1434,-0.00036666666666640424,2.1425481409560314,-0.0016265966520574255
2026-06-05 09:45:00,2.1413333333333346,-0.002066666666665551,2.140675986368342,-0.0018721545876890266
2026-06-05 09:50:00,2.144283333333334,0.002949999999999342,2.139317974063942,-0.0013580123044001984
2026-06-05 09:55:00,2.1443559322033905,7.259887005650612e-05,2.1462053740977542,0.0019220407644201386
2026-06-05 10:00:00,2.1451000000000007,0.0007440677966101816,2.147638181883299,0.0014328077855444805
2026-06-05 10:05:00,2.1451666666666673,6.666666666665932e-05,2.1485384231852214,0.0009002413019227653
2026-06-05 10:10:00,2.1422833333333338,-0.002883333333333571,2.1491102975776872,0.000571874392465994
2026-06-05 10:15:00,2.1422000000000008,-8.333333333299109e-05,2.1497979174058255,0.0006876198281380398
2026-06-05 10:20:00,2.1429666666666667,0.0007666666666659161,2.143516614331062,0.0013166143310610087
2026-06-05 10:25:00,2.146766666666667,0.0038000000000004697,2.144277212712456,0.0007605983813939985
2026-06-05 10:30:00,2.1455500000000005,-0.0012166666666666437,2.1447376911766174,0.00046047846416182443
2026-06-05 10:35:00,2.146152542372882,0.0006025423728814872,2.1448520189148965,0.00011432773827891228
2026-06-05 10:40:00,2.1399,-0.006252542372882086,2.144845354160522,-6.664754374726618e-06
2026-06-05 10:45:00,2.1451666666666673,0.005266666666667419,2.1403937836681575,0.0004937836681574699
2026-06-05 10:50:00,2.1448500000000004,-0.00031666666666696486,2.141207630716698,0.0008138470485407658
2026-06-05 10:55:00,2.144566666666667,-0.00028333333333341315,2.14161517005132,0.000407539334622005
2026-06-05 11:00:00,2.147033333333334,0.002466666666666839,2.141850833573085,0.00023566352176475344
2026-06-05 11:05:00,2.1455666666666673,-0.0014666666666665051,2.1419849660484336,0.00013413247534853473
2026-06-05 11:10:00,2.1491525423728817,0.003585875706214381,2.14552370109875,-4.296556791712587e-05
2026-06-05 11:15:00,2.144483333333334,-0.004669209039547706,2.1460052792555,0.0004815781567500187
2026-06-05 11:20:00,2.1443333333333334,-0.0001500000000005386,2.1456943947343206,-0.00031088452117958103
2026-06-05 11:25:00,2.1439333333333335,-0.00039999999999995595,2.145085730944216,-0.0006086637901044108
2026-06-05 11:30:00,2.142533333333333,-0.00140000000000029,2.144563627686599,-0.000522103257617247
2026-06-05 11:35:00,2.147500000000001,0.004966666666667674,2.142545971831309,1.263849797582022e-05
2026-06-05 11:40:00,2.1461333333333337,-0.0013666666666671823,2.1416926335273505,-0.0008533383039583034
2026-06-05 11:45:00,2.147600000000001,0.0014666666666673933,2.1412021095515916,-0.0004905239757589502
2026-06-05 11:50:00,2.1479999999999997,0.0003999999999986237,2.140960128217634,-0.00024198133395792265
2026-06-05 11:55:00,2.144983333333334,-0.0030166666666655573,2.1409619259770554,1.7977594213641238e-06
2026-06-05 12:00:00,2.144616666666667,-0.0003666666666672924,2.145503913330722,0.00052057999738762
2026-06-05 12:05:00,2.1473666666666675,0.0027500000000006963,2.1457644464656607,0.0002605331349390618
2026-06-05 12:10:00,2.14455,-0.0028166666666673557,2.1460185272578585,0.0002540807921976674
2026-06-05 12:15:00,2.1468666666666674,0.0023166666666671887,2.1464982937417094,0.0004797664838509254
2026-06-05 12:20:00,2.1460333333333343,-0.0008333333333330195,2.1461557179454154,-0.000342575796294082
2026-06-05 12:25:00,2.1480666666666672,0.0020333333333328873,2.1456531970300223,-0.0003801363033120295
2026-06-05 12:30:00,2.1480500000000005,-1.6666666666775853e-05,2.1448846471476393,-0.0007685498823828504
2026-06-05 12:35:00,2.145966101694916,-0.002083898305084375,2.144219203152265,-0.0006654439953747398
2026-06-05 12:40:00,2.141466666666667,-0.00449943502824901,2.14376717243765,-0.00045203071461471134
2026-06-05 12:45:00,2.1285500000000006,-0.012916666666666465,2.143575116740603,-0.0001920556970469387
2026-06-05 12:50:00,2.12545,-0.003100000000000769,2.1347022999460314,0.0061522999460309966
2026-06-05 12:55:00,2.1220000000000003,-0.003449999999999509,2.136175134239102,0.0014728342930706289
2026-06-05 13:00:00,2.1229999999999998,0.0009999999999994458,2.1364841356431357,0.00030900140403346824
2026-06-05 13:05:00,2.1235166666666667,0.0005166666666669428,2.1368194276559715,0.00033529201283588915
2026-06-05 13:10:00,2.1250000000000004,0.001483333333333725,2.137246662727648,0.0004272350716766937
2026-06-05 13:15:00,2.1455833333333336,0.020583333333333176,2.1277818756431723,0.0027818756431717993
2026-06-05 13:20:00,2.143766666666667,-0.0018166666666665776,2.1290477224910918,0.0012658468479195475
2026-06-05 13:25:00,2.1453833333333336,0.0016166666666665996,2.1301544384796656,0.0011067159885737024
2026-06-05 13:30:00,2.1417166666666674,-0.003666666666666263,2.1311921995860246,0.0010377611063592993
2026-06-05 13:35:00,2.1442833333333335,0.002566666666666162,2.1320228744214553,0.0008306748354305355
2026-06-05 13:40:00,2.144566666666667,0.00028333333333341315,2.1437478390391598,-0.0005354942941736269
2026-06-05 13:45:00,2.1441833333333333,-0.0003833333333336242,2.143736350836706,-1.1488202453956082e-05
2026-06-05 13:50:00,2.140932203389831,-0.0032511299435022956,2.1439079575688993,0.00017160673219314356
2026-06-05 13:55:00,2.1468833333333337,0.005951129943502664,2.144213295284727,0.00030533771582787455
2026-06-05 14:00:00,2.147816666666667,0.0009333333333332305,2.1446162164971354,0.00040292121240847545
2026-06-05 14:05:00,2.146633333333334,-0.001183333333333092,2.1462727909785784,-0.0015438756880887014
2026-06-05 14:10:00,2.1435000000000004,-0.0031333333333334323,2.1461927923089004,-7.999866967794884e-05
2026-06-05 14:15:00,2.1423666666666668,-0.0011333333333336526,2.1464443745465847,0.00025158223768436257
2026-06-05 14:20:00,2.1461333333333332,0.003766666666666474,2.1459523783298096,-0.0004919962167752762
2026-06-05 14:25:00,2.138616666666666,-0.00751666666666706,2.145269079209848,-0.0006832991199613016
2026-06-05 14:30:00,2.1369322033898306,-0.0016844632768355794,2.1402718722310174,0.0016552055643511859
2026-06-05 14:35:00,2.1355166666666667,-0.0014155367231638571,2.1402312166335866,-4.065559743082687e-05
2026-06-05 14:40:00,2.1334666666666666,-0.0020500000000001073,2.139933504565259,-0.0002977120683276718
2026-06-05 14:45:00,2.131883333333334,-0.0015833333333326038,2.139979144213718,4.56396484594359e-05
2026-06-05 14:50:00,2.1328333333333327,0.0009499999999986741,2.1400845467739114,0.00010540256019309953
2026-06-05 14:55:00,2.133166666666667,0.0003333333333341848,2.1345600170777685,0.0017266837444359121
2026-06-05 15:00:00,2.1355999999999997,0.0024333333333328433,2.135766676471461,0.0012066593936921849
2026-06-05 15:05:00,2.1362166666666673,0.000616666666667598,2.1365058641008448,0.000739187629384115
2026-06-05 15:10:00,2.1380847457627126,0.0018680790960452498,2.137210858690449,0.000704994589604089
2026-06-05 15:15:00,2.1343666666666667,-0.003718079096045823,2.1380745289881458,0.0008636702976965989
2026-06-05 15:20:00,2.1358166666666674,0.0014500000000006175,2.1348049846391746,0.00043831797250780825
2026-06-05 15:25:00,2.1345500000000004,-0.0012666666666669713,2.134717378768334,-8.7605870840696e-05
2026-06-05 15:30:00,2.1353,0.0007499999999995843,2.1345342064344472,-0.0001831723338865012
2026-06-05 15:35:00,2.1290333333333336,-0.006266666666666421,2.134347845632023,-0.0001863608024242844
2026-06-05 15:40:00,2.1063999999999994,-0.02263333333333417,2.1342200921146666,-0.00012775351735660039
2026-06-05 15:45:00,2.1266000000000003,0.020200000000000884,2.1174630340552096,0.011063034055210086
2026-06-05 15:50:00,2.1318474576271185,0.005247457627118202,2.1201013376713305,0.002638303616121059
2026-06-05 15:55:00,2.133566666666667,0.001719209039548364,2.1199714592566035,-0.00012987841472712644
2026-06-05 16:00:00,2.131500000000001,-0.002066666666665995,2.1204349274260905,0.00046346816948723347
2026-06-05 16:05:00,2.1324,0.0008999999999992347,2.120857678023766,0.0004227505976755598
2026-06-05 16:10:00,2.12105,-0.011350000000000193,2.1309375749336423,-0.0014624250663577852
2026-06-05 16:15:00,2.118016666666667,-0.003033333333332777,2.1313627818784373,0.00042520694479516677
2026-06-05 16:20:00,2.115183333333333,-0.0028333333333341315,2.130988812138264,-0.00037396974017324543
2026-06-05 16:25:00,2.1212033898305083,0.006020056497175297,2.1305172160015866,-0.0004715961366777325
2026-06-05 16:30:00,2.1239500000000002,0.0027466101694919587,2.1302181795230806,-0.0002990364785057944
2026-06-05 16:35:00,2.1231000000000004,-0.0008499999999997954,2.122635668447895,-0.0013143315521051788
2026-06-05 16:40:00,2.102933333333332,-0.02016666666666822,2.1222090434307357,-0.0004266250171595482
2026-06-05 16:45:00,2.096616666666667,-0.006316666666665416,2.1225378009732965,0.00032875754256097477
2026-06-05 16:50:00,2.1079999999999997,0.011383333333332857,2.1229775990350737,0.0004397980617772966
2026-06-05 16:55:00,2.1121666666666656,0.004166666666665986,2.1235675059756023,0.0005899069405287225
2026-06-05 17:00:00,2.112399999999999,0.00023333333333352968,2.1123927908578635,0.0002261241911976102
2026-06-05 17:05:00,2.114423728813559,0.002023728813559611,2.1129904448696037,0.0005976540117404134
2026-06-05 17:10:00,2.1142499999999997,-0.00017372881355903758,2.1138190629161406,0.0008286180465369077
2026-06-05 17:15:00,2.114066666666667,-0.00018333333333275803,2.114756277310986,0.0009372143948453027
2026-06-05 17:20:00,2.1203999999999996,0.006333333333332636,2.1148063088144435,5.003150345751821e-05
2026-06-05 17:25:00,2.1300499999999998,0.009650000000000158,2.1173224561758093,-0.0030775438241903525
2026-06-05 17:30:00,2.1294333333333335,-0.0006166666666662657,2.1158215214944476,-0.0015009346813618751
2026-06-05 17:35:00,2.12525,-0.00418333333333365,2.115025068166742,-0.0007964533277050521
2026-06-05 17:40:00,2.1229166666666663,-0.0023333333333335204,2.114550729509433,-0.00047433865730953215
2026-06-05 17:45:00,2.119813559322034,-0.00310310734463215,2.1144933461440045,-5.738336542824367e-05
2026-06-05 17:50:00,2.1199999999999997,0.00018644067796547148,2.1211470010899647,0.0013334417679302984
2026-06-05 17:55:00,2.115983333333333,-0.004016666666666779,2.1216595843563333,0.0005125832663689814
2026-06-05 18:00:00,2.1176499999999994,0.0016666666666664831,2.1220580770839104,0.00039849272757676914
2026-06-05 18:05:00,2.119416666666666,0.0017666666666666941,2.122451304246024,0.00039322716211366354
2026-06-05 18:10:00,2.1384500000000006,0.019033333333334568,2.12297723596196,0.0005259317159360535
2026-06-05 18:15:00,2.1447833333333333,0.006333333333332636,2.1294039769934496,-0.009046023006550972
2026-06-05 18:20:00,2.146300000000001,0.0015166666666677209,2.1280940014129777,-0.0013099755804718176
2026-06-05 18:25:00,2.1507796610169496,0.004479661016948633,2.127042712952531,-0.001051288460446926
2026-06-05 18:30:00,2.1519500000000003,0.0011703389830506339,2.12620601118555,-0.0008367017669810441
2026-06-05 18:35:00,2.151516666666667,-0.00043333333333306356,2.1254963037876564,-0.0007097073978934847
2026-06-05 18:40:00,2.14805,-0.003466666666667173,2.147108672585689,-0.00440799408097802
2026-06-05 18:45:00,2.1414,-0.006650000000000045,2.146322092284443,-0.0007865803012462524
2026-06-05 18:50:00,2.144316666666666,0.0029166666666662344,2.146024162892858,-0.00029792939158477676
2026-06-05 18:55:00,2.13695,-0.007366666666666077,2.146066398742962,4.2235850103795644e-05
2026-06-05 19:00:00,2.1460500000000007,0.009100000000000552,2.146295034408739,0.00022863566577688998
2026-06-05 19:05:00,2.133440677966102,-0.012609322033898529,2.144733502558095,-0.0013164974419053797
2026-06-05 19:10:00,2.139966666666667,0.0065259887005648665,2.1445962254179274,-0.00013727714016797344
2026-06-05 19:15:00,2.141966666666667,0.0019999999999997797,2.1449699953427674,0.0003737699248400259
2026-06-05 19:20:00,2.1410333333333336,-0.0009333333333332305,2.1445723558173784,-0.00039763952538890814
2026-06-05 19:25:00,2.1426333333333343,0.001600000000000712,2.1439703587580983,-0.0006019970592801746
2026-06-05 19:30:00,2.1405833333333333,-0.0020500000000009955,2.1417009380290755,-0.0009323953042589834
2026-06-05 19:35:00,2.14305,0.002466666666666839,2.141160350119473,-0.0005405879096019807
2026-06-05 19:40:00,2.1413166666666665,-0.0017333333333335865,2.140928235610765,-0.00023211450870838944
2026-06-05 19:45:00,2.1386779661016946,-0.002638700564971952,2.1410268028196833,9.856720891836573e-05
2026-06-05 19:50:00,2.143733333333333,0.0050553672316384635,2.1412439332423427,0.0002171304226595232
2026-06-05 19:55:00,2.1369499999999997,-0.006783333333333363,2.1430441782400065,-0.0006891550933264221
2026-06-05 20:00:00,2.1440499999999996,0.007099999999999884,2.1431298135455,8.56353054934935e-05
2026-06-05 20:05:00,2.136633333333334,-0.007416666666665517,2.1433527979164952,0.0002229843709949931
2026-06-05 20:10:00,2.143416666666667,0.006783333333332919,2.143777030999218,0.0004242330827227305
2026-06-05 20:15:00,2.136366666666667,-0.007050000000000001,2.1444136711832615,0.000636640184043903
2026-06-05 20:20:00,2.1491499999999997,0.012783333333332703,2.1379584597799215,0.0015917931132545095
2026-06-05 20:25:00,2.1431186440677967,-0.006031355932202942,2.138061611863721,0.00010315208379933701
2026-06-05 20:30:00,2.1415833333333327,-0.0015353107344640016,2.1379389265990216,-0.0001226852646989868
2026-06-05 20:35:00,2.1425499999999995,0.0009666666666667822,2.1378591325833463,-7.97940156755516e-05
2026-06-05 20:40:00,2.1364500000000004,-0.006099999999999106,2.137850266441928,-8.866141418459313e-06
2026-06-05 20:45:00,2.1373000000000006,0.0008500000000002395,2.1389561132781885,0.002506113278188111
2026-06-05 20:50:00,2.137149999999999,-0.00015000000000142677,2.139558942240217,0.0006028289620284254
2026-06-05 20:55:00,2.1452,0.008050000000000779,2.1400352756262224,0.000476333386005301
2026-06-05 21:00:00,2.13565,-0.009549999999999947,2.1405112089565517,0.0004759333303294085
2026-06-05 21:05:00,2.1392711864406784,0.0036211864406783256,2.1409291693809647,0.0004179604244128
2026-06-05 21:10:00,2.147333333333334,0.008062146892655608,2.1397445293011015,0.0004733428604232466
2026-06-05 21:15:00,2.1467666666666663,-0.0005666666666677145,2.1403385703991344,0.0005940410980329071
2026-06-05 21:20:00,2.136316666666667,-0.010449999999999182,2.1401450581795323,-0.00019351221960212578
2026-06-05 21:25:00,2.1361833333333333,-0.00013333333333376274,2.1398569856880343,-0.0002880724914979779
2026-06-05 21:30:00,2.140716666666667,0.004533333333333722,2.1397014993402994,-0.0001554863477348708
2026-06-05 21:35:00,2.1389333333333327,-0.0017833333333343582,2.1399514138312887,-0.0007652528353783175
2026-06-05 21:40:00,2.1411666666666673,0.0022333333333346417,2.1391724885311167,-0.0007789253001720656
2026-06-05 21:45:00,2.1423220338983056,0.0011553672316382269,2.1390717273687883,-0.00010076116232827287
2026-06-05 21:50:00,2.140250000000001,-0.0020720338983046815,2.1392111871963913,0.0001394598276027928
2026-06-05 21:55:00,2.1389000000000005,-0.0013500000000004064,2.1395825385681233,0.0003713513717322133
2026-06-05 22:00:00,2.1376666666666675,-0.0012333333333329755,2.13957926297543,0.0006792629754296475
2026-06-05 22:05:00,2.142700000000001,0.005033333333333445,2.1399747688565203,0.00039550588109032184
2026-06-05 22:10:00,2.141648148148149,-0.0010518518518520814,2.140419648835577,0.000444879979056324
2026-06-05 22:15:00,2.1470166666666675,0.005368518518518606,2.141004291908081,0.0005846430725040656
2026-06-05 22:20:00,2.132116666666667,-0.014900000000000357,2.140789190033934,-0.00021510187414681064
2026-06-05 22:25:00,2.1400833333333336,0.007966666666666455,2.136571634632373,0.0044549679657056845
2026-06-05 22:30:00,2.1352833333333328,-0.004800000000000804,2.1377561105988,0.0011844759664269905
2026-06-05 22:35:00,2.138915254237288,0.0036319209039552547,2.1376728361252626,-8.327447353706874e-05
2026-06-05 22:40:00,2.1382833333333338,-0.0006319209039542528,2.1376315984007097,-4.123772455298534e-05
2026-06-05 22:45:00,2.1392,0.0009166666666664547,2.137894465894147,0.00026286749343718604
2026-06-05 22:50:00,2.1371166666666666,-0.002083333333333659,2.1392958218128295,9.582181282922959e-05
2026-06-05 22:55:00,2.1401,0.002983333333333338,2.1397075943306567,0.00041177251782706197
2026-06-05 23:00:00,2.1322666666666668,-0.007833333333333137,2.1400113962357543,0.00030380190509782777
2026-06-05 23:05:00,2.137916666666667,0.005650000000000155,2.140317621146704,0.00030622491094950795
2026-06-05 23:10:00,2.13935593220339,0.0014392655367232443,2.140778060077581,0.00046043893087720455
2026-06-05 23:15:00,2.1466,0.007244067796609688,2.138939684583804,-0.00041624761958633115
2026-06-05 23:20:00,2.143783333333333,-0.0028166666666669116,2.1385201067092554,-0.0004195778745486055
2026-06-05 23:25:00,2.1374166666666676,-0.006366666666665299,2.1380846047035513,-0.0004355020057040493
2026-06-05 23:30:00,2.1389333333333336,0.0015166666666659445,2.1378195231960757,-0.0002650815074753027
2026-06-05 23:35:00,2.141566666666667,0.0026333333333332654,2.137552572313586,-0.00026695088248971966
2026-06-05 23:40:00,2.1417500000000005,0.0001833333333336462,2.1408334239801277,-0.0007332426865393264
2026-06-05 23:45:00,2.145566666666667,0.0038166666666663573,2.140520250837747,-0.00031317314238069424
2026-06-05 23:50:00,2.1357966101694914,-0.009770056497175439,2.1404791458477743,-4.110498997232382e-05
2026-06-05 23:55:00,2.146083333333334,0.010286723163842382,2.1406791348371974,0.00019998898942296734
2026-06-06 00:00:00,2.1403166666666666,-0.005766666666667142,2.140891087604032,0.00021195276683452758
2026-06-06 00:05:00,2.143966666666666,0.003649999999999487,2.140977925958087,0.000661259291420431
2026-06-06 00:10:00,2.149716666666667,0.00575000000000081,2.1414398952522453,0.00046196929415823006
2026-06-06 00:15:00,2.1481166666666667,-0.0016000000000002679,2.1420028763392818,0.0005629810870363138
2026-06-06 00:20:00,2.1458000000000004,-0.0023166666666663005,2.141842648465521,-0.0001602278737609012
2026-06-06 00:25:00,2.145383333333333,-0.0004166666666671759,2.1415615208049488,-0.0002811276605718929
2026-06-06 00:30:00,2.1488644067796616,0.00348107344632842,2.1453695134808886,-1.3819852444848302e-05
2026-06-06 00:35:00,2.14905,0.00018559322033828707,2.144818320869007,-0.0005511926118814615
2026-06-06 00:40:00,2.14725,-0.0017999999999998018,2.144419920596271,-0.00039840027273584745
2026-06-06 00:45:00,2.1456666666666675,-0.0015833333333326038,2.1443121455403844,-0.00010777505588671841
2026-06-06 00:50:00,2.1458999999999997,0.0002333333333321974,2.1442376842983326,-7.446124205191969e-05
2026-06-06 00:55:00,2.1456666666666675,-0.0002333333333321974,2.146454797058958,0.0005547970589579823
2026-06-06 01:00:00,2.1456500000000007,-1.6666666666775853e-05,2.146661496358083,0.0002066992991251238
2026-06-06 01:05:00,2.147516666666667,0.001866666666666461,2.1467944168047013,0.00013292044661859258
2026-06-06 01:10:00,2.1474237288135596,-9.293785310759972e-05,2.1470811593955856,0.00028674259088429135
2026-06-06 01:15:00,2.148816666666667,0.0013929378531072345,2.147621031559519,0.0005398721639331951
2026-06-06 01:20:00,2.1465166666666673,-0.0022999999999995246,2.148570807884014,-0.00024585878265286396
2026-06-06 01:25:00,2.1469666666666662,0.00044999999999895124,2.148168161233303,-0.00040264665071101106
2026-06-06 01:30:00,2.1399,-0.0070666666666663325,2.1478776455630837,-0.00029051567021908274
2026-06-06 01:35:00,2.136983333333334,-0.0029166666666657903,2.147599808913107,-0.0002778366499767437
2026-06-06 01:40:00,2.1386499999999997,0.001666666666665595,2.147369817766601,-0.00022999114650626928
2026-06-06 01:45:00,2.1341525423728815,-0.004497457627118173,2.140173475744485,0.001523475744485125
2026-06-06 01:50:00,2.1370833333333334,0.002930790960451901,2.140645667641419,0.00047219189693419077
2026-06-06 01:55:00,2.137733333333333,0.0006499999999993733,2.1409167497358723,0.00027108209445327606
2026-06-06 02:00:00,2.1354333333333333,-0.0022999999999995246,2.141133889126823,0.00021713939095031982
2026-06-06 02:05:00,2.1351833333333334,-0.00024999999999986144,2.1413008878999937,0.00016699877317124636
2026-06-06 02:10:00,2.134866666666667,-0.00031666666666652077,2.1368386538680593,0.0016553205347256956
2026-06-06 02:15:00,2.1316333333333333,-0.0032333333333336434,2.1380798341424367,0.0012411802743775102
2026-06-06 02:20:00,2.1293833333333327,-0.0022500000000005294,2.1384584249352505,0.00037859079281373723
2026-06-06 02:25:00,2.135186440677966,0.005803107344633407,2.1386820340996953,0.00022360916444470185
2026-06-06 02:30:00,2.135866666666667,0.0006802259887006556,2.1389646907392015,0.00028265663950630013
2026-06-06 02:35:00,2.13565,-0.00021666666666675383,2.1357405328691867,-0.0001261337974799782
2026-06-06 02:40:00,2.1340333333333334,-0.0016166666666665996,2.135371249359885,-0.00036928350930175895
2026-06-06 02:45:00,2.134333333333333,0.0002999999999997449,2.1354127586688185,4.150930893335604e-05
2026-06-06 02:50:00,2.1339,-0.00043333333333306356,2.135437138359501,2.437969068295016e-05
2026-06-06 02:55:00,2.136583333333334,0.002683333333334037,2.1355875766103902,0.00015043825088902426
2026-06-06 03:00:00,2.1364666666666667,-0.00011666666666743097,2.1362224807589554,-0.0003608525743786637
2026-06-06 03:05:00,2.1369661016949153,0.0004994350282485627,2.1360923622870933,-0.00013011847186227135
2026-06-06 03:10:00,2.140116666666667,0.0031505649717518125,2.136172706835747,8.034454865394857e-05
2026-06-06 03:15:00,2.1366000000000005,-0.0035166666666666124,2.1366138655330746,0.00044115869732740636
2026-06-06 03:20:00,2.134116666666667,-0.002483333333333615,2.136394013186379,-0.00021985234669599335
2026-06-06 03:25:00,2.1310666666666664,-0.0030500000000004412,2.135128850835044,0.0010121841683770083
2026-06-06 03:30:00,2.1278,-0.003266666666666307,2.135176072267152,4.7221432107897756e-05
2026-06-06 03:35:00,2.1350333333333333,0.007233333333333203,2.1349754267167365,-0.0002006455504153642
2026-06-06 03:40:00,2.1291166666666665,-0.005916666666666792,2.1348421465625247,-0.00013328015421186574
2026-06-06 03:45:00,2.1188813559322033,-0.010235310734463265,2.134808291072762,-3.385548976252004e-05
2026-06-06 03:50:00,2.1211999999999995,0.0023186440677962494,2.1233274389135075,0.0044460829813043855
2026-06-06 03:55:00,2.1510166666666675,0.029816666666667935,2.1249172532247744,0.0015898143112669293
2026-06-06 04:00:00,2.1594500000000005,0.00843333333333307,2.1253287929959312,0.00041153977115678263
2026-06-06 04:05:00,2.1602333333333337,0.000783333333333136,2.125560569811784,0.00023177681585266326
2026-06-06 04:10:00,2.157133333333334,-0.0030999999999998806,2.1258632633209666,0.0003026935091828247
2026-06-06 04:15:00,2.1610166666666677,0.003883333333333905,2.1499181622463777,-0.007215171086956178
2026-06-06 04:20:00,2.1605000000000003,-0.0005166666666673869,2.1490572643334107,-0.0008608979129669364
2026-06-06 04:25:00,2.1656440677966113,0.005144067796611029,2.1482393923470213,-0.0008178719863893941
2026-06-06 04:30:00,2.1637,-0.0019440677966113817,2.147516508199175,-0.0007228841478461593
2026-06-06 04:35:00,2.21145,0.04775000000000018,2.146814887141643,-0.0007016210575322633
2026-06-06 04:40:00,2.251733333333334,0.04028333333333389,2.1825745929920086,-0.02887540700799172
2026-06-06 04:45:00,2.263383333333334,0.011649999999999938,2.172015836363192,-0.010558756628816257
2026-06-06 04:50:00,2.284036363636364,0.020653030303030118,2.1707703981583024,-0.001245438204889894
2026-06-06 04:55:00,2.2887333333333335,0.004696969696969422,2.1696344722825085,-0.0011359258757939
2026-06-06 05:00:00,2.2657166666666675,-0.02301666666666602,2.1687563007175106,-0.0008781715649977774
2026-06-06 05:05:00,2.263983333333333,-0.0017333333333344747,2.2406293568340394,-0.02508730983262787
2026-06-06 05:10:00,2.224118644067797,-0.03986468926553588,2.2393001747562704,-0.001329182077769307
2026-06-06 05:15:00,2.2143833333333327,-0.00973531073446443,2.239187651924818,-0.00011252283145236948
2026-06-06 05:20:00,2.2037833333333334,-0.010599999999999277,2.23752908443248,-0.0016585674923378685
2026-06-06 05:25:00,2.2364,0.03261666666666674,2.2354889416318784,-0.0020401428006015863
2026-06-06 05:30:00,2.2172833333333335,-0.01911666666666667,2.224167632246373,-0.012232367753626967
2026-06-06 05:35:00,2.226733333333333,0.009449999999999292,2.210022493067476,-0.014145139178897207
2026-06-06 05:40:00,2.2298166666666663,0.003083333333333549,2.208657339498115,-0.0013651535693610245
2026-06-06 05:45:00,2.2268166666666667,-0.0029999999999996696,2.207622967124938,-0.00103437237317706
2026-06-06 05:50:00,2.2349830508474575,0.008166384180790853,2.206719989184043,-0.0009029779408945298
2026-06-06 05:55:00,2.2663166666666665,0.031333615819209015,2.2269791389110347,-0.008003911936422956
2026-06-06 06:00:00,2.2528833333333336,-0.013433333333332964,2.2271776321077614,0.00019849319672667965
2026-06-06 06:05:00,2.2844666666666664,0.03158333333333285,2.226739347999359,-0.0004382841084022686
2026-06-06 06:10:00,2.259366666666666,-0.025100000000000566,2.2266191098674817,-0.00012023813187711902
2026-06-06 06:15:00,2.2605,0.0011333333333340967,2.2270742372970096,0.0004551274295278163
2026-06-06 06:20:00,2.246,-0.014499999999999957,2.250623179531484,-0.00987682046851605
2026-06-06 06:25:00,2.251016666666666,0.005016666666666225,2.249241853185684,-0.001381326345800071
2026-06-06 06:30:00,2.249745762711864,-0.0012709039548020051,2.2480031006037153,-0.0012387525819683677
2026-06-06 06:35:00,2.2230500000000006,-0.02669576271186358,2.246371924254658,-0.0016311763490574845
2026-06-06 06:40:00,2.224783333333333,0.0017333333333322543,2.244968289156097,-0.0014036350985609462
2026-06-06 06:45:00,2.211066666666666,-0.013716666666666821,2.2393911307996706,0.014607797466337646
2026-06-06 06:50:00,2.24045,0.029383333333333983,2.2358367804955783,-0.0035543503040921277
2026-06-06 06:55:00,2.274816666666667,0.0343666666666671,2.235039082873014,-0.0007976976225647547
2026-06-06 07:00:00,2.24495,-0.029866666666667374,2.235094674205736,5.559133272214814e-05
2026-06-06 07:05:00,2.272372881355932,0.027422881355932294,2.234863999683891,-0.0002306745218448185
2026-06-06 07:10:00,2.2195833333333335,-0.05278954802259861,2.2388268946494505,-0.03354598670648167
2026-06-06 07:15:00,2.2292500000000004,0.009666666666666934,2.236068228040103,-0.0027586666093472848
2026-06-06 07:20:00,2.2136666666666662,-0.01558333333333417,2.234976897417086,-0.0010913306230172447
2026-06-06 07:25:00,2.202033333333333,-0.011633333333333162,2.2314347108398787,-0.003542186577207197
2026-06-06 07:30:00,2.188383333333334,-0.013649999999999274,2.2288127295843543,-0.00262198125552433
2026-06-06 07:35:00,2.2100833333333325,0.02169999999999872,2.2139890699976603,0.0256057366643266
2026-06-06 07:40:00,2.2117833333333334,0.001700000000000923,2.214132379957787,0.0001433099601263713
2026-06-06 07:45:00,2.215593220338982,0.003809887005648438,2.2119926074242864,-0.002139772533500287
2026-06-06 07:50:00,2.210283333333332,-0.005309887005649827,2.2140515475122555,0.002058940087968854
2026-06-06 07:55:00,2.1984500000000002,-0.011833333333331808,2.2139627519944454,-8.879551781013953e-05
2026-06-06 08:00:00,2.206866666666667,0.008416666666666739,2.206190127051248,0.007740127051247799
2026-06-06 08:05:00,2.18665,-0.02021666666666677,2.206052009841638,-0.00013811720961036202
2026-06-06 08:10:00,2.1886999999999994,0.002049999999999219,2.2060046249840464,-4.7384857591442385e-05
2026-06-06 08:15:00,2.1943166666666656,0.005616666666666159,2.206598023448221,0.0005933984641750265
2026-06-06 08:20:00,2.1854166666666663,-0.008899999999999242,2.2063106391358795,-0.00028738431234161965
2026-06-06 08:25:00,2.190101694915254,0.0046850282485877415,2.1900078971809718,0.004591230514305381
2026-06-06 08:30:00,2.1955833333333334,0.00548163841807936,2.1916872023952028,0.0016793052142309527
2026-06-06 08:35:00,2.1910999999999996,-0.004483333333333839,2.192851219452781,0.001164017057578394
2026-06-06 08:40:00,2.1772666666666667,-0.01383333333333292,2.1938270826304294,0.0009758631776482521
2026-06-06 08:45:00,2.1753833333333343,-0.0018833333333323488,2.1945283943722034,0.0007013117417738903
2026-06-06 08:50:00,2.1763666666666674,0.000983333333333114,2.1802380406341078,0.004854707300773359
2026-06-06 08:55:00,2.1842333333333337,0.007866666666666244,2.1813804574820876,0.0011424168479798053
2026-06-06 09:00:00,2.1741333333333333,-0.010100000000000442,2.18151593836191,0.00013548087982243273
2026-06-06 09:05:00,2.172898305084747,-0.001235028248586456,2.1815535059833753,3.75676214653031e-05
2026-06-06 09:10:00,2.17695,0.004051694915253368,2.18164059875055,8.709276717439888e-05
2026-06-06 09:15:00,2.17615,-0.000800000000000356,2.1771512969969677,0.0002012969969676597
2026-06-06 09:20:00,2.1729166666666666,-0.0032333333333331993,2.177042733104548,-0.0001085638924197917
2026-06-06 09:25:00,2.1774833333333334,0.00456666666666683,2.1768178017514965,-0.00022493135305160636
2026-06-06 09:30:00,2.1769666666666665,-0.0005166666666669428,2.176780514247417,-3.7287504079400966e-05
2026-06-06 09:35:00,2.1769166666666675,-4.999999999899529e-05,2.176750826045743,-2.9688201673814727e-05
2026-06-06 09:40:00,2.1759999999999993,-0.000916666666668231,2.1753300549487666,-0.0015866117179008743
2026-06-06 09:45:00,2.1758166666666674,-0.00018333333333186985,2.1744847832461516,-0.0008452717026148388
2026-06-06 09:50:00,2.176305084745763,0.0004884180790956094,2.1740199944799663,-0.0004647887661854699
2026-06-06 09:55:00,2.1660666666666675,-0.010238418079095535,2.17376990596364,-0.0002500885163259578
2026-06-06 10:00:00,2.173500000000001,0.007433333333333625,2.1735425619510784,-0.00022734401256191614
2026-06-06 10:05:00,2.174383333333334,0.000883333333332903,2.172992420820206,-0.0005075791797948477
2026-06-06 10:10:00,2.1775500000000005,0.00316666666666654,2.172435541511499,-0.0005568793087072078
2026-06-06 10:15:00,2.169583333333334,-0.007966666666666455,2.172464443137162,2.890162566267991e-05
2026-06-06 10:20:00,2.1709333333333336,0.0013499999999995183,2.1718732015265503,-0.0005912416106114434
2026-06-06 10:25:00,2.1723500000000007,0.0014166666666670658,2.1711227823079544,-0.0007504192185958822
2026-06-06 10:30:00,2.173762711864408,0.001412711864407168,2.1708243016861597,-0.0015256983138409632
2026-06-06 10:35:00,2.171516666666667,-0.0022460451977406315,2.1694653114191564,-0.001358990267003067
2026-06-06 10:40:00,2.1697500000000005,-0.0017666666666666941,2.168410905159814,-0.001054406259342893
2026-06-06 10:45:00,2.1718666666666673,0.0021166666666667666,2.1677861321722087,-0.0006247729876049915
2026-06-06 10:50:00,2.17035,-0.0015166666666672768,2.1673298027220937,-0.00045632945011494136
2026-06-06 10:55:00,2.171716666666667,0.0013666666666671823,2.170486957802255,0.00013695780225535576
2026-06-06 11:00:00,2.1696166666666667,-0.002100000000000435,2.170380087095771,-0.00010687070648440757
2026-06-06 11:05:00,2.1713333333333336,0.0017166666666668107,2.170192041678275,-0.00018804541749580417
2026-06-06 11:10:00,2.1716271186440683,0.0002937853107347621,2.170156675319137,-3.5366359137980104e-05
2026-06-06 11:15:00,2.1720500000000005,0.0004228813559321587,2.1704658142795914,0.0003091389604543075
2026-06-06 11:20:00,2.170900000000001,-0.0011499999999995403,2.170691562508375,-0.001358437491625321
2026-06-06 11:25:00,2.170733333333334,-0.00016666666666687036,2.169395984004776,-0.0012955785035990862
2026-06-06 11:30:00,2.170133333333334,-0.0005999999999999339,2.168281928088524,-0.001114055916252019
2026-06-06 11:35:00,2.1698166666666676,-0.00031666666666652077,2.1672796999944866,-0.0010022280940374351
2026-06-06 11:40:00,2.172116666666668,0.002300000000000413,2.1664486730102652,-0.0008310269842214566
2026-06-06 11:45:00,2.1746949152542374,0.0025782485875693872,2.1710078005273403,-0.0011088661393276317
2026-06-06 11:50:00,2.1746666666666674,-2.824858757000115e-05,2.170582837134541,-0.000424963392799367
2026-06-06 11:55:00,2.174466666666667,-0.00020000000000042206,2.17035932063051,-0.00022351650403108284
2026-06-06 12:00:00,2.1714333333333338,-0.0030333333333332213,2.170252493669509,-0.0001068269610010686
2026-06-06 12:05:00,2.168666666666668,-0.002766666666665696,2.170150839933113,-0.00010165373639606358
2026-06-06 12:10:00,2.1679000000000013,-0.0007666666666668043,2.1696073297424747,0.0009406630758066104
2026-06-06 12:15:00,2.174550000000001,0.006649999999999601,2.1698765390857124,0.0002692093432375305
2026-06-06 12:20:00,2.175033333333334,0.00048333333333294703,2.169341252072101,-0.0005352870136112496
2026-06-06 12:25:00,2.174101694915255,-0.0009316384180788617,2.1686629031122218,-0.0006783489598793286
2026-06-06 12:30:00,2.1754500000000005,0.0013483050847455935,2.1681032579346042,-0.0005596451776176082
2026-06-06 12:35:00,2.1717666666666675,-0.0036833333333330387,2.1732508550341723,-0.0021991449658284217
2026-06-06 12:40:00,2.172233333333334,0.00046666666666661527,2.1716650208157757,-0.0015858342183964664
2026-06-06 12:45:00,2.1716,-0.0006333333333339297,2.170904029813656,-0.0007609910021195391
2026-06-06 12:50:00,2.1719166666666663,0.0003166666666660767,2.170483421759345,-0.00042060805431096533
2026-06-06 12:55:00,2.173816666666667,0.001900000000000901,2.1703235438095883,-0.00015987794975700246
2026-06-06 13:00:00,2.174183333333334,0.00036666666666684833,2.1732409296048045,-0.0005757370618627398
2026-06-06 13:05:00,2.172101694915255,-0.002081638418078846,2.1730946478022117,-0.00014628180259279938
2026-06-06 13:10:00,2.1755333333333344,0.0034316384180792525,2.17319468632573,0.00010003852351856148
2026-06-06 13:15:00,2.169383333333334,-0.006150000000000322,2.1735847221414266,0.0003900358156962837
2026-06-06 13:20:00,2.1702666666666675,0.0008833333333333471,2.1731253765714356,-0.0004593455699910472
2026-06-06 13:25:00,2.172816666666667,0.002549999999999386,2.1705709260750896,0.0003042594084219473
2026-06-06 13:30:00,2.178866666666667,0.006050000000000111,2.1699936482985906,-0.0005772777764985862
2026-06-06 13:35:00,2.1759166666666663,-0.0029500000000006743,2.1693318450432817,-0.0006618032553090864
2026-06-06 13:40:00,2.1835166666666663,0.007600000000000051,2.168881188858651,-0.00045065618463039714
2026-06-06 13:45:00,2.1858833333333334,0.002366666666667072,2.1687812521094556,-9.993674919573467e-05
2026-06-06 13:50:00,2.132305084745763,-0.05357824858757043,2.1821757984228976,-0.003707534910435784
2026-06-06 13:55:00,2.1248333333333336,-0.007471751412429395,2.1817827863516097,-0.00039301207128776306
2026-06-06 14:00:00,2.1199166666666667,-0.004916666666666902,2.1817952333773536,1.2447025743910477e-05
2026-06-06 14:05:00,2.119249999999999,-0.0006666666666674814,2.181900617911523,0.00010538453416940075
2026-06-06 14:10:00,2.1167499999999992,-0.0024999999999999467,2.182233112972701,0.00033249506117772834
2026-06-06 14:15:00,2.11295,-0.0037999999999991374,2.1174501128670875,0.0007001128670883472
2026-06-06 14:20:00,2.113883333333333,0.0009333333333327865,2.11825620504112,0.00080609217403243
2026-06-06 14:25:00,2.10965,-0.004233333333333089,2.118757594516505,0.0005013894753849666
2026-06-06 14:30:00,2.110033898305085,0.0003838983050852285,2.119660948532491,0.0009033540159860969
2026-06-06 14:35:00,2.1136166666666663,0.0035827683615812234,2.1207338165724217,0.00107286803993054
2026-06-06 14:40:00,2.1116833333333327,-0.0019333333333335645,2.1171020372999485,0.0034853706332821197
2026-06-06 14:45:00,2.11385,0.002166666666667094,2.1188775894846685,0.0017755521847199528
2026-06-06 14:50:00,2.1093999999999995,-0.004450000000000287,2.1207423684963,0.0018647790116317305
2026-06-06 14:55:00,2.1107499999999995,0.0013499999999999623,2.1220535894942216,0.0013112209979213615
2026-06-06 15:00:00,2.1112166666666674,0.00046666666666794754,2.122997262856654,0.0009436733624325862
2026-06-06 15:05:00,2.1115333333333335,0.0003166666666660767,2.1134074029663257,0.0021907362996582153
2026-06-06 15:10:00,2.112033333333333,0.0004999999999997229,2.114883206707676,0.0014758037413503925
2026-06-06 15:15:00,2.1130847457627118,0.001051412429378562,2.116133454830679,0.0012502481230030238
2026-06-06 15:20:00,2.111483333333333,-0.0016014124293786125,2.1164514189780603,0.00031796414738109784
2026-06-06 15:25:00,2.1103333333333327,-0.0011500000000004285,2.116543083532635,9.166455457497403e-05
2026-06-06 15:30:00,2.109683333333334,-0.0006499999999989292,2.1111252067657813,0.0007918734324483986
2026-06-06 15:35:00,2.1117,0.0020166666666661115,2.1112230113132022,9.780454742124096e-05
2026-06-06 15:40:00,2.109683333333333,-0.0020166666666669997,2.111107777022735,-0.00011523429046730608
2026-06-06 15:45:00,2.1097000000000006,1.6666666667664032e-05,2.1111464852586037,3.870823586861473e-05
2026-06-06 15:50:00,2.109516666666666,-0.0001833333333345344,2.1114153980253874,0.00026891276678379055
2026-06-06 15:55:00,2.1130847457627113,0.0035680790960452846,2.1099005302000635,0.00038386353339732123
2026-06-06 16:00:00,2.110066666666667,-0.003018079096044346,2.110327774834863,0.00042724463479945255
2026-06-06 16:05:00,2.107366666666666,-0.002700000000000813,2.110634898678447,0.0003071238435840442
2026-06-06 16:10:00,2.108649999999999,0.001283333333332859,2.111100166194138,0.00046526751569132477
2026-06-06 16:15:00,2.1108,0.0021500000000007624,2.1118136616329317,0.0007134954387934131
2026-06-06 16:20:00,2.113183333333333,0.002383333333333404,2.1101499556996064,-0.0006500443003933956
2026-06-06 16:25:00,2.1136,0.0004166666666667318,2.109270738434288,-0.0008792172653186268
2026-06-06 16:30:00,2.1121499999999997,-0.0014500000000001734,2.1085451506767603,-0.0007255877575276271
2026-06-06 16:35:00,2.112610169491525,0.0004601694915251642,2.107984791519644,-0.0005603591571158562
2026-06-06 16:40:00,2.111199999999999,-0.0014101694915260587,2.107573339329912,-0.000411452189731997
2026-06-06 16:45:00,2.110933333333333,-0.0002666666666657491,2.111374275553761,0.00017427555376192474
2026-06-06 16:50:00,2.1096166666666667,-0.0013166666666664106,2.111590067136349,0.00021579158258806027
2026-06-06 16:55:00,2.1113999999999993,0.0017833333333325818,2.1118740149094273,0.000283947773078426
2026-06-06 17:00:00,2.1113499999999994,-4.999999999988347e-05,2.112198255705053,0.0003242407956256243
2026-06-06 17:05:00,2.1117666666666666,0.0004166666666671759,2.112520912348354,0.00032265664330115523
2026-06-06 17:10:00,2.109933333333333,-0.0018333333333333535,2.111792813529177,2.6146862510371095e-05
2026-06-06 17:15:00,2.1115999999999997,0.0016666666666664831,2.112176475409096,0.00038366187991898624
2026-06-06 17:20:00,2.1120677966101686,0.0004677966101689357,2.1118265369411087,-0.0003499384679872643
2026-06-06 17:25:00,2.110333333333333,-0.0017344632768354629,2.1113112674264793,-0.0005152695146292785
2026-06-06 17:30:00,2.109716666666667,-0.0006166666666662657,2.1109339672925254,-0.0003773001339540701
2026-06-06 17:35:00,2.109199999999999,-0.000516666666667831,2.109900866403148,0.00018419973648093623
2026-06-06 17:40:00,2.1088333333333327,-0.00036666666666640424,2.1094303757066517,-0.0004704906964959165
2026-06-06 17:45:00,2.108416666666666,-0.0004166666666667318,2.109174823138373,-0.00025555256827889674
2026-06-06 17:50:00,2.108116666666666,-0.0002999999999997449,2.109287668519736,0.0001128453813633238
2026-06-06 17:55:00,2.1088999999999993,0.000783333333333136,2.109636386645871,0.0003487181261347348
2026-06-06 18:00:00,2.112542372881355,0.0036423728813557155,2.109271725912074,0.0003717259120748771
2026-06-06 18:05:00,2.112083333333333,-0.00045903954802195557,2.109759147541857,0.00048742162978283594
2026-06-06 18:10:00,2.1092166666666663,-0.002866666666666795,2.110199769174822,0.00044062163296502196
2026-06-06 18:15:00,2.1072666666666664,-0.0019499999999998963,2.11079282529485,0.0005930561200277237
2026-06-06 18:20:00,2.1115166666666663,0.004249999999999865,2.110571729644095,-0.00022109565075457808
2026-06-06 18:25:00,2.1086,-0.0029166666666662344,2.1108505863993674,-0.0006660802672986679
2026-06-06 18:30:00,2.110266666666667,0.0016666666666669272,2.1098868543878244,-0.0009637320115429743
2026-06-06 18:35:00,2.111883333333333,0.0016166666666661555,2.109038006330793,-0.0008488480570315127
2026-06-06 18:40:00,2.106796610169491,-0.005086723163842066,2.1084050373595873,-0.0006329689712058369
2026-06-06 18:45:00,2.1098,0.0030033898305088513,2.1081291338942654,-0.0002759034653217237
2026-06-06 18:50:00,2.1091666666666664,-0.0006333333333334856,2.109991464029108,0.00019146402910804437
2026-06-06 18:55:00,2.10965,0.0004833333333333911,2.1104594460728276,0.00046798204371973425
2026-06-06 19:00:00,2.107249999999999,-0.002400000000000624,2.1107643942011904,0.0003049481283629461
2026-06-06 19:05:00,2.1101666666666667,0.0029166666666675667,2.111051546708813,0.0002871525076222813
2026-06-06 19:10:00,2.1094,-0.0007666666666668043,2.1115032571421724,0.00045171043335950927
2026-06-06 19:15:00,2.1104,0.0009999999999998899,2.109436034424729,3.603442472918274e-05
2026-06-06 19:20:00,2.11155,0.0011499999999999844,2.1091615552825607,-0.0002744791421685801
2026-06-06 19:25:00,2.1093389830508475,-0.002211016949152267,2.108590463136233,-0.0005710921463275876
2026-06-06 19:30:00,2.109416666666666,7.768361581828032e-05,2.108106681166001,-0.0004837819702317841
2026-06-06 19:35:00,2.1102499999999997,0.0008333333333339077,2.107679121314824,-0.0004275598511769603
2026-06-06 19:40:00,2.1087666666666665,-0.001483333333333281,2.109926910270682,-0.0003230897293178132
2026-06-06 19:45:00,2.106733333333333,-0.0020333333333333314,2.1095621931139563,-0.00036471715672581394
2026-06-06 19:50:00,2.1097833333333336,0.0030500000000004412,2.109575266989776,1.3073875819906272e-05
2026-06-06 19:55:00,2.1100166666666653,0.00023333333333175332,2.109826128712897,0.00025086172312138304
2026-06-06 20:00:00,2.1089999999999995,-0.0010166666666657775,2.1101140310183717,0.0002879023054741075
2026-06-06 20:05:00,2.1101525423728806,0.0011525423728810935,2.1092885108824326,0.0002885108824331069
2026-06-06 20:10:00,2.109333333333333,-0.0008192090395477969,2.1098443713610546,0.0005558604786220019
2026-06-06 20:15:00,2.108566666666666,-0.0007666666666668043,2.110351420811648,0.0005070494505929895
2026-06-06 20:20:00,2.1079499999999998,-0.0006166666666662657,2.1101036435113723,-0.00024777730027560703
2026-06-06 20:25:00,2.1079999999999997,4.999999999988347e-05,2.109657318357862,-0.0004463251535097155
2026-06-06 20:30:00,2.1100499999999998,0.0020500000000001073,2.1081888193472573,0.00018881934725762246
2026-06-06 20:35:00,2.109266666666666,-0.0007833333333335801,2.107816431969776,-0.00037238737748109213
2026-06-06 20:40:00,2.1101,0.0008333333333339077,2.10730174873315,-0.0005146832366263555
2026-06-06 20:45:00,2.109783333333333,-0.00031666666666696486,2.107074253263926,-0.00022749546922364773
2026-06-06 20:50:00,2.1109491525423727,0.0011658192090395758,2.107150767536554,7.651427262800911e-05
2026-06-06 20:55:00,2.107816666666666,-0.003132485875706692,2.111165726727515,0.00021657418514194635
2026-06-06 21:00:00,2.1115166666666667,0.0037000000000007027,2.111571605138603,0.00040587841108815243
2026-06-06 21:05:00,2.1090666666666666,-0.0024500000000000632,2.1118834457082887,0.00031184056968582756
2026-06-06 21:10:00,2.1084833333333335,-0.0005833333333331581,2.1123245506738035,0.0004411049655148691
2026-06-06 21:15:00,2.11115,0.002666666666666373,2.1129407355514576,0.000616184877654232
2026-06-06 21:20:00,2.1094,-0.0017499999999999183,2.1109109544239963,-0.00023904557600330968
2026-06-06 21:25:00,2.108033333333333,-0.0013666666666667382,2.110384511897965,-0.0005264425260314156
2026-06-06 21:30:00,2.111745762711864,0.0037124293785306683,2.1099128957882805,-0.0004716161096848886
2026-06-06 21:35:00,2.1098,-0.0019457627118639742,2.1095264348135574,-0.0003864609747227994
2026-06-06 21:40:00,2.111516666666667,0.0017166666666672548,2.109270028641647,-0.0002564061719106895
2026-06-06 21:45:00,2.1105499999999995,-0.0009666666666676704,2.1113622666867564,-0.00015439997991089786
2026-06-06 21:50:00,2.1097166666666656,-0.0008333333333339077,2.1115528153017133,0.00019054861495707712
2026-06-06 21:55:00,2.107349999999999,-0.002366666666666628,2.1118591773033675,0.0003063620016539469
2026-06-06 22:00:00,2.109066666666667,0.001716666666668143,2.1121975125788564,0.00033833527548903023
2026-06-06 22:05:00,2.1112166666666665,0.00214999999999943,2.1125507569780626,0.00035324439920634583
2026-06-06 22:10:00,2.1108000000000002,-0.0004166666666662877,2.111090226929548,-0.00012643973711835694
2026-06-06 22:15:00,2.108711864406779,-0.0020881355932211854,2.1113944546791634,0.00030422774961548146
2026-06-06 22:20:00,2.1102333333333325,0.0015214689265534709,2.111024275963356,-0.0003701787158075407
2026-06-06 22:25:00,2.108999999999999,-0.0012333333333334195,2.1105874334245383,-0.00043684253881788544
2026-06-06 22:30:00,2.1115,0.002500000000000835,2.110277096757322,-0.00031033666721621845
2026-06-06 22:35:00,2.108916666666666,-0.002583333333333826,2.1110048596285553,-0.0004951403714444634
2026-06-06 22:40:00,2.108983333333333,6.666666666710341e-05,2.110386553587237,-0.0006183060413185705
2026-06-06 22:45:00,2.110516666666667,0.0015333333333336086,2.110252203058171,-0.00013435052906569418
2026-06-06 22:50:00,2.110066666666666,-0.0004500000000007276,2.110320900075595,6.869701742390686e-05
2026-06-06 22:55:00,2.107466666666667,-0.0025999999999992696,2.1106309814357163,0.0003100813601210613
2026-06-06 23:00:00,2.107661016949152,0.0001943502824852672,2.1083075146441526,0.0008408479774855823
2026-06-06 23:05:00,2.112133333333333,0.0044723163841808855,2.1088008292121847,0.0004933145680321292
2026-06-06 23:10:00,2.1106499999999992,-0.001483333333333725,2.1092362733820473,0.00043544416986272713
2026-06-06 23:15:00,2.1123499999999997,0.001700000000000479,2.109809586819897,0.0005733134378495799
2026-06-06 23:20:00,2.1113999999999993,-0.0009500000000004505,2.109601617660229,-0.00020796915966812395
2026-06-06 23:25:00,2.1091833333333327,-0.0022166666666665336,2.111204116972914,-0.0001958830270853825
2026-06-06 23:30:00,2.109266666666666,8.333333333343518e-05,2.1107012942606813,-0.0005028227122323626
2026-06-06 23:35:00,2.1108166666666666,0.0015500000000003844,2.1102449878002547,-0.0004563064604269397
2026-06-06 23:40:00,2.1076271186440674,-0.003189548022599187,2.1099151452804223,-0.00032984251983228817
2026-06-06 23:45:00,2.1104,0.002772881355932455,2.109832244420549,-8.290085987327428e-05
2026-06-06 23:50:00,2.110583333333333,0.00018333333333320212,2.110417583968301,1.758396830077424e-05
2026-06-06 23:55:00,2.111566666666666,0.000983333333333114,2.110713634631793,0.0002960506634923548
2026-06-07 00:00:00,2.1100499999999993,-0.0015166666666668327,2.1109144818484835,0.00020084721669040776
2026-06-07 00:05:00,2.1108833333333323,0.0008333333333330195,2.111131929320189,0.0002174474717059154
2026-06-07 00:10:00,2.110416666666666,-0.0004666666666661712,2.1115163902840552,0.00038446096386587876
2026-06-07 00:15:00,2.1090833333333334,-0.0013333333333327424,2.110722829891727,0.00030616322506079067
2026-06-07 00:20:00,2.1101499999999995,0.001066666666666105,2.1104806126096083,-0.000242217282118793
2026-06-07 00:25:00,2.1096440677966095,-0.0005059322033900138,2.1101038958769354,-0.000376716732672845
2026-06-07 00:30:00,2.1100399999999992,0.0003959322033897372,2.1098312495016844,-0.000272646375251003
2026-06-07 00:35:00,2.113949152542373,0.003909152542373562,2.10953702256723,-0.00029422693445451325
2026-06-07 00:40:00,2.110483333333333,-0.0034658192090399886,2.112835286817099,-0.001113865725273745
2026-06-07 00:45:00,2.1105166666666664,3.333333333355171e-05,2.1124056855080338,-0.00042960130906542803
2026-06-07 00:50:00,2.109033333333333,-0.001483333333333281,2.112304379717143,-0.00010130579089062837
2026-06-07 00:55:00,2.1095999999999995,0.0005666666666663822,2.1124399789248867,0.0001355992077435397
2026-06-07 01:00:00,2.110844444444444,0.0012444444444446034,2.1125972489187776,0.00015726999389123334
2026-06-07 01:05:00,2.1117333333333335,0.0008888888888893831,2.1108645423427257,2.0097898281633357e-05
2026-06-07 01:10:00,2.1076530612244895,-0.004080272108843985,2.1110859219361915,0.00022137959346557698
2026-06-07 01:15:00,2.111647058823529,0.003993997599039734,2.111446445867312,0.00036052393112072216
2026-06-07 01:20:00,2.111391304347826,-0.0002557544757033625,2.111149919828119,-0.0002965260391930468
2026-06-07 01:25:00,2.110666666666667,-0.000724637681158935,2.11078036537825,-0.0003695544498690352
2026-06-07 01:30:00,2.111916666666667,0.0012500000000001954,2.110664890011407,-1.776655259798331e-06
2026-06-07 01:35:00,2.1127333333333325,0.0008166666666653555,2.1102060037495822,-0.0004588862618247737
2026-06-07 01:40:00,2.11115,-0.0015833333333326038,2.109885855802372,-0.0003201479472104914
2026-06-07 01:45:00,2.1141666666666667,0.0030166666666668895,2.109815775610118,-7.008019225391901e-05
2026-06-07 01:50:00,2.112466666666667,-0.0016999999999995907,2.109734889442173,-8.088616794511556e-05
2026-06-07 01:55:00,2.116966666666666,0.004499999999998838,2.112514539628674,4.787296200708586e-05
2026-06-07 02:00:00,2.1157118644067787,-0.0012548022598872777,2.112618743872296,0.00010420424362193031
2026-06-07 02:05:00,2.1160333333333328,0.00032146892655404713,2.1126792576889306,6.0513816634637254e-05
2026-06-07 02:10:00,2.1150500000000005,-0.0009833333333322258,2.1129031377398273,0.00022388005089661297
2026-06-07 02:15:00,2.112149999999999,-0.002900000000001679,2.1134302683365287,0.0005271305967010923
2026-06-07 02:20:00,2.1139666666666668,0.0018166666666679099,2.112921640978655,0.0007716409786562061
2026-06-07 02:25:00,2.114016666666666,4.999999999943938e-05,2.112798610230906,-0.00012303074774927883
2026-06-07 02:30:00,2.1127999999999996,-0.0012166666666666437,2.1125669152345377,-0.00023169499636823627
2026-06-07 02:35:00,2.1128666666666662,6.666666666665932e-05,2.1123190697206113,-0.000247845513925994
2026-06-07 02:40:00,2.11235593220339,-0.0005107344632762079,2.112127995571339,-0.00019107414927282786
2026-06-07 02:45:00,2.1108499999999997,-0.0015059322033903477,2.112813367399985,0.00045743519659500223
2026-06-07 02:50:00,2.1104833333333324,-0.0003666666666672924,2.1130315171062413,0.00021814970625624183
2026-06-07 02:55:00,2.1084333333333336,-0.002049999999998775,2.113197831002989,0.0001663138967479446
2026-06-07 03:00:00,2.1137333333333332,0.005299999999999638,2.113323126920669,0.00012529591767969448
2026-06-07 03:05:00,2.110383333333333,-0.003350000000000186,2.1134146952852433,9.156836457449488e-05
2026-06-07 03:10:00,2.1067833333333326,-0.0036000000000004917,2.1109787246368596,0.000595391303526493
2026-06-07 03:15:00,2.1070166666666665,0.00023333333333397377,2.111567412465035,0.0005886878281756021
2026-06-07 03:20:00,2.10857627118644,0.0015596045197736608,2.1114803863627154,-8.70261023196576e-05
2026-06-07 03:25:00,2.1094999999999993,0.000923728813559066,2.111346712380952,-0.00013367398176349074
2026-06-07 03:30:00,2.1124333333333336,0.0029333333333343425,2.111335433080792,-1.1279300159915567e-05
2026-06-07 03:35:00,2.108566666666666,-0.003866666666667573,2.111625592274456,-0.0008077410588778061
2026-06-07 03:40:00,2.1130833333333325,0.004516666666666502,2.1109502210203486,-0.0006753712541070105
2026-06-07 03:45:00,2.110966666666666,-0.0021166666666663225,2.1108402340689523,-0.00010998695139649366
2026-06-07 03:50:00,2.1105333333333327,-0.00043333333333350765,2.1107389679253536,-0.00010126614359845934
2026-06-07 03:55:00,2.111166666666667,0.0006333333333343738,2.1107860911366507,4.7123211296725934e-05
2026-06-07 04:00:00,2.1121016949152542,0.0009350282485871553,2.111159223709742,-7.4429569248831425e-06
2026-06-07 04:05:00,2.1128666666666667,0.0007649717514124355,2.111127934102376,-3.128960736589907e-05
2026-06-07 04:10:00,2.1097166666666665,-0.003150000000000208,2.1112151810137862,8.724691141013348e-05
2026-06-07 04:15:00,2.110499999999999,0.000783333333332692,2.1116670794362937,0.0004518984225073373
2026-06-07 04:20:00,2.1096500000000002,-0.0008499999999989072,2.1114702679799784,-0.0001968114563151662
2026-06-07 04:25:00,2.1073666666666666,-0.002283333333333637,2.11018254674157,0.0005325467415694448
2026-06-07 04:30:00,2.110066666666666,0.0026999999999994806,2.110007335635498,-0.00017521110607168853
2026-06-07 04:35:00,2.1082000000000005,-0.001866666666665573,2.109728131967098,-0.0002792036683998107
2026-06-07 04:40:00,2.103711864406779,-0.004488135593221365,2.109563694062359,-0.00016443790473897587
2026-06-07 04:45:00,2.097716666666666,-0.005995197740113145,2.109499229898482,-6.446416387704427e-05
2026-06-07 04:50:00,2.088533333333333,-0.009183333333333099,2.100953879280404,0.0032372126137380913
2026-06-07 04:55:00,2.0919833333333324,0.003449999999999509,2.1021783713662106,0.0012244920858066129
2026-06-07 05:00:00,2.1035166666666663,0.01153333333333384,2.1024426453608727,0.00026427399466173436
2026-06-07 05:05:00,2.104833333333333,0.0013166666666668547,2.1025553705310296,0.00011272517015697034
2026-06-07 05:10:00,2.1064499999999997,0.0016166666666665996,2.10277163208456,0.00021626155353057663
2026-06-07 05:15:00,2.1017166666666665,-0.004733333333333256,2.107293366498362,0.0008433664983624403
2026-06-07 05:20:00,2.1037288135593215,0.0020121468926550534,2.1077097164569807,0.00041634995861840367
2026-06-07 05:25:00,2.101333333333333,-0.0023954802259886776,2.108180911521138,0.00047119506415763975
2026-06-07 05:30:00,2.1039333333333334,0.002600000000000602,2.108689886860054,0.000508975338915744
2026-06-07 05:35:00,2.101866666666667,-0.002066666666666439,2.109049817576718,0.00035993071666411055
2026-06-07 05:40:00,2.1022166666666657,0.0003499999999987402,2.102133321515206,0.0002666548485386365
2026-06-07 05:45:00,2.1035833333333334,0.0013666666666676264,2.1021230070408468,-1.0314474358951102e-05
2026-06-07 05:50:00,2.098933333333333,-0.004650000000000265,2.102003953683902,-0.00011905335694480351
2026-06-07 05:55:00,2.09935,0.0004166666666667318,2.1020072397872167,3.2861033147126234e-06
2026-06-07 06:00:00,2.1009999999999995,0.0016499999999997073,2.1020052905338122,-1.9492534041916853e-06
2026-06-07 06:05:00,2.094949999999999,-0.006050000000000555,2.1013125403292134,0.00031254032921381006
2026-06-07 06:10:00,2.0961166666666657,0.0011666666666667602,2.1014641453041447,0.00015160497493119776
2026-06-07 06:15:00,2.0939,-0.0022166666666656454,2.1018544211142185,0.0003902758100738189
2026-06-07 06:20:00,2.10115,0.007249999999999979,2.101680613928652,-0.00017380718556626865
2026-06-07 06:25:00,2.0999499999999998,-0.001200000000000312,2.1014045732460347,-0.0002760406826172212
2026-06-07 06:30:00,2.0951000000000004,-0.004849999999999355,2.100074143009994,0.0001241430099940696
2026-06-07 06:35:00,2.096083333333332,0.0009833333333317817,2.0998957241658833,-0.0001784188441103263
2026-06-07 06:40:00,2.0937457627118636,-0.0023375706214685543,2.100055976812582,0.00016025264669868345
2026-06-07 06:45:00,2.0939833333333326,0.00023757062146900765,2.1003182028537863,0.0002622260412042239
2026-06-07 06:50:00,2.0916166666666665,-0.002366666666666184,2.100321795166859,3.592313072774949e-06
2026-06-07 06:55:00,2.0952499999999996,0.0036333333333331552,2.093051307399696,0.0014346407330295555
2026-06-07 07:00:00,2.0882333333333336,-0.007016666666666005,2.093610789716791,0.0005594823170950786
2026-06-07 07:05:00,2.0925499999999997,0.00431666666666608,2.0937287536001645,0.00011796388337330352
2026-06-07 07:10:00,2.0895499999999996,-0.0030000000000001137,2.0939294917213154,0.0002007381211510137
2026-06-07 07:15:00,2.098483333333333,0.008933333333333238,2.0945484287287512,0.0006189370074359248
2026-06-07 07:20:00,2.1029152542372875,0.0044319209039547225,2.096467003176948,-0.002016330156384861
2026-06-07 07:25:00,2.1063,0.0033847457627125266,2.0954521491463436,-0.0010148540306043558
2026-06-07 07:30:00,2.1081666666666656,0.001866666666665573,2.095100811256056,-0.0003513378902873618
2026-06-07 07:35:00,2.1056333333333326,-0.0025333333333330543,2.0949818502412905,-0.0001189610147659091
2026-06-07 07:40:00,2.0981666666666667,-0.007466666666665844,2.0949899499996723,8.099758381900557e-06
2026-06-07 07:45:00,2.100266666666666,0.0020999999999991026,2.1000209044171054,0.0018542377504388043
2026-06-07 07:50:00,2.100483333333333,0.00021666666666719792,2.1002367874232553,0.00021588300614959127
2026-06-07 07:55:00,2.10505,0.00456666666666683,2.1002817238087057,4.493638545068153e-05
2026-06-07 08:00:00,2.1064745762711863,0.0014245762711864174,2.100327107644064,4.5383835357980775e-05
2026-06-07 08:05:00,2.10255,-0.003924576271186364,2.100305042570748,-2.206507331581225e-05
2026-06-07 08:10:00,2.102233333333332,-0.00031666666666785304,2.102951955178464,0.0004019551784639849
2026-06-07 08:15:00,2.101833333333332,-0.00039999999999995595,2.1033825130907693,0.00043055791230526457
2026-06-07 08:20:00,2.0976999999999992,-0.004133333333332878,2.10320209252328,-0.00018042056748918594
2026-06-07 08:25:00,2.1052166666666663,0.00751666666666706,2.102946713829185,-0.00025537869409531096
2026-06-07 08:30:00,2.1050166666666663,-0.00019999999999997797,2.1028402383648053,-0.0001064754643794178
2026-06-07 08:35:00,2.107316666666667,0.002300000000000857,2.103695277046694,-0.0013213896199722886
2026-06-07 08:40:00,2.102566666666666,-0.004750000000001364,2.102960993478746,-0.0007342835679480782
2026-06-07 08:45:00,2.104389830508474,0.0018231638418080287,2.102874255105416,-8.673837333002338e-05
2026-06-07 08:50:00,2.1027999999999993,-0.001589830508474499,2.1027446394478884,-0.000129615657527406
2026-06-07 08:55:00,2.1054333333333326,0.0026333333333332654,2.1027394311918517,-5.208256037016264e-06
2026-06-07 09:00:00,2.0952499999999987,-0.010183333333333877,2.1049402490527775,-0.0004930842805549368
2026-06-07 09:05:00,2.093866666666666,-0.0013833333333326259,2.1047876163139723,-0.00015263273880533382
2026-06-07 09:10:00,2.092816666666666,-0.0010500000000002174,2.10483032521851,4.2708904537914194e-05
2026-06-07 09:15:00,2.0920166666666664,-0.0007999999999994678,2.1052656167978907,0.0004352915793805715
2026-06-07 09:20:00,2.0977499999999996,0.005733333333333146,2.104996555775281,-0.0002690610226095855
2026-06-07 09:25:00,2.093542372881355,-0.004207627118644641,2.098171227016509,0.00042122701650941844
2026-06-07 09:30:00,2.089716666666666,-0.0038257062146889176,2.098132731578843,-3.8495437666065346e-05
2026-06-07 09:35:00,2.0906333333333325,0.0009166666666664547,2.0983453639911342,0.00021263241229143418
2026-06-07 09:40:00,2.090783333333333,0.0001500000000005386,2.098713440191003,0.0003680761998682851
2026-06-07 09:45:00,2.089349999999999,-0.0014333333333338416,2.0990924496649352,0.00037900947393262825
2026-06-07 09:50:00,2.088916666666666,-0.00043333333333306356,2.090623527705136,0.001273527705136916
2026-06-07 09:55:00,2.087166666666666,-0.0017499999999999183,2.091425704118062,0.0008021764129261393
2026-06-07 10:00:00,2.0897333333333323,0.002566666666666162,2.0917986641316397,0.00037296001357771093
2026-06-07 10:05:00,2.084983050847457,-0.004750282485875168,2.0919967275528406,0.00019806342120049604
2026-06-07 10:10:00,2.0919333333333343,0.006950282485877146,2.0922805939700924,0.00028386641725216606
2026-06-07 10:15:00,2.0993166666666654,0.007383333333331077,2.0909710931676373,-0.0009622401656970021
2026-06-07 10:20:00,2.0971999999999995,-0.0021166666666658784,2.0903403088372112,-0.000630784330425996
2026-06-07 10:25:00,2.0998333333333328,0.0026333333333332654,2.089727594656683,-0.0006127141805282984
2026-06-07 10:30:00,2.098616666666666,-0.0012166666666666437,2.089371851069498,-0.0003557435871851633
2026-06-07 10:35:00,2.1001666666666656,0.0015499999999994962,2.0890731296535225,-0.00029872141597543905
2026-06-07 10:40:00,2.0906499999999997,-0.009516666666665952,2.0982876296198447,-0.0018790370468207344
2026-06-07 10:45:00,2.093423728813559,0.0027737288135591953,2.0976344002813656,-0.0006532293384791044
2026-06-07 10:50:00,2.0919,-0.001523728813559,2.0972615785688236,-0.0003728217125423958
2026-06-07 10:55:00,2.097833333333333,0.005933333333333124,2.0971371841118085,-0.00012439445701502733
2026-06-07 11:00:00,2.095516666666666,-0.0023166666666671887,2.097114134834971,-2.304927683710374e-05
2026-06-07 11:05:00,2.0927333333333324,-0.00278333333333336,2.0952445643472695,-0.00027210231939636865
2026-06-07 11:10:00,2.084683333333333,-0.008049999999999446,2.095429879392572,0.00018531504530252272
2026-06-07 11:15:00,2.0900833333333333,0.0054000000000002935,2.095801720923948,0.00037184153137610016
2026-06-07 11:20:00,2.0914333333333324,0.0013499999999990742,2.0954296952415374,-0.0003720256824106751
2026-06-07 11:25:00,2.0917796610169495,0.000346327683617087,2.094873278341876,-0.0005564168996612215
2026-06-07 11:30:00,2.096533333333333,0.0047536723163834615,2.091115555043612,-0.0006641059733378711
2026-06-07 11:35:00,2.0960666666666663,-0.00046666666666661527,2.0904419653575697,-0.0006735896860418156
2026-06-07 11:40:00,2.0960499999999995,-1.6666666666775853e-05,2.0901734469286883,-0.0002685184288812681
2026-06-07 11:45:00,2.0980833333333333,0.0020333333333337755,2.090187060983443,1.3614054754548936e-05
2026-06-07 11:50:00,2.097866666666666,-0.00021666666666719792,2.0901306661603947,-5.63948230484584e-05
2026-06-07 11:55:00,2.0989666666666666,0.001100000000000545,2.0970366303352375,-0.0008300363314284608
2026-06-07 12:00:00,2.099233333333333,0.0002666666666661932,2.0969479904413584,-8.863989387940659e-05
2026-06-07 12:05:00,2.0981525423728815,-0.0010807909604513277,2.096948598523154,6.080817958820856e-07
2026-06-07 12:10:00,2.0932833333333325,-0.004869209039549016,2.097127814910737,0.00017921638758281006
2026-06-07 12:15:00,2.0978166666666658,0.004533333333333278,2.097614390093604,0.00048657518286713934
2026-06-07 12:20:00,2.097883333333333,6.666666666710341e-05,2.0969817491555935,-0.0008349175110723199
2026-06-07 12:25:00,2.098033333333333,0.0001500000000000945,2.0959125855832847,-0.0010691635723086169
2026-06-07 12:30:00,2.098499999999999,0.0004666666666661712,2.0951157400738754,-0.0007968455094093059
2026-06-07 12:35:00,2.0974833333333334,-0.0010166666666657775,2.094500872391228,-0.0006148676826475248
2026-06-07 12:40:00,2.097083333333333,-0.00040000000000040004,2.0940481730593015,-0.0004526993319265756
2026-06-07 12:45:00,2.0989152542372875,0.0018319209039545647,2.0971701557929063,8.682245957317684e-05
2026-06-07 12:50:00,2.0983,-0.000615254237287477,2.0972536819858414,8.35261929351403e-05
2026-06-07 12:55:00,2.0971833333333327,-0.0011166666666673208,2.097396036159183,0.00014235417334154324
2026-06-07 13:00:00,2.0957166666666662,-0.0014666666666665051,2.0976379034686583,0.00024186730947536785
2026-06-07 13:05:00,2.0965666666666656,0.0008499999999993513,2.0978533190872635,0.00021541561860545112
2026-06-07 13:10:00,2.096833333333332,0.0002666666666666373,2.0967933894419795,0.0002267227753140503
2026-06-07 13:15:00,2.096316666666666,-0.0005166666666660547,2.097098529297939,0.00030513985595953514
2026-06-07 13:20:00,2.0958333333333328,-0.0004833333333333911,2.096651152036754,-0.0004473772611850772
2026-06-07 13:25:00,2.0954915254237285,-0.00034180790960425256,2.0960596144184347,-0.0005915376183192792
2026-06-07 13:30:00,2.0939666666666663,-0.0015248587570622085,2.0955872856715327,-0.0004723287469021554
2026-06-07 13:35:00,2.0908999999999995,-0.003066666666666773,2.0944156120486204,0.00044894538195399444
2026-06-07 13:40:00,2.0848499999999994,-0.006050000000000111,2.0940967297061315,-0.00031888234248866746
2026-06-07 13:45:00,2.0953166666666667,0.01046666666666729,2.094011327033423,-8.540267270850692e-05
2026-06-07 13:50:00,2.0898499999999998,-0.005466666666666953,2.0940580263364117,4.6699302988612235e-05
2026-06-07 13:55:00,2.084466666666666,-0.005383333333333962,2.0943034378250593,0.0002454114886475746
2026-06-07 14:00:00,2.085166666666666,0.000700000000000145,2.0873630664915437,0.0028963998248778622
2026-06-07 14:05:00,2.0857627118644064,0.0005960451977404801,2.0885697827111405,0.0012067162195966564
2026-06-07 14:10:00,2.0827,-0.003062711864406431,2.0893126662599277,0.000742883548787531
2026-06-07 14:15:00,2.0810833333333325,-0.0016166666666674878,2.090196063279893,0.0008833970199651372
2026-06-07 14:20:00,2.0786999999999995,-0.00238333333333296,2.0901843654911785,-1.1697788714586544e-05
2026-06-07 14:25:00,2.0819333333333327,0.0032333333333331993,2.080686929682293,0.0019869296822931965
2026-06-07 14:30:00,2.082383333333333,0.0004500000000002835,2.0814757906121772,0.0007888609298846234
2026-06-07 14:35:00,2.081766666666666,-0.0006166666666671539,2.081747666589258,0.0002718759770807417
2026-06-07 14:40:00,2.0806833333333326,-0.001083333333333325,2.0819866905516844,0.0002390239624262884
2026-06-07 14:45:00,2.0829666666666666,0.002283333333334081,2.0823874193700447,0.0004007288183601454
2026-06-07 14:50:00,2.0842203389830507,0.001253672316384069,2.082892461883734,-7.420478293267389e-05
2026-06-07 14:55:00,2.0821833333333326,-0.0020370056497180933,2.083238337210772,0.00034587532703803873
2026-06-07 15:00:00,2.0825499999999995,0.00036666666666684833,2.083629915550557,0.0003915783397850376
2026-06-07 15:05:00,2.082466666666666,-8.333333333343518e-05,2.084012318873382,0.0003824033228250576
2026-06-07 15:10:00,2.0830833333333327,0.0006166666666667098,2.084542525446948,0.0005302065735657898
2026-06-07 15:15:00,2.08195,-0.0011333333333327644,2.083141864839398,5.853150606509213e-05
2026-06-07 15:20:00,2.0819999999999994,4.999999999943938e-05,2.082734330482886,-0.0004075343565118204
2026-06-07 15:25:00,2.0827666666666658,0.0007666666666663602,2.0821599739845333,-0.0005743564983525383
2026-06-07 15:30:00,2.084559322033898,0.0017926553672320544,2.0817327579531795,-0.0004272160313540646
2026-06-07 15:35:00,2.0833499999999994,-0.0012093220338984523,2.081358360255381,-0.0003743976977985929
2026-06-07 15:40:00,2.082983333333333,-0.00036666666666640424,2.0830530208451488,-0.00029697915485045527
2026-06-07 15:45:00,2.0799999999999987,-0.002983333333334226,2.0829465838747496,-0.00010643697039930023
2026-06-07 15:50:00,2.0773166666666656,-0.002683333333333149,2.083083626545153,0.0001370426704033033
2026-06-07 15:55:00,2.0800500000000004,0.0027333333333348087,2.0834439579338686,0.0003603313887158227
2026-06-07 16:00:00,2.0773333333333324,-0.002716666666668033,2.0838924919378967,0.0004485340040278672
2026-06-07 16:05:00,2.077866666666666,0.0005333333333337187,2.07855687427794,0.0012235409446078923
2026-06-07 16:10:00,2.07828813559322,0.00042146892655381407,2.079346729987042,0.0007898557091019634
2026-06-07 16:15:00,2.0782999999999996,1.1864406779693581e-05,2.0800317213199073,0.0006849913328651261
2026-06-07 16:20:00,2.0688666666666666,-0.00943333333333296,2.0799172950426867,-0.00011442627722063554
2026-06-07 16:25:00,2.0708333333333333,0.001966666666666672,2.0795565005745953,-0.00036079446809161213
2026-06-07 16:30:00,2.0709999999999997,0.00016666666666642627,2.0727310011316757,0.001897667798342326
2026-06-07 16:35:00,2.0678333333333323,-0.003166666666667428,2.0731389478631757,0.00040794673150011164
2026-06-07 16:40:00,2.0702666666666665,0.0024333333333341756,2.073216777985949,7.783012277339858e-05
2026-06-07 16:45:00,2.0661333333333327,-0.004133333333333766,2.073616312368686,0.00039953438273677337
2026-06-07 16:50:00,2.067576271186441,0.0014429378531084502,2.0740716685676186,0.0004553561989328713
2026-06-07 16:55:00,2.05825,-0.009326271186441026,2.0688655575130896,0.0012892863266485842
2026-06-07 17:00:00,2.065016666666666,0.006766666666665699,2.0698006953476495,0.0009351378345597429
2026-06-07 17:05:00,2.066866666666667,0.0018500000000010175,2.0704229303235597,0.0006222349759104362
2026-06-07 17:10:00,2.0709666666666657,0.004099999999998882,2.0710954403276265,0.0006725100040666204
2026-06-07 17:15:00,2.0753499999999994,0.004383333333333628,2.071961319553252,0.0008658792256253946
2026-06-07 17:20:00,2.0684,-0.006949999999999346,2.072378661193602,-0.0029713388063974146
2026-06-07 17:25:00,2.0700499999999997,0.0016499999999997073,2.07101426514305,-0.001364396050551786
2026-06-07 17:30:00,2.072237288135593,0.002187288135593324,2.0703156158752503,-0.0006986492677998519
2026-06-07 17:35:00,2.0697666666666668,-0.002470621468926293,2.0698493246801086,-0.000466291195141758
2026-06-07 17:40:00,2.0726833333333334,0.0029166666666666785,2.0695348313608353,-0.0003144933192732389
2026-06-07 17:45:00,2.0760833333333335,0.0034000000000000696,2.0719825984564593,-0.0007007348768742624
2026-06-07 17:50:00,2.0751166666666667,-0.0009666666666667822,2.072054214725199,7.16162687400363e-05
2026-06-07 17:55:00,2.0728666666666657,-0.0022500000000009734,2.0723405315090404,0.00028631678384118017
2026-06-07 18:00:00,2.0766999999999993,0.0038333333333335773,2.0726949523619402,0.0003544208528997835
2026-06-07 18:05:00,2.074783333333333,-0.0019166666666663446,2.073067983292725,0.0003730309307846311
2026-06-07 18:10:00,2.0777796610169488,0.002996327683615796,2.074809790444964,2.645711163080867e-05
2026-06-07 18:15:00,2.077249999999999,-0.000529661016949845,2.07514205631754,0.00033226587257634304
2026-06-07 18:20:00,2.0794166666666665,0.0021666666666675383,2.074757528291032,-0.0003845280265079101
2026-06-07 18:25:00,2.0784333333333334,-0.000983333333333114,2.074242049082976,-0.000515479208056544
2026-06-07 18:30:00,2.081749999999999,0.0033166666666657463,2.073856072282749,-0.00038597680022695296
2026-06-07 18:35:00,2.0780166666666657,-0.0037333333333333663,2.080085946152725,-0.0016640538472738721
2026-06-07 18:40:00,2.0755999999999992,-0.0024166666666665115,2.079083166953437,-0.0010027791992881314
2026-06-07 18:45:00,2.075799999999999,0.00019999999999997797,2.0788207641443677,-0.0002624028090695449
2026-06-07 18:50:00,2.080389830508474,0.004589830508474613,2.0788380086977547,1.724455338724827e-05
2026-06-07 18:55:00,2.0769833333333327,-0.0034064971751410766,2.07915738181713,0.0003193731193748553
2026-06-07 19:00:00,2.0785999999999993,0.0016166666666665996,2.077524900145773,0.0005415668124402633
2026-06-07 19:05:00,2.078333333333332,-0.0002666666666675255,2.0780070375669104,0.00048213742113738863
2026-06-07 19:10:00,2.0804833333333326,0.0021500000000007624,2.078504704213203,0.0004976666462925189
2026-06-07 19:15:00,2.0783666666666663,-0.0021166666666663225,2.079140940616592,0.0006362364033888979
2026-06-07 19:20:00,2.0732000000000004,-0.005166666666665876,2.0789441658646184,-0.00019677475197354624
2026-06-07 19:25:00,2.079216666666666,0.006016666666665671,2.074914227320048,0.001714227320047546
2026-06-07 19:30:00,2.079016949152542,-0.00019971751412395378,2.0752011473895715,0.000286920069523758
2026-06-07 19:35:00,2.075716666666666,-0.003300282485875883,2.075065730766919,-0.00013541662265272896
2026-06-07 19:40:00,2.077866666666666,0.0021499999999998742,2.074989153521461,-7.657724545802524e-05
2026-06-07 19:45:00,2.0757833333333333,-0.002083333333332771,2.0751689017358337,0.00017974821437276767
2026-06-07 19:50:00,2.0707499999999994,-0.005033333333333889,2.0766107811816368,0.0008274478483035188
2026-06-07 19:55:00,2.067416666666667,-0.003333333333332522,2.077243852509378,0.0006330713277409419
2026-06-07 20:00:00,2.0710666666666664,0.003649999999999487,2.077696026423221,0.00045217391384316406
2026-06-07 20:05:00,2.068366666666667,-0.0026999999999994806,2.0781158795986596,0.0004198531754386045
2026-06-07 20:10:00,2.056508474576271,-0.011858192090395736,2.078668872470577,0.000552992871917706
2026-06-07 20:15:00,2.060183333333333,0.0036748587570616387,2.0613472715584518,0.004838796982180534
2026-06-07 20:20:00,2.061899999999999,0.0017166666666663666,2.063062303851357,0.0017150322929052571
2026-06-07 20:25:00,2.0654333333333335,0.0035333333333342765,2.0633837350564703,0.0003214312051134767
2026-06-07 20:30:00,2.068716666666666,0.0032833333333326387,2.0637762641930304,0.00039252913655993477
2026-06-07 20:35:00,2.0697999999999994,0.001083333333333325,2.0641668715107793,0.00039060731774901087
2026-06-07 20:40:00,2.0743166666666664,0.004516666666666946,2.069744947922064,-5.505207793563684e-05
2026-06-07 20:45:00,2.0730166666666667,-0.0012999999999996348,2.0699496768102583,0.00020472888819473778
2026-06-07 20:50:00,2.0762333333333336,0.0032166666666668675,2.0704178576876635,0.0004681808774048625
2026-06-07 20:55:00,2.075593220338983,-0.0006401129943505168,2.0709594143172434,0.0005415566295799872
2026-06-07 21:00:00,2.0740000000000003,-0.0015932203389827926,2.071476451800189,0.0005170374829453511
2026-06-07 21:05:00,2.077149999999999,0.003149999999998876,2.073937742609892,-6.225739010827863e-05
2026-06-07 21:10:00,2.0766166666666668,-0.0005333333333323864,2.074189629167865,0.0002518865579727875
2026-06-07 21:15:00,2.078266666666666,0.0016499999999992632,2.0745698320220813,0.0003802028542164999
2026-06-07 21:20:00,2.077866666666666,-0.00039999999999995595,2.0742466799241193,-0.00032315209796197414
2026-06-07 21:25:00,2.0748166666666665,-0.003049999999999553,2.0737891732003626,-0.00045750672375688444
2026-06-07 21:30:00,2.0771666666666664,0.002349999999999852,2.0751212849314764,0.00030461826480975197
2026-06-07 21:35:00,2.075864406779661,-0.0013022598870051638,2.0746400711136364,-0.00048121381783996684
2026-06-07 21:40:00,2.074233333333334,-0.0016310734463274024,2.074216486959536,-0.0004235841541004483
2026-06-07 21:45:00,2.0766999999999993,0.002466666666665507,2.074148375177725,-6.811178181067222e-05
2026-06-07 21:50:00,2.0766666666666667,-3.333333333266353e-05,2.074233333309391,8.495813166620915e-05
2026-06-07 21:55:00,2.0753499999999994,-0.0013166666666672988,2.0768092607708026,0.00014259410413615145
2026-06-07 22:00:00,2.076966666666666,0.0016166666666665996,2.0771653737113382,0.0003561129405356368
2026-06-07 22:05:00,2.0768999999999993,-6.666666666665932e-05,2.077476472235027,0.00031109852368858674
2026-06-07 22:10:00,2.0774166666666662,0.0005166666666669428,2.077927702135922,0.00045122990089505423
2026-06-07 22:15:00,2.0754237288135577,-0.0019929378531085007,2.0785503541972985,0.0006226520613762276
2026-06-07 22:20:00,2.0751499999999994,-0.00027372881355836043,2.075764990658945,0.00034126184538709885
2026-06-07 22:25:00,2.07875,0.0036000000000004917,2.0754971275954137,-0.0002678630635309945
2026-06-07 22:30:00,2.0737000000000005,-0.005049999999999333,2.075180336420325,-0.00031679117508877526
2026-06-07 22:35:00,2.0770999999999997,0.0033999999999991815,2.074877178127549,-0.0003031582927762356
2026-06-07 22:40:00,2.077366666666667,0.0002666666666670814,2.0746358867726498,-0.00024129135489901085
2026-06-07 22:45:00,2.077116666666666,-0.0002500000000007496,2.077169434672815,-0.00019723199385162792
2026-06-07 22:50:00,2.0773666666666655,0.00024999999999941735,2.077327439906247,0.00015800523343176303
2026-06-07 22:55:00,2.079050847457627,0.0016841807909613316,2.077597800021313,0.0002703601150659511
2026-06-07 23:00:00,2.077999999999999,-0.001050847457627846,2.0778836673895844,0.00028586736827133116
2026-06-07 23:05:00,2.075583333333333,-0.0024166666666660674,2.07818393061743,0.0003002632278455994
2026-06-07 23:10:00,2.075483333333333,-9.999999999976694e-05,2.0762953187333375,0.0007119854000048311
2026-06-07 23:15:00,2.0770166666666663,0.0015333333333331645,2.0767665280641396,0.0004712093308017824
2026-06-07 23:20:00,2.0782499999999993,0.0012333333333329755,2.076482013425725,-0.00028451463841462984
2026-06-07 23:25:00,2.0774166666666654,-0.0008333333333339077,2.076126879487787,-0.0003551339379377616
2026-06-07 23:30:00,2.077816666666666,0.0004000000000008441,2.075880753764197,-0.0002461257235899133
2026-06-07 23:35:00,2.0776610169491523,-0.0001556497175139171,2.0775467508149488,-0.0002699158517173962
2026-06-07 23:40:00,2.079166666666667,0.0015056497175147676,2.077025601123571,-0.0005211496913781286
2026-06-07 23:45:00,2.0783272727272726,-0.0008393939393944727,2.0769101314890683,-0.00011546963450253365
2026-06-07 23:50:00,2.086277777777777,0.007950505050504209,2.0769380390828176,2.790759374951988e-05
2026-06-07 23:55:00,2.082574074074073,-0.0037037037037039866,2.0771884427672838,0.00025040368446603426
2026-06-08 00:00:00,2.0766274509803915,-0.005946623093681325,2.0819715580944043,-0.0006025159796684636
2026-06-08 00:05:00,2.078816666666666,0.002189215686274615,2.0820211486651305,4.9590570726046946e-05
2026-06-08 00:10:00,2.095833333333333,0.017016666666667124,2.082274021945069,0.0002528732799385273
2026-06-08 00:15:00,2.0969666666666664,0.0011333333333332085,2.082737964704031,0.00046394275896210086
2026-06-08 00:20:00,2.0977288135593217,0.0007621468926553021,2.082454477364572,-0.0002834873394587809
2026-06-08 00:25:00,2.09555,-0.0021788135593219238,2.0927117362335594,-0.005017077325762438
2026-06-08 00:30:00,2.0960499999999995,0.0004999999999997229,2.0908160215328184,-0.0018957147007407314
2026-06-08 00:35:00,2.097199999999999,0.0011499999999995403,2.0898649987698854,-0.000951022762933233
2026-06-08 00:40:00,2.097166666666666,-3.333333333310762e-05,2.0892309826179463,-0.0006340161519388986
2026-06-08 00:45:00,2.0978833333333324,0.0007166666666664767,2.088890687412898,-0.00034029520504863146
2026-06-08 00:50:00,2.097199999999999,-0.0006833333333333691,2.0970994128632072,-0.0007839204701252266
2026-06-08 00:55:00,2.0967499999999997,-0.00044999999999939533,2.0970350880416464,-6.432482156088104e-05
2026-06-08 01:00:00,2.0962033898305075,-0.000546610169492201,2.0970360914468253,1.0034051788049648e-06
2026-06-08 01:05:00,2.098866666666667,0.0026632768361594117,2.0970948872061337,5.879575930864162e-05
2026-06-08 01:10:00,2.095266666666667,-0.0036000000000000476,2.097346538843407,0.0002516516372733057
2026-06-08 01:15:00,2.098366666666666,0.0030999999999989925,2.0958472445623517,0.0005805778956850139
2026-06-08 01:20:00,2.0982833333333333,-8.3333333332547e-05,2.095664470676932,-0.00018277388542014167
2026-06-08 01:25:00,2.09995,0.0016666666666669272,2.09534807490713,-0.0003163957698018955
2026-06-08 01:30:00,2.098749999999999,-0.0012000000000012,2.0951360370377956,-0.00021203786933420054
2026-06-08 01:35:00,2.0974999999999997,-0.0012499999999993072,2.094884050648215,-0.0002519863895805859
2026-06-08 01:40:00,2.0976610169491523,0.00016101694915260367,2.0974852811535243,-1.4718846475338378e-05
2026-06-08 01:45:00,2.1008833333333325,0.003222316384180246,2.0973550877187304,-0.00013019343479405996
2026-06-08 01:50:00,2.0975666666666664,-0.0033166666666661904,2.0972903908585088,-6.469686022173757e-05
2026-06-08 01:55:00,2.0995499999999994,0.001983333333333004,2.097403841399586,0.00011345054107732232
2026-06-08 02:00:00,2.1003833333333333,0.0008333333333339077,2.0975136800364296,0.00010983863684387032
2026-06-08 02:05:00,2.0994666666666664,-0.0009166666666668988,2.100001694164161,-0.00038163916917214854
2026-06-08 02:10:00,2.09935,-0.0001166666666665428,2.1000725759016676,7.088173750633789e-05
2026-06-08 02:15:00,2.0997166666666667,0.00036666666666684833,2.1003981733504196,0.0003255974487521923
2026-06-08 02:20:00,2.101983050847456,0.0022663841807895047,2.100087557038726,-0.0003106163116936526
2026-06-08 02:25:00,2.1002666666666667,-0.0017163841807894542,2.0997140587420744,-0.0003734982966514392
2026-06-08 02:30:00,2.0998499999999996,-0.0004166666666671759,2.1001526926443694,-0.000113974022297245
2026-06-08 02:35:00,2.100816666666667,0.0009666666666676704,2.0995797571898724,-0.000572935454497098
2026-06-08 02:40:00,2.1003666666666665,-0.0004500000000007276,2.099192739099699,-0.00038701809017317994
2026-06-08 02:45:00,2.1011499999999996,0.000783333333333136,2.099058144406667,-0.00013459469303243998
2026-06-08 02:50:00,2.1015999999999995,0.0004499999999998394,2.0988893274800167,-0.000168816926649989
2026-06-08 02:55:00,2.1001833333333324,-0.0014166666666670658,2.1014813761970625,-0.00011862380293702479
2026-06-08 03:00:00,2.1001186440677957,-6.46892655367104e-05,2.1015152838426445,3.390764558211783e-05
2026-06-08 03:05:00,2.094183333333333,-0.005935310734462629,2.1015273702074198,1.2086364775021176e-05
2026-06-08 03:10:00,2.0855166666666665,-0.0086666666666666,2.1017014436058323,0.00017407339841259958
2026-06-08 03:15:00,2.0875166666666667,0.002000000000000224,2.102222197318225,0.0005207537123930197
2026-06-08 03:20:00,2.09115,0.0036333333333331552,2.089581014019135,0.002064347352468493
2026-06-08 03:25:00,2.0880166666666664,-0.0031333333333334323,2.089731818746171,0.00015080472703569468
2026-06-08 03:30:00,2.0911166666666654,0.0030999999999989925,2.0894748969295747,-0.0002569218165964153
2026-06-08 03:35:00,2.0904999999999996,-0.0006166666666658216,2.089374349109363,-0.0001005478202112874
2026-06-08 03:40:00,2.0976440677966104,0.007144067796610809,2.0894358965018096,6.154739244655175e-05
2026-06-08 03:45:00,2.092566666666666,-0.00507740112994437,2.097907728206691,0.0002636604100807817
2026-06-08 03:50:00,2.088683333333334,-0.0038833333333321285,2.0982244287760974,0.0003167005694062984
2026-06-08 03:55:00,2.0902333333333325,0.001549999999998608,2.0986374800095233,0.00041305123342594833
2026-06-08 04:00:00,2.089083333333333,-0.0011499999999995403,2.098884091855437,0.0002466118459137448
2026-06-08 04:05:00,2.090433333333333,0.0013499999999999623,2.0990325512722943,0.00014845941685706258
2026-06-08 04:10:00,2.089116666666666,-0.0013166666666668547,2.090656599555637,0.00022326622230421783
2026-06-08 04:15:00,2.0875666666666657,-0.0015500000000003844,2.0910047844768327,0.0003481849211954734
2026-06-08 04:20:00,2.0912372881355927,0.003670621468927049,2.090785107123057,-0.00021967735377566015
2026-06-08 04:25:00,2.08755,-0.0036872881355929366,2.090559147021101,-0.00022596010195613943
2026-06-08 04:30:00,2.087849999999999,0.0002999999999993008,2.0904969500719046,-6.219694919621785e-05
2026-06-08 04:35:00,2.089466666666666,0.0016166666666670437,2.088251864124608,0.00040186412460877
2026-06-08 04:40:00,2.088266666666666,-0.001200000000000312,2.088056065475728,-0.00019579864887989742
2026-06-08 04:45:00,2.0902999999999987,0.0020333333333328873,2.088045430475608,-1.0635000119941928e-05
2026-06-08 04:50:00,2.0911833333333325,0.0008833333333337912,2.0879610075406014,-8.442293500646082e-05
2026-06-08 04:55:00,2.0905333333333327,-0.0006499999999998174,2.08798014990001,1.9142359408616137e-05
2026-06-08 05:00:00,2.089593220338983,-0.0009401129943498177,2.090476322070291,-5.701126304175429e-05
2026-06-08 05:05:00,2.088599999999999,-0.0009932203389837468,2.090453597535553,-2.2724534737925575e-05
2026-06-08 05:10:00,2.0895166666666665,0.0009166666666673429,2.0905371850950374,8.358755948437572e-05
2026-06-08 05:15:00,2.090716666666665,0.0011999999999985356,2.0909929306535275,0.00045574555849023764
2026-06-08 05:20:00,2.0916999999999994,0.0009833333333344463,2.090815254822697,-0.00017767583083096416
2026-06-08 05:25:00,2.090783333333333,-0.0009166666666664547,2.0912685277681184,-0.0004314722318809263
2026-06-08 05:30:00,2.090466666666666,-0.00031666666666696486,2.0906368462636378,-0.0006316815044807683
2026-06-08 05:35:00,2.0902333333333334,-0.0002333333333326415,2.0901807853693697,-0.0004560608942682244
2026-06-08 05:40:00,2.093881355932204,0.0036480225988704262,2.08992710324525,-0.00025368212411946674
2026-06-08 05:45:00,2.0898166666666658,-0.004064689265538046,2.089788768216386,-0.00013833502886400576
2026-06-08 05:50:00,2.09115,0.0013333333333340747,2.09031426871433,0.0004976020476645243
2026-06-08 05:55:00,2.0905,-0.0006499999999998174,2.0905186671480673,0.0002043984337369137
2026-06-08 06:00:00,2.0911833333333334,0.0006833333333333691,2.090553123493297,3.445634522942671e-05
2026-06-08 06:05:00,2.0908999999999986,-0.0002833333333347454,2.090530300658334,-2.2822834962583238e-05
2026-06-08 06:10:00,2.090483333333333,-0.0004166666666658436,2.090650150425686,0.00011984976735153485
2026-06-08 06:15:00,2.090683333333333,0.00019999999999997797,2.0909222955799582,0.00043896224662556946
2026-06-08 06:20:00,2.09022033898305,-0.0004629943502827416,2.0908290988133875,-9.319676657104847e-05
2026-06-08 06:25:00,2.088016666666666,-0.0022036723163840755,2.090601428171601,-0.00022767064178615663
2026-06-08 06:30:00,2.0886999999999993,0.0006833333333333691,2.0905258823504,-7.554582120138057e-05
2026-06-08 06:35:00,2.0903499999999986,0.0016499999999992632,2.090430679591298,-9.52027591017672e-05
2026-06-08 06:40:00,2.090983333333333,0.0006333333333343738,2.090183814621078,-0.00016618537892064585
2026-06-08 06:45:00,2.0902166666666666,-0.0007666666666663602,2.0900288954952626,-0.00015491912581517533
2026-06-08 06:50:00,2.091533333333333,0.0013166666666664106,2.089924949010004,-0.00010394648525885398
2026-06-08 06:55:00,2.092999999999999,0.001466666666666061,2.089939718480434,1.4769470429929546e-05
2026-06-08 07:00:00,2.0916666666666663,-0.0013333333333327424,2.089953497935337,1.377945490307183e-05
2026-06-08 07:05:00,2.093254237288135,0.001587570621468526,2.0917263302504785,5.9663583811951285e-05
2026-06-08 07:10:00,2.092433333333333,-0.0008209039548017216,2.0918404750495334,0.00011414479905512951
2026-06-08 07:15:00,2.093983333333333,0.0015499999999999403,2.092238882479205,0.0003984074296713752
2026-06-08 07:20:00,2.094983333333333,0.0009999999999998899,2.092065011854545,-0.00017387062465956638
2026-06-08 07:25:00,2.0956999999999995,0.0007166666666664767,2.0917802316023733,-0.00028478025217212866
2026-06-08 07:30:00,2.0976999999999997,0.002000000000000224,2.0949367194366157,-0.0007632805633838873
2026-06-08 07:35:00,2.099066666666667,0.0013666666666671823,2.0940261293906346,-0.0009105900459809878
2026-06-08 07:40:00,2.0978833333333333,-0.001183333333333536,2.093550755983035,-0.0004753734075998835
2026-06-08 07:45:00,2.1005932203389825,0.0027098870056492252,2.0933387921009503,-0.00021196388208416986
2026-06-08 07:50:00,2.0978666666666665,-0.002726553672316001,2.0930394462722544,-0.00029934582869606106
2026-06-08 07:55:00,2.0995833333333334,0.0017166666666668107,2.09794861811214,8.195144547321465e-05
2026-06-08 08:00:00,2.1031999999999993,0.0036166666666659353,2.097985207531338,3.65894191979547e-05
2026-06-08 08:05:00,2.0992666666666664,-0.0039333333333329,2.0979507276902143,-3.4479841123279974e-05
2026-06-08 08:10:00,2.099883333333333,0.0006166666666667098,2.0980594175906098,0.0001086899003954468
2026-06-08 08:15:00,2.1018999999999997,0.0020166666666665556,2.098600317536514,0.0005408999459043936
2026-06-08 08:20:00,2.099999999999999,-0.0019000000000004569,2.101252760375665,-0.0006472396243342466
2026-06-08 08:25:00,2.1015084745762707,0.0015084745762714569,2.100544934608229,-0.0007078257674359974
2026-06-08 08:30:00,2.103333333333333,0.0018248587570623975,2.1000950329386354,-0.0004499016695941907
2026-06-08 08:35:00,2.0990333333333333,-0.0042999999999997485,2.0997514668435167,-0.0003435660951185154
2026-06-08 08:40:00,2.097118644067796,-0.0019146892655372838,2.0995125881818453,-0.00023887866167163487
2026-06-08 08:45:00,2.0947872340425526,-0.0023314100252433967,2.0982995408681746,0.001180896800378385
2026-06-08 08:50:00,2.0966333333333327,0.0018460992907800566,2.098601243447711,0.0003017025795365784
2026-06-08 08:55:00,2.09155,-0.0050833333333328845,2.098735431998628,0.00013418855091694527
2026-06-08 09:00:00,2.088933333333333,-0.0026166666666669336,2.098810030121332,7.459812270400143e-05
2026-06-08 09:05:00,2.0893999999999995,0.00046666666666661527,2.098819724680019,9.69455868694492e-06
2026-06-08 09:10:00,2.092966666666665,0.0035666666666656077,2.0911070593644854,0.0017070593644860662
2026-06-08 09:15:00,2.0867833333333325,-0.006183333333332541,2.0922017369700363,0.0010946776055506945
2026-06-08 09:20:00,2.0851666666666664,-0.0016166666666661555,2.0923297280196342,0.00012799104959808198
2026-06-08 09:25:00,2.0872033898305076,0.002036723163841181,2.092328043757483,-1.6842621509639602e-06
2026-06-08 09:30:00,2.081699999999999,-0.005503389830508354,2.0924770871181986,0.00014904336071505165
2026-06-08 09:35:00,2.086383333333332,0.0046833333333329286,2.084051405403247,0.002351405403247919
2026-06-08 09:40:00,2.088016666666666,0.0016333333333338196,2.085375779214115,0.001324373810867981
2026-06-08 09:45:00,2.0839666666666665,-0.004049999999999443,2.086346779388933,0.000971000174818137
2026-06-08 09:50:00,2.083949999999999,-1.6666666667664032e-05,2.086843436952886,0.0004966575639527225
2026-06-08 09:55:00,2.0846666666666667,0.000716666666667809,2.087181209649505,0.0003377726966191515
2026-06-08 10:00:00,2.0821499999999995,-0.0025166666666671667,2.085071218492345,0.0004045518256783258
2026-06-08 10:05:00,2.0829999999999993,0.0008499999999997954,2.0852716501194,0.000200431627055218
2026-06-08 10:10:00,2.082949999999999,-5.000000000032756e-05,2.085453715647076,0.00018206552767597293
2026-06-08 10:15:00,2.0798,-0.003149999999998876,2.085961572223738,0.000507856576661799
2026-06-08 10:20:00,2.080533333333333,0.0007333333333328085,2.085742951849202,-0.00021862037453602035
2026-06-08 10:25:00,2.079883333333332,-0.0006500000000007056,2.0811276576716704,0.0005943243383372824
2026-06-08 10:30:00,2.079833333333333,-4.999999999899529e-05,2.080903137227982,-0.00022452044368835572
2026-06-08 10:35:00,2.0824166666666666,0.002583333333333382,2.0805397885827928,-0.0003633486451890564
2026-06-08 10:40:00,2.080183333333333,-0.0022333333333337535,2.0803357214756124,-0.00020406710718016223
2026-06-08 10:45:00,2.078322033898304,-0.0018612994350286627,2.080281145872582,-5.457560303083848e-05
2026-06-08 10:50:00,2.080833333333332,0.002511299435028036,2.079220318533497,0.0008982846351930676
2026-06-08 10:55:00,2.0796833333333336,-0.001149999999998652,2.0797191605755407,0.0004988420420433744
2026-06-08 11:00:00,2.0770166666666663,-0.002666666666667261,2.0799394072185446,0.00022024664300410458
2026-06-08 11:05:00,2.0783,0.001283333333333747,2.0800713792307723,0.0001319720122278379
2026-06-08 11:10:00,2.0772999999999997,-0.001000000000000334,2.080323724871369,0.0002523456405963971
2026-06-08 11:15:00,2.077833333333333,0.0005333333333332746,2.0778696532735306,0.0005696532735310064
2026-06-08 11:20:00,2.079616666666667,0.001783333333333914,2.0777074382916036,-0.0001622149819270636
2026-06-08 11:25:00,2.080169491525423,0.0005528248587562956,2.0772807564041096,-0.0004266818874940587
2026-06-08 11:30:00,2.0786499999999997,-0.001519491525423522,2.076972118220655,-0.0003086381834542945
2026-06-08 11:35:00,2.0770833333333334,-0.001566666666666272,2.076665775744877,-0.00030634247577846
