time,device_id,bus_voltage_V,current_mA,electrode_V,soil_humidity_V,target_current_mA
2026-05-16 17:50:00+00:00,001,2.2293333333333334,24.357999999999997,1.6130666666666664,0.7848666666666667,25.0
2026-05-16 18:00:00+00:00,001,2.2536363636363643,25.438181818181818,1.6093181818181819,0.7847727272727273,25.0
2026-05-16 18:10:00+00:00,001,2.2535000000000003,25.269,1.6089499999999997,0.7845500000000002,25.0
2026-05-16 18:20:00+00:00,001,2.2385000000000006,24.852500000000003,1.6071000000000002,0.7836500000000001,25.0
2026-05-16 18:30:00+00:00,001,2.2359999999999998,24.661499999999997,1.6172,0.7827,25.0
2026-05-16 18:40:00+00:00,001,2.2440000000000007,25.108,1.61665,0.7821000000000001,25.0
2026-05-16 18:50:00+00:00,001,2.2490000000000006,25.173,1.6060499999999998,0.7815000000000001,25.0
2026-05-16 19:00:00+00:00,001,2.237,24.724999999999998,1.6158499999999996,0.7820500000000001,25.0
2026-05-16 19:10:00+00:00,001,2.2465000000000006,25.055999999999997,1.6202999999999999,0.78225,25.0
2026-05-16 19:20:00+00:00,001,2.2765000000000004,25.630499999999994,1.60195,0.78235,25.0
2026-05-16 19:30:00+00:00,001,2.2320000000000007,24.682499999999997,1.6112499999999996,0.7820000000000001,25.0
2026-05-16 19:40:00+00:00,001,2.2415000000000003,25.183999999999997,1.6214,0.78245,25.0
2026-05-16 19:50:00+00:00,001,2.2525000000000004,25.289500000000007,1.61175,0.7813999999999999,25.0
2026-05-16 20:00:00+00:00,001,2.2145,24.0545,1.60715,0.7815,25.0
2026-05-16 20:10:00+00:00,001,2.245,25.108500000000003,1.6159500000000002,0.7812,25.0
2026-05-16 20:20:00+00:00,001,2.2475,25.374499999999998,1.60745,0.78095,25.0
2026-05-16 20:30:00+00:00,001,2.2520000000000002,25.579,1.6114000000000002,0.78105,25.0
2026-05-16 20:40:00+00:00,001,2.2300000000000004,25.003,1.6210499999999999,0.7809499999999999,25.0
2026-05-16 20:50:00+00:00,001,2.251,25.589999999999996,1.6138500000000005,0.78025,25.0
2026-05-16 21:00:00+00:00,001,2.2394999999999996,25.163000000000004,1.6140999999999999,0.7819,25.0
2026-05-16 21:10:00+00:00,001,2.2435,25.270000000000003,1.6085,0.7800499999999999,25.0
2026-05-16 21:20:00+00:00,001,2.245,25.333000000000002,1.6118000000000001,0.7799500000000001,25.0
2026-05-16 21:30:00+00:00,001,2.2275,24.545,1.6143000000000005,0.77925,25.0
2026-05-16 21:40:00+00:00,001,2.2475,25.1205,1.60385,0.77875,25.0
2026-05-16 21:50:00+00:00,001,2.239,24.992000000000008,1.6163999999999998,0.7788999999999999,25.0
2026-05-16 22:00:00+00:00,001,2.2315,25.035500000000003,1.6180999999999996,0.77885,25.0
2026-05-16 22:10:00+00:00,001,2.2380000000000004,24.832,1.61835,0.7801500000000001,25.0
2026-05-16 22:20:00+00:00,001,2.2319999999999998,25.035000000000004,1.6126499999999997,0.78065,25.0
2026-05-16 22:30:00+00:00,001,2.2355,24.886000000000003,1.6207,0.7795500000000001,25.0
2026-05-16 22:40:00+00:00,001,2.252,25.384999999999998,1.6187999999999998,0.7798,25.0
2026-05-16 22:50:00+00:00,001,2.225,24.491500000000002,1.6158000000000001,0.7802499999999999,25.0
2026-05-16 23:00:00+00:00,001,2.2425,24.970000000000002,1.6142000000000003,0.78135,25.0
2026-05-16 23:10:00+00:00,001,2.233,24.97,1.6168500000000001,0.7835500000000002,25.0
2026-05-16 23:20:00+00:00,001,2.2565,25.183500000000002,1.6095999999999997,0.7869500000000001,25.0
2026-05-16 23:30:00+00:00,001,2.232,24.628999999999998,1.6119499999999998,0.7908999999999999,25.0
2026-05-16 23:40:00+00:00,001,2.254,25.268000000000004,1.6130499999999999,0.7930499999999999,25.0
2026-05-16 23:50:00+00:00,001,2.2485000000000004,24.916999999999994,1.6179,0.7967500000000001,25.0
2026-05-17 00:00:00+00:00,001,2.252,25.003,1.6052,0.79455,25.0
2026-05-17 00:10:00+00:00,001,2.2625,25.396499999999996,1.6198000000000001,0.7995500000000001,25.0
2026-05-17 00:20:00+00:00,001,2.2465,24.960500000000007,1.6285,0.8011500000000004,25.0
2026-05-17 00:30:00+00:00,001,2.2550000000000003,25.0245,1.6101999999999996,0.8040499999999999,25.0
2026-05-17 00:40:00+00:00,001,2.2495000000000003,25.035499999999995,1.6209000000000002,0.8054000000000002,25.0
2026-05-17 00:50:00+00:00,001,2.2505000000000006,24.919500000000003,1.6168999999999998,0.8045000000000002,25.0
2026-05-17 01:00:00+00:00,001,2.251000000000001,24.918000000000003,1.6220999999999997,0.7975,25.0
2026-05-17 01:10:00+00:00,001,2.2585,25.131,1.6190499999999997,0.7905000000000001,25.0
2026-05-17 01:20:00+00:00,001,2.2540000000000004,24.960500000000003,1.61375,0.7966500000000001,25.0
2026-05-17 01:30:00+00:00,001,2.265,25.206000000000003,1.61835,0.7925000000000001,25.0
2026-05-17 01:40:00+00:00,001,2.2625,25.2055,1.6162499999999997,0.79,25.0
2026-05-17 01:50:00+00:00,001,2.2490000000000006,24.875500000000002,1.6212500000000003,0.7936500000000001,25.0
2026-05-17 02:00:00+00:00,001,2.2395,24.3535,1.611,0.7871500000000001,25.0
2026-05-17 02:10:00+00:00,001,2.257,24.927999999999997,1.6174499999999998,0.7658499999999998,25.0
2026-05-17 02:20:00+00:00,001,2.232,24.087500000000002,1.6146999999999998,0.7542500000000001,25.0
2026-05-17 02:30:00+00:00,001,2.258000000000001,25.098499999999998,1.6219000000000001,0.76865,25.0
2026-05-17 02:40:00+00:00,001,2.2655000000000007,25.237500000000004,1.6183999999999998,0.7661999999999999,25.0
2026-05-17 02:50:00+00:00,001,2.2475000000000005,25.0025,1.6130999999999998,0.7917499999999998,25.0
2026-05-17 03:00:00+00:00,001,2.2495000000000003,24.811500000000002,1.6228000000000002,0.8275500000000001,25.0
2026-05-17 03:10:00+00:00,001,2.2575000000000007,24.9815,1.6205000000000003,0.8423,25.0
2026-05-17 03:20:00+00:00,001,2.257,25.003000000000004,1.6204999999999994,0.8492000000000001,25.0
2026-05-17 03:30:00+00:00,001,2.2625,25.0975,1.61915,0.8475500000000002,25.0
2026-05-17 03:40:00+00:00,001,2.2685000000000004,25.4615,1.6227999999999998,0.8471500000000001,25.0
2026-05-17 03:50:00+00:00,001,2.2550000000000003,25.0355,1.6248999999999998,0.84555,25.0
2026-05-17 04:00:00+00:00,001,2.2555000000000005,24.940000000000005,1.6219999999999999,0.8452499999999998,25.0
2026-05-17 04:10:00+00:00,001,2.2495000000000007,24.7485,1.6175000000000002,0.8454499999999999,25.0
2026-05-17 04:20:00+00:00,001,2.256500000000001,24.9285,1.6227,0.84405,25.0
2026-05-17 04:30:00+00:00,001,2.2655000000000003,25.344,1.6177999999999997,0.8435,25.0
2026-05-17 04:40:00+00:00,001,2.2610000000000006,25.2265,1.6228499999999992,0.84505,25.0
2026-05-17 04:50:00+00:00,001,2.2575000000000007,25.035000000000004,1.6223499999999997,0.84365,25.0
2026-05-17 05:00:00+00:00,001,2.2495000000000003,24.822,1.6169999999999998,0.8446,25.0
2026-05-17 05:10:00+00:00,001,2.2670000000000003,25.291,1.6156000000000001,0.8474,25.0
2026-05-17 05:20:00+00:00,001,2.2655,25.237500000000004,1.6197000000000004,0.85265,25.0
2026-05-17 05:30:00+00:00,001,2.2680000000000002,25.099000000000004,1.6239999999999999,0.8501,25.0
2026-05-17 05:40:00+00:00,001,2.242,24.299500000000002,1.6289000000000002,0.8509,25.0
2026-05-17 05:50:00+00:00,001,2.2705,25.194,1.6258000000000004,0.8488999999999999,25.0
2026-05-17 06:00:00+00:00,001,2.2640000000000002,25.0345,1.6221,0.8478999999999999,25.0
2026-05-17 06:10:00+00:00,001,2.263000000000001,24.790499999999998,1.6212,0.8473499999999999,25.0
2026-05-17 06:20:00+00:00,001,2.2700000000000005,24.908499999999997,1.6211000000000002,0.8448499999999999,25.0
2026-05-17 06:30:00+00:00,001,2.2700000000000005,24.8005,1.6210999999999998,0.84335,25.0
2026-05-17 06:40:00+00:00,001,2.2680000000000007,24.876999999999995,1.6212,0.7902000000000001,25.0
2026-05-17 06:50:00+00:00,001,2.2700000000000005,24.962999999999997,1.6210999999999998,0.7572999999999999,25.0
2026-05-17 07:00:00+00:00,001,2.2700000000000005,24.962999999999997,1.6174999999999997,0.75625,25.0
2026-05-17 07:10:00+00:00,001,2.272500000000001,24.9625,1.6220999999999997,0.7566,25.0
2026-05-17 07:20:00+00:00,001,2.272500000000001,24.822,1.616,0.7496499999999999,25.0
2026-05-17 07:30:00+00:00,001,2.282000000000001,25.151999999999994,1.6166999999999998,0.7636,25.0
2026-05-17 07:40:00+00:00,001,2.2730000000000006,24.767500000000005,1.6186999999999998,0.75925,25.0
2026-05-17 07:50:00+00:00,001,2.296500000000001,25.353,1.6179000000000001,0.7754,25.0
2026-05-17 08:00:00+00:00,001,2.279000000000001,24.8525,1.6169999999999998,0.7752999999999999,25.0
2026-05-17 08:10:00+00:00,001,2.282000000000001,24.9375,1.6237499999999998,0.7685500000000001,25.0
2026-05-17 08:20:00+00:00,001,2.277,24.714000000000006,1.6154000000000004,0.77475,25.0
2026-05-17 08:30:00+00:00,001,2.2900000000000005,25.279000000000003,1.61995,0.77965,25.0
2026-05-17 08:40:00+00:00,001,2.2835000000000005,25.034000000000002,1.6247,0.7682,25.0
2026-05-17 08:50:00+00:00,001,2.299473684210527,25.49105263157895,1.6208947368421052,0.7696842105263159,25.0
2026-05-17 09:00:00+00:00,001,2.288000000000001,24.970000000000006,1.61385,0.7770500000000001,25.0
2026-05-17 09:10:00+00:00,001,2.2915000000000005,24.982,1.61635,0.78185,25.0
2026-05-17 09:20:00+00:00,001,2.2945000000000007,25.205999999999996,1.6208000000000002,0.7866500000000001,25.0
2026-05-17 09:30:00+00:00,001,2.3000000000000003,25.311999999999998,1.6220500000000002,0.7912999999999999,25.0
2026-05-17 09:40:00+00:00,001,2.3125000000000004,25.589000000000006,1.624,0.7905,25.0
2026-05-17 09:50:00+00:00,001,2.3000000000000003,25.174,1.6240999999999999,0.7907500000000001,25.0
2026-05-17 10:00:00+00:00,001,2.292500000000001,24.7035,1.6285000000000003,0.79195,25.0
2026-05-17 10:10:00+00:00,001,2.3155000000000006,25.609999999999996,1.62525,0.7912500000000001,25.0
2026-05-17 10:20:00+00:00,001,2.279000000000001,24.406499999999998,1.6260000000000001,0.79055,25.0
2026-05-17 10:30:00+00:00,001,2.301000000000001,25.182500000000005,1.62755,0.7913499999999999,25.0
2026-05-17 10:40:00+00:00,001,2.2915,24.801499999999997,1.6268,0.7908999999999999,25.0
2026-05-17 10:50:00+00:00,001,2.2840000000000003,24.651999999999997,1.6238499999999998,0.7901499999999999,25.0
2026-05-17 11:00:00+00:00,001,2.305,25.334000000000003,1.6208999999999996,0.7874000000000002,25.0
2026-05-17 11:10:00+00:00,001,2.3115000000000006,25.4395,1.61765,0.7885499999999999,25.0
2026-05-17 11:20:00+00:00,001,2.3040000000000007,25.2575,1.6255000000000002,0.7895,25.0
2026-05-17 11:30:00+00:00,001,2.2863157894736843,24.672105263157892,1.6202105263157893,0.7903157894736842,25.0
2026-05-17 11:40:00+00:00,001,2.296,25.013,1.6302499999999998,0.79015,25.0
2026-05-17 11:50:00+00:00,001,2.3035000000000005,25.056499999999996,1.6215,0.7895500000000001,25.0
2026-05-17 12:00:00+00:00,001,2.3135000000000003,25.439999999999998,1.6225,0.7893000000000001,25.0
2026-05-17 12:10:00+00:00,001,2.3050000000000006,25.108999999999998,1.6235000000000004,0.7886499999999999,25.0
2026-05-17 12:20:00+00:00,001,2.295500000000001,25.024000000000008,1.6172500000000003,0.7890999999999999,25.0
2026-05-17 12:30:00+00:00,001,2.2945000000000007,25.087500000000002,1.62935,0.7898999999999999,25.0
2026-05-17 12:40:00+00:00,001,2.2920000000000007,25.056,1.6233,0.78555,25.0
2026-05-17 12:50:00+00:00,001,2.281,24.6615,1.61735,0.7814500000000001,25.0
2026-05-17 13:00:00+00:00,001,2.2940000000000005,25.161500000000007,1.6177000000000004,0.7765499999999999,25.0
2026-05-17 13:10:00+00:00,001,2.2964999999999995,25.183500000000002,1.6171999999999997,0.7756500000000001,25.0
2026-05-17 13:20:00+00:00,001,2.292500000000001,25.205000000000002,1.6208500000000001,0.77565,25.0
2026-05-17 13:30:00+00:00,001,2.2985,25.0875,1.6146999999999998,0.7762,25.0
2026-05-17 13:40:00+00:00,001,2.3020000000000005,25.334,1.614,0.7698499999999999,25.0
2026-05-17 13:50:00+00:00,001,2.2995,25.1205,1.60615,0.7698000000000003,25.0
2026-05-17 14:00:00+00:00,001,2.3040000000000003,25.332999999999995,1.6132000000000002,0.7805,25.0
2026-05-17 14:10:00+00:00,001,2.295000000000001,25.098999999999997,1.63035,0.7815000000000001,25.0
2026-05-17 14:20:00+00:00,001,2.2800000000000007,24.609499999999997,1.6229,0.7811500000000001,25.0
2026-05-17 14:30:00+00:00,001,2.272500000000001,24.523500000000006,1.6229500000000001,0.7815000000000001,25.0
2026-05-17 14:40:00+00:00,001,2.2735,24.619,1.6242999999999999,0.78095,25.0
2026-05-17 14:50:00+00:00,001,2.2984999999999998,25.417499999999997,1.62885,0.78095,25.0
2026-05-17 15:00:00+00:00,001,2.2979999999999996,25.334,1.6259000000000001,0.7803999999999998,25.0
2026-05-17 15:10:00+00:00,001,2.2924999999999995,25.131,1.62075,0.7803,25.0
2026-05-17 15:20:00+00:00,001,2.2725,24.459500000000002,1.6210999999999998,0.77815,25.0
2026-05-17 15:30:00+00:00,001,2.2775000000000003,24.683500000000002,1.6276499999999998,0.7777999999999999,25.0
2026-05-17 15:40:00+00:00,001,2.2815,24.7365,1.6225500000000004,0.7777000000000001,25.0
2026-05-17 15:50:00+00:00,001,2.3045,25.525,1.6283999999999996,0.7775000000000001,25.0
2026-05-17 16:00:00+00:00,001,2.2894999999999994,24.9695,1.6267999999999998,0.7760500000000002,25.0
2026-05-17 16:10:00+00:00,001,2.2755,24.683499999999995,1.62725,0.7746500000000001,25.0
2026-05-17 16:20:00+00:00,001,2.2979999999999996,25.130999999999997,1.6258500000000005,0.7735500000000001,25.0
2026-05-17 16:30:00+00:00,001,2.294,25.1625,1.6146,0.7706000000000002,25.0
2026-05-17 16:40:00+00:00,001,2.2945,25.12,1.6230999999999998,0.7705000000000001,25.0
2026-05-17 16:50:00+00:00,001,2.282,24.492,1.6147500000000001,0.7652,25.0
2026-05-17 17:00:00+00:00,001,2.2924999999999995,24.895000000000003,1.6020999999999996,0.7545000000000001,25.0
2026-05-17 17:10:00+00:00,001,2.3064999999999998,25.280499999999996,1.6201,0.76525,25.0
2026-05-17 17:20:00+00:00,001,2.2965,25.173499999999997,1.62275,0.77025,25.0
2026-05-17 17:30:00+00:00,001,2.2895,24.833,1.6152499999999996,0.7699,25.0
2026-05-17 17:40:00+00:00,001,2.2915,25.194,1.63855,0.7708000000000002,25.0
2026-05-17 17:50:00+00:00,001,2.2945,25.216499999999996,1.6348499999999997,0.7699500000000002,25.0
2026-05-17 18:00:00+00:00,001,2.293,25.119000000000007,1.6254000000000002,0.7708,25.0
2026-05-17 18:10:00+00:00,001,2.258,24.086500000000004,1.627,0.7698500000000001,25.0
2026-05-17 18:20:00+00:00,001,2.2540000000000004,24.0985,1.6091000000000002,0.7688,25.0
2026-05-17 18:30:00+00:00,001,2.2649999999999997,24.4805,1.6429500000000001,0.7701,25.0
2026-05-17 18:40:00+00:00,001,2.2789999999999995,24.916500000000003,1.6217499999999998,0.7689000000000001,25.0
2026-05-17 18:50:00+00:00,001,2.2744999999999993,24.789000000000005,1.6207,0.7666999999999999,25.0
2026-05-17 19:00:00+00:00,001,2.286,25.2165,1.6269500000000001,0.76515,25.0
2026-05-17 19:10:00+00:00,001,2.2725,24.844,1.6202,0.76635,25.0
2026-05-17 19:20:00+00:00,001,2.2674999999999996,24.789499999999997,1.6285,0.7683,25.0
2026-05-17 19:30:00+00:00,001,2.252,24.364499999999996,1.6268,0.7684500000000001,25.0
2026-05-17 19:40:00+00:00,001,2.2720000000000002,25.098499999999998,1.6202999999999999,0.7685000000000002,25.0
2026-05-17 19:50:00+00:00,001,2.2734999999999994,24.990999999999996,1.62525,0.7691999999999999,25.0
2026-05-17 20:00:00+00:00,001,2.2604999999999995,24.854,1.61005,0.7679500000000001,25.0
2026-05-17 20:10:00+00:00,001,2.2664999999999997,25.066500000000005,1.62195,0.76975,25.0
2026-05-17 20:20:00+00:00,001,2.267499999999999,24.918,1.6340499999999998,0.7686,25.0
2026-05-17 20:30:00+00:00,001,2.2554999999999996,24.660999999999998,1.6261499999999998,0.7683500000000001,25.0
2026-05-17 20:40:00+00:00,001,2.2625,24.906000000000002,1.62865,0.76865,25.0
2026-05-17 20:50:00+00:00,001,2.2555,24.7685,1.6390000000000005,0.7672000000000001,25.0
2026-05-17 21:00:00+00:00,001,2.2674999999999996,25.206,1.6375499999999998,0.7675,25.0
2026-05-17 21:10:00+00:00,001,2.2515000000000005,24.7255,1.6175000000000002,0.76585,25.0
2026-05-17 21:20:00+00:00,001,2.2530000000000006,24.746999999999996,1.62375,0.76625,25.0
2026-05-17 21:30:00+00:00,001,2.258,24.88649999999999,1.6401,0.7667500000000002,25.0
2026-05-17 21:40:00+00:00,001,2.2555,24.812,1.6275499999999998,0.7653000000000001,25.0
2026-05-17 21:50:00+00:00,001,2.2525000000000004,24.726499999999998,1.6371499999999997,0.7656,25.0
2026-05-17 22:00:00+00:00,001,2.282,25.792,1.63095,0.7649499999999999,25.0
2026-05-17 22:10:00+00:00,001,2.2689999999999997,25.087,1.641,0.7645500000000001,25.0
2026-05-17 22:20:00+00:00,001,2.2734999999999994,25.225500000000004,1.62095,0.76485,25.0
2026-05-17 22:30:00+00:00,001,2.2619999999999996,24.736000000000004,1.6422500000000002,0.76555,25.0
2026-05-17 22:40:00+00:00,001,2.261,24.809999999999995,1.6239999999999999,0.7655000000000001,25.0
2026-05-17 22:50:00+00:00,001,2.2545,24.651000000000003,1.6299500000000002,0.7656499999999998,25.0
2026-05-17 23:00:00+00:00,001,2.2684999999999995,25.0245,1.6235,0.7662000000000001,25.0
2026-05-17 23:10:00+00:00,001,2.242,24.299999999999994,1.6311,0.7662500000000001,25.0
2026-05-17 23:20:00+00:00,001,2.2815,25.078,1.6235500000000003,0.7678999999999999,25.0
2026-05-17 23:30:00+00:00,001,2.265499999999999,24.799500000000002,1.62315,0.7698499999999999,25.0
2026-05-17 23:40:00+00:00,001,2.2755,25.151500000000002,1.6197500000000002,0.7712,25.0
2026-05-17 23:50:00+00:00,001,2.2664999999999997,24.938500000000005,1.62395,0.7731000000000001,25.0
2026-05-18 00:00:00+00:00,001,2.263,24.608000000000004,1.62075,0.7756,25.0
2026-05-18 00:10:00+00:00,001,2.2840000000000003,25.396499999999996,1.6332499999999999,0.7769999999999998,25.0
2026-05-18 00:20:00+00:00,001,2.2670000000000003,24.788500000000003,1.63155,0.7767999999999999,25.0
2026-05-18 00:30:00+00:00,001,2.274,25.065999999999995,1.6278,0.7782000000000002,25.0
2026-05-18 00:40:00+00:00,001,2.2739999999999996,24.949999999999996,1.6299,0.7808999999999999,25.0
2026-05-18 00:50:00+00:00,001,2.2655,24.641499999999997,1.6294499999999998,0.7835000000000001,25.0
2026-05-18 01:00:00+00:00,001,2.2624999999999993,24.46,1.6300000000000001,0.7857999999999999,25.0
2026-05-18 01:10:00+00:00,001,2.277,25.034999999999993,1.6334,0.7861000000000001,25.0
2026-05-18 01:20:00+00:00,001,2.2769999999999992,24.8545,1.6272499999999996,0.7860500000000001,25.0
2026-05-18 01:30:00+00:00,001,2.2725,24.980999999999998,1.6378499999999998,0.78875,25.0
2026-05-18 01:40:00+00:00,001,2.29,25.5345,1.6324,0.78995,25.0
2026-05-18 01:50:00+00:00,001,2.2800000000000002,25.236,1.6311499999999999,0.7943999999999999,25.0
2026-05-18 02:00:00+00:00,001,2.2954999999999997,25.46,1.6340500000000002,0.7953000000000001,25.0
2026-05-18 02:10:00+00:00,001,2.2625,24.566,1.6367,0.7735000000000001,25.0
2026-05-18 02:20:00+00:00,001,2.2800000000000002,25.067,1.6299500000000002,0.7829500000000001,25.0
2026-05-18 02:30:00+00:00,001,2.2699999999999996,25.002000000000002,1.63315,0.79205,25.0
2026-05-18 02:40:00+00:00,001,2.283,25.194,1.63415,0.78725,25.0
2026-05-18 02:50:00+00:00,001,2.2824999999999998,25.1095,1.6247500000000001,0.7887500000000002,25.0
2026-05-18 03:00:00+00:00,001,2.279,25.088,1.6283,0.7575999999999999,25.0
2026-05-18 03:10:00+00:00,001,2.2824999999999998,25.301499999999997,1.6298000000000001,0.7709499999999999,25.0
2026-05-18 03:20:00+00:00,001,2.2845,25.344,1.63005,0.75545,25.0
2026-05-18 03:30:00+00:00,001,2.2849999999999997,25.322499999999998,1.63775,0.8246499999999999,25.0
2026-05-18 03:40:00+00:00,001,2.29,25.375999999999998,1.6346500000000002,0.84405,25.0
2026-05-18 03:50:00+00:00,001,2.308,25.960500000000007,1.6318000000000001,0.8427,25.0
2026-05-18 04:00:00+00:00,001,2.2615,24.3735,1.6291999999999998,0.84375,25.0
2026-05-18 04:10:00+00:00,001,2.2899999999999996,25.205000000000002,1.6215999999999997,0.8345499999999999,25.0
2026-05-18 04:20:00+00:00,001,2.297,25.333000000000002,1.6197,0.8337000000000001,25.0
2026-05-18 04:30:00+00:00,001,2.2889999999999997,25.064999999999998,1.6142500000000002,0.8042999999999999,25.0
2026-05-18 04:40:00+00:00,001,2.2939999999999996,25.087999999999994,1.61185,0.7647499999999998,25.0
2026-05-18 04:50:00+00:00,001,2.2904999999999998,24.970000000000002,1.61685,0.8300500000000002,25.0
2026-05-18 05:00:00+00:00,001,2.3274999999999997,26.163500000000006,1.6191499999999999,0.8356999999999999,25.0
2026-05-18 05:10:00+00:00,001,2.2839999999999994,25.023000000000003,1.6291500000000003,0.8381000000000001,25.0
2026-05-18 05:20:00+00:00,001,2.287499999999999,24.841499999999996,1.6239500000000002,0.83585,25.0
2026-05-18 05:30:00+00:00,001,2.2984999999999998,25.216,1.6238,0.8378500000000001,25.0
2026-05-18 05:40:00+00:00,001,2.299,25.1295,1.6226499999999997,0.8304500000000001,25.0
2026-05-18 05:50:00+00:00,001,2.2925,25.109,1.6321999999999997,0.83245,25.0
2026-05-18 06:00:00+00:00,001,2.3135000000000003,25.599500000000003,1.6262999999999999,0.8420499999999999,25.0
2026-05-18 06:10:00+00:00,001,2.2859999999999996,24.7475,1.6205500000000002,0.8315000000000001,25.0
2026-05-18 06:20:00+00:00,001,2.2954999999999997,24.960999999999995,1.6212999999999997,0.8294499999999999,25.0
2026-05-18 06:30:00+00:00,001,2.302,25.141499999999997,1.61895,0.8267,25.0
2026-05-18 06:40:00+00:00,001,2.2974999999999994,24.875,1.6246500000000001,0.8257499999999997,25.0
2026-05-18 06:50:00+00:00,001,2.2909999999999995,24.630000000000003,1.6118999999999997,0.79595,25.0
2026-05-18 07:00:00+00:00,001,2.296,24.928000000000004,1.6224000000000003,0.7657,25.0
2026-05-18 07:10:00+00:00,001,2.303,24.981,1.6146,0.8164,25.0
2026-05-18 07:20:00+00:00,001,2.2979999999999996,24.854499999999998,1.6167500000000001,0.7767499999999999,25.0
2026-05-18 07:30:00+00:00,001,2.3005,24.991999999999997,1.6183,0.7647,25.0
2026-05-18 07:40:00+00:00,001,2.3079999999999994,25.121000000000002,1.6191499999999999,0.77175,25.0
2026-05-18 07:50:00+00:00,001,2.3055000000000003,24.971999999999998,1.60895,0.77035,25.0
2026-05-18 08:00:00+00:00,001,2.3054999999999994,24.919999999999995,1.609,0.7688499999999999,25.0
2026-05-18 08:10:00+00:00,001,2.3075,25.068999999999996,1.6056499999999996,0.7619999999999999,25.0
2026-05-18 08:20:00+00:00,001,2.3104999999999998,25.164999999999992,1.607,0.7555000000000001,25.0
2026-05-18 08:30:00+00:00,001,2.311,25.280499999999996,1.6093499999999998,0.7255499999999999,25.0
2026-05-18 08:40:00+00:00,001,2.2955,24.737000000000002,1.6128500000000003,0.73815,25.0
2026-05-18 08:50:00+00:00,001,2.3009999999999997,24.950499999999998,1.6158000000000001,0.8080999999999999,25.0
2026-05-18 09:00:00+00:00,001,2.3031578947368425,25.19947368421053,1.61,0.8104210526315788,25.0
2026-05-18 09:10:00+00:00,001,2.2960000000000003,24.950499999999998,1.60765,0.8099500000000001,25.0
2026-05-18 09:20:00+00:00,001,2.3040000000000003,25.2915,1.6119999999999997,0.8071499999999998,25.0
2026-05-18 09:30:00+00:00,001,2.2945,24.898000000000003,1.6097000000000001,0.75905,25.0
2026-05-18 09:40:00+00:00,001,2.3115,25.4395,1.6111999999999997,0.7392500000000001,25.0
2026-05-18 09:50:00+00:00,001,2.3004999999999995,24.918,1.6070999999999998,0.75565,25.0
2026-05-18 10:00:00+00:00,001,2.2994999999999997,24.8425,1.6054000000000002,0.7608500000000001,25.0
2026-05-18 10:10:00+00:00,001,2.3005000000000004,25.0995,1.60645,0.75965,25.0
2026-05-18 10:20:00+00:00,001,2.3010000000000006,25.098499999999994,1.6028499999999997,0.75785,25.0
2026-05-18 10:30:00+00:00,001,2.310952380952381,25.284285714285716,1.6064285714285713,0.7560952380952382,25.0
2026-05-18 10:40:00+00:00,001,2.3094999999999994,25.1745,1.6022000000000003,0.7550000000000001,25.0
2026-05-18 10:50:00+00:00,001,2.3005000000000004,25.003499999999995,1.5979000000000003,0.7537000000000001,25.0
2026-05-18 11:00:00+00:00,001,2.3024999999999998,24.982499999999998,1.6074000000000002,0.7535000000000001,25.0
2026-05-18 11:10:00+00:00,001,2.2920000000000003,24.693999999999996,1.6053000000000002,0.7577,25.0
2026-05-18 11:20:00+00:00,001,2.2910000000000004,24.694000000000003,1.6083500000000002,0.75595,25.0
2026-05-18 11:30:00+00:00,001,2.3,25.184999999999995,1.6006500000000004,0.75275,25.0
2026-05-18 11:40:00+00:00,001,2.2960000000000003,25.045999999999996,1.6104999999999996,0.7528500000000001,25.0
2026-05-18 11:50:00+00:00,001,2.2605,23.884000000000007,1.5985,0.7487999999999999,25.0
2026-05-18 12:00:00+00:00,001,2.2955,25.153000000000002,1.6044,0.7536999999999999,25.0
2026-05-18 12:10:00+00:00,001,2.306,25.260000000000005,1.6032,0.75265,25.0
2026-05-18 12:20:00+00:00,001,2.3055,25.228500000000004,1.61465,0.7555000000000001,25.0
2026-05-18 12:30:00+00:00,001,2.3009999999999993,24.8745,1.60035,0.7534000000000001,25.0
2026-05-18 12:40:00+00:00,001,2.2945,24.8535,1.6082,0.7571999999999999,25.0
2026-05-18 12:50:00+00:00,001,2.309,25.173500000000008,1.6067000000000005,0.7595500000000001,25.0
2026-05-18 13:00:00+00:00,001,2.2979999999999996,24.8215,1.6223499999999997,0.75755,25.0
2026-05-18 13:10:00+00:00,001,2.295,24.65,1.6097000000000001,0.7575999999999999,25.0
2026-05-18 13:20:00+00:00,001,2.319,25.4825,1.6071499999999996,0.7575,25.0
2026-05-18 13:30:00+00:00,001,2.3375000000000004,26.014500000000005,1.61415,0.7572000000000003,25.0
2026-05-18 13:40:00+00:00,001,2.3034999999999997,25.0885,1.63265,0.75685,25.0
2026-05-18 13:50:00+00:00,001,2.3050000000000006,24.9275,1.6180500000000002,0.7568,25.0
2026-05-18 14:00:00+00:00,001,2.3165,25.492000000000004,1.6001999999999998,0.7553000000000001,25.0
2026-05-18 14:10:00+00:00,001,2.3025000000000007,25.1535,1.6070999999999998,1.20635,25.0
2026-05-18 14:20:00+00:00,001,2.2685000000000004,24.1615,1.6433499999999999,2.6267000000000005,25.0
2026-05-18 14:30:00+00:00,001,2.3129999999999997,26.440500000000004,1.6024999999999998,2.1864500000000002,25.0
2026-05-18 14:40:00+00:00,001,2.244,24.6305,1.5905500000000001,2.2479999999999998,25.0
2026-05-18 14:50:00+00:00,001,2.289,25.066499999999998,1.5903,2.2163499999999994,25.0
2026-05-18 15:00:00+00:00,001,2.2619999999999996,24.3215,1.6172999999999997,2.1904999999999997,25.0
2026-05-18 15:10:00+00:00,001,2.3335,25.162500000000005,1.621,2.2381,25.0
2026-05-18 15:20:00+00:00,001,2.2785,23.958499999999997,1.592,2.8267500000000005,25.0
2026-05-18 15:30:00+00:00,001,2.3914999999999997,26.610999999999997,1.6298500000000005,2.1201000000000008,25.0
2026-05-18 15:40:00+00:00,001,2.4604999999999997,28.262000000000008,1.62985,2.12,25.0
2026-05-18 15:50:00+00:00,001,2.4665,27.549,1.61785,2.0538,25.0
2026-05-18 16:00:00+00:00,001,2.3979999999999992,25.93,1.6169,2.01875,25.0
2026-05-18 16:10:00+00:00,001,2.5504999999999995,28.5185,1.62375,2.0427500000000003,25.0
2026-05-18 16:20:00+00:00,001,2.732,31.883999999999997,1.6561999999999997,2.09105,25.0
2026-05-18 16:30:00+00:00,001,2.5614999999999997,28.560499999999998,1.6454499999999996,2.2681,25.0
2026-05-18 16:40:00+00:00,001,2.7035,31.234999999999996,1.6634,2.3644,25.0
2026-05-18 16:50:00+00:00,001,2.8425000000000002,33.566500000000005,1.6936500000000003,2.42135,25.0
2026-05-18 17:00:00+00:00,001,2.7725,32.1075,1.66265,2.3503,25.0
2026-05-18 17:10:00+00:00,001,2.9675000000000007,36.43150000000001,1.7086,2.3480999999999996,25.0
2026-05-18 17:20:00+00:00,001,2.748,31.446999999999996,1.6706499999999997,2.2196000000000007,25.0
2026-05-18 17:30:00+00:00,001,2.5175,27.666000000000004,1.6300999999999999,2.7650000000000006,25.0
2026-05-18 17:40:00+00:00,001,2.5565,27.889500000000005,1.6414000000000002,2.7891000000000004,25.0
2026-05-18 17:50:00+00:00,001,2.8775000000000004,34.855500000000006,1.6820499999999998,2.6081499999999997,25.0
2026-05-18 18:00:00+00:00,001,2.9469999999999996,35.175000000000004,1.7277000000000005,2.4053000000000004,25.0
2026-05-18 18:10:00+00:00,001,3.004,36.8895,1.6820500000000003,2.3647,25.0
2026-05-18 18:20:00+00:00,001,2.7565,31.171499999999998,1.6446999999999998,2.6127499999999997,25.0
2026-05-18 18:30:00+00:00,001,2.7269999999999994,30.647999999999996,1.66595,2.5244500000000003,25.0
2026-05-18 18:40:00+00:00,001,2.8215,32.161,1.6517499999999998,2.2548000000000004,25.0
2026-05-18 18:50:00+00:00,001,2.712999999999999,30.169500000000006,1.6522999999999999,2.33415,25.0
2026-05-18 19:00:00+00:00,001,2.7325,30.924499999999995,1.6908499999999997,2.3658999999999994,25.0
2026-05-18 19:10:00+00:00,001,2.4819999999999993,26.1755,1.6078,2.2981999999999996,25.0
2026-05-18 19:20:00+00:00,001,2.4044999999999996,25.1305,1.60955,2.2793500000000004,25.0
2026-05-18 19:30:00+00:00,001,2.5734999999999997,27.922000000000004,1.6350000000000002,2.2804999999999995,25.0
2026-05-18 19:40:00+00:00,001,2.6964999999999995,30.413999999999998,1.6463500000000004,2.29105,25.0
2026-05-18 19:50:00+00:00,001,2.6240000000000006,28.954999999999995,1.6379000000000001,2.3029499999999996,25.0
2026-05-18 20:00:00+00:00,001,2.4675000000000002,25.982500000000005,1.63545,2.2593000000000005,25.0
2026-05-18 20:10:00+00:00,001,2.558,27.6455,1.6351,2.151449999999999,25.0
2026-05-18 20:20:00+00:00,001,2.6095,28.678500000000003,1.6474499999999999,2.0930000000000004,25.0
2026-05-18 20:30:00+00:00,001,2.5309999999999997,27.304000000000002,1.6209999999999998,2.1938,25.0
2026-05-18 20:40:00+00:00,001,2.4564999999999997,25.684500000000003,1.6170000000000002,2.2383499999999996,25.0
2026-05-18 20:50:00+00:00,001,2.441,25.5245,1.6066499999999997,2.2675499999999995,25.0
2026-05-18 21:00:00+00:00,001,2.5135000000000005,26.4615,1.6633,2.27425,25.0
2026-05-18 21:10:00+00:00,001,2.4995000000000003,26.377,1.6393500000000003,2.2736000000000005,25.0
2026-05-18 21:20:00+00:00,001,2.353500000000001,23.958,1.59725,3.1479500000000002,25.0
2026-05-18 21:30:00+00:00,001,2.5680000000000005,29.060999999999996,1.6252000000000002,4.07875,25.0
2026-05-18 21:40:00+00:00,001,2.4395,26.110000000000003,1.6087000000000002,3.8537999999999997,25.0
2026-05-18 21:50:00+00:00,001,2.4619999999999997,25.9945,1.62065,2.3377499999999998,25.0
2026-05-18 22:00:00+00:00,001,2.4395000000000002,25.641,1.6123500000000004,2.2754,25.0
2026-05-18 22:10:00+00:00,001,2.443,25.897999999999996,1.5989,2.46585,25.0
2026-05-18 22:20:00+00:00,001,2.4170000000000003,24.810000000000006,1.6101999999999996,2.3845,25.0
2026-05-18 22:30:00+00:00,001,2.389,24.6415,1.59425,3.8171500000000003,25.0
2026-05-18 22:40:00+00:00,001,2.392,24.7045,1.605,4.221950000000001,25.0
2026-05-18 22:50:00+00:00,001,2.4269999999999996,25.535000000000004,1.6004999999999998,4.249150000000001,25.0
2026-05-18 23:00:00+00:00,001,2.4530000000000003,26.025500000000005,1.6034,4.23655,25.0
2026-05-18 23:10:00+00:00,001,2.5050000000000003,26.43,1.6429000000000002,4.193,25.0
2026-05-18 23:20:00+00:00,001,2.4395,25.7175,1.6053000000000002,4.13345,25.0
2026-05-18 23:30:00+00:00,001,2.3854999999999995,24.588,1.6162500000000002,4.1251,25.0
2026-05-18 23:40:00+00:00,001,2.3950000000000005,24.8215,1.6023500000000002,3.985900000000001,25.0
2026-05-18 23:50:00+00:00,001,2.3965000000000005,24.801000000000002,1.62705,3.910750000000001,25.0
2026-05-19 00:00:00+00:00,001,2.4099999999999997,25.121000000000002,1.609,3.9740500000000005,25.0
2026-05-19 00:10:00+00:00,001,2.3985,24.865999999999996,1.6073500000000003,3.9644000000000004,25.0
2026-05-19 00:20:00+00:00,001,2.4065000000000003,24.884999999999998,1.6081500000000002,3.18285,25.0
2026-05-19 00:30:00+00:00,001,2.3764999999999996,24.332499999999996,1.6346999999999994,3.2887999999999997,25.0
2026-05-19 00:40:00+00:00,001,2.5395,27.3685,1.63595,3.9599500000000005,25.0
2026-05-19 00:50:00+00:00,001,2.4219999999999997,25.044500000000006,1.6073999999999997,2.8549499999999997,25.0
2026-05-19 01:00:00+00:00,001,2.4560000000000004,26.0135,1.6385999999999998,2.785100000000001,25.0
2026-05-19 01:10:00+00:00,001,2.484,25.877,1.6134,4.513050000000002,25.0
2026-05-19 01:20:00+00:00,001,2.5140000000000007,26.451,1.6702000000000001,4.41445,25.0
2026-05-19 01:30:00+00:00,001,2.4960000000000004,26.813000000000006,1.6462500000000002,4.6774000000000004,25.0
2026-05-19 01:40:00+00:00,001,2.5789999999999997,28.516499999999997,1.62625,4.698650000000001,25.0
2026-05-19 01:50:00+00:00,001,2.6120000000000005,28.537999999999993,1.6517,2.8835,25.0
2026-05-19 02:00:00+00:00,001,2.6144999999999996,28.4755,1.6328,3.4461999999999997,25.0
2026-05-19 02:10:00+00:00,001,2.4455,25.2795,1.6207500000000004,3.6229,25.0
2026-05-19 02:20:00+00:00,001,2.556,27.72,1.6238500000000002,4.45715,25.0
2026-05-19 02:30:00+00:00,001,2.613,27.8685,1.6711500000000001,3.91725,25.0
2026-05-19 02:40:00+00:00,001,2.5654999999999997,27.357,1.6436500000000003,3.6788,25.0
2026-05-19 02:50:00+00:00,001,2.5255,26.5365,1.6344,3.0528,25.0
2026-05-19 03:00:00+00:00,001,2.5725,27.430499999999995,1.6293499999999999,3.9539999999999993,25.0
2026-05-19 03:10:00+00:00,001,2.4095000000000004,24.769000000000002,1.6181999999999999,3.31585,25.0
2026-05-19 03:20:00+00:00,001,2.4095000000000004,24.716500000000003,1.6260000000000001,3.8983000000000003,25.0
2026-05-19 03:30:00+00:00,001,2.5170000000000003,26.760499999999997,1.6398499999999998,3.6385000000000005,25.0
2026-05-19 03:40:00+00:00,001,2.4875,26.037,1.6509499999999995,3.355800000000001,25.0
2026-05-19 03:50:00+00:00,001,2.4010000000000002,24.842000000000002,1.6149499999999999,3.9861499999999994,25.0
2026-05-19 04:00:00+00:00,001,2.4205,25.206500000000002,1.6209999999999998,4.10865,25.0
2026-05-19 04:10:00+00:00,001,2.4265,25.503,1.6110499999999999,3.50645,25.0
2026-05-19 04:20:00+00:00,001,2.4945,26.4095,1.6201,3.7064,25.0
2026-05-19 04:30:00+00:00,001,2.4589999999999996,26.121500000000005,1.6168000000000002,3.6260999999999997,25.0
2026-05-19 04:40:00+00:00,001,2.371,24.609,1.62575,4.5157,25.0
2026-05-19 04:50:00+00:00,001,2.377,24.950000000000003,1.6263999999999998,3.4681999999999995,25.0
2026-05-19 05:00:00+00:00,001,2.369,24.7035,1.63765,4.281999999999999,25.0
2026-05-19 05:10:00+00:00,001,2.3745000000000003,24.853000000000005,1.63545,4.35275,25.0
2026-05-19 05:20:00+00:00,001,2.402,25.758,1.6288000000000005,4.209849999999999,25.0
2026-05-19 05:30:00+00:00,001,2.3975,25.4825,1.6276499999999998,4.42885,25.0
2026-05-19 05:40:00+00:00,001,2.3690000000000007,24.533499999999997,1.6315500000000003,4.474749999999999,25.0
2026-05-19 05:50:00+00:00,001,2.378000000000001,25.023000000000003,1.6329,4.53425,25.0
2026-05-19 06:00:00+00:00,001,2.4005,25.823499999999996,1.6209499999999994,4.60075,25.0
2026-05-19 06:10:00+00:00,001,2.373,24.905499999999996,1.6305000000000003,4.607200000000001,25.0
2026-05-19 06:20:00+00:00,001,2.3660000000000005,24.599000000000007,1.62685,4.5771000000000015,25.0
2026-05-19 06:30:00+00:00,001,2.3905000000000003,25.5045,1.6248,4.623749999999999,25.0
2026-05-19 06:40:00+00:00,001,2.3705,24.652000000000008,1.63235,4.6222,25.0
2026-05-19 06:50:00+00:00,001,2.3834999999999993,25.0995,1.64425,4.398249999999999,25.0
2026-05-19 07:00:00+00:00,001,2.3784999999999994,25.163000000000004,1.6211999999999995,4.52795,25.0
2026-05-19 07:10:00+00:00,001,2.3625000000000007,24.418,1.6269500000000001,4.401549999999999,25.0
2026-05-19 07:20:00+00:00,001,2.417,25.876500000000004,1.6331499999999999,4.285550000000001,25.0
2026-05-19 07:30:00+00:00,001,2.412,26.301499999999997,1.6114000000000002,2.3874,25.0
2026-05-19 07:40:00+00:00,001,2.3945,25.5675,1.5880500000000002,0.8193999999999997,25.0
2026-05-19 07:50:00+00:00,001,2.3709999999999996,24.89550000000001,1.5846000000000005,0.7904000000000002,25.0
2026-05-19 08:00:00+00:00,001,2.3685,24.789000000000005,1.60135,0.7819,25.0
2026-05-19 08:10:00+00:00,001,2.3589999999999995,24.448499999999996,1.5928999999999998,0.8080999999999999,25.0
2026-05-19 08:20:00+00:00,001,2.3615,24.628999999999998,1.5968999999999995,0.7873000000000001,25.0
2026-05-19 08:30:00+00:00,001,2.3864999999999994,25.375,1.59855,0.7856000000000001,25.0
2026-05-19 08:40:00+00:00,001,2.372105263157895,24.917894736842108,1.5892105263157896,0.7864736842105262,25.0
2026-05-19 08:50:00+00:00,001,2.367,24.842000000000006,1.5901499999999997,0.7856000000000002,25.0
2026-05-19 09:00:00+00:00,001,2.3779999999999997,25.119500000000002,1.5881000000000003,0.7850500000000002,25.0
2026-05-19 09:10:00+00:00,001,2.3815,25.3215,1.5852000000000002,0.7847000000000002,25.0
2026-05-19 09:20:00+00:00,001,2.3754999999999997,25.055500000000006,1.5928999999999998,0.7837500000000002,25.0
2026-05-19 09:30:00+00:00,001,2.3869999999999996,25.59,1.5831499999999998,0.7788999999999999,25.0
2026-05-19 09:40:00+00:00,001,2.391,25.674499999999995,1.5769000000000002,0.7743,25.0
2026-05-19 09:50:00+00:00,001,2.3695,24.991500000000002,1.5873,0.77905,25.0
2026-05-19 10:00:00+00:00,001,2.3679999999999994,25.077499999999997,1.5822500000000002,0.77675,25.0
2026-05-19 10:10:00+00:00,001,2.356,24.630499999999998,1.5932,0.77885,25.0
2026-05-19 10:20:00+00:00,001,2.3584999999999994,24.769499999999994,1.5802999999999998,0.76865,25.0
2026-05-19 10:30:00+00:00,001,2.3595,24.8215,1.5909499999999999,0.7806500000000001,25.0
2026-05-19 10:40:00+00:00,001,2.351,24.781500000000005,1.5947,0.7871500000000001,25.0
2026-05-19 10:50:00+00:00,001,2.3625,25.004499999999997,1.5967000000000002,0.7855000000000001,25.0
2026-05-19 11:00:00+00:00,001,2.3575000000000004,25.099499999999995,1.62445,0.79345,25.0
2026-05-19 11:10:00+00:00,001,2.3555,24.865000000000002,1.6045499999999997,0.797,25.0
2026-05-19 11:20:00+00:00,001,2.3289999999999997,24.354000000000006,1.6128,0.79245,25.0
2026-05-19 11:30:00+00:00,001,2.356,25.2905,1.6084999999999998,0.7904500000000001,25.0
2026-05-19 11:40:00+00:00,001,2.3365,24.726000000000003,1.59215,0.77955,25.0
2026-05-19 11:50:00+00:00,001,2.357,25.27,1.60245,0.78635,25.0
2026-05-19 12:00:00+00:00,001,2.3555,25.024,1.60625,0.78655,25.0
2026-05-19 12:10:00+00:00,001,2.3679999999999994,25.503500000000003,1.6078499999999998,0.7932000000000001,25.0
2026-05-19 12:20:00+00:00,001,2.366,25.397,1.5968499999999999,0.7857999999999999,25.0
2026-05-19 12:30:00+00:00,001,2.3345000000000002,24.266999999999996,1.59425,0.7740500000000001,25.0
2026-05-19 12:40:00+00:00,001,2.3369999999999997,24.587500000000006,1.6105999999999998,0.7912499999999999,25.0
2026-05-19 12:50:00+00:00,001,2.3465,24.630500000000005,1.5827000000000002,0.7636,25.0
2026-05-19 13:00:00+00:00,001,2.357,25.045499999999997,1.5589499999999998,0.7405499999999999,25.0
2026-05-19 13:10:00+00:00,001,2.351,25.076999999999998,1.58165,0.7594000000000001,25.0
2026-05-19 13:20:00+00:00,001,2.3515,25.003999999999998,1.575,0.7697499999999998,25.0
2026-05-19 13:30:00+00:00,001,2.372,25.758500000000005,1.5913499999999998,0.76475,25.0
2026-05-19 13:40:00+00:00,001,2.3599999999999994,25.301499999999997,1.5796,0.76715,25.0
2026-05-19 13:50:00+00:00,001,2.3779999999999997,25.960500000000007,1.5902,0.7638499999999999,25.0
2026-05-19 14:00:00+00:00,001,2.3525,25.237,1.58,0.7601,25.0
2026-05-19 14:10:00+00:00,001,2.3455,24.8855,1.56925,0.7544,25.0
2026-05-19 14:20:00+00:00,001,2.3114999999999997,23.798499999999997,1.5708000000000002,0.7536,25.0
2026-05-19 14:30:00+00:00,001,2.325,24.267500000000002,1.5757499999999998,0.7546499999999999,25.0
2026-05-19 14:40:00+00:00,001,2.3435,25.066499999999998,1.5663000000000005,0.7584,25.0
2026-05-19 14:50:00+00:00,001,2.351,25.141000000000002,1.5743,0.75545,25.0
2026-05-19 15:00:00+00:00,001,2.3399999999999994,24.843499999999995,1.5941,0.75965,25.0
2026-05-19 15:10:00+00:00,001,2.354,25.491500000000002,1.5692000000000004,0.7577,25.0
2026-05-19 15:20:00+00:00,001,2.3580000000000005,25.311500000000002,1.57735,0.7498000000000001,25.0
2026-05-19 15:30:00+00:00,001,2.46,28.549500000000002,1.5791999999999997,0.7496,25.0
2026-05-19 15:40:00+00:00,001,2.3605000000000005,25.258999999999997,1.56475,0.7476,25.0
2026-05-19 15:50:00+00:00,001,2.3565,24.692999999999998,1.5591000000000004,0.7425999999999997,25.0
2026-05-19 16:00:00+00:00,001,2.3395,24.7145,1.57985,0.7529500000000001,25.0
2026-05-19 16:10:00+00:00,001,2.3745000000000003,26.143,1.57425,0.7572999999999999,25.0
2026-05-19 16:20:00+00:00,001,2.3375,24.555500000000002,1.58745,0.7578000000000001,25.0
2026-05-19 16:30:00+00:00,001,2.355,25.2905,1.58355,0.75735,25.0
2026-05-19 16:40:00+00:00,001,2.3495,25.174,1.5787,0.757,25.0
2026-05-19 16:50:00+00:00,001,2.332,24.513,1.5926500000000001,0.75295,25.0
2026-05-19 17:00:00+00:00,001,2.3345000000000002,24.8545,1.5869499999999996,0.7522,25.0
2026-05-19 17:10:00+00:00,001,2.3354999999999997,24.661499999999997,1.5859499999999997,0.7533000000000001,25.0
2026-05-19 17:20:00+00:00,001,2.401,25.7375,1.5965500000000001,0.7522,25.0
2026-05-19 17:30:00+00:00,001,2.3549999999999995,25.333500000000004,1.5671,0.7460999999999999,25.0
2026-05-19 17:40:00+00:00,001,2.3964999999999996,26.940999999999995,1.5642999999999998,0.7482,25.0
2026-05-19 17:50:00+00:00,001,2.337999999999999,24.822000000000003,1.5768000000000002,0.7467,25.0
2026-05-19 18:00:00+00:00,001,2.314,24.181500000000003,1.5435999999999996,0.7214000000000002,25.0
2026-05-19 18:10:00+00:00,001,2.3285,24.619500000000002,1.5325000000000002,0.7151499999999998,25.0
2026-05-19 18:20:00+00:00,001,2.3850000000000007,25.781,1.56565,0.7129999999999999,25.0
2026-05-19 18:30:00+00:00,001,2.364,25.460500000000003,1.58085,0.7153999999999999,25.0
2026-05-19 18:40:00+00:00,001,2.2994999999999997,23.937999999999995,1.55355,0.73135,25.0
2026-05-19 18:50:00+00:00,001,2.3205,24.480000000000004,1.55395,0.7164499999999998,25.0
2026-05-19 19:00:00+00:00,001,2.38,25.823500000000003,1.5506500000000003,0.71945,25.0
2026-05-19 19:10:00+00:00,001,2.3340000000000005,24.938499999999998,1.5519999999999998,0.7225999999999999,25.0
2026-05-19 19:20:00+00:00,001,2.3625,25.3445,1.5868499999999999,0.74035,25.0
2026-05-19 19:30:00+00:00,001,2.3289999999999997,25.014000000000003,1.553,0.7370000000000001,25.0
2026-05-19 19:40:00+00:00,001,2.4195,26.430500000000002,1.5732,0.73055,25.0
2026-05-19 19:50:00+00:00,001,2.3340000000000005,24.886499999999995,1.5666499999999997,0.7309499999999999,25.0
2026-05-19 20:00:00+00:00,001,2.3314999999999997,25.003500000000003,1.568,0.7305999999999999,25.0
2026-05-19 20:10:00+00:00,001,2.484,27.73999999999999,1.6020499999999998,0.7396,25.0
2026-05-19 20:20:00+00:00,001,2.3115,24.4705,1.5712,0.7259499999999999,25.0
2026-05-19 20:30:00+00:00,001,2.3609999999999998,25.546,1.5492,0.7213999999999999,25.0
2026-05-19 20:40:00+00:00,001,2.3705,25.876000000000005,1.5429999999999997,0.72265,25.0
2026-05-19 20:50:00+00:00,001,2.3074999999999997,24.405499999999996,1.5893,0.7329500000000001,25.0
2026-05-19 21:00:00+00:00,001,2.32,24.747,1.5665,0.74015,25.0
2026-05-19 21:10:00+00:00,001,2.3310000000000004,24.8325,1.5874,0.7376000000000001,25.0
2026-05-19 21:20:00+00:00,001,2.3640000000000003,26.069,1.5809499999999999,0.7365999999999998,25.0
2026-05-19 21:30:00+00:00,001,2.3235,25.397000000000002,1.5789000000000002,0.7352,25.0
2026-05-19 21:40:00+00:00,001,2.367,25.95,1.5854499999999998,0.73615,25.0
2026-05-19 21:50:00+00:00,001,2.3295,25.227500000000003,1.54955,0.7253000000000001,25.0
2026-05-19 22:00:00+00:00,001,2.4549999999999996,27.21750000000001,1.5985,0.7270999999999999,25.0
2026-05-19 22:10:00+00:00,001,2.4110000000000005,26.803000000000004,1.5416500000000002,0.70735,25.0
2026-05-19 22:20:00+00:00,001,2.3950000000000005,26.0905,1.5727,0.7074999999999999,25.0
2026-05-19 22:30:00+00:00,001,2.4155,26.664500000000004,1.5587499999999999,0.70875,25.0
2026-05-19 22:40:00+00:00,001,2.4879999999999995,27.667,1.5753,0.7099500000000001,25.0
2026-05-19 22:50:00+00:00,001,2.4174999999999995,26.408499999999997,1.56475,0.7102,25.0
2026-05-19 23:00:00+00:00,001,2.5384999999999995,28.571499999999993,1.5789499999999996,0.7121000000000002,25.0
2026-05-19 23:10:00+00:00,001,2.4339999999999997,26.749000000000002,1.5492499999999998,0.7184499999999999,25.0
2026-05-19 23:20:00+00:00,001,2.3874999999999997,26.014999999999997,1.5582500000000001,0.72085,25.0
2026-05-19 23:30:00+00:00,001,2.3445,25.077500000000004,1.5681,0.7237499999999999,25.0
2026-05-19 23:40:00+00:00,001,2.3555,25.247999999999998,1.5896000000000001,0.7355999999999999,25.0
2026-05-19 23:50:00+00:00,001,2.3345000000000002,25.184999999999995,1.5567,0.7354999999999999,25.0
2026-05-20 00:00:00+00:00,001,2.339,25.1635,1.5537,0.7338500000000001,25.0
2026-05-20 00:10:00+00:00,001,2.3374999999999995,25.1205,1.5664000000000002,0.7362,25.0
2026-05-20 00:20:00+00:00,001,2.4175,26.889,1.5654000000000003,0.7418500000000001,25.0
2026-05-20 00:30:00+00:00,001,2.314,24.821999999999996,1.5603000000000002,0.74275,25.0
2026-05-20 00:40:00+00:00,001,2.375,25.939999999999998,1.6035500000000003,0.7465999999999998,25.0
2026-05-20 00:50:00+00:00,001,2.304,24.875499999999995,1.5914000000000001,0.7549999999999999,25.0
2026-05-20 01:00:00+00:00,001,2.306,24.502000000000002,1.5756,0.7627,25.0
2026-05-20 01:10:00+00:00,001,2.316,25.119999999999997,1.5823500000000001,0.7673499999999999,25.0
2026-05-20 01:20:00+00:00,001,2.3579999999999997,26.695500000000003,1.5769499999999999,0.7691,25.0
2026-05-20 01:30:00+00:00,001,2.373500000000001,27.079,1.5840999999999996,0.7731000000000001,25.0
2026-05-20 01:40:00+00:00,001,2.358,26.2375,1.58025,0.7720499999999999,25.0
2026-05-20 01:50:00+00:00,001,2.3050000000000006,24.8635,1.5839500000000002,0.7770500000000001,25.0
2026-05-20 02:00:00+00:00,001,2.3045,25.196,1.5712,0.7782500000000002,25.0
2026-05-20 02:10:00+00:00,001,2.3154999999999992,25.5675,1.5795000000000001,0.7785500000000001,25.0
2026-05-20 02:20:00+00:00,001,2.2664999999999997,24.086499999999997,1.5971000000000002,0.7745500000000002,25.0
2026-05-20 02:30:00+00:00,001,2.2904999999999998,25.098999999999997,1.5603500000000001,0.74315,25.0
2026-05-20 02:40:00+00:00,001,2.29,25.003500000000003,1.5805000000000002,0.7418500000000001,25.0
2026-05-20 02:50:00+00:00,001,2.2755,24.406499999999998,1.5927499999999999,0.7276,25.0
2026-05-20 03:00:00+00:00,001,2.279,24.683,1.5742999999999996,0.7335999999999999,25.0
2026-05-20 03:10:00+00:00,001,2.2855000000000003,25.024000000000004,1.5760999999999998,0.7584000000000001,25.0
2026-05-20 03:20:00+00:00,001,2.2845,24.929,1.5887499999999999,0.746,25.0
2026-05-20 03:30:00+00:00,001,2.2800000000000002,24.822000000000006,1.57685,0.7318,25.0
2026-05-20 03:40:00+00:00,001,2.2905000000000006,25.194500000000005,1.58135,0.7500000000000001,25.0
2026-05-20 03:50:00+00:00,001,2.284500000000001,25.0465,1.57575,0.7485499999999999,25.0
2026-05-20 04:00:00+00:00,001,2.2774999999999994,24.767999999999997,1.5845500000000003,0.7664000000000001,25.0
2026-05-20 04:10:00+00:00,001,2.284,25.0455,1.5821999999999996,0.8118500000000001,25.0
2026-05-20 04:20:00+00:00,001,2.3010000000000006,25.609999999999996,1.5758500000000002,0.8139,25.0
2026-05-20 04:30:00+00:00,001,2.277,24.673000000000002,1.5685,0.8124500000000001,25.0
2026-05-20 04:40:00+00:00,001,2.306,25.834999999999997,1.5725500000000001,0.8101999999999998,25.0
2026-05-20 04:50:00+00:00,001,2.2875000000000005,25.183000000000003,1.5642500000000001,0.8064500000000002,25.0
2026-05-20 05:00:00+00:00,001,2.2804999999999995,24.884999999999998,1.57635,0.8063499999999999,25.0
2026-05-20 05:10:00+00:00,001,2.2925000000000004,25.1725,1.572,0.80555,25.0
2026-05-20 05:20:00+00:00,001,2.3,25.4925,1.5611499999999996,0.8058,25.0
2026-05-20 05:30:00+00:00,001,2.277,24.706,1.5677,0.80695,25.0
2026-05-20 05:40:00+00:00,001,2.2875000000000005,25.364,1.56345,0.80665,25.0
2026-05-20 05:50:00+00:00,001,2.258,24.267000000000003,1.5607,0.80495,25.0
2026-05-20 06:00:00+00:00,001,2.2669999999999995,24.554000000000002,1.5621999999999998,0.8022500000000001,25.0
2026-05-20 06:10:00+00:00,001,2.2630000000000003,24.6835,1.5806499999999997,0.8036,25.0
2026-05-20 06:20:00+00:00,001,2.2710000000000004,25.0135,1.56325,0.8077,25.0
2026-05-20 06:30:00+00:00,001,2.2750000000000004,24.9715,1.5620000000000003,0.8097000000000001,25.0
2026-05-20 06:40:00+00:00,001,2.2865,25.397,1.56495,0.8242,25.0
2026-05-20 06:50:00+00:00,001,2.2705,24.843000000000007,1.5584999999999998,0.8938500000000001,25.0
2026-05-20 07:00:00+00:00,001,2.2849999999999997,25.3755,1.5595500000000002,0.7985999999999999,25.0
2026-05-20 07:10:00+00:00,001,2.277,25.1935,1.56725,0.7608000000000001,25.0
2026-05-20 07:20:00+00:00,001,2.2725,24.9605,1.5288,0.7561000000000002,25.0
2026-05-20 07:30:00+00:00,001,2.2634999999999996,24.885,1.53795,0.7525000000000001,25.0
2026-05-20 07:40:00+00:00,001,2.274,24.971500000000002,1.56315,0.7498499999999999,25.0
2026-05-20 07:50:00+00:00,001,2.325,27.29200000000001,1.5528,0.7370499999999999,25.0
2026-05-20 08:00:00+00:00,001,2.271,24.918499999999998,1.53125,0.74495,25.0
2026-05-20 08:10:00+00:00,001,2.2645,24.907,1.5422,0.7459,25.0
2026-05-20 08:20:00+00:00,001,2.2614999999999994,24.789000000000005,1.5506000000000002,0.7596,25.0
2026-05-20 08:30:00+00:00,001,2.267894736842105,24.873157894736842,1.5277368421052633,0.8387894736842106,25.0
2026-05-20 08:40:00+00:00,001,2.2565,24.726000000000006,1.5419,0.7609499999999999,25.0
2026-05-20 08:50:00+00:00,001,2.2639999999999993,24.9185,1.553,0.7333999999999999,25.0
2026-05-20 09:00:00+00:00,001,2.264,24.929,1.5545,0.7537000000000003,25.0
2026-05-20 09:10:00+00:00,001,2.29,26.345,1.5686,0.7605999999999999,25.0
2026-05-20 09:20:00+00:00,001,2.2895,25.663000000000004,1.5635,0.7498500000000001,25.0
2026-05-20 09:30:00+00:00,001,2.2945,26.015000000000004,1.5813000000000004,0.7386999999999999,25.0
2026-05-20 09:40:00+00:00,001,2.261,24.779500000000002,1.54165,0.7481500000000001,25.0
2026-05-20 09:50:00+00:00,001,2.298,25.259000000000004,1.56225,0.75315,25.0
2026-05-20 10:00:00+00:00,001,2.263,24.663,1.5401500000000001,0.7426999999999999,25.0
2026-05-20 10:10:00+00:00,001,2.29,25.258,1.5353999999999999,0.7374499999999998,25.0
2026-05-20 10:20:00+00:00,001,2.3419999999999996,26.3245,1.53945,0.7333999999999999,25.0
2026-05-20 10:30:00+00:00,001,2.3555,26.4195,1.5448,0.7202,25.0
2026-05-20 10:40:00+00:00,001,2.2880000000000003,25.408,1.5325,0.7146499999999999,25.0
2026-05-20 10:50:00+00:00,001,2.2720000000000002,24.918,1.4953999999999998,0.71025,25.0
2026-05-20 11:00:00+00:00,001,2.3724999999999996,26.611,1.5588500000000003,0.7086999999999999,25.0
2026-05-20 11:10:00+00:00,001,2.2375,24.225,1.49155,0.7023499999999999,25.0
2026-05-20 11:20:00+00:00,001,2.3344999999999994,26.216999999999995,1.5061499999999999,0.7015499999999999,25.0
2026-05-20 11:30:00+00:00,001,2.2985,25.855,1.51525,0.69995,25.0
2026-05-20 11:40:00+00:00,001,2.3110000000000004,25.620000000000005,1.5182,0.7015,25.0
2026-05-20 11:50:00+00:00,001,2.2640000000000002,25.1095,1.509,0.7031000000000002,25.0
2026-05-20 12:00:00+00:00,001,2.3855000000000004,27.356000000000005,1.5365999999999997,0.70315,25.0
2026-05-20 12:10:00+00:00,001,2.4290000000000007,28.370000000000005,1.5291,0.7029,25.0
2026-05-20 12:20:00+00:00,001,2.4014999999999995,27.846999999999998,1.5288000000000002,0.69905,25.0
2026-05-20 12:30:00+00:00,001,2.252,24.524,1.51925,0.6987999999999999,25.0
2026-05-20 12:40:00+00:00,001,2.3285,26.142500000000005,1.52325,0.6992,25.0
2026-05-20 12:50:00+00:00,001,2.344,26.654000000000003,1.5051999999999999,0.6939500000000001,25.0
2026-05-20 13:00:00+00:00,001,2.3525,26.4095,1.5011999999999999,0.6917500000000001,25.0
2026-05-20 13:10:00+00:00,001,2.35,27.559499999999996,1.5618500000000002,0.6908999999999998,25.0
2026-05-20 13:20:00+00:00,001,2.3599999999999994,27.57,1.5384499999999999,0.6880999999999999,25.0
2026-05-20 13:30:00+00:00,001,2.4915000000000003,29.209500000000002,1.5373499999999998,0.6861,25.0
2026-05-20 13:40:00+00:00,001,2.431,29.678000000000004,1.5269499999999998,0.68455,25.0
2026-05-20 13:50:00+00:00,001,2.4534999999999996,28.976499999999998,1.5121000000000002,0.6811500000000003,25.0
2026-05-20 14:00:00+00:00,001,2.284,24.6505,1.50075,0.6768500000000002,25.0
2026-05-20 14:10:00+00:00,001,2.4075,27.217000000000002,1.5065000000000002,0.6773,25.0
2026-05-20 14:20:00+00:00,001,2.3574999999999995,26.420499999999997,1.53565,0.6758500000000001,25.0
2026-05-20 14:30:00+00:00,001,2.3065000000000007,25.8545,1.5002000000000002,0.67315,25.0
2026-05-20 14:40:00+00:00,001,2.3395,26.451,1.4979999999999998,0.6731,25.0
2026-05-20 14:50:00+00:00,001,2.4585,28.359,1.52755,0.67375,25.0
2026-05-20 15:00:00+00:00,001,2.4439999999999995,28.006999999999998,1.4998500000000001,0.6721000000000001,25.0
2026-05-20 15:10:00+00:00,001,2.3394999999999997,25.802999999999997,1.47845,0.6721000000000001,25.0
2026-05-20 15:20:00+00:00,001,2.3215000000000003,26.293,1.4905,0.6713,25.0
2026-05-20 15:30:00+00:00,001,2.3414999999999995,25.983500000000003,1.4966499999999998,0.6709000000000002,25.0
2026-05-20 15:40:00+00:00,001,2.388,26.9095,1.4936,0.67065,25.0
2026-05-20 15:50:00+00:00,001,2.2645,24.726,1.4752999999999998,0.6693499999999999,25.0
2026-05-20 16:00:00+00:00,001,2.2829999999999995,25.237,1.4966,0.66865,25.0
2026-05-20 16:10:00+00:00,001,2.3605000000000005,27.2925,1.4811,0.6679499999999999,25.0
2026-05-20 16:20:00+00:00,001,2.4650000000000003,28.85949999999999,1.53605,0.66765,25.0
2026-05-20 16:30:00+00:00,001,2.351,26.516,1.4792999999999998,0.6664,25.0
2026-05-20 16:40:00+00:00,001,2.4510000000000005,28.21,1.5236999999999998,0.6668499999999998,25.0
2026-05-20 16:50:00+00:00,001,2.447,28.103499999999997,1.5090499999999998,0.6647500000000001,25.0
2026-05-20 17:00:00+00:00,001,2.3725,27.3025,1.4733500000000002,0.6635000000000001,25.0
2026-05-20 17:10:00+00:00,001,2.3705000000000007,27.388500000000004,1.5200999999999998,0.66435,25.0
2026-05-20 17:20:00+00:00,001,2.3800000000000003,27.8685,1.5491,0.6649500000000002,25.0
2026-05-20 17:30:00+00:00,001,2.4579999999999997,28.593,1.5002,0.6617,25.0
2026-05-20 17:40:00+00:00,001,2.3685,26.4395,1.5045500000000003,0.66165,25.0
2026-05-20 17:50:00+00:00,001,2.3859999999999997,27.067499999999995,1.5044499999999998,0.66135,25.0
2026-05-20 18:00:00+00:00,001,2.511,29.58300000000001,1.5132500000000002,0.6624500000000001,25.0
2026-05-20 18:10:00+00:00,001,2.4240000000000004,27.857499999999995,1.51915,0.6611,25.0
2026-05-20 18:20:00+00:00,001,2.573,30.541999999999994,1.53305,0.6624000000000001,25.0
2026-05-20 18:30:00+00:00,001,2.563,30.285999999999994,1.5302499999999999,0.6611,25.0
2026-05-20 18:40:00+00:00,001,2.4240000000000004,27.516999999999996,1.4966500000000003,0.6597000000000001,25.0
2026-05-20 18:50:00+00:00,001,2.5105000000000004,29.476,1.5046999999999995,0.6591499999999999,25.0
2026-05-20 19:00:00+00:00,001,2.3365,26.047000000000004,1.4894499999999995,0.65815,25.0
2026-05-20 19:10:00+00:00,001,2.4405,28.2095,1.5147499999999998,0.6614500000000001,25.0
2026-05-20 19:20:00+00:00,001,2.3974999999999995,27.293,1.5131000000000001,0.66205,25.0
2026-05-20 19:30:00+00:00,001,2.355,26.569,1.4813999999999996,0.6602,25.0
2026-05-20 19:40:00+00:00,001,2.3525,26.495000000000005,1.4947,0.6594,25.0
2026-05-20 19:50:00+00:00,001,2.3429999999999995,26.441499999999998,1.47565,0.65255,25.0
2026-05-20 20:00:00+00:00,001,2.351,26.516999999999996,1.4978,0.65135,25.0
2026-05-20 20:10:00+00:00,001,2.332,26.2175,1.4889000000000001,0.6515000000000001,25.0
2026-05-20 20:20:00+00:00,001,2.3150000000000004,25.877499999999998,1.4933,0.6513000000000001,25.0
2026-05-20 20:30:00+00:00,001,2.3569999999999998,26.5685,1.4926500000000003,0.65165,25.0
2026-05-20 20:40:00+00:00,001,2.3435,26.270999999999997,1.4714500000000001,0.6509,25.0
2026-05-20 20:50:00+00:00,001,2.3404999999999996,26.250999999999998,1.4932999999999998,0.65025,25.0
2026-05-20 21:00:00+00:00,001,2.3989999999999996,28.177,1.4623,0.64405,25.0
2026-05-20 21:10:00+00:00,001,2.3830000000000005,27.687,1.47315,0.6387499999999999,25.0
2026-05-20 21:20:00+00:00,001,2.4749999999999996,28.835999999999995,1.4867000000000004,0.63805,25.0
2026-05-20 21:30:00+00:00,001,2.4984999999999995,28.815999999999995,1.5399,0.643,25.0
2026-05-20 21:40:00+00:00,001,2.399,26.8885,1.4933999999999994,0.64085,25.0
2026-05-20 21:50:00+00:00,001,2.4564999999999992,28.336000000000006,1.4840000000000002,0.64105,25.0
2026-05-20 22:00:00+00:00,001,2.4535,28.188499999999998,1.5109,0.6396000000000001,25.0
2026-05-20 22:10:00+00:00,001,2.3434999999999997,26.323500000000003,1.4584,0.6393,25.0
2026-05-20 22:20:00+00:00,001,2.451999999999999,28.411499999999997,1.5013500000000002,0.6399000000000001,25.0
2026-05-20 22:30:00+00:00,001,2.3985,27.634000000000004,1.4922500000000003,0.6389999999999999,25.0
2026-05-20 22:40:00+00:00,001,2.3895000000000004,27.303000000000004,1.47875,0.6391,25.0
2026-05-20 22:50:00+00:00,001,2.487,29.242000000000008,1.5116,0.641,25.0
2026-05-20 23:00:00+00:00,001,2.3335,26.334500000000002,1.4704,0.6398499999999998,25.0
2026-05-20 23:10:00+00:00,001,2.423,28.2185,1.4985499999999998,0.64095,25.0
2026-05-20 23:20:00+00:00,001,2.4125000000000005,27.697999999999997,1.4766,0.64175,25.0
2026-05-20 23:30:00+00:00,001,2.5139999999999993,30.083000000000006,1.5076000000000005,0.6454500000000001,25.0
2026-05-20 23:40:00+00:00,001,2.436000000000001,28.0805,1.4964499999999998,0.6494500000000001,25.0
2026-05-20 23:50:00+00:00,001,2.372,27.0045,1.4801499999999999,0.6545500000000001,25.0
2026-05-21 00:00:00+00:00,001,2.466,28.720999999999997,1.4985499999999998,0.6571999999999999,25.0
2026-05-21 00:10:00+00:00,001,2.375000000000001,27.123,1.4812,0.6604500000000001,25.0
2026-05-21 00:20:00+00:00,001,2.249,24.779500000000002,1.5987499999999997,0.7886000000000001,25.0
2026-05-21 00:30:00+00:00,001,2.2855,25.75950000000001,1.6570999999999998,0.83765,25.0
2026-05-21 00:40:00+00:00,001,2.2345,24.768500000000003,1.6350500000000001,0.8473,25.0
2026-05-21 00:50:00+00:00,001,2.2675,25.8435,1.6662499999999998,0.845,25.0
2026-05-21 01:00:00+00:00,001,2.2619999999999996,25.768999999999995,1.6488000000000003,0.8431,25.0
2026-05-21 01:10:00+00:00,001,2.2439999999999998,25.034999999999997,1.65875,0.8428999999999999,25.0
2026-05-21 01:20:00+00:00,001,2.256,25.461000000000002,1.6424500000000002,0.8402,25.0
2026-05-21 01:30:00+00:00,001,2.239,24.535,1.6416,0.8402,25.0
2026-05-21 01:40:00+00:00,001,2.2530000000000006,25.131,1.6476499999999998,0.8458499999999999,25.0
2026-05-21 01:50:00+00:00,001,2.2784999999999997,25.664000000000005,1.6506999999999998,0.8445499999999999,25.0
2026-05-21 02:00:00+00:00,001,2.2815000000000003,25.619999999999997,1.6428000000000005,0.8442000000000001,25.0
2026-05-21 02:10:00+00:00,001,2.2335000000000003,24.576500000000003,1.6404000000000003,0.8469999999999999,25.0
2026-05-21 02:20:00+00:00,001,2.2485,25.0985,1.6473499999999999,0.8472000000000002,25.0
2026-05-21 02:30:00+00:00,001,2.221,24.310500000000005,1.6725,0.8481,25.0
2026-05-21 02:40:00+00:00,001,2.2410000000000005,25.0665,1.6378999999999997,0.83255,25.0
2026-05-21 02:50:00+00:00,001,2.2290000000000005,24.725,1.63235,0.84575,25.0
2026-05-21 03:00:00+00:00,001,2.232,24.8645,1.6389000000000002,0.8335499999999998,25.0
2026-05-21 03:10:00+00:00,001,2.241,25.1415,1.6441499999999998,0.8115500000000001,25.0
2026-05-21 03:20:00+00:00,001,2.2234999999999996,24.8965,1.65095,0.8269,25.0
2026-05-21 03:30:00+00:00,001,2.2215000000000003,24.597499999999997,1.6483,0.8425,25.0
2026-05-21 03:40:00+00:00,001,2.2329999999999997,25.056999999999995,1.64075,0.8956000000000002,25.0
2026-05-21 03:50:00+00:00,001,2.2375000000000003,25.121499999999997,1.6494999999999997,0.8929,25.0
2026-05-21 04:00:00+00:00,001,2.236,24.9915,1.6404999999999998,0.8931999999999999,25.0
2026-05-21 04:10:00+00:00,001,2.234,24.906999999999996,1.64505,0.8822000000000001,25.0
2026-05-21 04:20:00+00:00,001,2.2314999999999996,24.7685,1.656,0.87105,25.0
2026-05-21 04:30:00+00:00,001,2.2410000000000005,25.099,1.65885,0.8901500000000002,25.0
2026-05-21 04:40:00+00:00,001,2.2315,24.801000000000002,1.6487499999999997,0.8676,25.0
2026-05-21 04:50:00+00:00,001,2.271,26.249000000000002,1.6538,0.8333499999999999,25.0
2026-05-21 05:00:00+00:00,001,2.259,25.749000000000002,1.6402,0.8705,25.0
2026-05-21 05:10:00+00:00,001,2.311,27.186,1.6731499999999997,0.8782500000000001,25.0
2026-05-21 05:20:00+00:00,001,2.2199999999999998,24.290000000000006,1.6476,0.8865999999999999,25.0
2026-05-21 05:30:00+00:00,001,2.2145,23.82,1.6389,0.8867499999999999,25.0
2026-05-21 05:40:00+00:00,001,2.2495000000000003,25.248,1.6424499999999997,0.8868500000000001,25.0
2026-05-21 05:50:00+00:00,001,2.2350000000000003,24.929000000000002,1.6465,0.8880500000000003,25.0
2026-05-21 06:00:00+00:00,001,2.2295,24.874500000000005,1.6346,0.8855500000000003,25.0
2026-05-21 06:10:00+00:00,001,2.2295000000000003,24.821999999999996,1.6362999999999999,0.8848499999999999,25.0
2026-05-21 06:20:00+00:00,001,2.2350000000000003,24.993000000000002,1.65945,0.8851999999999999,25.0
2026-05-21 06:30:00+00:00,001,2.2205,24.737000000000002,1.6418499999999998,0.8831,25.0
2026-05-21 06:40:00+00:00,001,2.239,25.121000000000002,1.65185,0.9008,25.0
2026-05-21 06:50:00+00:00,001,2.2220000000000004,24.6615,1.6453999999999998,0.96635,25.0
2026-05-21 07:00:00+00:00,001,2.2255,24.842,1.6497,0.9767000000000001,25.0
2026-05-21 07:10:00+00:00,001,2.2264999999999997,24.821499999999997,1.6535499999999999,0.9784500000000002,25.0
2026-05-21 07:20:00+00:00,001,2.2430000000000003,25.238,1.65565,1.0042000000000002,25.0
2026-05-21 07:30:00+00:00,001,2.2350000000000003,25.141000000000002,1.6350000000000002,1.01235,25.0
2026-05-21 07:40:00+00:00,001,2.2235,24.737,1.65775,0.9857000000000001,25.0
2026-05-21 07:50:00+00:00,001,2.2535,25.611000000000008,1.6401499999999998,0.9675500000000001,25.0
2026-05-21 08:00:00+00:00,001,2.2375,25.003500000000006,1.6525000000000003,0.93895,25.0
2026-05-21 08:10:00+00:00,001,2.2305263157894735,24.77263157894737,1.6443157894736842,0.917684210526316,25.0
2026-05-21 08:20:00+00:00,001,2.237,24.960999999999995,1.6488,0.853,25.0
2026-05-21 08:30:00+00:00,001,2.2600000000000002,25.6415,1.6605999999999999,0.8449499999999999,25.0
2026-05-21 08:40:00+00:00,001,2.2800000000000002,26.046499999999998,1.7267499999999996,0.8542,25.0
2026-05-21 08:50:00+00:00,001,2.2640000000000002,25.7695,1.64845,0.85045,25.0
2026-05-21 09:00:00+00:00,001,2.2785,25.983500000000003,1.6638000000000002,0.8492,25.0
2026-05-21 09:10:00+00:00,001,2.245,25.07800000000001,1.6355,0.8487499999999999,25.0
2026-05-21 09:20:00+00:00,001,2.2385,24.788500000000003,1.6541500000000002,0.8439499999999998,25.0
2026-05-21 09:30:00+00:00,001,2.2469999999999994,25.333,1.6481999999999999,0.84705,25.0
2026-05-21 09:40:00+00:00,001,2.2535000000000003,25.067,1.6261500000000002,0.8444499999999999,25.0
2026-05-21 09:50:00+00:00,001,2.2659999999999996,25.238999999999997,1.6528000000000003,0.8429500000000001,25.0
2026-05-21 10:00:00+00:00,001,2.249,25.088499999999996,1.6462500000000002,0.84155,25.0
2026-05-21 10:10:00+00:00,001,2.2500000000000004,25.014500000000005,1.6445,0.8387999999999998,25.0
2026-05-21 10:20:00+00:00,001,2.267499999999999,25.4075,1.63465,0.837,25.0
2026-05-21 10:30:00+00:00,001,2.2675000000000005,25.3545,1.6568499999999997,0.8351500000000002,25.0
2026-05-21 10:40:00+00:00,001,2.359999999999999,27.016000000000002,1.6510000000000002,0.833,25.0
2026-05-21 10:50:00+00:00,001,2.278,25.534500000000005,1.6313,0.8326499999999999,25.0
2026-05-21 11:00:00+00:00,001,2.2279999999999998,24.288999999999998,1.63475,0.8332499999999999,25.0
2026-05-21 11:10:00+00:00,001,2.2484999999999995,24.9605,1.62685,0.8316500000000001,25.0
2026-05-21 11:20:00+00:00,001,2.3400000000000003,26.610999999999997,1.6782999999999997,0.83185,25.0
2026-05-21 11:30:00+00:00,001,2.269,25.238000000000003,1.6572000000000002,0.8312000000000002,25.0
2026-05-21 11:40:00+00:00,001,2.2179999999999995,24.2585,1.6299000000000003,0.82975,25.0
2026-05-21 11:50:00+00:00,001,2.42,28.090999999999998,1.66675,0.8298000000000002,25.0
2026-05-21 12:00:00+00:00,001,2.268,25.173,1.6317499999999998,0.83055,25.0
2026-05-21 12:10:00+00:00,001,2.2595,24.939,1.6341499999999995,0.8291000000000001,25.0
2026-05-21 12:20:00+00:00,001,2.2504999999999997,24.789500000000004,1.6665500000000002,0.8277999999999999,25.0
2026-05-21 12:30:00+00:00,001,2.3210000000000006,26.238000000000007,1.6402999999999999,0.82645,25.0
2026-05-21 12:40:00+00:00,001,2.2819999999999996,25.759500000000003,1.6604999999999996,0.8271,25.0
2026-05-21 12:50:00+00:00,001,2.419,29.2425,1.6806999999999999,0.8277999999999999,25.0
2026-05-21 13:00:00+00:00,001,2.3729999999999998,27.688499999999998,1.65975,0.8276,25.0
2026-05-21 13:10:00+00:00,001,2.4215000000000004,29.635999999999996,1.6735999999999998,0.8275499999999999,25.0
2026-05-21 13:20:00+00:00,001,2.3905000000000003,28.709000000000003,1.6720000000000002,0.8286,25.0
2026-05-21 13:30:00+00:00,001,2.405500000000001,28.454,1.6670000000000003,0.8276,25.0
2026-05-21 13:40:00+00:00,001,2.3594999999999997,26.537,1.6502500000000002,0.8268000000000001,25.0
2026-05-21 13:50:00+00:00,001,2.312,25.8245,1.6518500000000003,0.8260500000000001,25.0
2026-05-21 14:00:00+00:00,001,2.4109999999999996,27.633000000000003,1.6773999999999998,0.8252999999999998,25.0
2026-05-21 14:10:00+00:00,001,2.3369999999999997,26.325,1.6705999999999999,0.8279500000000001,25.0
2026-05-21 14:20:00+00:00,001,2.3235,26.057000000000006,1.66585,0.8299999999999998,25.0
2026-05-21 14:30:00+00:00,001,2.37,26.81,1.636,0.827,25.0
2026-05-22 04:30:00+00:00,001,2.248181818181818,24.972727272727273,1.6615454545454547,1.066909090909091,25.0
2026-05-22 04:40:00+00:00,001,2.247,24.822,1.6395499999999998,1.06715,25.0
2026-05-22 04:50:00+00:00,001,2.2355000000000005,24.46,1.6499,0.9851999999999999,25.0
2026-05-22 05:00:00+00:00,001,2.2504999999999997,24.800000000000004,1.65655,0.8814500000000001,25.0
2026-05-22 05:10:00+00:00,001,2.253,24.8855,1.6397,0.8651500000000001,25.0
2026-05-22 05:20:00+00:00,001,2.2715000000000005,25.4395,1.6672,0.8541500000000001,25.0
2026-05-22 05:30:00+00:00,001,2.2629999999999995,25.108500000000003,1.6591999999999998,0.8475999999999999,25.0
2026-05-22 05:40:00+00:00,001,2.2800000000000002,25.343500000000006,1.6453999999999998,0.8454499999999999,25.0
2026-05-22 05:50:00+00:00,001,2.3130000000000006,26.686,1.6334499999999998,0.84315,25.0
2026-05-22 06:00:00+00:00,001,2.2909999999999995,26.067500000000003,1.66355,0.84465,25.0
2026-05-22 06:10:00+00:00,001,2.2634999999999996,24.9075,1.6477999999999997,0.84695,25.0
2026-05-22 06:20:00+00:00,001,2.2805,25.461500000000004,1.6451000000000005,0.8453000000000002,25.0
2026-05-22 06:30:00+00:00,001,2.2734999999999994,25.2905,1.6557999999999997,0.8490500000000001,25.0
2026-05-22 06:40:00+00:00,001,2.2485,24.320999999999998,1.6513499999999997,0.8555999999999999,25.0
2026-05-22 06:50:00+00:00,001,2.2725,25.173000000000002,1.6497499999999998,0.9080500000000002,25.0
2026-05-22 07:00:00+00:00,001,2.2625,24.822,1.6467499999999997,0.9147000000000002,25.0
2026-05-22 07:10:00+00:00,001,2.272,25.098499999999998,1.65505,0.8981500000000002,25.0
2026-05-22 07:20:00+00:00,001,2.2645,24.842500000000005,1.65075,0.8149500000000002,25.0
2026-05-22 07:30:00+00:00,001,2.2805,25.1415,1.6393499999999999,0.786,25.0
2026-05-22 07:40:00+00:00,001,2.2875,25.567500000000003,1.6442500000000002,0.8219,25.0
2026-05-22 07:50:00+00:00,001,2.2735,24.97,1.6332000000000004,0.8436,25.0
2026-05-22 08:00:00+00:00,001,2.3484999999999996,26.621500000000005,1.65375,0.8439499999999999,25.0
2026-05-22 08:10:00+00:00,001,2.2895000000000003,25.568000000000005,1.62725,0.8404500000000003,25.0
2026-05-22 08:20:00+00:00,001,2.2725,24.885500000000004,1.6464999999999996,0.8060500000000002,25.0
2026-05-22 08:30:00+00:00,001,2.2630000000000003,24.5125,1.6494499999999999,0.7934500000000001,25.0
2026-05-22 08:40:00+00:00,001,2.2704999999999997,24.736,1.6299999999999997,0.7991000000000001,25.0
2026-05-22 08:50:00+00:00,001,2.2560000000000002,24.4805,1.6465500000000002,0.7975,25.0
2026-05-22 09:00:00+00:00,001,2.2770000000000006,24.9175,1.6555,0.7960499999999999,25.0
2026-05-22 09:10:00+00:00,001,2.3040000000000003,25.855,1.6603999999999999,0.7961,25.0
2026-05-22 09:20:00+00:00,001,2.2979999999999996,25.6625,1.66175,0.7925999999999999,25.0
2026-05-22 09:30:00+00:00,001,2.2805,25.066999999999997,1.6346999999999998,0.79125,25.0
2026-05-22 09:40:00+00:00,001,2.299499999999999,25.908499999999997,1.6631,0.7917500000000001,25.0
2026-05-22 09:50:00+00:00,001,2.3150000000000004,25.642500000000005,1.6569499999999997,0.7904500000000001,25.0
2026-05-22 10:00:00+00:00,001,2.311,25.9625,1.64025,0.78915,25.0
2026-05-22 10:10:00+00:00,001,2.3299999999999996,25.513999999999996,1.6510500000000001,0.78835,25.0
2026-05-22 10:20:00+00:00,001,2.2765000000000004,24.566,1.6289500000000001,0.7868500000000002,25.0
2026-05-22 10:30:00+00:00,001,2.343,25.9715,1.6612000000000002,0.7876,25.0
2026-05-22 10:40:00+00:00,001,2.303,24.896000000000004,1.6444000000000003,0.78535,25.0
2026-05-22 10:50:00+00:00,001,2.3795,26.62250000000001,1.6700499999999998,0.78345,25.0
2026-05-22 11:00:00+00:00,001,2.3649999999999998,26.34499999999999,1.65195,0.78075,25.0
2026-05-22 11:10:00+00:00,001,2.2815000000000003,24.780499999999996,1.6445500000000002,0.7782500000000001,25.0
2026-05-22 11:20:00+00:00,001,2.3595,26.259499999999996,1.6449000000000003,0.7775000000000001,25.0
2026-05-22 11:30:00+00:00,001,2.2959999999999994,25.193499999999997,1.65595,0.7779499999999999,25.0
2026-05-22 11:40:00+00:00,001,2.3545000000000003,26.1735,1.6551500000000001,0.77755,25.0
2026-05-22 11:50:00+00:00,001,2.3380000000000005,26.558,1.6486,0.77495,25.0
2026-05-22 12:00:00+00:00,001,2.3999999999999995,26.931999999999995,1.7030999999999998,0.7765000000000001,25.0
2026-05-22 12:10:00+00:00,001,2.4814999999999996,28.518000000000008,1.69345,0.7756500000000001,25.0
2026-05-22 12:20:00+00:00,001,2.373,26.558,1.6679000000000002,0.7723500000000001,25.0
2026-05-22 12:30:00+00:00,001,2.3525,26.025,1.6406499999999997,0.7729000000000001,25.0
2026-05-22 12:40:00+00:00,001,2.3594999999999997,26.514999999999993,1.6601499999999998,0.7738,25.0
2026-05-22 12:50:00+00:00,001,2.5524999999999998,30.159000000000002,1.65945,0.7717500000000002,25.0
2026-05-22 13:00:00+00:00,001,2.4204761904761902,27.178571428571427,1.6895238095238096,0.7710476190476192,25.0
2026-05-22 13:10:00+00:00,001,2.3765,26.387999999999998,1.6575499999999999,0.77125,25.0
2026-05-22 13:20:00+00:00,001,2.3285,25.418,1.65915,0.7731500000000001,25.0
2026-05-22 13:30:00+00:00,001,2.437,27.464000000000006,1.6936499999999994,0.77545,25.0
2026-05-22 13:40:00+00:00,001,2.429,27.528000000000002,1.6627500000000002,0.7734500000000002,25.0
2026-05-22 13:50:00+00:00,001,2.2964999999999995,24.960499999999996,1.6321999999999999,0.77145,25.0
2026-05-22 14:00:00+00:00,001,4.384499999999999,94.50500000000002,2.0431500000000002,1.0240500000000001,174.01275
2026-05-22 14:10:00+00:00,001,3.3505000000000003,50.8535,1.8811499999999994,0.7879500000000002,50.0
2026-05-22 14:20:00+00:00,001,3.3005000000000004,49.31949999999999,1.86985,0.7881,50.0
2026-05-22 14:30:00+00:00,001,3.3200000000000003,49.852,1.8757999999999995,0.7892000000000001,50.0
2026-05-22 14:40:00+00:00,001,3.3305,50.1625,1.8770499999999994,0.7884000000000001,50.0
2026-05-22 14:50:00+00:00,001,3.3455,50.83200000000001,1.8739000000000001,0.7887,50.0
2026-05-22 15:00:00+00:00,001,3.3570000000000007,51.184000000000005,1.8735499999999998,0.7888,50.0
2026-05-22 15:10:00+00:00,001,3.3370000000000006,50.267500000000005,1.8715999999999997,0.7887500000000001,50.0
2026-05-22 15:20:00+00:00,001,3.3245000000000005,49.77850000000001,1.8695,0.7877000000000001,50.0
2026-05-22 15:30:00+00:00,001,3.347500000000001,50.428000000000004,1.8721500000000002,0.79105,50.0
2026-05-22 15:40:00+00:00,001,3.3345,49.812,1.8874,0.7923500000000001,50.0
2026-05-22 15:50:00+00:00,001,3.3330000000000006,49.663,1.8779999999999997,0.79195,50.0
2026-05-22 16:00:00+00:00,001,3.3285000000000005,49.59850000000001,1.8707999999999998,0.7896,50.0
2026-05-22 16:10:00+00:00,001,3.3330000000000006,49.598499999999994,1.8748999999999998,0.7890000000000001,50.0
2026-05-22 16:20:00+00:00,001,3.3535000000000004,50.271,1.8813000000000002,0.7889000000000002,50.0
2026-05-22 16:30:00+00:00,001,3.3280000000000003,49.29900000000001,1.8773500000000003,0.7889500000000002,50.0
2026-05-22 16:40:00+00:00,001,3.343,49.768499999999996,1.8685499999999997,0.7892000000000001,50.0
2026-05-22 16:50:00+00:00,001,3.3525000000000005,49.928000000000004,1.8679,0.78755,50.0
2026-05-22 17:00:00+00:00,001,3.3465000000000003,49.639500000000005,1.87075,0.7865500000000001,50.0
2026-05-22 17:10:00+00:00,001,3.3605000000000005,50.0235,1.8713500000000003,0.7857000000000001,50.0
2026-05-22 17:20:00+00:00,001,3.3575000000000004,49.833000000000006,1.8611999999999997,0.7844000000000002,50.0
2026-05-22 17:30:00+00:00,001,3.3715,50.1215,1.8631,0.7835000000000001,50.0
2026-05-22 17:40:00+00:00,001,3.3630000000000004,49.93849999999999,1.86985,0.78295,50.0
2026-05-22 17:50:00+00:00,001,3.355263157894737,49.52947368421051,1.8700526315789476,0.7835789473684212,50.0
2026-05-22 18:00:00+00:00,001,3.3594999999999997,49.5535,1.8689999999999998,0.78325,50.0
2026-05-22 18:10:00+00:00,001,3.374,49.992000000000004,1.8718499999999996,0.7817000000000001,50.0
2026-05-22 18:20:00+00:00,001,3.3825000000000003,50.23700000000001,1.8717499999999998,0.7817999999999999,50.0
2026-05-22 18:30:00+00:00,001,3.3760000000000003,49.90650000000001,1.86615,0.78125,50.0
2026-05-22 18:40:00+00:00,001,3.3770000000000002,49.980000000000004,1.8638500000000005,0.7808499999999999,50.0
2026-05-22 18:50:00+00:00,001,3.3765,49.886,1.8668500000000001,0.7789499999999998,50.0
2026-05-22 19:00:00+00:00,001,3.3914999999999997,50.429,1.86265,0.7779999999999999,50.0
2026-05-22 19:10:00+00:00,001,3.3935000000000004,50.461,1.85775,0.7768499999999999,50.0
2026-05-22 19:20:00+00:00,001,3.3815,49.89549999999999,1.8640999999999999,0.779,50.0
2026-05-22 19:30:00+00:00,001,3.3870000000000013,50.1185,1.8636,0.77925,50.0
2026-05-22 19:40:00+00:00,001,3.364,49.26599999999999,1.8579,0.77855,50.0
2026-05-22 19:50:00+00:00,001,3.3795,49.714,1.8665999999999996,0.7759499999999999,50.0
2026-05-22 20:00:00+00:00,001,3.3865000000000003,50.074999999999996,1.8647499999999997,0.77665,50.0
2026-05-22 20:10:00+00:00,001,3.3854999999999995,49.98949999999999,1.8649499999999999,0.77635,50.0
2026-05-22 20:20:00+00:00,001,3.3880000000000003,50.14999999999999,1.8720500000000002,0.77725,50.0
2026-05-22 20:30:00+00:00,001,3.3890000000000002,50.12899999999999,1.86645,0.7754999999999999,50.0
2026-05-22 20:40:00+00:00,001,3.3854999999999995,49.99049999999999,1.8676999999999997,0.77675,50.0
2026-05-22 20:50:00+00:00,001,3.3880000000000003,50.02149999999999,1.8656,0.7754000000000001,50.0
2026-05-22 21:00:00+00:00,001,3.3899999999999997,50.205,1.8664,0.7750500000000001,50.0
2026-05-22 21:10:00+00:00,001,3.3870000000000005,50.06549999999999,1.8653999999999993,0.7753999999999999,50.0
2026-05-22 21:20:00+00:00,001,3.3810000000000002,49.97999999999999,1.8697499999999998,0.7741500000000001,50.0
2026-05-22 21:30:00+00:00,001,3.3880000000000003,50.215999999999994,1.86635,0.7736999999999999,50.0
2026-05-22 21:40:00+00:00,001,3.3880000000000003,50.2375,1.8672,0.7751000000000001,50.0
2026-05-22 21:50:00+00:00,001,3.3805000000000005,49.971500000000006,1.86585,0.77525,50.0
2026-05-22 22:00:00+00:00,001,3.383,50.11,1.8662000000000005,0.7737500000000003,50.0
2026-05-22 22:10:00+00:00,001,3.3885000000000005,50.270500000000006,1.8634499999999998,0.7743500000000001,50.0
2026-05-22 22:20:00+00:00,001,3.3705,49.716,1.8607499999999995,0.7744500000000001,50.0
2026-05-22 22:30:00+00:00,001,3.3825000000000003,50.15249999999999,1.8651500000000003,0.7756999999999998,50.0
2026-05-22 22:40:00+00:00,001,3.3619999999999997,49.46950000000001,1.8607,0.7752000000000001,50.0
2026-05-22 22:50:00+00:00,001,3.3785000000000003,50.1195,1.86835,0.77565,50.0
2026-05-22 23:00:00+00:00,001,3.3725,49.906,1.8680500000000002,0.7762,50.0
2026-05-22 23:10:00+00:00,001,3.375,50.0555,1.8667500000000001,0.7781499999999999,50.0
2026-05-22 23:20:00+00:00,001,3.371000000000001,49.863,1.8554500000000005,0.7793500000000001,50.0
2026-05-22 23:30:00+00:00,001,3.3495000000000013,49.246500000000005,1.8622,0.78135,50.0
2026-05-22 23:40:00+00:00,001,3.3500000000000005,49.11750000000001,1.8636,0.78445,50.0
2026-05-22 23:50:00+00:00,001,3.3650000000000007,49.67300000000001,1.86485,0.7834500000000001,50.0
2026-05-23 00:00:00+00:00,001,3.3765,49.9815,1.8649499999999997,0.7841000000000001,50.0
2026-05-23 00:10:00+00:00,001,3.3620000000000005,49.682,1.8627499999999997,0.78525,50.0
2026-05-23 00:20:00+00:00,001,3.3635000000000006,49.66100000000001,1.8668999999999998,0.7873500000000002,50.0
2026-05-23 00:30:00+00:00,001,3.3810000000000002,50.310500000000005,1.8633,0.7906500000000001,50.0
2026-05-23 00:40:00+00:00,001,3.374,50.0975,1.86455,0.7942000000000001,50.0
2026-05-23 00:50:00+00:00,001,3.3785000000000003,50.2905,1.8598500000000002,0.79705,50.0
2026-05-23 01:00:00+00:00,001,3.3675000000000006,49.832499999999996,1.8693500000000003,0.7953499999999999,50.0
2026-05-23 01:10:00+00:00,001,3.371,49.938,1.8616,0.8002500000000001,50.0
2026-05-23 01:20:00+00:00,001,3.3705,50.044,1.8637000000000001,0.7985,50.0
2026-05-23 01:30:00+00:00,001,3.373500000000001,50.31049999999999,1.8704999999999998,0.8019000000000002,50.0
2026-05-23 01:40:00+00:00,001,3.3625000000000007,49.916499999999985,1.8598,0.8054000000000002,50.0
2026-05-23 01:50:00+00:00,001,3.3540000000000005,49.7455,1.8596999999999997,0.80885,50.0
2026-05-23 02:00:00+00:00,001,3.3590000000000004,50.08799999999999,1.8577499999999998,0.8129,50.0
2026-05-23 02:10:00+00:00,001,3.3570000000000007,49.89649999999999,1.8711500000000005,0.8147499999999998,50.0
2026-05-23 02:20:00+00:00,001,3.3535000000000004,49.748,1.8709000000000002,0.7956,50.0
2026-05-23 02:30:00+00:00,001,3.3645000000000005,50.06699999999999,1.8688499999999997,0.8157499999999999,50.0
2026-05-23 02:40:00+00:00,001,3.3810000000000002,50.57799999999999,1.85625,0.8121000000000003,50.0
2026-05-23 02:50:00+00:00,001,3.3645000000000005,49.9925,1.8598500000000002,0.8136000000000001,50.0
2026-05-23 03:00:00+00:00,001,3.3639999999999994,49.9495,1.8553000000000002,0.8121500000000001,50.0
2026-05-23 03:10:00+00:00,001,3.3605000000000005,49.86299999999999,1.8572,0.79755,50.0
2026-05-23 03:20:00+00:00,001,3.3634999999999997,50.034499999999994,1.8645499999999995,0.7682500000000001,50.0
2026-05-23 03:30:00+00:00,001,3.3565000000000005,49.777499999999996,1.8555499999999998,0.7814999999999999,50.0
2026-05-23 03:40:00+00:00,001,3.3605000000000005,49.82099999999999,1.8584,0.7801500000000001,50.0
2026-05-23 03:50:00+00:00,001,3.3570000000000007,49.79,1.8592499999999998,0.7888500000000002,50.0
2026-05-23 04:00:00+00:00,001,3.3480000000000003,49.4705,1.85745,0.8633000000000003,50.0
2026-05-23 04:10:00+00:00,001,3.3825000000000003,50.7485,1.8642000000000003,0.8557500000000001,50.0
2026-05-23 04:20:00+00:00,001,3.3445,49.40650000000001,1.8607499999999995,0.8602000000000002,50.0
2026-05-23 04:30:00+00:00,001,3.3609999999999998,50.044500000000006,1.8592499999999994,0.8630000000000001,50.0
2026-05-23 04:40:00+00:00,001,3.3669999999999995,50.15200000000001,1.85995,0.8605,50.0
2026-05-23 04:50:00+00:00,001,3.3585000000000003,49.928000000000004,1.8571000000000002,0.8596499999999999,50.0
2026-05-23 05:00:00+00:00,001,3.3389999999999995,49.234500000000004,1.8605500000000004,0.8607999999999999,50.0
2026-05-23 05:10:00+00:00,001,3.35,49.66049999999999,1.8622000000000003,0.8604999999999998,50.0
2026-05-23 05:20:00+00:00,001,3.3600000000000003,49.959500000000006,1.8569999999999998,0.8606499999999999,50.0
2026-05-23 05:30:00+00:00,001,3.3695,50.3215,1.8626999999999998,0.8605,50.0
2026-05-23 05:40:00+00:00,001,3.3699999999999997,50.279,1.8568500000000001,0.8588999999999999,50.0
2026-05-23 05:50:00+00:00,001,3.3540000000000005,49.630500000000005,1.8555000000000004,0.8593499999999998,50.0
2026-05-23 06:00:00+00:00,001,3.3725,50.24799999999999,1.8579499999999995,0.8601499999999997,50.0
2026-05-23 06:10:00+00:00,001,3.3685,50.129,1.8598,0.8644499999999999,50.0
2026-05-23 06:20:00+00:00,001,3.372500000000001,50.416499999999985,1.8549999999999998,0.8627499999999999,50.0
2026-05-23 06:30:00+00:00,001,3.378,50.59850000000001,1.8585000000000005,0.8631499999999999,50.0
2026-05-23 06:40:00+00:00,001,3.3665,50.131000000000014,1.8624499999999997,0.8574999999999999,50.0
2026-05-23 06:50:00+00:00,001,3.371,50.2785,1.8582,0.8302000000000002,50.0
2026-05-23 07:00:00+00:00,001,3.3604999999999996,49.885000000000005,1.8657500000000002,0.9009,50.0
2026-05-23 07:10:00+00:00,001,3.3720000000000008,50.129999999999995,1.8557000000000001,0.9412500000000001,50.0
2026-05-23 07:20:00+00:00,001,3.3619999999999997,49.874,1.8585,0.9574,50.0
2026-05-23 07:30:00+00:00,001,3.3689999999999998,50.141,1.8699499999999998,0.9684999999999999,50.0
2026-05-23 07:40:00+00:00,001,3.3620000000000005,50.0445,1.8655000000000002,0.97835,50.0
2026-05-23 07:50:00+00:00,001,3.382499999999999,50.779499999999985,1.8736000000000002,0.97495,50.0
2026-05-23 08:00:00+00:00,001,3.3805,50.662999999999975,1.8513000000000002,0.9659999999999999,50.0
2026-05-23 08:10:00+00:00,001,3.3544999999999994,49.6725,1.8702999999999999,0.966,50.0
2026-05-23 08:20:00+00:00,001,3.3549999999999995,49.671500000000016,1.8663,0.9149499999999998,50.0
2026-05-23 08:30:00+00:00,001,3.3569999999999993,49.87349999999999,1.87115,0.8786999999999999,50.0
2026-05-23 08:40:00+00:00,001,3.3520000000000003,49.64049999999999,1.8539999999999996,0.8630000000000001,50.0
2026-05-23 08:50:00+00:00,001,3.376499999999999,50.46050000000001,1.8627500000000001,0.7766500000000001,50.0
2026-05-23 09:00:00+00:00,001,3.343,49.2565,1.8599000000000003,0.7999999999999999,50.0
2026-05-23 09:10:00+00:00,001,3.3569999999999993,49.885000000000005,1.8520499999999998,0.81425,50.0
2026-05-23 09:20:00+00:00,001,3.3564999999999996,49.597,1.8690500000000003,0.82035,50.0
2026-05-23 09:30:00+00:00,001,3.3520000000000003,49.5885,1.8540500000000002,0.8203999999999999,50.0
2026-05-23 09:40:00+00:00,001,3.3515000000000006,49.60799999999999,1.8573999999999997,0.8200499999999998,50.0
2026-05-23 09:50:00+00:00,001,3.35,49.459999999999994,1.8519999999999999,0.8190499999999998,50.0
2026-05-23 10:00:00+00:00,001,3.382,50.83300000000001,1.8608500000000006,0.8186500000000001,50.0
2026-05-23 10:10:00+00:00,001,3.3665,50.20550000000001,1.8495000000000001,0.8165999999999999,50.0
2026-05-23 10:20:00+00:00,001,3.3455,49.417500000000004,1.8626000000000005,0.81425,50.0
2026-05-23 10:30:00+00:00,001,3.35421052631579,49.73210526315789,1.854105263157895,0.8112631578947368,50.0
2026-05-23 10:40:00+00:00,001,3.3510000000000004,49.6305,1.8516,0.8099499999999997,50.0
2026-05-23 10:50:00+00:00,001,3.3570000000000007,49.87449999999999,1.8559,0.8092499999999999,50.0
2026-05-23 11:00:00+00:00,001,3.3595000000000006,49.90449999999999,1.8552499999999998,0.8093,50.0
2026-05-23 11:10:00+00:00,001,3.3619999999999997,50.045,1.8416000000000001,0.8076000000000001,50.0
2026-05-23 11:20:00+00:00,001,3.37,50.439499999999995,1.8614000000000002,0.8086499999999999,50.0
2026-05-23 11:30:00+00:00,001,3.349,49.81150000000001,1.8593,0.8074000000000003,50.0
2026-05-23 11:40:00+00:00,001,3.3445,49.737,1.8550499999999999,0.8046500000000002,50.0
2026-05-23 11:50:00+00:00,001,3.3335,49.566,1.8480500000000002,0.8048500000000001,50.0
2026-05-23 12:00:00+00:00,001,3.3510000000000004,50.09900000000001,1.8450500000000005,0.8028500000000003,50.0
2026-05-23 12:10:00+00:00,001,3.3605000000000005,50.48200000000001,1.8532500000000003,0.8032000000000001,50.0
2026-05-23 12:20:00+00:00,001,3.3635000000000006,50.6315,1.85415,0.8015000000000001,50.0
2026-05-23 12:30:00+00:00,001,3.3315000000000006,49.52250000000001,1.8534499999999998,0.8023999999999999,50.0
2026-05-23 12:40:00+00:00,001,3.3334999999999995,49.544999999999995,1.8537499999999998,0.8020000000000002,50.0
2026-05-23 12:50:00+00:00,001,3.3649999999999993,50.86550000000001,1.8557,0.8022000000000002,50.0
2026-05-23 13:00:00+00:00,001,3.3545000000000007,50.162,1.8596,0.8012500000000001,50.0
2026-05-23 13:10:00+00:00,001,3.3489999999999993,50.2045,1.8562499999999997,0.79885,50.0
2026-05-23 13:20:00+00:00,001,3.345999999999999,50.16249999999999,1.8554,0.7979,50.0
2026-05-23 13:30:00+00:00,001,3.3264999999999993,49.4375,1.8575999999999997,0.7976,50.0
2026-05-23 13:40:00+00:00,001,3.3274999999999997,49.52300000000001,1.8598000000000003,0.7966,50.0
2026-05-23 13:50:00+00:00,001,3.3415,50.0235,1.8550499999999999,0.79585,50.0
2026-05-23 14:00:00+00:00,001,3.307,48.884499999999996,1.8490000000000002,0.7941499999999999,50.0
2026-05-23 14:10:00+00:00,001,3.3235,49.6415,1.8458,0.7943499999999999,50.0
2026-05-23 14:20:00+00:00,001,3.3590000000000004,50.8985,1.85135,0.7930499999999999,50.0
2026-05-23 14:30:00+00:00,001,3.343,50.3765,1.85485,0.7946000000000001,50.0
2026-05-23 14:40:00+00:00,001,3.3404999999999996,50.354,1.8576000000000001,0.79735,50.0
2026-05-23 14:50:00+00:00,001,3.3389999999999995,50.332000000000015,1.8461499999999997,0.7952,50.0
2026-05-23 15:00:00+00:00,001,3.3239999999999994,49.79,1.8550999999999997,0.7944500000000001,50.0
2026-05-23 15:10:00+00:00,001,3.3325000000000005,50.08800000000001,1.8537500000000002,0.79295,50.0
2026-05-23 15:20:00+00:00,001,3.3314999999999997,50.0985,1.8661999999999999,0.7965000000000001,50.0
2026-05-23 15:30:00+00:00,001,3.3295000000000003,50.2255,1.86155,0.7970000000000002,50.0
2026-05-23 15:40:00+00:00,001,3.2855,48.629000000000005,1.8492500000000003,0.79535,50.0
2026-05-23 15:50:00+00:00,001,3.282499999999999,48.470000000000006,1.8501999999999998,0.7943499999999999,50.0
2026-05-23 16:00:00+00:00,001,3.336,50.43899999999999,1.8523500000000002,0.7951499999999999,50.0
2026-05-23 16:10:00+00:00,001,3.325999999999999,50.343,1.8535000000000004,0.7925499999999999,50.0
2026-05-23 16:20:00+00:00,001,3.3025000000000007,49.3215,1.8538500000000002,0.7927,50.0
2026-05-23 16:30:00+00:00,001,3.321,49.8745,1.8423000000000003,0.7919999999999999,50.0
2026-05-23 16:40:00+00:00,001,3.3365,50.25750000000001,1.8569,0.79165,50.0
2026-05-23 16:50:00+00:00,001,3.2949999999999995,49.108,1.8573499999999996,0.7910999999999999,50.0
2026-05-23 17:00:00+00:00,001,3.3054999999999986,49.45799999999999,1.8496,0.7909499999999999,50.0
2026-05-23 17:10:00+00:00,001,3.3240000000000007,50.236,1.8533000000000002,0.791,50.0
2026-05-23 17:20:00+00:00,001,3.3305,50.662,1.86155,0.7904500000000001,50.0
2026-05-23 17:30:00+00:00,001,3.3419999999999996,50.7795,1.8509,0.7885000000000001,50.0
2026-05-23 17:40:00+00:00,001,3.318999999999999,49.949,1.8493000000000002,0.7875500000000001,50.0
2026-05-23 17:50:00+00:00,001,3.3245000000000005,50.214000000000006,1.8473,0.7869000000000002,50.0
2026-05-23 18:00:00+00:00,001,3.3240000000000003,50.139500000000005,1.86025,0.78635,50.0
2026-05-23 18:10:00+00:00,001,3.3534999999999995,51.24699999999999,1.8619499999999995,0.7875500000000002,50.0
2026-05-23 18:20:00+00:00,001,3.321,49.971,1.8554000000000002,0.7851,50.0
2026-05-23 18:30:00+00:00,001,3.345,50.960499999999996,1.8483999999999998,0.7845500000000001,50.0
2026-05-23 18:40:00+00:00,001,3.3449999999999998,51.078,1.8607500000000001,0.7865500000000001,50.0
2026-05-23 18:50:00+00:00,001,3.312,49.705000000000005,1.8481499999999997,0.7854500000000001,50.0
2026-05-23 19:00:00+00:00,001,3.3220000000000005,50.098,1.8494999999999997,0.78535,50.0
2026-05-23 19:10:00+00:00,001,3.3299999999999996,50.44799999999999,1.8518999999999999,0.7841,50.0
2026-05-23 19:20:00+00:00,001,3.3139999999999987,49.9505,1.8560999999999996,0.7823499999999999,50.0
2026-05-23 19:30:00+00:00,001,3.3029999999999995,49.564499999999995,1.8560000000000005,0.7822500000000002,50.0
2026-05-23 19:40:00+00:00,001,3.3095,49.7885,1.8502499999999997,0.78325,50.0
2026-05-23 19:50:00+00:00,001,3.3345,50.736999999999995,1.8503,0.7833500000000002,50.0
2026-05-23 20:00:00+00:00,001,3.29,49.032,1.8458,0.7828000000000002,50.0
2026-05-23 20:10:00+00:00,001,3.336,50.7255,1.84785,0.7826500000000001,50.0
2026-05-23 20:20:00+00:00,001,3.315,50.1415,1.8524500000000004,0.7814,50.0
2026-05-23 20:30:00+00:00,001,3.3199999999999994,50.289,1.8584499999999995,0.78155,50.0
2026-05-23 20:40:00+00:00,001,3.3215000000000003,50.16200000000001,1.8535999999999997,0.7807500000000002,50.0
2026-05-23 20:50:00+00:00,001,3.31,49.5865,1.8656499999999998,0.7800999999999999,50.0
2026-05-23 21:00:00+00:00,001,3.3319999999999994,50.79,1.8567999999999998,0.78,50.0
2026-05-23 21:10:00+00:00,001,3.3085,49.596500000000006,1.8537500000000002,0.779,50.0
2026-05-23 21:20:00+00:00,001,3.3299999999999996,50.5665,1.8518000000000001,0.7784,50.0
2026-05-23 21:30:00+00:00,001,3.2919999999999994,48.9585,1.85275,0.77995,50.0
2026-05-23 21:40:00+00:00,001,3.321,50.01299999999999,1.8526999999999998,0.7795000000000002,50.0
2026-05-23 21:50:00+00:00,001,3.3370000000000006,50.63000000000001,1.8567,0.7791500000000001,50.0
2026-05-23 22:00:00+00:00,001,3.3245000000000005,50.07699999999999,1.8519999999999999,0.7780500000000001,50.0
2026-05-23 22:10:00+00:00,001,3.3185000000000002,49.651,1.8482499999999997,0.77715,50.0
2026-05-23 22:20:00+00:00,001,3.3095,49.63,1.8572499999999998,0.7764999999999999,50.0
2026-05-23 22:30:00+00:00,001,3.3329999999999997,50.3625,1.8525500000000001,0.7761500000000001,50.0
2026-05-23 22:40:00+00:00,001,3.3175000000000003,49.68300000000001,1.8438500000000004,0.77635,50.0
2026-05-23 22:50:00+00:00,001,3.3295000000000003,50.097500000000004,1.8387,0.7783499999999999,50.0
2026-05-23 23:00:00+00:00,001,3.3340000000000005,50.3325,1.85165,0.7806,50.0
2026-05-23 23:10:00+00:00,001,3.343000000000001,50.57699999999999,1.8465,0.78,50.0
2026-05-23 23:20:00+00:00,001,3.336,50.333,1.8582499999999995,0.781,50.0
2026-05-23 23:30:00+00:00,001,3.3215000000000003,49.8425,1.8502000000000003,0.7823,50.0
2026-05-23 23:40:00+00:00,001,3.342,50.620000000000005,1.8494499999999998,0.7855500000000001,50.0
2026-05-23 23:50:00+00:00,001,3.308,49.4045,1.86455,0.788,50.0
2026-05-24 00:00:00+00:00,001,3.3135000000000003,49.73550000000001,1.8512500000000003,0.7919,50.0
2026-05-24 00:10:00+00:00,001,3.3299999999999996,50.3315,1.8561000000000003,0.79375,50.0
2026-05-24 00:20:00+00:00,001,3.3165,49.88399999999999,1.85765,0.7988999999999999,50.0
2026-05-24 00:30:00+00:00,001,3.3145,49.854000000000006,1.8618499999999998,0.8012500000000001,50.0
2026-05-24 00:40:00+00:00,001,3.304500000000001,49.352500000000006,1.8523500000000002,0.8054,50.0
2026-05-24 00:50:00+00:00,001,3.3425000000000002,50.60850000000001,1.8466500000000003,0.8070999999999999,50.0
2026-05-24 01:00:00+00:00,001,3.344500000000001,50.68400000000001,1.8506,0.812,50.0
2026-05-24 01:10:00+00:00,001,3.3305,50.213499999999996,1.8599500000000002,0.8150499999999997,50.0
2026-05-24 01:20:00+00:00,001,3.3294999999999995,50.18250000000001,1.8586000000000003,0.8177000000000001,50.0
2026-05-24 01:30:00+00:00,001,3.3199999999999994,49.98,1.8667500000000004,0.8167500000000001,50.0
2026-05-24 01:40:00+00:00,001,3.3165000000000004,49.661500000000004,1.8589999999999995,0.8193999999999999,50.0
2026-05-24 01:50:00+00:00,001,3.3165,49.491,1.8520499999999998,0.8212499999999998,50.0
2026-05-24 02:00:00+00:00,001,3.3190000000000004,49.969500000000004,1.85595,0.8219499999999998,50.0
2026-05-24 02:10:00+00:00,001,3.3175000000000003,49.9165,1.8613500000000003,0.8200999999999998,50.0
2026-05-24 02:20:00+00:00,001,3.3360000000000007,50.470000000000006,1.8520500000000002,0.8150499999999999,50.0
2026-05-24 02:30:00+00:00,001,3.311999999999999,49.671499999999995,1.8573500000000003,0.7806,50.0
2026-05-24 02:40:00+00:00,001,3.3245000000000013,50.1505,1.8667499999999997,0.7919,50.0
2026-05-24 02:50:00+00:00,001,3.3385,50.5775,1.8560000000000003,0.8282,50.0
2026-05-24 03:00:00+00:00,001,3.2954999999999997,48.93650000000001,1.8511,0.86555,50.0
2026-05-24 03:10:00+00:00,001,3.3290000000000006,50.3735,1.85475,0.8703499999999998,50.0
2026-05-24 03:20:00+00:00,001,3.3340000000000005,50.6205,1.8586500000000001,0.8686999999999999,50.0
2026-05-24 03:30:00+00:00,001,3.332,50.38600000000001,1.8507499999999997,0.8340000000000002,50.0
2026-05-24 03:40:00+00:00,001,3.2980000000000005,49.13849999999999,1.8581000000000003,0.7887500000000001,50.0
2026-05-24 03:50:00+00:00,001,3.3259999999999996,50.2565,1.86565,0.86015,50.0
2026-05-24 04:00:00+00:00,001,3.322,50.1495,1.8643499999999995,0.86725,50.0
2026-05-24 04:10:00+00:00,001,3.3279999999999994,50.31,1.8530500000000003,0.8693,50.0
2026-05-24 04:20:00+00:00,001,3.3040000000000007,49.2975,1.85305,0.8695999999999999,50.0
2026-05-24 04:30:00+00:00,001,3.3394999999999997,50.60850000000001,1.85955,0.86905,50.0
2026-05-24 04:40:00+00:00,001,3.338,50.4595,1.86005,0.8662000000000001,50.0
2026-05-24 04:50:00+00:00,001,3.2935000000000003,48.86300000000001,1.8577499999999998,0.8425,50.0
2026-05-24 05:00:00+00:00,001,3.3284999999999996,50.193,1.8541,0.8641,50.0
2026-05-24 05:10:00+00:00,001,3.3045,49.148999999999994,1.8551999999999995,0.8644999999999999,50.0
2026-05-24 05:20:00+00:00,001,3.3089999999999997,49.4165,1.8643,0.8646,50.0
2026-05-24 05:30:00+00:00,001,3.3289999999999993,50.139999999999986,1.8476500000000005,0.8630000000000001,50.0
2026-05-24 05:40:00+00:00,001,3.3280000000000003,50.05499999999999,1.8479999999999996,0.8614999999999998,50.0
2026-05-24 05:50:00+00:00,001,3.317999999999999,49.746500000000005,1.861,0.8644500000000003,50.0
2026-05-24 06:00:00+00:00,001,3.3085,49.340999999999994,1.8613499999999998,0.8664500000000002,50.0
2026-05-24 06:10:00+00:00,001,3.322,49.842000000000006,1.8437000000000001,0.8654000000000002,50.0
2026-05-24 06:20:00+00:00,001,3.312499999999999,49.51200000000001,1.86175,0.8656499999999999,50.0
2026-05-24 06:30:00+00:00,001,3.3029999999999995,49.1605,1.8633999999999997,0.86645,50.0
2026-05-24 06:40:00+00:00,001,3.3359999999999994,50.288,1.86285,0.87095,50.0
2026-05-24 06:50:00+00:00,001,3.3145000000000002,49.71399999999999,1.8559999999999999,0.9484499999999999,50.0
2026-05-24 07:00:00+00:00,001,3.314,49.661500000000004,1.8570000000000004,0.9790999999999999,50.0
2026-05-24 07:10:00+00:00,001,3.3324999999999996,50.332499999999996,1.8621500000000002,0.9749000000000001,50.0
2026-05-24 07:20:00+00:00,001,3.3254999999999995,49.735499999999995,1.8535500000000003,0.9881,50.0
2026-05-24 07:30:00+00:00,001,3.3044999999999995,49.236000000000004,1.8550999999999997,0.9784499999999999,50.0
2026-05-24 07:40:00+00:00,001,3.322999999999999,49.971,1.86295,0.9891,50.0
2026-05-24 07:50:00+00:00,001,3.340999999999999,50.42900000000001,1.85875,0.9772500000000001,50.0
2026-05-24 08:00:00+00:00,001,3.3455000000000004,50.705,1.8565,0.97765,50.0
2026-05-24 08:10:00+00:00,001,3.3260000000000005,49.92749999999999,1.8544999999999998,0.9805499999999998,50.0
2026-05-24 08:20:00+00:00,001,3.325,49.938,1.8505499999999997,0.9666,50.0
2026-05-24 08:30:00+00:00,001,3.3209999999999993,49.916999999999994,1.85765,0.9646000000000001,50.0
2026-05-24 08:40:00+00:00,001,3.3305,50.352999999999994,1.8634500000000003,0.8981,50.0
2026-05-24 08:50:00+00:00,001,3.3419999999999996,50.40700000000001,1.8654,0.8785499999999999,50.0
2026-05-24 09:00:00+00:00,001,3.3185000000000002,49.57550000000001,1.85415,0.8760499999999999,50.0
2026-05-24 09:10:00+00:00,001,3.341,50.397000000000006,1.8428500000000008,0.8658999999999999,50.0
2026-05-24 09:20:00+00:00,001,3.3020000000000005,48.873,1.8489499999999999,0.7902000000000002,50.0
2026-05-24 09:30:00+00:00,001,3.3354999999999997,50.0345,1.8428,0.827,50.0
2026-05-24 09:40:00+00:00,001,3.3244999999999996,49.723499999999994,1.85395,0.8265,50.0
2026-05-24 09:50:00+00:00,001,3.325,49.67099999999999,1.8365500000000001,0.8235999999999999,50.0
2026-05-24 10:00:00+00:00,001,3.3395,50.257,1.84355,0.8221999999999999,50.0
2026-05-24 10:10:00+00:00,001,3.3442105263157895,50.31368421052631,1.8379473684210526,0.8212631578947367,50.0
2026-05-24 10:20:00+00:00,001,3.3205,49.447500000000005,1.8539,0.818,50.0
2026-05-24 10:30:00+00:00,001,3.3455,50.7795,1.8407000000000004,0.81735,50.0
2026-05-24 10:40:00+00:00,001,3.3394999999999997,50.385,1.84225,0.8186499999999999,50.0
2026-05-24 10:50:00+00:00,001,3.3375,50.182500000000005,1.8377000000000003,0.8172500000000001,50.0
2026-05-24 11:00:00+00:00,001,3.3230000000000004,49.756499999999996,1.8381000000000003,0.8184999999999999,50.0
2026-05-24 11:10:00+00:00,001,3.3199999999999994,49.5125,1.8438500000000004,0.81775,50.0
2026-05-24 11:20:00+00:00,001,3.304,49.032499999999985,1.8448,0.8180999999999999,50.0
2026-05-24 11:30:00+00:00,001,3.343,50.407,1.8284500000000006,0.8151499999999998,50.0
2026-05-24 11:40:00+00:00,001,3.3355000000000006,50.245999999999995,1.8415499999999998,0.8129500000000001,50.0
2026-05-24 11:50:00+00:00,001,3.3305,50.003,1.8364500000000004,0.8112500000000002,50.0
2026-05-24 12:00:00+00:00,001,3.3445,50.48049999999999,1.84865,0.8084000000000001,50.0
2026-05-24 12:10:00+00:00,001,3.3284999999999996,50.064499999999995,1.8322500000000002,0.8063499999999999,50.0
2026-05-24 12:20:00+00:00,001,3.3305,50.00099999999999,1.8478,0.8060500000000002,50.0
2026-05-24 12:30:00+00:00,001,3.3309999999999995,49.9705,1.82225,0.8042999999999999,50.0
2026-05-24 12:40:00+00:00,001,3.3340000000000005,49.8845,1.8348000000000002,0.8060500000000002,50.0
2026-05-24 12:50:00+00:00,001,3.3495000000000004,50.545,1.8360499999999995,0.8057000000000002,50.0
2026-05-24 13:00:00+00:00,001,3.322,49.544,1.84635,0.8052999999999999,50.0
2026-05-24 13:10:00+00:00,001,3.342,50.301,1.8421499999999997,0.8051500000000003,50.0
2026-05-24 13:20:00+00:00,001,3.3265000000000007,49.597,1.84015,0.8054500000000001,50.0
2026-05-24 13:30:00+00:00,001,3.338,50.0545,1.8395000000000004,0.8038000000000001,50.0
2026-05-24 13:40:00+00:00,001,3.3095000000000008,48.9805,1.8464499999999995,0.80795,50.0
2026-05-24 13:50:00+00:00,001,3.3559999999999994,50.87499999999999,1.8480000000000003,0.80905,50.0
2026-05-24 14:00:00+00:00,001,3.3205,49.36300000000001,1.8419,0.8101,50.0
2026-05-24 14:10:00+00:00,001,3.3465000000000003,50.2805,1.8417000000000001,0.80805,50.0
2026-05-24 14:20:00+00:00,001,3.3364999999999996,49.949,1.8503,0.8059000000000003,50.0
2026-05-24 14:30:00+00:00,001,3.3355000000000006,49.992000000000004,1.85005,0.8034000000000001,50.0
2026-05-24 14:40:00+00:00,001,3.3705000000000007,51.439,1.8451499999999996,0.8031500000000001,50.0
2026-05-24 14:50:00+00:00,001,3.3645000000000005,50.832499999999996,1.84245,0.8021,50.0
2026-05-24 15:00:00+00:00,001,3.3125,48.97,1.8442499999999995,0.79955,50.0
2026-05-24 15:10:00+00:00,001,3.3330000000000006,49.661,1.8416999999999994,0.7953499999999999,50.0
2026-05-24 15:20:00+00:00,001,3.3585000000000003,50.5135,1.8482500000000002,0.7923999999999999,50.0
2026-05-24 15:30:00+00:00,001,3.3415,49.94849999999999,1.8319499999999997,0.7897,50.0
2026-05-24 15:40:00+00:00,001,3.3495,50.291,1.8380000000000003,0.78545,50.0
2026-05-24 15:50:00+00:00,001,3.3425000000000002,49.88700000000001,1.8357000000000003,0.7845000000000001,50.0
2026-05-24 16:00:00+00:00,001,3.3570000000000007,50.35549999999999,1.84755,0.7869500000000001,50.0
2026-05-24 16:10:00+00:00,001,3.3335,49.5135,1.8324500000000001,0.7832000000000001,50.0
2026-05-24 16:20:00+00:00,001,3.3195000000000006,48.9055,1.8331499999999998,0.7823499999999999,50.0
2026-05-24 16:30:00+00:00,001,3.336,49.545,1.83975,0.784,50.0
2026-05-24 16:40:00+00:00,001,3.3264999999999993,49.268,1.84045,0.7859,50.0
2026-05-24 16:50:00+00:00,001,3.3385000000000007,49.8015,1.84655,0.7837,50.0
2026-05-24 17:00:00+00:00,001,3.3305,49.4055,1.8307499999999997,0.7817499999999998,50.0
2026-05-24 17:10:00+00:00,001,3.3485,50.04599999999999,1.8345500000000001,0.7833,50.0
2026-05-24 17:20:00+00:00,001,3.3329999999999993,49.49199999999999,1.8374000000000001,0.7859,50.0
2026-05-24 17:30:00+00:00,001,3.357,50.3445,1.8406999999999996,0.7884000000000001,50.0
2026-05-24 17:40:00+00:00,001,3.3405,49.673,1.8417999999999999,0.78755,50.0
2026-05-24 17:50:00+00:00,001,3.3565000000000005,50.0245,1.84455,0.7884000000000001,50.0
2026-05-24 18:00:00+00:00,001,3.3534999999999995,49.8955,1.8457000000000003,0.7875000000000001,50.0
2026-05-24 18:10:00+00:00,001,3.378,50.630999999999986,1.8432500000000005,0.7876000000000001,50.0
2026-05-24 18:20:00+00:00,001,3.3690000000000007,50.2045,1.84045,0.7858000000000002,50.0
2026-05-24 18:30:00+00:00,001,3.3600000000000003,49.69199999999999,1.8380500000000002,0.7857500000000001,50.0
2026-05-24 18:40:00+00:00,001,3.3625,49.57549999999999,1.8391500000000005,0.7844500000000003,50.0
2026-05-24 18:50:00+00:00,001,3.3560000000000008,49.5005,1.8449000000000002,0.7836500000000002,50.0
2026-05-24 19:00:00+00:00,001,3.367,49.981,1.8443999999999998,0.784,50.0
2026-05-24 19:10:00+00:00,001,3.349,49.139500000000005,1.8359999999999999,0.78285,50.0
2026-05-24 19:20:00+00:00,001,3.3525000000000005,49.277,1.8443499999999997,0.7820500000000001,50.0
2026-05-24 19:30:00+00:00,001,3.3634999999999997,49.56450000000002,1.84405,0.7825500000000001,50.0
2026-05-24 19:40:00+00:00,001,3.3725,49.96900000000001,1.8344999999999998,0.7812999999999999,50.0
2026-05-24 19:50:00+00:00,001,3.3870000000000005,50.406,1.8413499999999998,0.7799500000000001,50.0
2026-05-24 20:00:00+00:00,001,3.3714999999999997,49.778000000000006,1.8453000000000006,0.7806000000000002,50.0
2026-05-24 20:10:00+00:00,001,3.3809999999999993,50.10950000000001,1.8419999999999999,0.78065,50.0
2026-05-24 20:20:00+00:00,001,3.3770000000000002,50.0675,1.8398500000000002,0.7800500000000001,50.0
2026-05-24 20:30:00+00:00,001,3.373,49.82200000000001,1.8364999999999998,0.7785999999999998,50.0
2026-05-24 20:40:00+00:00,001,3.3850000000000002,50.153,1.8436000000000003,0.7805000000000001,50.0
2026-05-24 20:50:00+00:00,001,3.3815000000000004,49.9175,1.8366999999999998,0.7793500000000001,50.0
2026-05-24 21:00:00+00:00,001,3.386,50.021999999999984,1.8417999999999999,0.7791,50.0
2026-05-24 21:10:00+00:00,001,3.3890000000000002,50.12849999999999,1.8452000000000002,0.7779499999999999,50.0
2026-05-24 21:20:00+00:00,001,3.3810000000000002,49.755,1.84145,0.7784,50.0
2026-05-24 21:30:00+00:00,001,3.3860000000000006,49.99949999999999,1.8417999999999999,0.7778499999999999,50.0
2026-05-24 21:40:00+00:00,001,3.3884999999999996,49.9575,1.84225,0.7784000000000001,50.0
2026-05-24 21:50:00+00:00,001,3.3880000000000003,49.87250000000002,1.8397999999999999,0.77755,50.0
2026-05-24 22:00:00+00:00,001,3.3870000000000005,49.88300000000001,1.8398499999999998,0.77775,50.0
2026-05-24 22:10:00+00:00,001,3.3885000000000005,49.89350000000001,1.8385000000000002,0.7760500000000001,50.0
2026-05-24 22:20:00+00:00,001,3.3895000000000004,49.83100000000002,1.8403499999999995,0.7765,50.0
2026-05-24 22:30:00+00:00,001,3.3945,49.885000000000005,1.8408499999999997,0.7746000000000002,50.0
2026-05-24 22:40:00+00:00,001,3.401500000000001,50.10950000000001,1.8395500000000002,0.7745,50.0
2026-05-24 22:50:00+00:00,001,3.402,49.9725,1.8422,0.77415,50.0
2026-05-24 23:00:00+00:00,001,3.4095000000000004,50.20699999999999,1.84115,0.7761,50.0
2026-05-24 23:10:00+00:00,001,3.396,49.59049999999999,1.8368000000000002,0.7748999999999999,50.0
2026-05-24 23:20:00+00:00,001,3.3994999999999997,49.866499999999995,1.8398499999999998,0.7753,50.0
2026-05-24 23:30:00+00:00,001,3.3930000000000007,49.63249999999999,1.8395,0.77855,50.0
2026-05-24 23:40:00+00:00,001,3.402,49.843499999999985,1.8349,0.7799499999999999,50.0
2026-05-24 23:50:00+00:00,001,3.408,50.237999999999985,1.8339999999999996,0.7834,50.0
2026-05-25 00:00:00+00:00,001,3.3975,49.629499999999986,1.8448500000000003,0.7849,50.0
2026-05-25 00:10:00+00:00,001,3.3975,49.70649999999999,1.8373500000000003,0.7886,50.0
2026-05-25 00:20:00+00:00,001,3.396,49.57849999999999,1.8455499999999998,0.7967500000000001,50.0
2026-05-25 00:30:00+00:00,001,3.3945,49.60049999999999,1.8407,0.7997000000000003,50.0
2026-05-25 00:40:00+00:00,001,3.393,49.50449999999999,1.8400500000000002,0.8005000000000001,50.0
2026-05-25 00:50:00+00:00,001,3.3924999999999996,49.471999999999994,1.8442999999999998,0.8041000000000003,50.0
2026-05-25 01:00:00+00:00,001,3.4225000000000003,50.59049999999999,1.8430500000000003,0.8061999999999999,50.0
2026-05-25 01:10:00+00:00,001,3.4230000000000005,50.558499999999995,1.8442,0.8092500000000001,50.0
2026-05-25 01:20:00+00:00,001,3.411,50.175499999999985,1.8414000000000001,0.8121499999999999,50.0
2026-05-25 01:30:00+00:00,001,3.4035,50.1645,1.8516499999999998,0.8138000000000002,50.0
2026-05-25 01:40:00+00:00,001,3.401,49.822999999999986,1.8438500000000002,0.8157500000000001,50.0
2026-05-25 01:50:00+00:00,001,3.412,50.257999999999996,1.8476,0.8244999999999999,50.0
2026-05-25 02:00:00+00:00,001,3.4055000000000013,50.06749999999998,1.85065,0.8247,50.0
2026-05-25 02:10:00+00:00,001,3.4055,49.980499999999985,1.8494999999999997,0.8250499999999998,50.0
2026-05-25 02:20:00+00:00,001,3.418,50.268499999999996,1.8476500000000002,0.8135000000000001,50.0
2026-05-25 02:30:00+00:00,001,3.4250000000000007,50.68399999999999,1.8616500000000002,0.7805000000000001,50.0
2026-05-25 02:40:00+00:00,001,3.4110000000000005,50.09949999999999,1.8530000000000002,0.8,50.0
2026-05-25 02:50:00+00:00,001,3.4050000000000002,49.97200000000001,1.8541,0.8337999999999999,50.0
2026-05-25 03:00:00+00:00,001,3.3994999999999997,49.63199999999999,1.84435,0.8742000000000001,50.0
2026-05-25 03:10:00+00:00,001,3.414,50.17549999999999,1.85,0.8734999999999999,50.0
2026-05-25 03:20:00+00:00,001,3.4129999999999994,50.22600000000001,1.8437000000000006,0.8705999999999999,50.0
2026-05-25 03:30:00+00:00,001,3.412,49.9735,1.8478,0.8718999999999999,50.0
2026-05-25 03:40:00+00:00,001,3.4234999999999993,50.376999999999995,1.8517000000000003,0.8711500000000001,50.0
2026-05-25 03:50:00+00:00,001,3.4240000000000004,50.2915,1.8509,0.8661499999999999,50.0
2026-05-25 04:00:00+00:00,001,3.4459999999999993,51.217999999999996,1.84665,0.7867,50.0
2026-05-25 04:10:00+00:00,001,3.4240000000000004,50.333499999999994,1.8456499999999998,0.8069000000000001,50.0
2026-05-25 04:20:00+00:00,001,3.4025,49.51299999999999,1.8429000000000006,0.8209500000000001,50.0
2026-05-25 04:30:00+00:00,001,3.407,49.73549999999998,1.84435,0.87145,50.0
2026-05-25 04:40:00+00:00,001,3.407,49.812499999999986,1.8449000000000004,0.8725000000000002,50.0
2026-05-25 04:50:00+00:00,001,3.408,49.78999999999998,1.83915,0.80855,50.0
2026-05-25 05:00:00+00:00,001,3.4189999999999996,50.15199999999999,1.8479500000000004,0.8031500000000001,50.0
2026-05-25 05:10:00+00:00,001,3.418,50.055499999999995,1.8382,0.86715,50.0
2026-05-25 05:20:00+00:00,001,3.432,50.576499999999996,1.8451999999999995,0.8458,50.0
2026-05-25 05:30:00+00:00,001,3.4045,49.56499999999999,1.8390999999999997,0.873,50.0
2026-05-25 05:40:00+00:00,001,3.4225000000000003,50.173,1.8452499999999996,0.8698500000000001,50.0
2026-05-25 05:50:00+00:00,001,3.4125,49.7155,1.8480500000000002,0.86395,50.0
2026-05-25 06:00:00+00:00,001,3.404000000000001,49.449000000000005,1.843,0.8645500000000002,50.0
2026-05-25 06:10:00+00:00,001,3.4234999999999998,50.141000000000005,1.8322499999999997,0.8211499999999999,50.0
2026-05-25 06:20:00+00:00,001,3.4059999999999997,49.544500000000006,1.8477999999999999,0.851,50.0
2026-05-25 06:30:00+00:00,001,3.432,50.397999999999996,1.8402999999999998,0.8608499999999999,50.0
2026-05-25 06:40:00+00:00,001,3.4005,49.129499999999986,1.8482499999999997,0.8634000000000001,50.0
2026-05-25 06:50:00+00:00,001,3.446,50.780499999999996,1.8494500000000005,0.9236000000000001,50.0
2026-05-25 07:00:00+00:00,001,3.4425,50.291,1.83445,0.9571499999999997,50.0
2026-05-25 07:10:00+00:00,001,3.4114999999999993,49.332,1.8458500000000004,0.9538,50.0
2026-05-25 07:20:00+00:00,001,3.4304999999999994,50.099,1.8545500000000004,0.9735500000000001,50.0
2026-05-25 07:30:00+00:00,001,3.4349999999999996,50.343,1.8441500000000002,0.9692999999999998,50.0
2026-05-25 07:40:00+00:00,001,3.4105,49.394999999999996,1.84245,0.9074500000000001,50.0
2026-05-25 07:50:00+00:00,001,3.4259999999999997,50.332499999999996,1.8473,0.8914000000000002,50.0
2026-05-25 08:00:00+00:00,001,3.4364999999999988,50.352999999999994,1.8422999999999998,0.9275,50.0
2026-05-25 08:10:00+00:00,001,3.44,50.47099999999999,1.8501999999999998,0.9095500000000001,50.0
2026-05-25 08:20:00+00:00,001,3.407999999999999,49.384,1.84785,0.8358000000000001,50.0
2026-05-25 08:30:00+00:00,001,3.4244999999999997,49.9055,1.8307499999999997,0.7990999999999999,50.0
2026-05-25 08:40:00+00:00,001,3.432,50.078500000000005,1.84025,0.82685,50.0
2026-05-25 08:50:00+00:00,001,3.412,49.290499999999994,1.8373000000000002,0.8265499999999999,50.0
2026-05-25 09:00:00+00:00,001,3.4225000000000003,49.74750000000001,1.8430499999999999,0.8214499999999999,50.0
2026-05-25 09:10:00+00:00,001,3.443,50.429,1.8324500000000004,0.8196,50.0
2026-05-25 09:20:00+00:00,001,3.4269999999999996,49.7585,1.8390499999999999,0.8243999999999998,50.0
2026-05-25 09:30:00+00:00,001,3.4404999999999992,50.20550000000001,1.8361000000000005,0.8239999999999998,50.0
2026-05-25 09:40:00+00:00,001,3.4265,49.71399999999999,1.8323,0.8214999999999998,50.0
2026-05-25 09:50:00+00:00,001,3.4336842105263146,49.979473684210525,1.8395263157894737,0.819315789473684,50.0
2026-05-25 10:00:00+00:00,001,3.4589999999999996,50.7375,1.8366500000000006,0.8163499999999999,50.0
2026-05-25 10:10:00+00:00,001,3.4314999999999998,49.7895,1.8354499999999994,0.8108000000000001,50.0
2026-05-25 10:20:00+00:00,001,3.4234999999999993,49.59649999999999,1.8304000000000002,0.8090999999999999,50.0
2026-05-25 10:30:00+00:00,001,3.4625,50.897499999999994,1.8371000000000002,0.80855,50.0
2026-05-25 10:40:00+00:00,001,3.4535000000000005,50.652,1.8330499999999996,0.8071499999999998,50.0
2026-05-25 10:50:00+00:00,001,3.437999999999999,49.9695,1.8361,0.8068,50.0
2026-05-25 11:00:00+00:00,001,3.415,49.160999999999994,1.84455,0.8085000000000001,50.0
2026-05-25 11:10:00+00:00,001,3.4324999999999997,49.7675,1.8409,0.81005,50.0
2026-05-25 11:20:00+00:00,001,3.4229999999999996,49.4485,1.8356999999999999,0.8089000000000001,50.0
2026-05-25 11:30:00+00:00,001,3.4190000000000005,49.0985,1.8321500000000004,0.8089999999999999,50.0
2026-05-25 11:40:00+00:00,001,3.436000000000001,49.406000000000006,1.8365500000000001,0.8114000000000001,50.0
2026-05-25 11:50:00+00:00,001,3.4385000000000003,49.724999999999994,1.8363500000000001,0.8087,50.0
2026-05-25 12:00:00+00:00,001,3.447,50.0455,1.8438000000000003,0.80905,50.0
2026-05-25 12:10:00+00:00,001,3.4379999999999997,49.82199999999999,1.8427,0.8096500000000001,50.0
2026-05-25 12:20:00+00:00,001,3.4585,50.537000000000006,1.8383000000000003,0.80715,50.0
2026-05-25 12:30:00+00:00,001,3.4425,49.971500000000006,1.8402500000000004,0.80375,50.0
2026-05-25 12:40:00+00:00,001,3.429,49.448,1.83595,0.8061000000000001,50.0
2026-05-25 12:50:00+00:00,001,3.4279999999999995,49.364000000000004,1.8423000000000005,0.8051499999999999,50.0
2026-05-25 13:00:00+00:00,001,3.4335,49.427,1.8361000000000005,0.8029999999999999,50.0
2026-05-25 13:10:00+00:00,001,3.429,49.332,1.8364999999999998,0.8005500000000001,50.0
2026-05-25 13:20:00+00:00,001,3.9675,68.19550000000001,1.99825,0.79505,50.0
2026-05-25 13:30:00+00:00,001,4.346500000000001,81.58450000000002,2.12055,0.79535,50.0
2026-05-25 13:40:00+00:00,001,4.206,76.311,2.0584999999999996,0.7897000000000001,50.0
2026-05-25 13:50:00+00:00,001,3.6814999999999998,57.42600000000001,1.8988,0.8214499999999999,50.0
2026-05-25 14:00:00+00:00,001,3.6790000000000007,57.299000000000014,1.8956499999999998,0.8989499999999999,50.0
2026-05-25 14:10:00+00:00,001,3.6254999999999997,55.531499999999994,1.8793999999999997,0.8949999999999999,50.0
2026-05-25 14:20:00+00:00,001,4.8740000000000006,101.03450000000001,2.2602999999999995,0.8970500000000003,50.0
2026-05-25 14:30:00+00:00,001,5.139,110.70599999999999,2.34605,0.8676,50.0
2026-05-25 14:40:00+00:00,001,5.1975,113.45349999999999,2.351,0.83905,50.0
2026-05-25 14:50:00+00:00,001,5.035,107.52150000000002,2.2875999999999994,0.8271,50.0
2026-05-25 15:00:00+00:00,001,4.8665,100.91749999999999,2.2761500000000003,0.8269,50.0
2026-05-25 15:10:00+00:00,001,5.0215000000000005,106.86049999999997,2.2854,0.8231999999999999,50.0
2026-05-25 15:20:00+00:00,001,4.99,105.58350000000003,2.2816999999999994,0.81695,50.0
2026-05-25 15:30:00+00:00,001,4.815,99.02000000000002,2.2395500000000004,0.80705,50.0
2026-05-25 15:40:00+00:00,001,4.8885000000000005,101.95100000000001,2.2502000000000004,0.8028000000000001,50.0
2026-05-25 15:50:00+00:00,001,4.839,99.99099999999999,2.26215,0.8077499999999999,50.0
2026-05-25 16:00:00+00:00,001,4.9575000000000005,104.60300000000002,2.2769,0.8131,50.0
2026-05-25 16:10:00+00:00,001,4.877,101.5565,2.24655,0.8125500000000001,50.0
2026-05-25 16:20:00+00:00,001,4.796499999999999,98.5425,2.24505,0.8079000000000001,50.0
2026-05-25 16:30:00+00:00,001,4.956999999999999,104.63500000000002,2.2676499999999997,0.8071999999999999,50.0
2026-05-25 16:40:00+00:00,001,4.866999999999999,101.195,2.24615,0.7973000000000001,50.0
2026-05-25 16:50:00+00:00,001,4.733999999999999,96.10300000000001,2.2058499999999994,0.7917500000000001,50.0
2026-05-25 17:00:00+00:00,001,5.141000000000001,111.7705,2.3282,0.7954,50.0
2026-05-25 17:10:00+00:00,001,4.885,102.03650000000002,2.2518000000000002,0.7922,50.0
2026-05-25 17:20:00+00:00,001,4.190500000000001,75.822,2.0299000000000005,0.7862,50.0
2026-05-25 17:30:00+00:00,001,4.6259999999999994,92.364,2.16845,0.7921500000000001,50.0
2026-05-25 17:40:00+00:00,001,4.333499999999999,81.41449999999999,2.0925000000000002,0.7887500000000001,50.0
2026-05-25 17:50:00+00:00,001,4.8885,102.3345,2.2558,0.7966,50.0
2026-05-25 18:00:00+00:00,001,5.0895,110.14250000000001,2.3327500000000003,0.7979499999999999,50.0
2026-05-25 18:10:00+00:00,001,5.014999999999999,107.521,2.3088499999999996,0.7966,50.0
2026-05-25 18:20:00+00:00,001,5.067499999999999,109.672,2.3133500000000007,0.7959999999999999,50.0
2026-05-25 18:30:00+00:00,001,5.0265,107.98949999999999,2.2980500000000004,0.7939499999999999,50.0
2026-05-25 18:40:00+00:00,001,4.776000000000001,98.52000000000001,2.25005,0.79375,50.0
2026-05-25 18:50:00+00:00,001,4.8845,102.73900000000003,2.27425,0.7901499999999999,50.0
2026-05-25 19:00:00+00:00,001,4.814,100.096,2.234,0.79235,50.0
2026-05-25 19:10:00+00:00,001,4.679,94.95250000000001,2.2028499999999998,0.79095,50.0
2026-05-25 19:20:00+00:00,001,4.738999999999999,97.1035,2.2069000000000005,0.7911000000000001,50.0
2026-05-25 19:30:00+00:00,001,4.641,93.215,2.17365,0.79115,50.0
2026-05-25 19:40:00+00:00,001,4.645999999999999,93.3965,2.18695,0.7900500000000001,50.0
2026-05-25 19:50:00+00:00,001,4.667499999999999,94.164,2.1836999999999995,0.7886,50.0
2026-05-25 20:00:00+00:00,001,4.5175,88.423,2.15815,0.7879500000000002,50.0
2026-05-25 20:10:00+00:00,001,4.62,92.33250000000002,2.1649,0.78915,50.0
2026-05-25 20:20:00+00:00,001,4.554499999999999,89.70249999999999,2.1551,0.7874500000000001,50.0
2026-05-25 20:30:00+00:00,001,4.543,89.2965,2.1606499999999995,0.7882999999999998,50.0
2026-05-25 20:40:00+00:00,001,4.427999999999999,84.8655,2.11875,0.7883000000000001,50.0
2026-05-25 20:50:00+00:00,001,4.4235,84.621,2.1219,0.7885500000000001,50.0
2026-05-25 21:00:00+00:00,001,4.4635,86.005,2.13245,0.7896500000000001,50.0
2026-05-25 21:10:00+00:00,001,4.4605000000000015,85.88850000000002,2.1235000000000004,0.78935,50.0
2026-05-25 21:20:00+00:00,001,4.394,83.2995,2.1202,0.78775,50.0
2026-05-25 21:30:00+00:00,001,4.382,82.92750000000001,2.0966,0.7868,50.0
2026-05-25 21:40:00+00:00,001,4.460999999999999,85.64350000000002,2.1173499999999996,0.7899999999999999,50.0
2026-05-25 21:50:00+00:00,001,4.4105,83.79950000000001,2.095999999999999,0.7893,50.0
2026-05-25 22:00:00+00:00,001,4.462999999999999,85.74950000000001,2.1190500000000005,0.7885,50.0
2026-05-25 22:10:00+00:00,001,4.4990000000000006,87.1015,2.1235500000000003,0.7893500000000001,50.0
2026-05-25 22:20:00+00:00,001,4.621499999999999,91.619,2.1546,0.7902500000000001,50.0
2026-05-25 22:30:00+00:00,001,4.504,87.24999999999997,2.1204,0.7884500000000001,50.0
2026-05-25 22:40:00+00:00,001,4.5775,89.818,2.1494999999999997,0.7877500000000001,50.0
2026-05-25 22:50:00+00:00,001,4.5459999999999985,88.6375,2.13415,0.7874499999999999,50.0
2026-05-25 23:00:00+00:00,001,4.402500000000001,83.26749999999998,2.09085,0.7882499999999999,50.0
2026-05-25 23:10:00+00:00,001,4.4815,86.1125,2.1199000000000003,0.7890500000000001,50.0
2026-05-25 23:20:00+00:00,001,4.539,88.24249999999998,2.1748000000000003,0.7912000000000001,50.0
2026-05-25 23:30:00+00:00,001,4.507,86.964,2.1368,0.79125,50.0
2026-05-25 23:40:00+00:00,001,4.442,84.56850000000003,2.1076,0.7926999999999998,50.0
2026-05-25 23:50:00+00:00,001,4.4065,83.2995,2.0986000000000002,0.79705,50.0
2026-05-26 00:00:00+00:00,001,4.459499999999999,85.19399999999997,2.1078499999999996,0.7992,50.0
2026-05-26 00:10:00+00:00,001,4.366999999999999,81.63750000000002,2.0916500000000005,0.79655,50.0
2026-05-26 00:20:00+00:00,001,4.4270000000000005,83.92799999999997,2.1014000000000004,0.7993500000000001,50.0
2026-05-26 00:30:00+00:00,001,4.342999999999999,80.95649999999999,2.08485,0.79715,50.0
2026-05-26 00:40:00+00:00,001,4.246,77.2065,2.0555,0.79875,50.0
2026-05-26 00:50:00+00:00,001,4.1975,75.48150000000001,2.0357500000000006,0.8058500000000001,50.0
2026-05-26 01:00:00+00:00,001,4.246499999999999,77.08950000000002,2.0567,0.8078500000000002,50.0
2026-05-26 01:10:00+00:00,001,4.289,78.953,2.0559000000000003,0.8150999999999999,50.0
2026-05-26 01:20:00+00:00,001,4.2455,77.12100000000001,2.0635000000000003,0.8124499999999999,50.0
2026-05-26 01:30:00+00:00,001,4.109999999999999,72.114,2.0130500000000007,0.80935,50.0
2026-05-26 01:40:00+00:00,001,4.1015,71.8375,2.01175,0.8158,50.0
2026-05-26 01:50:00+00:00,001,4.151000000000001,73.638,2.021,0.8194999999999999,50.0
2026-05-26 02:00:00+00:00,001,4.252999999999999,77.49449999999999,2.0585999999999998,0.8157499999999999,50.0
2026-05-26 02:10:00+00:00,001,4.072000000000001,70.61250000000001,2.0200000000000005,0.8194500000000001,50.0
2026-05-26 02:20:00+00:00,001,4.1930000000000005,75.1295,2.0364,0.8186499999999999,50.0
2026-05-26 02:30:00+00:00,001,4.140499999999999,73.0625,2.0283999999999995,0.8177000000000001,50.0
2026-05-26 02:40:00+00:00,001,4.1095,72.1045,2.0002,0.8162499999999999,50.0
2026-05-26 02:50:00+00:00,001,4.133000000000001,72.785,2.01165,0.8206499999999999,50.0
2026-05-26 03:00:00+00:00,001,4.1285,72.5735,2.0233999999999996,0.82075,50.0
2026-05-26 03:10:00+00:00,001,4.136,72.8825,2.02665,0.8201499999999999,50.0
2026-05-26 03:20:00+00:00,001,4.0765,70.667,2.0134499999999997,0.81935,50.0
2026-05-26 03:30:00+00:00,001,4.075499999999999,70.63350000000001,2.00055,0.8192999999999999,50.0
2026-05-26 03:40:00+00:00,001,3.9480000000000013,66.022,1.9708,0.80975,50.0
2026-05-26 03:50:00+00:00,001,4.0615000000000006,70.2615,1.99775,0.79455,50.0
2026-05-26 04:00:00+00:00,001,4.068000000000001,70.41,2.0180999999999996,0.7766500000000002,50.0
2026-05-26 04:10:00+00:00,001,4.0125,68.44000000000003,1.9845000000000002,0.7696500000000002,50.0
2026-05-26 04:20:00+00:00,001,3.9810000000000003,67.25750000000001,1.9744,0.7665,50.0
2026-05-26 04:30:00+00:00,001,3.9105000000000003,64.76599999999999,1.9619499999999999,0.7665,50.0
2026-05-26 04:40:00+00:00,001,3.808999999999999,61.239999999999995,1.9247500000000002,0.7917000000000001,50.0
2026-05-26 04:50:00+00:00,001,3.8519999999999994,62.474000000000004,1.9617499999999999,0.8259000000000001,50.0
2026-05-26 05:00:00+00:00,001,3.6980000000000004,57.27650000000001,1.90215,0.8370999999999998,50.0
2026-05-26 05:10:00+00:00,001,3.464,49.427500000000016,1.8289000000000002,0.8516999999999999,50.0
2026-05-26 05:20:00+00:00,001,3.476999999999999,49.98100000000001,1.8430999999999997,0.8715499999999998,50.0
2026-05-26 05:30:00+00:00,001,3.472,49.938,1.8403499999999997,0.876,50.0
2026-05-26 05:40:00+00:00,001,3.4884999999999997,50.48100000000001,1.8422999999999998,0.8731000000000002,50.0
2026-05-26 05:50:00+00:00,001,3.4655,49.6185,1.8436500000000002,0.86975,50.0
2026-05-26 06:00:00+00:00,001,3.475,50.3,1.8314500000000002,0.8698,50.0
2026-05-26 06:10:00+00:00,001,3.4784999999999995,50.17100000000001,1.8326,0.8699499999999999,50.0
2026-05-26 06:20:00+00:00,001,3.45,49.2025,1.85465,0.8695999999999999,50.0
2026-05-26 06:30:00+00:00,001,3.482999999999999,50.3215,1.8547499999999997,0.87095,50.0
2026-05-26 06:40:00+00:00,001,3.4754999999999994,50.01250000000002,1.8399,0.8730499999999999,50.0
2026-05-26 06:50:00+00:00,001,3.4665,49.979499999999994,1.8421499999999997,0.9208000000000001,50.0
2026-05-26 07:00:00+00:00,001,3.465500000000001,49.93049999999999,1.8407500000000003,0.9635999999999999,50.0
2026-05-26 07:10:00+00:00,001,3.4805000000000006,50.4505,1.8425500000000004,0.958,50.0
2026-05-26 07:20:00+00:00,001,3.4590000000000005,49.812000000000005,1.8477500000000002,0.9693499999999998,50.0
2026-05-26 07:30:00+00:00,001,3.462500000000001,50.0135,1.8473000000000002,0.9714500000000001,50.0
2026-05-26 07:40:00+00:00,001,3.460500000000001,49.89750000000001,1.8506999999999998,0.9843999999999999,50.0
2026-05-26 07:50:00+00:00,001,3.462500000000001,49.93999999999999,1.8530000000000002,0.9689499999999999,50.0
2026-05-26 08:00:00+00:00,001,3.463000000000001,50.004000000000005,1.8538000000000003,0.9702500000000001,50.0
2026-05-26 08:10:00+00:00,001,3.458500000000001,49.83300000000001,1.8505999999999996,0.9777000000000001,50.0
2026-05-26 08:20:00+00:00,001,3.4585000000000017,49.90750000000001,1.8500499999999995,0.9673999999999999,50.0
2026-05-26 08:30:00+00:00,001,3.460000000000001,49.9195,1.8481999999999998,0.9537499999999998,50.0
2026-05-26 08:40:00+00:00,001,3.457,49.8235,1.8512,0.9050499999999999,50.0
2026-05-26 08:50:00+00:00,001,3.453500000000001,49.748000000000005,1.8410000000000004,0.8143,50.0
2026-05-26 09:00:00+00:00,001,3.4635000000000007,49.99250000000001,1.85065,0.8384,50.0
2026-05-26 09:10:00+00:00,001,3.459000000000001,49.82350000000001,1.8392499999999998,0.8338000000000003,50.0
2026-05-26 09:20:00+00:00,001,3.4684210526315793,50.09,1.8472631578947367,0.8286842105263158,50.0
2026-05-26 09:30:00+00:00,001,3.471500000000001,50.161999999999985,1.8345500000000006,0.8289999999999997,50.0
2026-05-26 09:40:00+00:00,001,3.4605000000000006,49.833499999999994,1.8463,0.8265499999999999,50.0
2026-05-26 09:50:00+00:00,001,3.4874999999999994,50.70550000000001,1.8305999999999998,0.8224999999999998,50.0
2026-05-26 10:00:00+00:00,001,3.473999999999999,50.09750000000001,1.8467499999999997,0.8237999999999998,50.0
2026-05-26 10:10:00+00:00,001,3.4890000000000008,50.68349999999999,1.8395,0.82225,50.0
2026-05-26 10:20:00+00:00,001,3.4905,50.7685,1.8306499999999999,0.8214499999999999,50.0
2026-05-26 10:30:00+00:00,001,3.4419999999999993,48.958000000000006,1.8301999999999996,0.8196499999999999,50.0
2026-05-26 10:40:00+00:00,001,3.4619999999999997,49.59700000000001,1.8322500000000002,0.8191,50.0
2026-05-26 10:50:00+00:00,001,3.460500000000001,49.587,1.8367,0.8187999999999999,50.0
2026-05-26 11:00:00+00:00,001,3.464,49.7055,1.8301000000000003,0.8164,50.0
2026-05-26 11:10:00+00:00,001,3.4675000000000002,49.886499999999984,1.8280500000000006,0.8159500000000002,50.0
2026-05-26 11:20:00+00:00,001,3.459000000000001,49.50149999999998,1.8399500000000004,0.8185,50.0
2026-05-26 11:30:00+00:00,001,3.4604999999999997,49.54449999999999,1.8401000000000003,0.81395,50.0
2026-05-26 11:40:00+00:00,001,3.4845000000000006,50.321999999999996,1.8361499999999995,0.8138500000000001,50.0
2026-05-26 11:50:00+00:00,001,3.4750000000000005,49.91850000000001,1.8337500000000002,0.8130000000000001,50.0
2026-05-26 12:00:00+00:00,001,3.4775000000000005,50.06699999999999,1.8389000000000002,0.8144499999999999,50.0
2026-05-26 12:10:00+00:00,001,3.4895000000000005,50.439499999999995,1.8333000000000006,0.8141,50.0
2026-05-26 12:20:00+00:00,001,3.4840000000000004,50.1945,1.8309499999999996,0.8128,50.0
2026-05-26 12:30:00+00:00,001,3.473,49.789500000000004,1.83765,0.8130000000000001,50.0
2026-05-26 12:40:00+00:00,001,3.4775000000000005,49.991499999999995,1.8372999999999997,0.81075,50.0
2026-05-26 12:50:00+00:00,001,3.4805,50.087,1.8414499999999994,0.8149000000000001,50.0
2026-05-26 13:00:00+00:00,001,3.467500000000001,49.683499999999995,1.8398500000000002,0.8130499999999999,50.0
2026-05-26 13:10:00+00:00,001,3.4730000000000003,49.896,1.8346999999999998,0.8151999999999997,50.0
2026-05-26 13:20:00+00:00,001,3.4635000000000007,49.6305,1.8377500000000002,0.8145,50.0
2026-05-26 13:30:00+00:00,001,3.4685,49.694,1.8349500000000005,0.8112499999999999,50.0
2026-05-26 13:40:00+00:00,001,3.4870000000000005,50.354499999999994,1.8436,0.8105499999999999,50.0
2026-05-26 13:50:00+00:00,001,3.5164999999999997,51.48350000000001,1.83785,0.8103,50.0
2026-05-26 14:00:00+00:00,001,3.492,50.47099999999999,1.8562,0.8093999999999999,50.0
2026-05-26 14:10:00+00:00,001,3.4769999999999994,49.8435,1.8409500000000005,0.81075,50.0
2026-05-26 14:20:00+00:00,001,3.4865000000000004,50.067499999999995,1.8375999999999997,0.8086499999999999,50.0
2026-05-26 14:30:00+00:00,001,3.490500000000001,50.1825,1.8325500000000001,0.81045,50.0
2026-05-26 14:40:00+00:00,001,3.4735,49.59849999999999,1.8342500000000002,0.8105,50.0
2026-05-26 14:50:00+00:00,001,3.4605000000000006,49.129000000000005,1.8403000000000003,0.8094500000000002,50.0
2026-05-26 15:00:00+00:00,001,3.478999999999999,49.854499999999994,1.8413999999999997,0.8083499999999999,50.0
2026-05-26 15:10:00+00:00,001,3.4645,49.321,1.83885,0.7735000000000001,50.0
2026-05-26 15:20:00+00:00,001,3.463,49.588499999999996,1.8311999999999997,1.26965,50.0
2026-05-26 15:30:00+00:00,001,3.4665,49.705,1.8280499999999997,1.1417000000000002,50.0
2026-05-26 15:40:00+00:00,001,3.4695,49.758,1.8226999999999998,0.9932500000000001,50.0
2026-05-26 15:50:00+00:00,001,3.4685,49.736999999999995,1.8296,1.8229499999999998,50.0
2026-05-26 16:00:00+00:00,001,3.4234999999999998,51.95200000000001,1.8410500000000003,2.5082499999999994,50.0
2026-05-26 16:10:00+00:00,001,3.2865,53.65500000000001,1.8723500000000002,2.6719999999999997,50.0
2026-05-26 16:20:00+00:00,001,3.3305000000000007,53.153999999999996,1.8526000000000002,2.5281000000000002,50.0
2026-05-26 16:30:00+00:00,001,3.2989999999999995,52.39849999999999,1.8394,2.5298500000000006,50.0
2026-05-26 16:40:00+00:00,001,3.3340000000000005,52.92,1.8491500000000003,2.4461000000000004,50.0
2026-05-26 16:50:00+00:00,001,3.357,52.59150000000001,1.8515000000000001,2.3784,50.0
2026-05-26 17:00:00+00:00,001,3.2635000000000005,49.853,1.8318999999999996,2.2927,50.0
2026-05-26 17:10:00+00:00,001,3.3579999999999997,51.919,1.8485,2.2295,50.0
2026-05-26 17:20:00+00:00,001,3.3200000000000003,50.449999999999996,1.83965,2.2426500000000003,50.0
2026-05-26 17:30:00+00:00,001,3.3434999999999997,50.172,1.8419500000000002,2.24925,50.0
2026-05-26 17:40:00+00:00,001,3.349,49.9925,1.83975,2.2197,50.0
2026-05-26 17:50:00+00:00,001,3.3705000000000007,50.452,1.8461500000000004,2.19565,50.0
2026-05-26 18:00:00+00:00,001,3.3639999999999994,50.066500000000005,1.8573,2.2338499999999994,50.0
2026-05-26 18:10:00+00:00,001,3.406,51.697500000000005,1.8459500000000002,2.2692,50.0
2026-05-26 18:20:00+00:00,001,3.4075,50.9285,1.8471,2.262,50.0
2026-05-26 18:30:00+00:00,001,3.3899999999999997,50.0225,1.8448999999999998,2.299499999999999,50.0
2026-05-26 18:40:00+00:00,001,3.3705000000000007,49.4695,1.8354,2.2517500000000004,50.0
2026-05-26 18:50:00+00:00,001,3.3495,48.798500000000004,1.8326999999999998,2.4407,50.0
2026-05-26 19:00:00+00:00,001,3.446,51.556999999999995,1.8646,2.50375,50.0
2026-05-26 19:10:00+00:00,001,3.4410000000000003,51.302499999999995,1.8443,2.40265,50.0
2026-05-26 19:20:00+00:00,001,3.3830000000000005,49.140499999999996,1.8357500000000002,2.27365,50.0
2026-05-26 19:30:00+00:00,001,3.4595,51.343999999999994,1.8659500000000002,2.3905499999999997,50.0
2026-05-26 19:40:00+00:00,001,3.4315000000000007,50.183499999999995,1.8439000000000003,2.0621,50.0
2026-05-26 19:50:00+00:00,001,3.4405,50.27899999999999,1.8364500000000004,1.8003999999999998,50.0
2026-05-26 20:00:00+00:00,001,3.4405,50.1315,1.8456500000000005,1.8557000000000001,50.0
2026-05-26 20:10:00+00:00,001,3.4765,51.141999999999996,1.8654,1.8085499999999999,50.0
2026-05-26 20:20:00+00:00,001,3.4285000000000005,49.79,1.8362000000000003,1.8573500000000003,50.0
2026-05-26 20:30:00+00:00,001,3.4455,50.4505,1.83975,1.9809500000000004,50.0
2026-05-26 20:40:00+00:00,001,3.4255000000000004,50.184999999999995,1.8621500000000004,2.1753,50.0
2026-05-26 20:50:00+00:00,001,3.3329999999999997,51.878499999999995,1.8621000000000003,2.7923999999999998,50.0
2026-05-26 21:00:00+00:00,001,3.280500000000001,51.025499999999994,1.8322499999999997,2.4207,50.0
2026-05-26 21:10:00+00:00,001,3.3089999999999997,51.814,1.8579,2.20015,50.0
2026-05-26 21:20:00+00:00,001,3.313,50.919,1.834,2.05265,50.0
2026-05-26 21:30:00+00:00,001,3.3504999999999994,50.5765,1.8560499999999998,1.8597000000000001,50.0
2026-05-26 21:40:00+00:00,001,3.4690000000000003,53.218999999999994,1.8506,1.7630500000000002,50.0
2026-05-26 21:50:00+00:00,001,3.4445,51.888,1.8468,1.6782500000000002,50.0
2026-05-26 22:00:00+00:00,001,3.4029999999999996,50.48099999999998,1.86005,1.6365000000000003,50.0
2026-05-26 22:10:00+00:00,001,3.405,50.802499999999995,1.8302999999999998,1.6046,50.0
2026-05-26 22:20:00+00:00,001,3.3834999999999993,50.716,1.8564,1.6178500000000002,50.0
2026-05-26 22:30:00+00:00,001,3.3825000000000003,50.524,1.8392,1.6102,50.0
2026-05-26 22:40:00+00:00,001,3.3610000000000007,50.439499999999995,1.8457000000000001,1.59435,50.0
2026-05-26 22:50:00+00:00,001,3.3855000000000004,50.418,1.85425,1.5803999999999998,50.0
2026-05-26 23:00:00+00:00,001,3.4139999999999993,50.6095,1.8428499999999999,1.5802,50.0
2026-05-26 23:10:00+00:00,001,3.376500000000001,49.438,1.8384,1.5721000000000003,50.0
2026-05-26 23:20:00+00:00,001,3.4349999999999996,50.971999999999994,1.8406500000000001,1.5534000000000001,50.0
2026-05-26 23:30:00+00:00,001,3.378,49.523,1.8488000000000002,1.54955,50.0
2026-05-26 23:40:00+00:00,001,3.4015,50.109,1.8443999999999998,1.5684999999999996,50.0
2026-05-26 23:50:00+00:00,001,3.4055000000000013,50.03399999999999,1.84015,1.6145999999999998,50.0
2026-05-27 00:00:00+00:00,001,3.3869999999999996,49.426,1.84495,1.59745,50.0
2026-05-27 00:10:00+00:00,001,3.4130000000000003,50.5455,1.84865,1.5725500000000001,50.0
2026-05-27 00:20:00+00:00,001,3.3785000000000003,49.501999999999995,1.8445500000000004,1.5617500000000002,50.0
2026-05-27 00:30:00+00:00,001,3.401,50.332,1.84195,1.5469000000000002,50.0
2026-05-27 00:40:00+00:00,001,3.373500000000001,49.33,1.8412999999999997,1.4809499999999998,50.0
2026-05-27 00:50:00+00:00,001,3.3835000000000006,49.62949999999999,1.8432,1.48775,50.0
2026-05-27 01:00:00+00:00,001,3.3870000000000005,49.79,1.8508,1.54505,50.0
2026-05-27 01:10:00+00:00,001,3.3870000000000005,50.002500000000005,1.8413999999999997,1.5344499999999994,50.0
2026-05-27 01:20:00+00:00,001,3.3795,49.747499999999995,1.8515499999999996,1.4977000000000003,50.0
2026-05-27 01:30:00+00:00,001,3.3870000000000005,50.1095,1.8402500000000004,1.4688,50.0
2026-05-27 01:40:00+00:00,001,3.375000000000001,49.6615,1.8413,1.6286499999999997,50.0
2026-05-27 01:50:00+00:00,001,3.3819999999999992,49.875,1.8701999999999999,1.6698500000000003,50.0
2026-05-27 02:00:00+00:00,001,3.4135000000000004,51.1005,1.8573999999999997,1.6924499999999998,50.0
2026-05-27 02:10:00+00:00,001,3.397500000000001,50.555,1.855,1.68775,50.0
2026-05-27 02:20:00+00:00,001,3.3924999999999996,50.364999999999995,1.8498999999999999,1.68215,50.0
2026-05-27 02:30:00+00:00,001,3.341,48.51100000000001,1.8384999999999998,1.70905,50.0
2026-05-27 02:40:00+00:00,001,3.371,49.843,1.8400999999999996,1.7024000000000001,50.0
2026-05-27 02:50:00+00:00,001,3.3595000000000006,49.57699999999999,1.84495,1.6832,50.0
2026-05-27 03:00:00+00:00,001,3.3575000000000004,49.6395,1.8537000000000003,1.6688500000000002,50.0
2026-05-27 03:10:00+00:00,001,3.3619999999999997,49.69349999999999,1.8459999999999996,1.64935,50.0
2026-05-27 03:20:00+00:00,001,3.3635000000000006,50.163000000000004,1.8558499999999998,1.6681000000000001,50.0
2026-05-27 03:30:00+00:00,001,3.3545000000000003,49.71399999999999,1.8516,1.643,50.0
2026-05-27 03:40:00+00:00,001,3.3600000000000008,49.9385,1.8440999999999999,1.68245,50.0
2026-05-27 03:50:00+00:00,001,3.3579999999999997,49.896499999999996,1.8551499999999996,1.68615,50.0
2026-05-27 04:00:00+00:00,001,3.3530000000000006,49.651,1.8562499999999997,1.74295,50.0
2026-05-27 04:10:00+00:00,001,3.3665000000000007,50.23700000000001,1.8419,1.6776,50.0
2026-05-27 04:20:00+00:00,001,3.3590000000000004,50.023999999999994,1.84885,1.5688000000000002,50.0
2026-05-27 04:30:00+00:00,001,3.3600000000000003,50.08749999999999,1.8495000000000001,1.3201500000000002,50.0
2026-05-27 04:40:00+00:00,001,3.3515,49.8105,1.8527999999999998,1.18935,50.0
2026-05-27 04:50:00+00:00,001,3.3649999999999998,50.354,1.8526500000000001,1.0941999999999998,50.0
2026-05-27 05:00:00+00:00,001,3.3600000000000003,49.959500000000006,1.8497499999999998,0.9059000000000001,50.0
2026-05-27 05:10:00+00:00,001,3.344,49.289,1.8514000000000006,0.9196000000000002,50.0
2026-05-27 05:20:00+00:00,001,3.3425,49.276999999999994,1.84805,0.8268000000000001,50.0
2026-05-27 05:30:00+00:00,001,3.367499999999999,50.1195,1.8558500000000002,0.7932,50.0
2026-05-27 05:40:00+00:00,001,3.3619999999999997,50.04650000000001,1.8526,0.7962499999999999,50.0
2026-05-27 05:50:00+00:00,001,3.386,50.833499999999994,1.8516000000000006,0.8201,50.0
2026-05-27 06:00:00+00:00,001,3.3729999999999998,50.333,1.8512500000000003,0.8255499999999998,50.0
2026-05-27 06:10:00+00:00,001,3.3575000000000004,49.641000000000005,1.8430500000000003,0.8229,50.0
2026-05-27 06:20:00+00:00,001,3.377,50.194500000000005,1.842,0.8201499999999997,50.0
2026-05-27 06:30:00+00:00,001,3.3905000000000003,50.694500000000005,1.8530999999999995,0.8143,50.0
2026-05-27 06:40:00+00:00,001,3.3409999999999997,49.959,1.8411000000000004,2.12095,50.0
2026-05-27 06:50:00+00:00,001,3.1495,49.906000000000006,1.83915,2.8005,50.0
2026-05-27 07:00:00+00:00,001,3.1765,50.065,1.8846,2.7626999999999997,50.0
2026-05-27 07:10:00+00:00,001,3.2615000000000003,51.482499999999995,1.83745,2.6709500000000004,50.0
2026-05-27 07:20:00+00:00,001,3.228,49.151,1.8391000000000002,2.4371500000000004,50.0
2026-05-27 07:30:00+00:00,001,3.2889999999999993,50.010999999999996,1.8425999999999998,2.2158500000000005,50.0
2026-05-27 07:40:00+00:00,001,3.3205,50.257000000000005,1.8522999999999996,2.2391999999999994,50.0
2026-05-27 07:50:00+00:00,001,3.281499999999999,50.23649999999999,1.86875,2.3065499999999997,50.0
2026-05-27 08:00:00+00:00,001,3.285,50.982,1.8397999999999999,2.3501000000000003,50.0
2026-05-27 08:10:00+00:00,001,3.2255000000000003,49.001999999999995,1.8417499999999998,2.3811499999999994,50.0
2026-05-27 08:20:00+00:00,001,3.2184999999999997,49.342499999999994,1.8476499999999998,2.48895,50.0
2026-05-27 08:30:00+00:00,001,3.2309999999999994,49.72600000000001,1.83845,2.4902,50.0
2026-05-27 08:40:00+00:00,001,3.2455,49.7265,1.8476499999999998,2.2128,50.0
2026-05-27 08:50:00+00:00,001,3.2599999999999993,50.237,1.85265,1.9929000000000006,50.0
2026-05-27 09:00:00+00:00,001,3.2809999999999997,50.077999999999996,1.8428499999999997,1.9336499999999996,50.0
2026-05-27 09:10:00+00:00,001,3.314,50.68499999999999,1.8535,1.9525500000000005,50.0
2026-05-27 09:20:00+00:00,001,3.3009999999999997,49.75750000000001,1.8493000000000002,1.9398999999999993,50.0
2026-05-27 09:30:00+00:00,001,3.3242105263157895,50.05736842105264,1.8382631578947373,1.9008421052631579,50.0
2026-05-27 09:40:00+00:00,001,3.3314999999999992,50.03450000000001,1.85135,1.89145,50.0
2026-05-27 09:50:00+00:00,001,3.3415,50.35350000000001,1.8422500000000004,1.8699499999999998,50.0
2026-05-27 10:00:00+00:00,001,3.3594999999999997,50.94000000000001,1.84855,1.8105,50.0
2026-05-27 10:10:00+00:00,001,3.3634999999999997,51.07950000000001,1.83825,1.7304500000000005,50.0
2026-05-27 10:20:00+00:00,001,3.3239999999999994,49.40599999999999,1.84805,1.6982,50.0
2026-05-27 10:30:00+00:00,001,3.3225000000000002,49.36399999999999,1.8323,1.666,50.0
2026-05-27 10:40:00+00:00,001,4.008499999999999,71.99799999999999,2.0269000000000004,1.64345,70.0
2026-05-27 10:50:00+00:00,001,4.8725000000000005,99.51150000000001,2.2534,1.60825,100.0
2026-05-27 11:00:00+00:00,001,4.842499999999999,98.03150000000001,2.2689999999999997,1.5948499999999997,100.0
2026-05-27 11:10:00+00:00,001,4.908999999999998,100.84400000000002,2.27075,1.54085,100.0
2026-05-27 11:20:00+00:00,001,4.8904999999999985,100.21450000000002,2.26915,1.5051500000000002,100.0
2026-05-27 11:30:00+00:00,001,4.917000000000001,101.19499999999998,2.2633499999999995,1.4883000000000002,100.0
2026-05-27 11:40:00+00:00,001,4.852500000000001,98.70150000000001,2.2415000000000003,1.4901499999999999,100.0
2026-05-27 11:50:00+00:00,001,4.868999999999999,99.41600000000003,2.2649999999999997,1.5168,100.0
2026-05-27 12:00:00+00:00,001,4.8885,100.09650000000002,2.25445,1.4794500000000004,100.0
2026-05-27 12:10:00+00:00,001,4.903999999999998,100.57750000000001,2.2558999999999996,1.5658999999999998,100.0
2026-05-27 12:20:00+00:00,001,4.8725,99.46800000000002,2.25265,1.4955499999999997,100.0
2026-05-27 12:30:00+00:00,001,4.897499999999999,100.3315,2.2525500000000003,1.5267499999999998,100.0
2026-05-27 12:40:00+00:00,001,4.9,100.34350000000002,2.258,1.50715,100.0
2026-05-27 12:50:00+00:00,001,4.913499999999999,100.855,2.25135,1.46845,100.0
2026-05-27 13:00:00+00:00,001,4.887999999999999,99.87500000000003,2.2519,1.4207,100.0
2026-05-27 13:10:00+00:00,001,4.886,99.70450000000001,2.2526,1.3219499999999997,100.0
2026-05-27 13:20:00+00:00,001,4.8934999999999995,99.99300000000001,2.2469,1.1861,100.0
2026-05-27 13:30:00+00:00,001,4.9030000000000005,99.97150000000002,2.24605,1.116,100.0
2026-05-27 13:40:00+00:00,001,4.9045,100.491,2.2507500000000005,1.1550499999999997,100.0
2026-05-27 13:50:00+00:00,001,4.899499999999999,100.02199999999998,2.24585,1.1761499999999998,100.0
2026-05-27 14:00:00+00:00,001,4.9055,99.873,2.2444,1.2779999999999996,100.0
2026-05-27 14:10:00+00:00,001,4.9224999999999985,100.83250000000001,2.2496499999999995,1.3280500000000002,100.0
2026-05-27 14:20:00+00:00,001,4.906000000000001,100.13950000000001,2.2433,1.24745,100.0
2026-05-27 14:30:00+00:00,001,4.889999999999999,99.6385,2.23845,1.2252500000000002,100.0
2026-05-27 14:40:00+00:00,001,4.913499999999999,100.405,2.2468,1.1900999999999997,100.0
2026-05-27 14:50:00+00:00,001,4.914499999999999,100.37399999999998,2.2461499999999996,1.2168999999999999,100.0
2026-05-27 15:00:00+00:00,001,4.8945,99.44649999999997,2.2523500000000003,1.11945,100.0
2026-05-27 15:10:00+00:00,001,4.9094999999999995,100.03399999999996,2.2487000000000004,1.04825,100.0
2026-05-27 15:20:00+00:00,001,4.9035,99.89399999999998,2.2508,1.0109499999999998,100.0
2026-05-27 15:30:00+00:00,001,4.916500000000001,100.35199999999996,2.24815,0.9659000000000001,100.0
2026-05-27 15:40:00+00:00,001,4.904000000000001,99.81999999999998,2.24655,0.9222000000000001,100.0
2026-05-27 15:50:00+00:00,001,4.913,100.22599999999997,2.25,0.8579000000000001,100.0
2026-05-27 16:00:00+00:00,001,4.909999999999999,99.91650000000001,2.2488,0.8356999999999999,100.0
2026-05-27 16:10:00+00:00,001,4.907,99.79999999999997,2.2482499999999996,0.8208,100.0
2026-05-27 16:20:00+00:00,001,4.9135,99.97099999999996,2.24415,0.8163499999999999,100.0
2026-05-27 16:30:00+00:00,001,4.918000000000001,100.14099999999996,2.2394999999999996,0.81175,100.0
2026-05-27 16:40:00+00:00,001,4.915,100.08749999999998,2.2389500000000004,0.8126500000000002,100.0
2026-05-27 16:50:00+00:00,001,4.9174999999999995,100.20549999999996,2.23755,0.8086,100.0
2026-05-27 17:00:00+00:00,001,4.920000000000001,100.19449999999996,2.2394,0.80425,100.0
2026-05-27 17:10:00+00:00,001,4.9065,99.81149999999997,2.23815,0.8017500000000002,100.0
2026-05-27 17:20:00+00:00,001,4.918000000000001,100.16299999999997,2.2411,0.7973999999999999,100.0
2026-05-27 17:30:00+00:00,001,4.912,99.97099999999996,2.238850000000001,0.7959999999999999,100.0
2026-05-27 17:40:00+00:00,001,4.913499999999998,100.10899999999997,2.2419000000000002,0.7975000000000001,100.0
2026-05-27 17:50:00+00:00,001,4.9185,100.225,2.2475999999999994,0.7993000000000002,100.0
2026-05-27 18:00:00+00:00,001,4.916999999999999,100.1285,2.2429500000000004,0.7926499999999999,100.0
2026-05-27 18:10:00+00:00,001,4.92,100.28999999999998,2.236449999999999,0.7907000000000001,100.0
2026-05-27 18:20:00+00:00,001,4.921000000000001,100.3115,2.2352,0.7915000000000001,100.0
2026-05-27 18:30:00+00:00,001,4.917,100.12049999999996,2.24585,0.7905,100.0
2026-05-27 18:40:00+00:00,001,4.911,99.77949999999996,2.2407999999999997,0.7898,100.0
2026-05-27 18:50:00+00:00,001,4.910000000000001,99.87449999999998,2.2385500000000005,0.791,100.0
2026-05-27 19:00:00+00:00,001,4.910500000000001,99.96049999999997,2.2403999999999997,0.7907499999999998,100.0
2026-05-27 19:10:00+00:00,001,4.918000000000001,100.14199999999997,2.2404,0.78975,100.0
2026-05-27 19:20:00+00:00,001,4.922500000000001,100.34299999999999,2.241250000000001,0.7902500000000001,100.0
2026-05-27 19:30:00+00:00,001,4.914,100.04349999999997,2.2402999999999995,0.7888000000000001,100.0
2026-05-27 19:40:00+00:00,001,4.9115,99.89649999999997,2.2410500000000004,0.7872,100.0
2026-05-27 19:50:00+00:00,001,4.9125,100.01349999999998,2.2380000000000004,0.7858000000000002,100.0
2026-05-27 20:00:00+00:00,001,4.916,100.11999999999998,2.2407500000000007,0.78575,100.0
2026-05-27 20:10:00+00:00,001,4.918000000000001,100.21449999999996,2.23795,0.7868999999999999,100.0
2026-05-27 20:20:00+00:00,001,4.907500000000001,99.87249999999997,2.238,0.7848000000000002,100.0
2026-05-27 20:30:00+00:00,001,4.909000000000001,99.91549999999998,2.242200000000001,0.7842999999999999,100.0
2026-05-27 20:40:00+00:00,001,4.907,99.85249999999995,2.23975,0.7838499999999999,100.0
2026-05-27 20:50:00+00:00,001,4.919500000000001,100.31999999999998,2.2394499999999997,0.7851000000000001,100.0
2026-05-27 21:00:00+00:00,001,4.906000000000001,99.76699999999998,2.2338000000000005,0.78555,100.0
2026-05-27 21:10:00+00:00,001,4.916000000000001,100.13999999999997,2.2416500000000004,0.78535,100.0
2026-05-27 21:20:00+00:00,001,4.896000000000001,99.39249999999998,2.2413,0.7842000000000002,100.0
2026-05-27 21:30:00+00:00,001,4.901000000000002,99.57499999999997,2.2379999999999995,0.7839000000000002,100.0
2026-05-27 21:40:00+00:00,001,4.920000000000001,100.27849999999998,2.24045,0.7829000000000002,100.0
2026-05-27 21:50:00+00:00,001,4.917000000000001,100.06649999999996,2.24085,0.78105,100.0
2026-05-27 22:00:00+00:00,001,4.9125,100.08650000000002,2.2177000000000002,0.7608999999999999,100.0
2026-05-27 22:10:00+00:00,001,4.910000000000001,99.94800000000001,2.2139499999999996,0.7607999999999999,100.0
2026-05-27 22:20:00+00:00,001,4.9030000000000005,99.50050000000002,2.2182,0.7631,100.0
2026-05-27 22:30:00+00:00,001,4.8955,99.18199999999999,2.2281000000000004,0.7638499999999999,100.0
2026-05-27 22:40:00+00:00,001,4.932499999999999,100.58900000000001,2.23015,0.7682500000000002,100.0
2026-05-27 22:50:00+00:00,001,4.9155,99.9385,2.2329999999999997,0.7702000000000002,100.0
2026-05-27 23:00:00+00:00,001,4.9030000000000005,99.52300000000002,2.2284500000000005,0.7716000000000001,100.0
2026-05-27 23:10:00+00:00,001,4.934999999999999,100.60000000000001,2.22735,0.7726999999999999,100.0
2026-05-27 23:20:00+00:00,001,4.9345,100.59849999999999,2.2337499999999997,0.7736500000000002,100.0
2026-05-27 23:30:00+00:00,001,4.929499999999999,100.332,2.23815,0.7772,100.0
2026-05-27 23:40:00+00:00,001,4.93,100.25499999999998,2.2369499999999998,0.7804500000000001,100.0
2026-05-27 23:50:00+00:00,001,4.9239999999999995,99.99999999999999,2.22385,0.7788499999999999,100.0
2026-05-28 00:00:00+00:00,001,4.936999999999999,100.46849999999999,2.2211,0.7741000000000001,100.0
2026-05-28 00:10:00+00:00,001,4.916499999999999,99.72400000000002,2.2174000000000005,0.7719500000000001,100.0
2026-05-28 00:20:00+00:00,001,4.932999999999998,100.33049999999999,2.22025,0.7786500000000001,100.0
2026-05-28 00:30:00+00:00,001,4.9285,100.193,2.21825,0.7879000000000003,100.0
2026-05-28 00:40:00+00:00,001,4.933,100.37550000000002,2.22315,0.7911499999999999,100.0
2026-05-28 00:50:00+00:00,001,4.917999999999999,99.78999999999999,2.22825,0.79475,100.0
2026-05-28 01:00:00+00:00,001,4.9295,100.18350000000001,2.224049999999999,0.7965500000000001,100.0
2026-05-28 01:10:00+00:00,001,4.9415,100.64250000000001,2.2260999999999997,0.8002500000000001,100.0
2026-05-28 01:20:00+00:00,001,4.9235,99.90650000000001,2.2202500000000005,0.8037000000000001,100.0
2026-05-28 01:30:00+00:00,001,4.9254999999999995,99.98150000000001,2.22315,0.8077,100.0
2026-05-28 01:40:00+00:00,001,4.919,99.629,2.2258499999999994,0.81075,100.0
2026-05-28 01:50:00+00:00,001,4.9350000000000005,100.3435,2.2331,0.8155999999999999,100.0
2026-05-28 02:00:00+00:00,001,4.933,100.20450000000001,2.2287499999999993,0.8203999999999999,100.0
2026-05-28 02:10:00+00:00,001,4.9300000000000015,99.9925,2.2177499999999997,0.8178500000000002,100.0
2026-05-28 02:20:00+00:00,001,4.9254999999999995,99.7995,2.2257500000000006,0.8129500000000001,100.0
2026-05-28 02:30:00+00:00,001,4.916,99.33000000000001,2.2205,0.8120499999999998,100.0
2026-05-28 02:40:00+00:00,001,4.944000000000002,100.43599999999999,2.2308499999999998,0.81265,100.0
2026-05-28 02:50:00+00:00,001,4.943000000000001,100.24449999999999,2.224,0.8131,100.0
2026-05-28 03:00:00+00:00,001,4.932000000000001,99.91499999999999,2.22615,0.8121499999999999,100.0
2026-05-28 03:10:00+00:00,001,4.930500000000001,99.81949999999998,2.2232,0.8099999999999999,100.0
2026-05-28 03:20:00+00:00,001,4.944000000000002,100.38550000000001,2.2258500000000003,0.8084000000000001,100.0
2026-05-28 03:30:00+00:00,001,4.936000000000002,100.0865,2.2152,0.8048000000000002,100.0
2026-05-28 03:40:00+00:00,001,4.936500000000001,99.98899999999999,2.2245999999999997,0.79485,100.0
2026-05-28 03:50:00+00:00,001,4.942500000000001,100.246,2.2220999999999997,0.7852000000000001,100.0
2026-05-28 04:00:00+00:00,001,4.942500000000001,100.171,2.2243999999999997,0.7675500000000001,100.0
2026-05-28 04:10:00+00:00,001,4.937499999999999,99.91599999999998,2.2217,0.7666000000000001,100.0
2026-05-28 04:20:00+00:00,001,4.9505,100.43699999999998,2.2220500000000003,0.7511500000000002,100.0
2026-05-28 04:30:00+00:00,001,4.934499999999999,99.76599999999999,2.2204,0.7545,100.0
2026-05-28 04:40:00+00:00,001,4.946999999999998,100.181,2.2205000000000004,0.7656500000000002,100.0
2026-05-28 04:50:00+00:00,001,4.9445,100.1385,2.2207,0.7726500000000001,100.0
2026-05-28 05:00:00+00:00,001,4.938000000000001,99.90399999999998,2.2133000000000003,0.81085,100.0
2026-05-28 05:10:00+00:00,001,4.953499999999999,100.36149999999999,2.2171,0.8398,100.0
2026-05-28 05:20:00+00:00,001,4.9465,100.13899999999998,2.21575,0.8699499999999999,100.0
2026-05-28 05:30:00+00:00,001,4.950999999999999,100.14899999999997,2.2225499999999996,0.8685999999999998,100.0
2026-05-28 05:40:00+00:00,001,4.9445,100.07449999999997,2.21715,0.8677499999999998,100.0
2026-05-28 05:50:00+00:00,001,4.9555,100.25749999999996,2.22095,0.8648500000000002,100.0
2026-05-28 06:00:00+00:00,001,4.954,100.13049999999998,2.22125,0.8634499999999999,100.0
2026-05-28 06:10:00+00:00,001,4.9590000000000005,100.20399999999998,2.2211,0.86205,100.0
2026-05-28 06:20:00+00:00,001,4.949000000000001,99.87449999999998,2.2164500000000005,0.8570499999999999,100.0
2026-05-28 06:30:00+00:00,001,4.948499999999999,99.8305,2.2212000000000005,0.8583500000000001,100.0
2026-05-28 06:40:00+00:00,001,4.9529999999999985,99.91549999999997,2.2178499999999994,0.8603499999999998,100.0
2026-05-28 06:50:00+00:00,001,4.962999999999998,100.35299999999998,2.2181,0.876,100.0
2026-05-28 07:00:00+00:00,001,4.952999999999999,99.90499999999997,2.2176500000000003,0.8910500000000001,100.0
2026-05-28 07:10:00+00:00,001,4.958499999999999,100.20299999999997,2.2170499999999995,0.89885,100.0
2026-05-28 07:20:00+00:00,001,4.949,99.86149999999999,2.21525,0.89365,100.0
2026-05-28 07:30:00+00:00,001,4.959999999999998,100.19449999999998,2.2110000000000007,0.8524999999999998,100.0
2026-05-28 07:40:00+00:00,001,4.958999999999998,100.15199999999996,2.2096,0.7967000000000002,100.0
2026-05-28 07:50:00+00:00,001,4.956499999999998,100.05549999999997,2.2078500000000005,0.8715000000000002,100.0
2026-05-28 08:00:00+00:00,001,4.957999999999998,100.17349999999996,2.2140500000000003,0.8684999999999998,100.0
2026-05-28 08:10:00+00:00,001,4.955,100.14149999999998,2.2226,0.8915999999999998,100.0
2026-05-28 08:20:00+00:00,001,4.9565,100.00100000000002,2.22385,0.8891500000000001,100.0
2026-05-28 08:30:00+00:00,001,4.955499999999999,99.94600000000003,2.2217000000000002,0.87855,100.0
2026-05-28 08:40:00+00:00,001,4.9620000000000015,100.0635,2.2199999999999998,0.8046499999999999,100.0
2026-05-28 08:50:00+00:00,001,4.951000000000001,99.53350000000003,2.2136000000000005,0.79765,100.0
2026-05-28 09:00:00+00:00,001,4.973000000000001,100.28750000000001,2.2208499999999995,0.8135999999999999,100.0
2026-05-28 09:10:00+00:00,001,4.970500000000001,100.17100000000002,2.2145,0.81225,100.0
2026-05-28 09:20:00+00:00,001,4.959000000000001,99.571,2.2140500000000003,0.81085,100.0
2026-05-28 09:30:00+00:00,001,4.978947368421054,100.31894736842104,2.2183684210526313,0.809,100.0
2026-05-28 09:40:00+00:00,001,4.961500000000001,99.5415,2.22265,0.80615,100.0
2026-05-28 09:50:00+00:00,001,4.977,100.11799999999998,2.22305,0.8069,100.0
2026-05-28 10:00:00+00:00,001,4.967500000000001,99.58549999999998,2.2198,0.8045500000000001,100.0
2026-05-28 10:10:00+00:00,001,4.997999999999999,100.77849999999998,2.2185999999999995,0.8032500000000002,100.0
2026-05-28 10:20:00+00:00,001,4.975500000000001,99.85299999999998,2.2169000000000003,0.8015500000000003,100.0
2026-05-28 10:30:00+00:00,001,4.979000000000001,99.99199999999996,2.22285,0.7971500000000001,100.0
2026-05-28 10:40:00+00:00,001,4.992500000000001,100.2905,2.2197500000000003,0.7950999999999999,100.0
2026-05-28 10:50:00+00:00,001,4.969,99.417,2.2183,0.7940499999999999,100.0
2026-05-28 11:00:00+00:00,001,4.993,100.39500000000001,2.2102500000000003,0.7945000000000002,100.0
2026-05-28 11:10:00+00:00,001,4.982500000000002,99.76600000000002,2.2271,0.79305,100.0
2026-05-28 11:20:00+00:00,001,4.977,99.59500000000001,2.22015,0.79175,100.0
2026-05-28 11:30:00+00:00,001,4.9975000000000005,100.27800000000002,2.2188499999999998,0.7909499999999998,100.0
2026-05-28 11:40:00+00:00,001,4.998500000000002,100.40650000000001,2.2136000000000005,0.7887500000000001,100.0
2026-05-28 11:50:00+00:00,001,5.003499999999999,100.427,2.21145,0.786,100.0
2026-05-28 12:00:00+00:00,001,4.9879999999999995,99.629,2.2178999999999998,0.7861000000000001,100.0
2026-05-28 12:10:00+00:00,001,4.986,99.69350000000001,2.2136500000000003,0.7854,100.0
2026-05-28 12:20:00+00:00,001,4.959999999999999,98.66000000000001,2.2045000000000003,0.7832,100.0
2026-05-28 12:30:00+00:00,001,5.001499999999999,100.38500000000002,2.2148,0.7841,100.0
2026-05-28 12:40:00+00:00,001,4.992000000000001,99.97200000000001,2.2149000000000005,0.7852000000000001,100.0
2026-05-28 12:50:00+00:00,001,5.0025,100.27900000000001,2.20405,0.7845500000000001,100.0
2026-05-28 13:00:00+00:00,001,5.004,100.32100000000001,2.2120000000000006,0.7819000000000002,100.0
2026-05-28 13:10:00+00:00,001,5.0009999999999994,100.17300000000002,2.21075,0.7805500000000001,100.0
2026-05-28 13:20:00+00:00,001,5.0085,100.42850000000001,2.2154500000000006,0.7800499999999999,100.0
2026-05-28 13:30:00+00:00,001,4.9985,100.11900000000001,2.2036000000000007,0.7781,100.0
2026-05-28 13:40:00+00:00,001,4.974499999999999,99.23550000000002,2.20775,0.7779,100.0
2026-05-28 13:50:00+00:00,001,5.028499999999999,101.28099999999999,2.22675,0.78095,100.0
2026-05-28 14:00:00+00:00,001,4.9895000000000005,99.649,2.2112500000000006,0.7797999999999999,100.0
2026-05-28 14:10:00+00:00,001,4.996499999999999,99.92800000000001,2.2122,0.7795,100.0
2026-05-28 14:20:00+00:00,001,5.0075,100.34150000000001,2.20395,0.7798,100.0
2026-05-28 14:30:00+00:00,001,5.011000000000001,100.39550000000001,2.2165999999999997,0.7803000000000001,100.0
2026-05-28 14:40:00+00:00,001,4.9995,99.7565,2.20605,0.77735,100.0
2026-05-28 14:50:00+00:00,001,4.990499999999999,99.68050000000001,2.2114,0.77545,100.0
2026-05-28 15:00:00+00:00,001,5.0015,99.97949999999997,2.2163000000000004,0.7756,100.0
2026-05-28 15:10:00+00:00,001,5.0089999999999995,100.20299999999999,2.2120499999999996,0.77485,100.0
2026-05-28 15:20:00+00:00,001,5.007,100.118,2.2148999999999996,0.7736999999999998,100.0
2026-05-28 15:30:00+00:00,001,4.9985,99.80900000000001,2.2098,0.7730499999999999,100.0
2026-05-28 15:40:00+00:00,001,5.004,100.05350000000001,2.2093499999999997,0.77275,100.0
2026-05-28 15:50:00+00:00,001,5.027499999999999,100.82199999999997,2.1978999999999997,0.774,100.0
2026-05-28 16:00:00+00:00,001,4.981,98.91299999999998,2.20225,0.7742000000000001,100.0
2026-05-28 16:10:00+00:00,001,4.984499999999999,99.298,2.2138,0.7727499999999999,100.0
2026-05-28 16:20:00+00:00,001,5.0045,99.99,2.2031,0.7721500000000001,100.0
2026-05-28 16:30:00+00:00,001,5.0005,99.8415,2.2045,0.7705500000000001,100.0
2026-05-28 16:40:00+00:00,001,5.005000000000001,100.06549999999997,2.2103,0.7692000000000002,100.0
2026-05-28 16:50:00+00:00,001,5.0169999999999995,100.566,2.20735,0.7676000000000001,100.0
2026-05-28 17:00:00+00:00,001,4.997999999999999,99.6715,2.19875,0.7652499999999998,100.0
2026-05-28 17:10:00+00:00,001,5.01,100.119,2.2088999999999994,0.7630999999999999,100.0
2026-05-28 17:20:00+00:00,001,5.0325,100.94900000000003,2.2079,0.76245,100.0
2026-05-28 17:30:00+00:00,001,5.024499999999999,100.57650000000001,2.2107,0.7634999999999998,100.0
2026-05-28 17:40:00+00:00,001,5.018499999999999,100.331,2.2056000000000004,0.76215,100.0
2026-05-28 17:50:00+00:00,001,5.015499999999999,100.23600000000002,2.21545,0.7600500000000001,100.0
2026-05-28 18:00:00+00:00,001,5.0145,100.00050000000002,2.2004000000000006,0.75815,100.0
2026-05-28 18:10:00+00:00,001,5.0329999999999995,100.938,2.19935,0.7558999999999999,100.0
2026-05-28 18:20:00+00:00,001,5.0249999999999995,100.57700000000001,2.19725,0.7533000000000001,100.0
2026-05-28 18:30:00+00:00,001,4.988,99.1805,2.1964499999999996,0.7520499999999999,100.0
2026-05-28 18:40:00+00:00,001,5.0065,99.7765,2.1961500000000003,0.75175,100.0
2026-05-28 18:50:00+00:00,001,5.004499999999999,99.65899999999999,2.2073000000000005,0.75125,100.0
2026-05-28 19:00:00+00:00,001,5.019499999999999,100.18249999999999,2.20175,0.7522499999999999,100.0
2026-05-28 19:10:00+00:00,001,5.0265,100.33149999999999,2.2280000000000006,0.78495,100.0
2026-05-28 19:20:00+00:00,001,5.0305,100.3835,2.2403500000000003,0.78805,100.0
2026-05-28 19:30:00+00:00,001,5.033,100.479,2.2423999999999995,0.7873500000000002,100.0
2026-05-28 19:40:00+00:00,001,5.0045,99.2345,2.2464000000000004,0.7893000000000001,100.0
2026-05-28 19:50:00+00:00,001,5.042999999999999,100.71399999999998,2.23655,0.78805,100.0
2026-05-28 20:00:00+00:00,001,5.022500000000001,99.8735,2.2476,0.7881500000000001,100.0
2026-05-28 20:10:00+00:00,001,5.0085,99.42649999999999,2.2415,0.788,100.0
2026-05-28 20:20:00+00:00,001,5.021499999999999,99.87349999999996,2.2428999999999997,0.7909500000000002,100.0
2026-05-28 20:30:00+00:00,001,5.02,99.7665,2.2423,0.7921,100.0
2026-05-28 20:40:00+00:00,001,5.019,99.7345,2.2379499999999997,0.7910999999999999,100.0
2026-05-28 20:50:00+00:00,001,5.008,99.21350000000001,2.2365,0.79125,100.0
2026-05-28 21:00:00+00:00,001,5.018999999999999,99.57549999999999,2.2474499999999997,0.7908,100.0
2026-05-28 21:10:00+00:00,001,5.041500000000001,100.3765,2.2476499999999997,0.7911500000000001,100.0
2026-05-28 21:20:00+00:00,001,5.028999999999999,99.822,2.23915,0.78815,100.0
2026-05-28 21:30:00+00:00,001,5.037,100.099,2.23825,0.7813000000000001,100.0
2026-05-28 21:40:00+00:00,001,5.033,99.917,2.23495,0.78135,100.0
2026-05-28 21:50:00+00:00,001,5.050499999999999,100.40550000000003,2.243,0.7857500000000001,100.0
2026-05-28 22:00:00+00:00,001,5.056499999999998,100.52300000000002,2.2420000000000004,0.7845000000000001,100.0
2026-05-28 22:10:00+00:00,001,5.039999999999999,99.8735,2.2439,0.7847000000000001,100.0
2026-05-28 22:20:00+00:00,001,5.025999999999998,99.32950000000002,2.23785,0.7838999999999999,100.0
2026-05-28 22:30:00+00:00,001,5.064499999999998,100.63150000000002,2.2434000000000003,0.7841500000000001,100.0
2026-05-28 22:40:00+00:00,001,5.042999999999999,99.97000000000001,2.2426,0.7862,100.0
2026-05-28 22:50:00+00:00,001,5.0555,100.32250000000002,2.24025,0.7870500000000001,100.0
2026-05-28 23:00:00+00:00,001,5.045,99.93900000000001,2.2347500000000005,0.7877000000000003,100.0
2026-05-28 23:10:00+00:00,001,5.037000000000001,99.6395,2.23725,0.78965,100.0
2026-05-28 23:20:00+00:00,001,5.0535,100.2375,2.2424500000000003,0.7895999999999999,100.0
2026-05-28 23:30:00+00:00,001,5.045499999999999,99.82250000000002,2.2371999999999996,0.7905499999999999,100.0
2026-05-28 23:40:00+00:00,001,5.052,100.2265,2.2412499999999995,0.79355,100.0
2026-05-28 23:50:00+00:00,001,5.044499999999999,100.01200000000003,2.248,0.7952000000000001,100.0
2026-05-29 00:00:00+00:00,001,5.033500000000001,99.61699999999999,2.2358000000000002,0.8009499999999999,100.0
2026-05-29 00:10:00+00:00,001,5.05,100.215,2.24055,0.80395,100.0
2026-05-29 00:20:00+00:00,001,5.055499999999998,100.11950000000002,2.2457000000000003,0.8057500000000001,100.0
2026-05-29 00:30:00+00:00,001,5.0569999999999995,100.418,2.2410000000000005,0.8089500000000001,100.0
2026-05-29 00:40:00+00:00,001,5.05,100.22550000000003,2.2423,0.81085,100.0
2026-05-29 00:50:00+00:00,001,5.0375,100.02349999999998,2.2460500000000003,0.81275,100.0
2026-05-29 01:00:00+00:00,001,5.027000000000001,99.72499999999998,2.2411,0.8172499999999998,100.0
2026-05-29 01:10:00+00:00,001,5.045,100.19449999999999,2.2388500000000002,0.8192499999999999,100.0
2026-05-29 01:20:00+00:00,001,5.037000000000001,100.002,2.2436500000000006,0.8204499999999998,100.0
2026-05-29 01:30:00+00:00,001,5.050500000000001,100.55699999999999,2.24155,0.8269500000000001,100.0
2026-05-29 01:40:00+00:00,001,5.039,100.04500000000002,2.2405,0.8276499999999999,100.0
2026-05-29 01:50:00+00:00,001,5.0045,98.77749999999997,2.2425499999999996,0.8294,100.0
2026-05-29 02:00:00+00:00,001,5.042999999999998,100.1285,2.2420999999999998,0.82875,100.0
2026-05-29 02:10:00+00:00,001,5.063,100.71600000000002,2.2364500000000005,0.8303999999999998,100.0
2026-05-29 02:20:00+00:00,001,5.0455,100.22500000000001,2.2436499999999997,0.83055,100.0
2026-05-29 02:30:00+00:00,001,5.072,101.19500000000002,2.25045,0.8336500000000001,100.0
2026-05-29 02:40:00+00:00,001,5.047499999999999,100.33200000000002,2.2402499999999996,0.83515,100.0
2026-05-29 02:50:00+00:00,001,5.023999999999999,99.5655,2.23905,0.83675,100.0
2026-05-29 03:00:00+00:00,001,5.0234999999999985,99.57699999999998,2.24165,0.8253999999999999,100.0
2026-05-29 03:10:00+00:00,001,5.045999999999999,100.39699999999999,2.2300999999999993,0.7895000000000002,100.0
2026-05-29 03:20:00+00:00,001,5.046,100.28899999999999,2.2266000000000004,0.7765000000000001,100.0
2026-05-29 03:30:00+00:00,001,5.0375,100.097,2.2395,0.7822999999999999,100.0
2026-05-29 03:40:00+00:00,001,5.042,100.10899999999998,2.2317,0.8093999999999999,100.0
2026-05-29 03:50:00+00:00,001,5.034,99.864,2.239,0.7881999999999999,100.0
2026-05-29 04:00:00+00:00,001,5.0205,99.29849999999998,2.2407500000000002,0.78905,100.0
2026-05-29 04:10:00+00:00,001,5.0385,99.9915,2.2303500000000005,0.7670999999999999,100.0
2026-05-29 04:20:00+00:00,001,5.025,99.51249999999997,2.2304,0.7886999999999998,100.0
2026-05-29 04:30:00+00:00,001,5.036499999999999,99.907,2.232,0.8136000000000001,100.0
2026-05-29 04:40:00+00:00,001,5.051,100.513,2.2313,0.8366,100.0
2026-05-29 04:50:00+00:00,001,5.050500000000001,100.26000000000002,2.2362999999999995,0.8470000000000001,100.0
2026-05-29 05:00:00+00:00,001,5.0344999999999995,99.8215,2.2383500000000005,0.8348000000000001,100.0
2026-05-29 05:10:00+00:00,001,5.0595,100.72649999999999,2.2388,0.8631500000000001,100.0
2026-05-29 05:20:00+00:00,001,5.044499999999999,100.0875,2.24375,0.87375,100.0
2026-05-29 05:30:00+00:00,001,5.0369230769230775,99.98076923076923,2.2406923076923073,0.8893846153846153,100.0
2026-05-29 06:40:00+00:00,001,5.0409999999999995,99.757,2.2417,0.8795,100.0
2026-05-29 06:50:00+00:00,001,5.056500000000001,100.13050000000001,2.2360499999999996,0.8862500000000001,100.0
2026-05-29 07:00:00+00:00,001,5.064000000000002,100.29950000000002,2.2444999999999995,0.9271,100.0
2026-05-29 07:10:00+00:00,001,5.045999999999999,99.758,2.2358000000000002,0.93215,100.0
2026-05-29 07:20:00+00:00,001,5.0605,100.183,2.2383499999999996,0.9423499999999999,100.0
2026-05-29 07:30:00+00:00,001,5.054499999999999,99.9485,2.2477,0.91375,100.0
2026-05-29 07:40:00+00:00,001,5.0535,99.93650000000001,2.2339,0.8444500000000001,100.0
2026-05-29 07:50:00+00:00,001,5.055499999999999,100.023,2.234550000000001,0.8379,100.0
2026-05-29 08:00:00+00:00,001,5.0585,100.13900000000002,2.23305,0.9007,100.0
2026-05-29 08:10:00+00:00,001,5.063999999999999,100.17300000000002,2.2438000000000002,0.8977,100.0
2026-05-29 08:20:00+00:00,001,5.049000000000001,99.58549999999998,2.23725,0.8953000000000003,100.0
2026-05-29 08:30:00+00:00,001,5.0684999999999985,100.16049999999998,2.2462999999999993,0.8991500000000002,100.0
2026-05-29 08:40:00+00:00,001,5.043,99.2665,2.2348,0.8642000000000001,100.0
2026-05-29 08:50:00+00:00,001,5.055999999999999,99.659,2.2358000000000002,0.83615,100.0
2026-05-29 09:00:00+00:00,001,5.055499999999999,99.58549999999998,2.23985,0.8355500000000001,100.0
2026-05-29 09:10:00+00:00,001,5.068,100.08699999999996,2.23805,0.8351999999999998,100.0
2026-05-29 09:20:00+00:00,001,5.070499999999998,100.07649999999997,2.2394999999999996,0.8321500000000001,100.0
2026-05-29 09:30:00+00:00,001,5.070999999999998,100.10999999999997,2.2384,0.8295999999999998,100.0
2026-05-29 09:40:00+00:00,001,5.072999999999998,100.13049999999998,2.23655,0.8277499999999998,100.0
2026-05-29 09:50:00+00:00,001,5.0699999999999985,99.9795,2.2345,0.8223999999999998,100.0
2026-05-29 10:00:00+00:00,001,5.069999999999998,99.9145,2.2361999999999997,0.8187999999999998,100.0
2026-05-29 10:10:00+00:00,001,5.069999999999998,99.95750000000001,2.2390000000000003,0.81735,100.0
2026-05-29 10:20:00+00:00,001,5.069999999999998,99.83850000000002,2.23595,0.8155000000000001,100.0
2026-05-29 10:30:00+00:00,001,5.072499999999998,99.79700000000003,2.2383499999999996,0.81275,100.0
2026-05-29 10:40:00+00:00,001,5.075499999999998,99.82000000000002,2.2344,0.8105499999999999,100.0
2026-05-29 10:50:00+00:00,001,5.071499999999998,99.62850000000003,2.2339000000000007,0.8094499999999998,100.0
2026-05-29 11:00:00+00:00,001,5.0764999999999985,99.74650000000001,2.2361000000000004,0.8099000000000002,100.0
2026-05-29 11:10:00+00:00,001,5.084999999999999,100.00200000000001,2.23155,0.8102500000000001,100.0
2026-05-29 11:20:00+00:00,001,5.084999999999998,100.09750000000001,2.2363500000000003,0.81105,100.0
2026-05-29 11:30:00+00:00,001,5.097500000000002,100.49150000000002,2.2363499999999994,0.8105499999999999,100.0
2026-05-29 11:40:00+00:00,001,5.083499999999998,100.00250000000003,2.2387,0.8103999999999999,100.0
2026-05-29 11:50:00+00:00,001,5.081999999999998,100.04350000000002,2.23425,0.8043000000000001,100.0
2026-05-29 12:00:00+00:00,001,5.078999999999998,99.92650000000003,2.2277,0.8005500000000001,100.0
2026-05-29 12:10:00+00:00,001,5.083999999999999,100.20250000000001,2.2394499999999997,0.8006000000000002,100.0
2026-05-29 12:20:00+00:00,001,5.085500000000001,100.1815,2.2323,0.79995,100.0
2026-05-29 12:30:00+00:00,001,5.074499999999999,99.92450000000001,2.2309500000000004,0.7985,100.0
2026-05-29 12:40:00+00:00,001,5.074499999999998,99.93500000000003,2.2314,0.7985500000000001,100.0
2026-05-29 12:50:00+00:00,001,5.079999999999998,100.02250000000001,2.22985,0.7988500000000001,100.0
2026-05-29 13:00:00+00:00,001,5.0889999999999995,100.18300000000002,2.2312499999999997,0.7982000000000001,100.0
2026-05-29 13:10:00+00:00,001,5.071999999999998,99.48850000000002,2.2261999999999995,0.7983000000000001,100.0
2026-05-29 13:20:00+00:00,001,5.0859999999999985,99.94700000000002,2.2335000000000003,0.798,100.0
2026-05-29 13:30:00+00:00,001,5.078999999999999,99.83150000000002,2.2295999999999996,0.79745,100.0
2026-05-29 13:40:00+00:00,001,5.082999999999998,99.797,2.2336,0.7968500000000001,100.0
2026-05-29 13:50:00+00:00,001,5.093499999999998,100.2345,2.23005,0.7973,100.0
2026-05-29 14:00:00+00:00,001,5.091499999999999,100.1385,2.2295,0.7968500000000001,100.0
2026-05-29 14:10:00+00:00,001,5.083999999999999,99.75399999999999,2.2306999999999997,0.79605,100.0
2026-05-29 14:20:00+00:00,001,5.0844999999999985,99.7225,2.2239999999999998,0.7952999999999999,100.0
2026-05-29 14:30:00+00:00,001,5.083499999999999,99.56199999999998,2.231700000000001,0.7949,100.0
2026-05-29 14:40:00+00:00,001,5.094999999999999,100.09549999999999,2.2287999999999997,0.79475,100.0
2026-05-29 14:50:00+00:00,001,5.107499999999999,100.34149999999997,2.2281500000000003,0.79345,100.0
2026-05-29 15:00:00+00:00,001,5.100999999999999,100.13899999999998,2.227949999999999,0.7937000000000001,100.0
2026-05-29 15:10:00+00:00,001,5.1095,100.39450000000001,2.2374500000000004,0.7937000000000001,100.0
2026-05-29 15:20:00+00:00,001,5.101499999999999,100.05399999999997,2.2323000000000004,0.79255,100.0
2026-05-29 15:30:00+00:00,001,5.112999999999998,100.5125,2.2276500000000006,0.7909499999999998,100.0
2026-05-29 15:40:00+00:00,001,5.099499999999999,99.95849999999999,2.2330499999999995,0.79085,100.0
2026-05-29 15:50:00+00:00,001,5.096499999999999,99.75699999999998,2.2312999999999996,0.7909999999999999,100.0
2026-05-29 16:00:00+00:00,001,5.104999999999999,99.95949999999996,2.23555,0.7933999999999999,100.0
2026-05-29 16:10:00+00:00,001,5.0835,99.29899999999998,2.2322,0.7918499999999999,100.0
2026-05-29 16:20:00+00:00,001,5.094500000000001,99.63899999999998,2.2328,0.7897500000000001,100.0
2026-05-29 16:30:00+00:00,001,5.108499999999999,100.246,2.2310000000000003,0.7867500000000002,100.0
2026-05-29 16:40:00+00:00,001,5.093999999999999,99.63949999999998,2.2239999999999998,0.7875500000000002,100.0
2026-05-29 16:50:00+00:00,001,5.103,99.98149999999995,2.2289000000000003,0.78865,100.0
2026-05-29 17:00:00+00:00,001,5.1005,100.0015,2.2205,0.7821,100.0
2026-05-29 17:10:00+00:00,001,5.088999999999999,99.57449999999997,2.215,0.7794999999999999,100.0
2026-05-29 17:20:00+00:00,001,5.103999999999997,100.12949999999996,2.2158000000000007,0.7774500000000001,100.0
2026-05-29 17:30:00+00:00,001,5.110499999999999,100.34149999999998,2.2229,0.77765,100.0
2026-05-29 17:40:00+00:00,001,5.097500000000001,99.93799999999999,2.219550000000001,0.7779,100.0
2026-05-29 17:50:00+00:00,001,5.100999999999999,99.96999999999998,2.2274000000000003,0.7778500000000002,100.0
2026-05-29 18:00:00+00:00,001,5.091499999999999,99.69149999999998,2.22245,0.776,100.0
2026-05-29 18:10:00+00:00,001,5.1065,100.18349999999998,2.2269,0.7752000000000001,100.0
2026-05-29 18:20:00+00:00,001,5.090999999999998,99.61849999999995,2.2220999999999997,0.7739499999999999,100.0
2026-05-29 18:30:00+00:00,001,5.1075,100.22549999999998,2.223,0.7723499999999999,100.0
2026-05-29 18:40:00+00:00,001,5.118999999999999,100.72549999999998,2.2293,0.7726,100.0
2026-05-29 18:50:00+00:00,001,5.087499999999999,99.54299999999998,2.2184999999999997,0.7722,100.0
2026-05-29 19:00:00+00:00,001,5.1075,100.26849999999999,2.2328,0.7745000000000001,100.0
2026-05-29 19:10:00+00:00,001,5.089999999999998,99.55549999999997,2.2323999999999997,0.7722500000000002,100.0
2026-05-29 19:20:00+00:00,001,5.101999999999999,100.16999999999999,2.2208499999999995,0.77325,100.0
2026-05-29 19:30:00+00:00,001,5.089999999999999,99.439,2.2294500000000004,0.77555,100.0
2026-05-29 19:40:00+00:00,001,5.087499999999999,99.21449999999997,2.21925,0.7736,100.0
2026-05-29 19:50:00+00:00,001,5.1205,100.46099999999998,2.2219,0.7759499999999999,100.0
2026-05-29 20:00:00+00:00,001,5.097999999999999,99.565,2.2269,0.77445,100.0
2026-05-29 20:10:00+00:00,001,5.093999999999999,99.48049999999998,2.22445,0.7737499999999999,100.0
2026-05-29 20:20:00+00:00,001,5.115,100.55550000000001,2.22735,0.7737,100.0
2026-05-29 20:30:00+00:00,001,5.1145000000000005,100.36499999999998,2.2250000000000005,0.7731000000000001,100.0
2026-05-29 20:40:00+00:00,001,5.098,99.89499999999998,2.2253,0.7718500000000001,100.0
2026-05-29 20:50:00+00:00,001,5.1145,100.2455,2.2195500000000004,0.77105,100.0
2026-05-29 21:00:00+00:00,001,5.112499999999998,100.00100000000002,2.2194000000000003,0.7718,100.0
2026-05-29 21:10:00+00:00,001,5.117499999999998,100.26800000000001,2.2122,0.7688499999999998,100.0
2026-05-29 21:20:00+00:00,001,5.126,100.50200000000001,2.226,0.7723000000000001,100.0
2026-05-29 21:30:00+00:00,001,5.121,100.21300000000002,2.21935,0.7708,100.0
2026-05-29 21:40:00+00:00,001,5.088499999999999,99.02100000000003,2.2216500000000003,0.7728,100.0
2026-05-29 21:50:00+00:00,001,5.102000000000002,99.57450000000003,2.22135,0.7722000000000001,100.0
2026-05-29 22:00:00+00:00,001,5.095999999999999,99.42500000000001,2.23395,0.77245,100.0
2026-05-29 22:10:00+00:00,001,5.120500000000002,100.23450000000003,2.2386500000000003,0.7705000000000001,100.0
2026-05-29 22:20:00+00:00,001,5.144500000000001,100.93950000000002,2.2266500000000002,0.7710500000000001,100.0
2026-05-29 22:30:00+00:00,001,5.1075,99.58550000000001,2.22645,0.7697000000000002,100.0
2026-05-29 22:40:00+00:00,001,5.113999999999999,99.81,2.2245999999999997,0.7727999999999999,100.0
2026-05-29 22:50:00+00:00,001,5.127000000000001,100.2895,2.227,0.7777499999999999,100.0
2026-05-29 23:00:00+00:00,001,5.1195,100.05549999999998,2.2358999999999996,0.777,100.0
2026-05-29 23:10:00+00:00,001,5.083000000000001,98.79800000000002,2.23135,0.7745,100.0
2026-05-29 23:20:00+00:00,001,5.1175000000000015,100.09850000000003,2.22975,0.7745,100.0
2026-05-29 23:30:00+00:00,001,5.1045,99.65,2.2226000000000004,0.7767,100.0
2026-05-29 23:40:00+00:00,001,5.119,100.01150000000001,2.2232000000000003,0.7805500000000001,100.0
2026-05-29 23:50:00+00:00,001,5.1015000000000015,99.45850000000002,2.221650000000001,0.7846499999999998,100.0
2026-05-30 00:00:00+00:00,001,5.12578947368421,100.37789473684211,2.221473684210527,0.7867894736842106,100.0
2026-05-30 00:10:00+00:00,001,5.111500000000001,99.81,2.2219500000000005,0.7860999999999999,100.0
2026-05-30 00:20:00+00:00,001,5.1175,100.18250000000003,2.2289,0.7893500000000001,100.0
2026-05-30 00:30:00+00:00,001,5.141,100.85350000000003,2.2259,0.79295,100.0
2026-05-30 00:40:00+00:00,001,5.134,100.5125,2.2159500000000003,0.79435,100.0
2026-05-30 00:50:00+00:00,001,5.112,99.80000000000001,2.2266000000000004,0.7959500000000002,100.0
2026-05-30 01:00:00+00:00,001,5.109,99.77750000000002,2.22145,0.7978500000000002,100.0
2026-05-30 01:10:00+00:00,001,5.1175,99.8,2.2288500000000004,0.80375,100.0
2026-05-30 01:20:00+00:00,001,5.119000000000001,99.756,2.2219500000000005,0.8038000000000002,100.0
2026-05-30 01:30:00+00:00,001,5.134,100.2465,2.2272000000000007,0.80765,100.0
2026-05-30 01:40:00+00:00,001,5.1045,99.22400000000002,2.2259,0.8107000000000001,100.0
2026-05-30 01:50:00+00:00,001,5.141499999999999,100.71499999999999,2.22755,0.8118000000000001,100.0
2026-05-30 02:00:00+00:00,001,5.133499999999999,100.10650000000001,2.2331499999999997,0.81355,100.0
2026-05-30 02:10:00+00:00,001,5.139,100.2155,2.2287000000000003,0.8157500000000001,100.0
2026-05-30 02:20:00+00:00,001,5.142500000000001,100.21400000000001,2.2260000000000004,0.8150999999999999,100.0
2026-05-30 02:30:00+00:00,001,5.136499999999998,100.04350000000002,2.21335,0.81595,100.0
2026-05-30 02:40:00+00:00,001,5.142499999999998,100.24499999999999,2.2279000000000004,0.81755,100.0
2026-05-30 02:50:00+00:00,001,5.177,101.37599999999999,2.2255,0.8167,100.0
2026-05-30 03:00:00+00:00,001,5.146499999999999,100.49100000000001,2.2308000000000003,0.8188999999999999,100.0
2026-05-30 03:10:00+00:00,001,5.136999999999999,99.873,2.22235,0.8172500000000001,100.0
2026-05-30 03:20:00+00:00,001,5.135,99.7665,2.22575,0.8183999999999999,100.0
2026-05-30 03:30:00+00:00,001,5.1465000000000005,100.1925,2.2188,0.81645,100.0
2026-05-30 03:40:00+00:00,001,5.136,99.91550000000002,2.2107,0.8168999999999998,100.0
2026-05-30 03:50:00+00:00,001,5.1295,99.53300000000002,2.2227999999999994,0.8097,100.0
2026-05-30 04:00:00+00:00,001,5.1194999999999995,99.276,2.2212000000000005,0.7833,100.0
2026-05-30 04:10:00+00:00,001,5.15,100.33150000000002,2.2209,0.8056500000000002,100.0
2026-05-30 04:20:00+00:00,001,5.129999999999999,99.5635,2.2144,0.77245,100.0
2026-05-30 04:30:00+00:00,001,5.150999999999998,100.07499999999999,2.2145,0.75925,100.0
2026-05-30 04:40:00+00:00,001,5.156499999999999,100.36399999999999,2.21435,0.7600500000000001,100.0
2026-05-30 04:50:00+00:00,001,5.124500000000001,99.373,2.2184000000000004,0.7848999999999999,100.0
2026-05-30 05:00:00+00:00,001,5.143,100.06400000000001,2.20275,0.8138500000000001,100.0
2026-05-30 05:10:00+00:00,001,5.1295,99.606,2.21025,0.8083500000000001,100.0
2026-05-30 05:20:00+00:00,001,5.1455,100.118,2.22145,0.8099000000000001,100.0
2026-05-30 05:30:00+00:00,001,5.1495,100.13950000000001,2.2156499999999997,0.8021,100.0
2026-05-30 05:40:00+00:00,001,5.126,99.41550000000002,2.23095,0.7867,100.0
2026-05-30 05:50:00+00:00,001,5.1395,100.01199999999999,2.21495,0.8026,100.0
2026-05-30 06:00:00+00:00,001,5.138,99.93699999999998,2.213,0.7985,100.0
2026-05-30 06:10:00+00:00,001,5.133499999999999,99.8195,2.2270499999999998,0.8698499999999999,100.0
2026-05-30 06:20:00+00:00,001,5.121999999999998,99.46900000000001,2.2211000000000003,0.8784500000000002,100.0
2026-05-30 06:30:00+00:00,001,5.1370000000000005,99.96900000000002,2.2187,0.8712500000000001,100.0
2026-05-30 06:40:00+00:00,001,5.132,99.82000000000001,2.2226500000000002,0.77525,100.0
2026-05-30 06:50:00+00:00,001,5.1375,100.21450000000002,2.2199000000000004,0.7648000000000001,100.0
2026-05-30 07:00:00+00:00,001,5.128,99.93750000000001,2.21025,0.767,100.0
2026-05-30 07:10:00+00:00,001,5.130999999999999,100.0755,2.2189000000000005,0.8091999999999999,100.0
2026-05-30 07:20:00+00:00,001,5.133,100.1075,2.2205500000000002,0.8477999999999998,100.0
2026-05-30 07:30:00+00:00,001,5.125000000000001,100.04449999999999,2.2229,0.9124499999999998,100.0
2026-05-30 07:40:00+00:00,001,5.131500000000001,100.491,2.2318500000000006,0.92325,100.0
2026-05-30 07:50:00+00:00,001,5.114999999999999,99.6495,2.2295999999999996,0.9233500000000001,100.0
2026-05-30 08:00:00+00:00,001,5.105,99.13800000000002,2.2200500000000005,0.9217500000000001,100.0
2026-05-30 08:10:00+00:00,001,5.1225000000000005,99.81050000000002,2.2219500000000005,0.9266500000000001,100.0
2026-05-30 08:20:00+00:00,001,5.119,99.66050000000001,2.22785,0.9213000000000002,100.0
2026-05-30 08:30:00+00:00,001,5.114,99.69299999999998,2.21895,0.9191999999999998,100.0
2026-05-30 08:40:00+00:00,001,5.113,99.6085,2.2250000000000005,0.8698,100.0
2026-05-30 08:50:00+00:00,001,5.115,99.54250000000002,2.2212999999999994,0.7962999999999999,100.0
2026-05-30 09:00:00+00:00,001,5.108999999999999,99.35000000000004,2.2224,0.8232999999999997,100.0
2026-05-30 09:10:00+00:00,001,5.1259999999999994,99.9265,2.2195,0.8257999999999998,100.0
2026-05-30 09:20:00+00:00,001,5.124499999999999,99.7995,2.2174,0.8227499999999999,100.0
2026-05-30 09:30:00+00:00,001,5.1259999999999994,99.842,2.2245500000000002,0.818,100.0
2026-05-30 09:40:00+00:00,001,5.1155,99.4265,2.2196000000000007,0.8128499999999999,100.0
2026-05-30 09:50:00+00:00,001,5.104499999999999,98.967,2.2121500000000003,0.8081000000000002,100.0
2026-05-30 10:00:00+00:00,001,5.127,99.68099999999998,2.22125,0.8068,100.0
2026-05-30 10:10:00+00:00,001,5.132,99.788,2.2180999999999997,0.8056000000000001,100.0
2026-05-30 10:20:00+00:00,001,5.1265,99.48899999999999,2.2170499999999995,0.8028000000000001,100.0
2026-05-30 10:30:00+00:00,001,5.144499999999999,100.10700000000001,2.2146500000000002,0.8006500000000001,100.0
2026-05-30 10:40:00+00:00,001,5.1209999999999996,99.3515,2.21375,0.79925,100.0
2026-05-30 10:50:00+00:00,001,5.141499999999999,100.00049999999999,2.2174500000000004,0.7971500000000001,100.0
2026-05-30 11:00:00+00:00,001,5.132999999999998,99.61699999999999,2.2219499999999996,0.7970999999999999,100.0
2026-05-30 11:10:00+00:00,001,5.148000000000001,100.17099999999999,2.2167499999999998,0.7956,100.0
2026-05-30 11:20:00+00:00,001,5.138999999999999,99.874,2.2237999999999998,0.7937000000000001,100.0
2026-05-30 11:30:00+00:00,001,5.147999999999999,100.06450000000001,2.2158500000000005,0.7925499999999999,100.0
2026-05-30 11:40:00+00:00,001,5.136499999999999,99.59649999999996,2.2248500000000004,0.7935000000000001,100.0
2026-05-30 11:50:00+00:00,001,5.162000000000001,100.46949999999997,2.2136000000000005,0.792,100.0
2026-05-30 12:00:00+00:00,001,5.1545,100.19250000000001,2.22295,0.79175,100.0
2026-05-30 12:10:00+00:00,001,5.131500000000001,99.33999999999999,2.20625,0.7899999999999998,100.0
2026-05-30 12:20:00+00:00,001,5.150000000000001,99.89349999999999,2.2213,0.7897500000000001,100.0
2026-05-30 12:30:00+00:00,001,5.125500000000001,98.989,2.2173999999999996,0.7893000000000001,100.0
2026-05-30 12:40:00+00:00,001,5.180999999999999,100.8955,2.21155,0.7896000000000002,100.0
2026-05-30 12:50:00+00:00,001,5.147000000000001,99.61750000000002,2.2067,0.7879499999999999,100.0
2026-05-30 13:00:00+00:00,001,5.1435,99.42500000000001,2.2188499999999998,0.78725,100.0
2026-05-30 13:10:00+00:00,001,5.1685,100.4485,2.2193000000000005,0.7866000000000002,100.0
2026-05-30 13:20:00+00:00,001,5.181999999999999,100.9595,2.2045500000000002,0.7845000000000002,100.0
2026-05-30 13:30:00+00:00,001,5.1645,100.26499999999999,2.2092,0.7836000000000001,100.0
2026-05-30 13:40:00+00:00,001,5.171,100.45750000000001,2.21685,0.78305,100.0
2026-05-30 13:50:00+00:00,001,5.1475,99.415,2.2177,0.7812,100.0
2026-05-30 14:00:00+00:00,001,5.1765,100.35199999999999,2.20615,0.7802499999999999,100.0
2026-05-30 14:10:00+00:00,001,5.155999999999999,99.58649999999999,2.2109,0.7785500000000001,100.0
2026-05-30 14:20:00+00:00,001,5.1625,99.88349999999998,2.2156,0.7797,100.0
2026-05-30 14:30:00+00:00,001,5.1754999999999995,100.3945,2.2196500000000006,0.7806500000000002,100.0
2026-05-30 14:40:00+00:00,001,5.177499999999999,100.51199999999999,2.2118,0.7815000000000001,100.0
2026-05-30 14:50:00+00:00,001,5.14,99.43599999999999,2.2139499999999996,0.7800000000000001,100.0
2026-05-30 15:00:00+00:00,001,5.152499999999999,99.72349999999999,2.21915,0.7805,100.0
2026-05-30 15:10:00+00:00,001,5.170499999999999,100.3415,2.21815,0.7821,100.0
2026-05-30 15:20:00+00:00,001,5.156999999999998,99.83,2.2135499999999992,0.78155,100.0
2026-05-30 15:30:00+00:00,001,5.158499999999999,99.8205,2.21315,0.7815,100.0
2026-05-30 15:40:00+00:00,001,5.161999999999998,99.9265,2.2102500000000003,0.7808499999999999,100.0
2026-05-30 15:50:00+00:00,001,5.165,99.94899999999998,2.216,0.7811000000000001,100.0
2026-05-30 16:00:00+00:00,001,5.172,100.02449999999996,2.2204500000000005,0.78095,100.0
2026-05-30 16:10:00+00:00,001,5.165,99.82150000000001,2.22445,0.78415,100.0
2026-05-30 16:20:00+00:00,001,5.170499999999999,99.9265,2.21655,0.7801000000000002,100.0
2026-05-30 16:30:00+00:00,001,5.193,100.7175,2.2156499999999997,0.77995,100.0
2026-05-30 16:40:00+00:00,001,5.170499999999999,99.86449999999999,2.2228000000000003,0.78135,100.0
2026-05-30 16:50:00+00:00,001,5.1755,100.02250000000001,2.2202,0.7786,100.0
2026-05-30 17:00:00+00:00,001,5.169499999999999,99.91700000000002,2.2136000000000005,0.7772499999999999,100.0
2026-05-30 17:10:00+00:00,001,5.176499999999999,99.92600000000002,2.2231,0.7767999999999999,100.0
2026-05-30 17:20:00+00:00,001,5.180999999999998,100.13950000000001,2.2189,0.77635,100.0
2026-05-30 17:30:00+00:00,001,5.185499999999998,100.28800000000001,2.2109,0.7767,100.0
2026-05-30 17:40:00+00:00,001,5.662857142857143,115.95964285714285,2.3488928571428573,0.7902142857142856,116.07142857142857
2026-05-30 17:50:00+00:00,001,5.9473333333333285,124.91291666666663,2.423516666666667,0.7934916666666663,125.0
2026-05-30 18:00:00+00:00,001,5.949915966386554,124.78941176470585,2.410546218487396,0.784764705882353,125.0
2026-05-30 18:10:00+00:00,001,5.966499999999995,125.20641666666651,2.411566666666666,0.7859083333333337,125.0
2026-05-30 18:20:00+00:00,001,5.956833333333328,124.7973333333331,2.4132583333333333,0.7873666666666671,125.0
2026-05-30 18:30:00+00:00,001,5.969416666666665,125.19116666666658,2.4106583333333322,0.7854333333333335,125.0
2026-05-30 18:40:00+00:00,001,5.970168067226886,125.08890756302517,2.4195462184873953,0.7925882352941176,125.0
2026-05-30 18:50:00+00:00,001,5.9719999999999995,125.06875000000004,2.4228500000000017,0.7982916666666668,125.0
2026-05-30 19:00:00+00:00,001,5.970499999999998,124.88666666666671,2.412591666666665,0.7859666666666668,125.0
2026-05-30 19:10:00+00:00,001,5.9687499999999964,124.72375000000001,2.427025,0.8005250000000003,125.0
2026-05-30 19:20:00+00:00,001,5.98470588235294,125.26016806722687,2.4129495798319325,0.7812100840336139,125.0
2026-05-30 19:30:00+00:00,001,5.980250000000002,124.98908333333334,2.407816666666668,0.7809250000000004,125.0
2026-05-30 19:40:00+00:00,001,5.9729166666666655,124.61883333333334,2.406866666666666,0.7799000000000006,125.0
2026-05-30 19:50:00+00:00,001,5.977999999999997,124.83708333333334,2.4091833333333317,0.7803166666666671,125.0
2026-05-30 20:00:00+00:00,001,5.984453781512606,124.94731092436977,2.4080084033613445,0.7817983193277314,125.0
2026-05-30 20:10:00+00:00,001,5.982833333333335,124.82191666666672,2.4083999999999985,0.7835250000000005,125.0
2026-05-30 20:20:00+00:00,001,5.978666666666666,124.68141666666666,2.412108333333333,0.7837500000000002,125.0
2026-05-30 20:30:00+00:00,001,5.982833333333334,124.87300000000002,2.4130333333333325,0.7836500000000002,125.0
2026-05-30 20:40:00+00:00,001,5.98563025210084,124.86840336134462,2.410378151260504,0.7842268907563027,125.0
2026-05-30 20:50:00+00:00,001,5.986999999999998,124.9585833333334,2.4107666666666665,0.7830000000000003,125.0
2026-05-30 21:00:00+00:00,001,5.993083333333333,125.04066666666672,2.4082416666666666,0.7818250000000003,125.0
2026-05-30 21:10:00+00:00,001,5.992749999999998,124.94191666666671,2.409133333333332,0.7819333333333336,125.0
2026-05-30 21:20:00+00:00,001,6.002184873949582,125.13243697479,2.409974789915965,0.7815210084033621,125.0
2026-05-30 21:30:00+00:00,001,5.994166666666668,124.72141666666671,2.410583333333333,0.7805583333333337,125.0
2026-05-30 21:40:00+00:00,001,6.000666666666669,124.86733333333335,2.406725,0.7789750000000009,125.0
2026-05-30 21:50:00+00:00,001,6.002250000000002,124.83016666666668,2.404925000000001,0.7780250000000009,125.0
2026-05-30 22:00:00+00:00,001,6.015042016806722,125.14042016806714,2.4095378151260496,0.7784705882352944,125.0
2026-05-30 22:10:00+00:00,001,6.009083333333335,124.82291666666671,2.4097583333333343,0.779400000000001,125.0
2026-05-30 22:20:00+00:00,001,6.008999999999999,124.78550000000008,2.405324999999999,0.7790916666666673,125.0
2026-05-30 22:30:00+00:00,001,6.024416666666667,125.37483333333333,2.407016666666667,0.7793916666666674,125.0
2026-05-30 22:40:00+00:00,001,6.025042016806725,125.16470588235288,2.4124117647058814,0.7801932773109255,125.0
2026-05-30 22:50:00+00:00,001,6.025416666666671,125.07983333333328,2.407275,0.7821083333333336,125.0
2026-05-30 23:00:00+00:00,001,6.03066666666667,125.28583333333331,2.4085916666666662,0.7840250000000001,125.0
2026-05-30 23:10:00+00:00,001,6.007333333333332,124.56291666666677,2.4157750000000004,0.7926500000000003,125.0
2026-05-30 23:20:00+00:00,001,6.024621848739497,125.18773109243698,2.4216218487394965,0.8002521008403365,125.0
2026-05-30 23:30:00+00:00,001,6.017916666666667,125.01325000000006,2.4200833333333334,0.8027083333333337,125.0
2026-05-30 23:40:00+00:00,001,6.020833333333335,125.0160833333333,2.4204666666666665,0.8041333333333341,125.0
2026-05-30 23:50:00+00:00,001,6.016083333333336,124.91750000000012,2.4198333333333326,0.8063416666666672,125.0
2026-05-31 00:00:00+00:00,001,6.017478991596638,124.84588235294116,2.422302521008402,0.8096050420168075,125.0
2026-05-31 00:10:00+00:00,001,6.025166666666673,125.09558333333332,2.420441666666665,0.8078166666666675,125.0
2026-05-31 00:20:00+00:00,001,6.026333333333335,125.18783333333336,2.420283333333333,0.8089500000000004,125.0
2026-05-31 00:30:00+00:00,001,6.034500000000003,125.43475000000007,2.4154916666666657,0.8069583333333344,125.0
2026-05-31 00:40:00+00:00,001,6.021428571428573,125.01025210084039,2.412008403361344,0.8052268907563032,125.0
2026-05-31 00:50:00+00:00,001,6.019666666666674,124.88666666666664,2.413999999999999,0.8111499999999995,125.0
2026-05-31 01:00:00+00:00,001,6.009749999999999,124.58641666666671,2.4139333333333326,0.8156499999999997,125.0
2026-05-31 01:10:00+00:00,001,6.025583333333341,125.11441666666676,2.4175500000000003,0.8226333333333335,125.0
2026-05-31 01:20:00+00:00,001,6.0284166666666685,125.09625000000007,2.4169750000000003,0.8264249999999994,125.0
2026-05-31 01:30:00+00:00,001,6.016302521008404,124.6827731092437,2.414252100840336,0.8287394957983184,125.0
2026-05-31 01:40:00+00:00,001,6.02758333333334,124.79774999999994,2.4169583333333335,0.8314249999999994,125.0
2026-05-31 01:50:00+00:00,001,6.031333333333338,124.73499999999993,2.4159333333333337,0.8342583333333327,125.0
2026-05-31 02:00:00+00:00,001,6.029243697478999,124.59327731092432,2.4149327731092427,0.8367731092436973,125.0
2026-05-31 02:10:00+00:00,001,6.034250000000005,124.76633333333328,2.4149,0.8378166666666661,125.0
2026-05-31 02:20:00+00:00,001,6.0380000000000065,124.76499999999997,2.414025,0.8359833333333326,125.0
2026-05-31 02:30:00+00:00,001,6.049416666666672,124.84283333333347,2.414875,0.8370083333333332,125.0
2026-05-31 02:40:00+00:00,001,6.065042016806723,125.27386554621856,2.4134789915966373,0.8405882352941175,125.0
2026-05-31 02:50:00+00:00,001,6.053666666666673,124.95766666666674,2.413716666666667,0.8402666666666662,125.0
2026-05-31 03:00:00+00:00,001,6.061666666666671,125.26366666666682,2.415516666666667,0.8392249999999993,125.0
2026-05-31 03:10:00+00:00,001,6.061250000000003,125.04833333333342,2.415733333333333,0.8389583333333329,125.0
2026-05-31 03:20:00+00:00,001,6.053277310924373,124.76277310924382,2.414084033613445,0.8386806722689071,125.0
2026-05-31 03:30:00+00:00,001,6.065000000000004,125.07091666666672,2.4155,0.8427416666666663,125.0
2026-05-31 03:40:00+00:00,001,6.063166666666669,125.01600000000002,2.416158333333334,0.8414416666666663,125.0
2026-05-31 03:50:00+00:00,001,6.068750000000002,125.26891666666674,2.413025,0.843133333333333,125.0
2026-05-31 04:00:00+00:00,001,6.055462184873951,124.9171428571428,2.4118655462184866,0.8430504201680664,125.0
2026-05-31 04:10:00+00:00,001,6.051916666666668,124.72449999999996,2.415358333333334,0.8410249999999996,125.0
2026-05-31 04:20:00+00:00,001,6.063500000000002,124.97725000000018,2.4142333333333332,0.8436833333333329,125.0
2026-05-31 04:30:00+00:00,001,6.070083333333341,125.0990000000002,2.4142583333333323,0.8435166666666662,125.0
2026-05-31 04:40:00+00:00,001,6.068067226890759,125.09008403361359,2.4128991596638647,0.842050420168067,125.0
2026-05-31 04:50:00+00:00,001,6.06658333333334,124.8777500000001,2.410325,0.8421749999999991,125.0
2026-05-31 05:00:00+00:00,001,6.083,125.06624999999994,2.410391666666667,0.8421666666666664,125.0
2026-05-31 05:10:00+00:00,001,6.078416666666668,125.09408333333344,2.4116166666666663,0.8414749999999994,125.0
2026-05-31 05:20:00+00:00,001,6.0826890756302525,125.23235294117653,2.4119915966386554,0.8386386554621846,125.0
2026-05-31 05:30:00+00:00,001,6.072583333333336,124.7366666666667,2.4100166666666656,0.837258333333333,125.0
2026-05-31 05:40:00+00:00,001,6.083000000000002,125.03591666666665,2.4115583333333332,0.8349333333333326,125.0
2026-05-31 05:50:00+00:00,001,6.0820000000000025,125.0526666666668,2.4105166666666675,0.8339916666666661,125.0
2026-05-31 06:00:00+00:00,001,6.092268907563029,125.2874789915968,2.4092436974789915,0.831831932773109,125.0
2026-05-31 06:10:00+00:00,001,6.081833333333338,124.87325000000008,2.4087833333333326,0.8189416666666667,125.0
2026-05-31 06:20:00+00:00,001,6.07858333333334,124.73841666666667,2.4085249999999983,0.8112583333333325,125.0
2026-05-31 06:30:00+00:00,001,6.094083333333343,125.10575000000014,2.4088833333333333,0.7961500000000006,125.0
2026-05-31 06:40:00+00:00,001,6.096386554621856,125.05663865546227,2.4084621848739505,0.7771512605042019,125.0
2026-05-31 06:50:00+00:00,001,6.095416666666677,125.08816666666677,2.4093916666666666,0.8135833333333334,125.0
2026-05-31 07:00:00+00:00,001,6.084083333333339,124.79066666666658,2.406008333333333,0.9390833333333323,125.0
2026-05-31 07:10:00+00:00,001,6.092500000000007,124.84333333333348,2.407583333333333,0.9695333333333324,125.0
2026-05-31 07:20:00+00:00,001,6.101176470588241,125.07277310924378,2.410100840336135,0.9888823529411754,125.0
2026-05-31 07:30:00+00:00,001,6.1019166666666615,125.11391666666661,2.4153583333333333,0.9895083333333333,125.0
2026-05-31 07:40:00+00:00,001,6.0972499999999945,124.97274999999995,2.413116666666667,0.9929333333333332,125.0
2026-05-31 07:50:00+00:00,001,6.090756302521004,124.69840336134453,2.4054873949579827,0.9787983193277304,125.0
2026-05-31 08:00:00+00:00,001,6.100833333333332,125.16441666666661,2.409391666666666,0.9699999999999994,125.0
2026-05-31 08:10:00+00:00,001,6.091166666666661,125.03591666666675,2.4106583333333345,0.9629166666666663,125.0
2026-05-31 08:20:00+00:00,001,6.092166666666659,125.00266666666671,2.4078,0.9539833333333332,125.0
2026-05-31 08:30:00+00:00,001,6.095210084033608,124.94823529411758,2.4036470588235277,0.9470672268907554,125.0
2026-05-31 08:40:00+00:00,001,6.091416666666661,124.66883333333332,2.4069333333333325,0.893908333333333,125.0
2026-05-31 08:50:00+00:00,001,6.09491666666666,124.76683333333337,2.4058333333333337,0.8488499999999994,125.0
2026-05-31 09:00:00+00:00,001,6.110666666666662,125.03933333333339,2.4016416666666673,0.8463833333333327,125.0
2026-05-31 09:10:00+00:00,001,6.112268907563018,125.0321008403363,2.4010756302521012,0.8436386554621846,125.0
2026-05-31 09:20:00+00:00,001,6.1197499999999945,125.07533333333348,2.397766666666667,0.8396416666666657,125.0
2026-05-31 09:30:00+00:00,001,6.119333333333331,124.97424999999997,2.3977666666666653,0.8348833333333332,125.0
2026-05-31 09:40:00+00:00,001,6.122083333333336,125.07441666666672,2.397,0.8327833333333331,125.0
2026-05-31 09:50:00+00:00,001,6.119579831932778,124.95991596638655,2.3963865546218472,0.8305714285714284,125.0
2026-05-31 10:00:00+00:00,001,6.12208333333334,124.90316666666656,2.3954916666666652,0.8274499999999992,125.0
2026-05-31 10:10:00+00:00,001,6.133916666666678,125.21199999999999,2.393941666666666,0.8235583333333326,125.0
2026-05-31 10:20:00+00:00,001,6.115583333333338,124.85674999999995,2.3933499999999994,0.8203416666666665,125.0
2026-05-31 10:30:00+00:00,001,6.122689075630254,124.92563025210069,2.3942016806722672,0.8183697478991596,125.0
2026-05-31 10:40:00+00:00,001,6.13,125.25316666666664,2.3933083333333327,0.8163499999999992,125.0
2026-05-31 10:50:00+00:00,001,6.140750000000003,125.38050000000003,2.390841666666665,0.8138083333333329,125.0
2026-05-31 11:00:00+00:00,001,6.125833333333343,125.07675000000002,2.3919833333333327,0.813874999999999,125.0
2026-05-31 11:10:00+00:00,001,6.123193277310932,124.82924369747901,2.391630252100841,0.8122941176470597,125.0
2026-05-31 11:20:00+00:00,001,6.131250000000008,124.90833333333332,2.3880666666666652,0.8091166666666675,125.0
2026-05-31 11:30:00+00:00,001,6.136666666666674,125.19691666666671,2.3901333333333317,0.8075000000000007,125.0
2026-05-31 11:40:00+00:00,001,6.1232500000000005,124.9195833333334,2.3880166666666662,0.8085333333333341,125.0
2026-05-31 11:50:00+00:00,001,6.124537815126055,125.00319327731097,2.3934369747899145,0.8077815126050428,125.0
2026-05-31 12:00:00+00:00,001,6.123166666666664,124.89558333333325,2.3926583333333324,0.8087916666666677,125.0
2026-05-31 12:10:00+00:00,001,6.1171666666666615,124.8990833333334,2.3910166666666663,0.8101416666666682,125.0
2026-05-31 12:20:00+00:00,001,6.123166666666665,125.13941666666675,2.391133333333333,0.8107333333333336,125.0
2026-05-31 12:30:00+00:00,001,6.113025210084028,124.72890756302525,2.3913361344537813,0.8090336134453792,125.0
2026-05-31 12:40:00+00:00,001,6.1110833333333305,124.83241666666679,2.388883333333334,0.8087083333333341,125.0
2026-05-31 12:50:00+00:00,001,6.1124166666666655,124.82116666666666,2.391416666666666,0.8107250000000009,125.0
2026-05-31 13:00:00+00:00,001,6.124166666666669,124.99766666666662,2.3906499999999995,0.8102750000000006,125.0
2026-05-31 13:10:00+00:00,001,6.137731092436978,125.41336134453778,2.390605042016806,0.8085630252100845,125.0
2026-05-31 13:20:00+00:00,001,6.127916666666668,124.99174999999998,2.3940916666666654,0.8089166666666674,125.0
2026-05-31 13:30:00+00:00,001,6.121666666666668,124.87191666666662,2.3898583333333336,0.806258333333334,125.0
2026-05-31 13:40:00+00:00,001,6.13747899159664,125.2540336134453,2.3902689075630237,0.8083361344537817,125.0
2026-05-31 13:50:00+00:00,001,6.1312500000000005,124.98183333333333,2.3924999999999996,0.8068916666666675,125.0
2026-05-31 14:00:00+00:00,001,6.1366666666666605,125.05174999999996,2.3936916666666677,0.804341666666667,125.0
2026-05-31 14:10:00+00:00,001,6.137083333333323,125.12708333333333,2.387066666666667,0.8013666666666669,125.0
2026-05-31 14:20:00+00:00,001,6.135042016806714,124.92218487394949,2.390361344537815,0.8007058823529416,125.0
2026-05-31 14:30:00+00:00,001,6.13516666666666,124.94249999999998,2.393783333333334,0.8006750000000004,125.0
2026-05-31 14:40:00+00:00,001,6.13349999999999,124.7045000000001,2.390366666666667,0.799341666666667,125.0
2026-05-31 14:50:00+00:00,001,6.153999999999995,125.29550000000015,2.3911333333333338,0.7984166666666673,125.0
2026-05-31 15:00:00+00:00,001,6.148235294117644,125.11344537815127,2.390957983193277,0.7983949579831937,125.0
2026-05-31 15:10:00+00:00,001,6.142999999999993,124.87466666666677,2.3905999999999996,0.7975666666666664,125.0
2026-05-31 15:20:00+00:00,001,6.159083333333328,125.20575000000001,2.3899083333333313,0.7977583333333336,125.0
2026-05-31 15:30:00+00:00,001,6.154249999999996,124.91791666666663,2.3905666666666665,0.7971833333333334,125.0
2026-05-31 15:40:00+00:00,001,6.158319327731093,125.07890756302515,2.3913445378151246,0.7960000000000005,125.0
2026-05-31 15:50:00+00:00,001,6.156416666666663,124.97150000000003,2.390549999999999,0.7959666666666674,125.0
2026-05-31 16:00:00+00:00,001,6.161166666666665,124.9265,2.388166666666666,0.7955333333333333,125.0
2026-05-31 16:10:00+00:00,001,6.1674999999999995,124.92816666666673,2.3877666666666646,0.7941000000000004,125.0
2026-05-31 16:20:00+00:00,001,6.169243697478992,125.01109243697489,2.387218487394957,0.7945378151260503,125.0
2026-05-31 16:30:00+00:00,001,6.168249999999996,124.87041666666677,2.3846416666666665,0.7932250000000002,125.0
2026-05-31 16:40:00+00:00,001,6.16883333333333,124.99733333333346,2.385358333333333,0.7904833333333336,125.0
2026-05-31 16:50:00+00:00,001,6.168666666666659,124.93183333333327,2.3849666666666662,0.7880500000000004,125.0
2026-05-31 17:00:00+00:00,001,6.17411764705882,125.07613445378146,2.3833109243697486,0.7866050420168067,125.0
2026-05-31 17:10:00+00:00,001,6.167666666666658,124.86716666666663,2.3837416666666664,0.7864000000000003,125.0
2026-05-31 17:20:00+00:00,001,6.170583333333326,124.90233333333329,2.3791583333333333,0.7846333333333336,125.0
2026-05-31 17:30:00+00:00,001,6.178999999999992,125.02891666666655,2.3805333333333327,0.7850250000000003,125.0
2026-05-31 17:40:00+00:00,001,6.179075630252093,125.12857142857125,2.379941176470588,0.7844705882352943,125.0
2026-05-31 17:50:00+00:00,001,6.174666666666659,124.91099999999979,2.379533333333334,0.783475,125.0
2026-05-31 18:00:00+00:00,001,6.169249999999991,124.66133333333323,2.3797250000000014,0.7807250000000008,125.0
2026-05-31 18:10:00+00:00,001,6.184249999999992,125.14816666666655,2.375908333333334,0.7771583333333338,125.0
2026-05-31 18:20:00+00:00,001,6.175462184873946,125.04025210084029,2.376201680672268,0.7734789915966392,125.0
2026-05-31 18:30:00+00:00,001,6.180416666666659,124.96599999999994,2.379341666666668,0.7810583333333336,125.0
2026-05-31 18:40:00+00:00,001,6.195499999999993,125.23950000000005,2.3844916666666665,0.7835250000000002,125.0
2026-05-31 18:50:00+00:00,001,6.188655462184869,125.0194117647059,2.383546218487395,0.7850420168067231,125.0
2026-05-31 19:00:00+00:00,001,6.18758333333333,125.1404166666666,2.3818333333333332,0.7816500000000005,125.0
2026-05-31 19:10:00+00:00,001,6.183999999999995,124.88216666666668,2.383508333333331,0.7830000000000003,125.0
2026-05-31 19:20:00+00:00,001,6.177499999999996,124.73149999999997,2.3843833333333335,0.7829833333333334,125.0
2026-05-31 19:30:00+00:00,001,6.178319327731085,124.92722689075616,2.3824033613445383,0.7830252100840336,125.0
2026-05-31 19:40:00+00:00,001,6.173249999999996,124.81366666666649,2.3852999999999995,0.7863166666666666,125.0
2026-05-31 19:50:00+00:00,001,6.171333333333326,124.98291666666655,2.387425,0.7877666666666667,125.0
2026-05-31 20:00:00+00:00,001,6.175083333333324,125.01574999999987,2.3955333333333333,0.7894666666666673,125.0
2026-05-31 20:10:00+00:00,001,6.171260504201675,124.89546218487378,2.3982184873949572,0.7847310924369749,125.0
2026-05-31 20:20:00+00:00,001,6.17391666666666,124.9098333333332,2.400758333333333,0.7845500000000002,125.0
2026-05-31 20:30:00+00:00,001,6.164499999999992,124.75941666666651,2.4008749999999996,0.7852833333333334,125.0
2026-05-31 20:40:00+00:00,001,6.172583333333324,124.9038333333332,2.402108333333333,0.783866666666667,125.0
2026-05-31 20:50:00+00:00,001,6.176638655462178,125.09739495798306,2.4033949579831924,0.7834117647058823,125.0
2026-05-31 21:00:00+00:00,001,6.168833333333326,125.11183333333317,2.4192249999999986,0.7917500000000006,125.0
2026-05-31 21:10:00+00:00,001,6.1714166666666594,125.0679166666664,2.4094916666666673,0.788441666666667,125.0
2026-05-31 21:20:00+00:00,001,6.163833333333329,125.02174999999993,2.4099833333333325,0.7867083333333335,125.0
2026-05-31 21:30:00+00:00,001,6.158235294117641,125.02991596638645,2.4150588235294124,0.7914201680672273,125.0
2026-05-31 21:40:00+00:00,001,6.157999999999996,124.98699999999998,2.4240750000000006,0.8017083333333338,125.0
2026-05-31 21:50:00+00:00,001,6.153499999999993,124.96099999999998,2.4250666666666656,0.8010833333333335,125.0
2026-05-31 22:00:00+00:00,001,6.155999999999993,124.94249999999994,2.4219083333333327,0.8001083333333339,125.0
2026-05-31 22:10:00+00:00,001,6.153781512605037,124.87243697478979,2.424142857142858,0.799680672268908,125.0
2026-05-31 22:20:00+00:00,001,6.155166666666663,124.84216666666659,2.422358333333333,0.79945,125.0
2026-05-31 22:30:00+00:00,001,6.158249999999997,124.9484999999999,2.423049999999999,0.7998999999999997,125.0
2026-05-31 22:40:00+00:00,001,6.151666666666661,124.84466666666665,2.4228166666666664,0.7999500000000003,125.0
2026-05-31 22:50:00+00:00,001,6.145966386554619,124.78882352941172,2.4240504201680686,0.7999831932773114,125.0
2026-05-31 23:00:00+00:00,001,6.1364999999999945,124.96549999999998,2.424533333333334,0.8007583333333343,125.0
2026-05-31 23:10:00+00:00,001,6.136083333333327,124.87449999999998,2.42435,0.8017166666666671,125.0
2026-05-31 23:20:00+00:00,001,6.143249999999995,125.01733333333344,2.4247916666666662,0.8032333333333334,125.0
2026-05-31 23:30:00+00:00,001,6.140672268907558,124.92831932773109,2.424134453781512,0.8043697478991605,125.0
2026-05-31 23:40:00+00:00,001,6.141833333333329,125.06041666666657,2.4087499999999986,0.7914166666666671,125.0
2026-05-31 23:50:00+00:00,001,6.1333333333333275,124.90466666666673,2.408741666666666,0.7923833333333333,125.0
2026-06-01 00:00:00+00:00,001,6.129749999999993,124.8430000000002,2.409158333333333,0.7954166666666675,125.0
2026-06-01 00:10:00+00:00,001,6.131344537815118,125.00243697478989,2.4087647058823505,0.7966134453781514,125.0
2026-06-01 00:20:00+00:00,001,6.124999999999995,124.8963333333334,2.4104500000000018,0.7983916666666673,125.0
2026-06-01 00:30:00+00:00,001,6.13091666666666,124.98075000000007,2.4094416666666665,0.8014833333333334,125.0
2026-06-01 00:40:00+00:00,001,6.135833333333327,125.04591666666676,2.4136916666666663,0.8066749999999999,125.0
2026-06-01 00:50:00+00:00,001,6.139579831932765,125.02672268907574,2.4076722689075627,0.8018151260504199,125.0
2026-06-01 01:00:00+00:00,001,6.135333333333326,125.00558333333353,2.4038083333333313,0.8005833333333335,125.0
2026-06-01 01:10:00+00:00,001,6.137083333333323,124.90475,2.4090166666666666,0.808433333333334,125.0
2026-06-01 01:20:00+00:00,001,6.139831932773099,124.9267226890758,2.4208655462184865,0.8200756302521007,125.0
2026-06-01 01:30:00+00:00,001,6.140249999999992,125.07000000000014,2.4145500000000015,0.8163083333333325,125.0
2026-06-01 01:40:00+00:00,001,6.133166666666656,124.97091666666671,2.4073416666666674,0.817049999999999,125.0
2026-06-01 01:50:00+00:00,001,6.140749999999987,125.13025000000006,2.410383333333333,0.823225,125.0
2026-06-01 02:00:00+00:00,001,6.137058823529401,124.9215126050421,2.408336134453781,0.8234033613445376,125.0
2026-06-01 02:10:00+00:00,001,6.149499999999991,124.96675000000005,2.408283333333334,0.8234916666666664,125.0
2026-06-01 02:20:00+00:00,001,6.143166666666657,124.83725000000001,2.4079583333333328,0.8259916666666658,125.0
2026-06-01 02:30:00+00:00,001,6.157999999999991,125.03366666666669,2.4132333333333325,0.8314333333333331,125.0
2026-06-01 02:40:00+00:00,001,6.158907563025199,125.00882352941169,2.407142857142856,0.8301092436974782,125.0
2026-06-01 02:50:00+00:00,001,6.1609999999999925,124.95074999999997,2.4180666666666677,0.8407416666666658,125.0
2026-06-01 03:00:00+00:00,001,6.154083333333324,124.82766666666666,2.4060666666666655,0.8288083333333327,125.0
2026-06-01 03:10:00+00:00,001,6.1632499999999935,124.95958333333327,2.40645,0.8272666666666658,125.0
2026-06-01 03:20:00+00:00,001,6.169999999999993,125.10882352941175,2.4072436974789917,0.8272689075630246,125.0
2026-06-01 03:30:00+00:00,001,6.1724999999999905,125.00874999999999,2.4071583333333324,0.827258333333333,125.0
2026-06-01 03:40:00+00:00,001,6.172833333333326,125.00033333333333,2.4120833333333325,0.8315749999999996,125.0
2026-06-01 03:50:00+00:00,001,6.183999999999989,125.12883333333326,2.4208083333333317,0.8440749999999999,125.0
2026-06-01 04:00:00+00:00,001,6.188487394957982,125.10436974789916,2.419478991596638,0.8369075630252092,125.0
2026-06-01 04:10:00+00:00,001,6.191833333333331,125.17458333333326,2.4059999999999993,0.8251166666666665,125.0
2026-06-01 04:20:00+00:00,001,6.197249999999992,125.17474999999996,2.4082749999999993,0.8253166666666663,125.0
2026-06-01 04:30:00+00:00,001,6.1976666666666596,124.91041666666669,2.4053083333333327,0.8291249999999994,125.0
2026-06-01 04:40:00+00:00,001,6.193781512605041,124.89378151260505,2.407966386554621,0.8284201680672268,125.0
2026-06-01 04:50:00+00:00,001,6.194249999999995,124.92250000000006,2.40155,0.8235999999999997,125.0
2026-06-01 05:00:00+00:00,001,6.208749999999995,125.22358333333335,2.404174999999998,0.8290666666666662,125.0
2026-06-01 05:10:00+00:00,001,6.210666666666663,125.19716666666666,2.406466666666666,0.8331416666666661,125.0
2026-06-01 05:20:00+00:00,001,6.220924369747899,125.41823529411765,2.4096890756302525,0.8330840336134447,125.0
2026-06-01 05:30:00+00:00,001,6.211916666666666,125.00949999999999,2.4046499999999984,0.827033333333333,125.0
2026-06-01 05:40:00+00:00,001,6.208416666666664,124.9213333333334,2.3976666666666664,0.8271999999999997,125.0
2026-06-01 05:50:00+00:00,001,6.20583333333333,124.83091666666661,2.396925,0.8221583333333328,125.0
2026-06-01 06:00:00+00:00,001,6.215750000000001,125.07766666666663,2.3981583333333325,0.8261166666666665,125.0
2026-06-01 06:10:00+00:00,001,6.211176470588234,124.96731092436977,2.401571428571428,0.8258067226890752,125.0
2026-06-01 06:20:00+00:00,001,6.217499999999997,125.09566666666669,2.402758333333333,0.8262083333333329,125.0
2026-06-01 06:30:00+00:00,001,6.221583333333347,125.01275000000005,2.398641666666666,0.8246999999999995,125.0
2026-06-01 06:40:00+00:00,001,6.216333333333342,124.85941666666665,2.4006999999999996,0.8251999999999998,125.0
2026-06-01 06:50:00+00:00,001,6.218235294117649,124.96310924369746,2.400428571428572,0.8063445378151265,125.0
2026-06-01 07:00:00+00:00,001,6.223000000000004,124.94466666666683,2.401558333333334,0.9189666666666665,125.0
2026-06-01 07:10:00+00:00,001,6.2248333333333346,124.98575000000004,2.4026916666666653,0.961133333333333,125.0
2026-06-01 07:20:00+00:00,001,6.225,124.93316666666675,2.4054333333333338,0.9753166666666658,125.0
2026-06-01 07:30:00+00:00,001,6.225630252100837,124.92260504201685,2.4066050420168055,0.9719999999999993,125.0
2026-06-01 07:40:00+00:00,001,6.235499999999991,125.11983333333339,2.407933333333333,0.9716,125.0
2026-06-01 07:50:00+00:00,001,6.236166666666659,125.05916666666671,2.406308333333333,0.9692749999999992,125.0
2026-06-01 08:00:00+00:00,001,6.246333333333325,125.11416666666676,2.407208333333334,0.9669166666666664,125.0
2026-06-01 08:10:00+00:00,001,6.239915966386555,124.92218487394955,2.4052857142857134,0.964218487394958,125.0
2026-06-01 08:20:00+00:00,001,6.2408333333333275,125.12033333333336,2.4061333333333335,0.959258333333333,125.0
2026-06-01 08:30:00+00:00,001,6.238833333333329,125.18583333333332,2.404441666666665,0.9506333333333328,125.0
2026-06-01 08:40:00+00:00,001,6.241833333333334,125.17033333333333,2.404333333333335,0.8813166666666664,125.0
2026-06-01 08:50:00+00:00,001,6.238083333333339,125.00675000000015,2.4058916666666668,0.8369166666666661,125.0
2026-06-01 09:00:00+00:00,001,6.2368067226890735,125.02949579831943,2.4061428571428567,0.8325462184873943,125.0
2026-06-01 09:10:00+00:00,001,6.240999999999996,125.02775000000003,2.4035749999999974,0.8292833333333328,125.0
2026-06-01 09:20:00+00:00,001,6.248666666666663,125.05508333333331,2.4011499999999995,0.8288166666666659,125.0
2026-06-01 09:30:00+00:00,001,6.243166666666677,125.07616666666675,2.400858333333333,0.8253333333333328,125.0
2026-06-01 09:40:00+00:00,001,6.24478991596639,124.95521008403348,2.402336134453781,0.8222352941176468,125.0
2026-06-01 09:50:00+00:00,001,6.235750000000005,124.76666666666668,2.4009916666666666,0.8193499999999998,125.0
2026-06-01 10:00:00+00:00,001,6.244083333333336,124.95858333333328,2.4087749999999994,0.8238166666666661,125.0
2026-06-01 10:10:00+00:00,001,6.249250000000003,124.93899999999998,2.3976916666666668,0.810925000000001,125.0
2026-06-01 10:20:00+00:00,001,6.248487394957987,124.8973109243697,2.3976974789915957,0.8060924369747906,125.0
2026-06-01 10:30:00+00:00,001,6.250583333333333,124.9773333333334,2.397283333333334,0.8059500000000008,125.0
2026-06-01 10:40:00+00:00,001,6.2504166666666565,124.977,2.396241666666667,0.8030749999999998,125.0
2026-06-01 10:50:00+00:00,001,6.257416666666657,125.19958333333327,2.395558333333333,0.8029416666666669,125.0
2026-06-01 11:00:00+00:00,001,6.241583333333328,124.81091666666671,2.393799999999999,0.797408333333334,125.0
2026-06-01 11:10:00+00:00,001,6.246470588235285,124.75848739495797,2.3931596638655472,0.7958907563025212,125.0
2026-06-01 11:20:00+00:00,001,6.255416666666658,124.97974999999994,2.391058333333332,0.7944416666666663,125.0
2026-06-01 11:30:00+00:00,001,6.260083333333329,125.00691666666656,2.3966499999999984,0.7957583333333337,125.0
2026-06-01 11:40:00+00:00,001,6.263583333333332,125.10883333333327,2.3951750000000005,0.7946583333333336,125.0
2026-06-01 11:50:00+00:00,001,6.248487394957991,124.74949579831933,2.3939411764705882,0.7924201680672273,125.0
2026-06-01 12:00:00+00:00,001,6.24883333333334,124.75858333333336,2.3914166666666667,0.7926666666666674,125.0
2026-06-01 12:10:00+00:00,001,6.25833333333334,125.04150000000001,2.395424999999999,0.7929000000000007,125.0
2026-06-01 12:20:00+00:00,001,6.248333333333341,124.86250000000001,2.389808333333333,0.791591666666667,125.0
2026-06-01 12:30:00+00:00,001,6.275000000000005,125.08016666666664,2.3901249999999994,0.7896833333333338,125.0
2026-06-01 12:40:00+00:00,001,6.25579831932774,124.75193277310929,2.388689075630252,0.7890756302521013,125.0
2026-06-01 12:50:00+00:00,001,6.250833333333339,124.79291666666663,2.385941666666666,0.7879166666666669,125.0
2026-06-01 13:00:00+00:00,001,6.27283333333334,125.16599999999998,2.3894583333333315,0.7877083333333331,125.0
2026-06-01 13:10:00+00:00,001,6.259666666666673,124.79174999999981,2.387191666666665,0.7878916666666664,125.0
2026-06-01 13:20:00+00:00,001,6.26294117647059,124.93159663865544,2.3871512605042025,0.7889159663865551,125.0
2026-06-01 13:30:00+00:00,001,6.26941666666667,125.00141666666659,2.3901666666666666,0.787316666666667,125.0
2026-06-01 13:40:00+00:00,001,6.258083333333333,124.98783333333333,2.3902499999999995,0.7850583333333335,125.0
2026-06-01 13:50:00+00:00,001,6.275416666666664,125.0175833333332,2.390241666666666,0.7869416666666672,125.0
2026-06-01 14:00:00+00:00,001,6.278739495798312,125.0418487394958,2.3888571428571406,0.7871680672268913,125.0
2026-06-01 14:10:00+00:00,001,6.277499999999991,124.93916666666661,2.383699999999999,0.7850583333333333,125.0
2026-06-01 14:20:00+00:00,001,6.287916666666661,125.06933333333326,2.386166666666666,0.7872583333333335,125.0
2026-06-01 14:30:00+00:00,001,6.281583333333326,125.00658333333331,2.385874999999999,0.7882416666666667,125.0
2026-06-01 14:40:00+00:00,001,6.274537815126041,124.80571428571432,2.386731092436974,0.7876554621848739,125.0
2026-06-01 14:50:00+00:00,001,6.291666666666656,125.14083333333335,2.3869583333333324,0.7876416666666671,125.0
2026-06-01 15:00:00+00:00,001,6.2834999999999805,124.90900000000008,2.3852249999999997,0.7873000000000004,125.0
2026-06-01 15:10:00+00:00,001,6.287583333333327,124.97066666666667,2.3859750000000006,0.7876416666666671,125.0
2026-06-01 15:20:00+00:00,001,6.28599999999999,124.98841666666668,2.3875416666666647,0.7889250000000003,125.0
2026-06-01 15:30:00+00:00,001,6.281680672268916,124.90983193277316,2.384941176470587,0.7858571428571429,125.0
2026-06-01 15:40:00+00:00,001,6.295416666666668,125.19433333333336,2.3876166666666663,0.7852916666666668,125.0
2026-06-01 15:50:00+00:00,001,6.288916666666671,125.03783333333337,2.3873833333333336,0.7848833333333335,125.0
2026-06-01 16:00:00+00:00,001,6.282499999999994,124.93491666666662,2.3881,0.7846,125.0
2026-06-01 16:10:00+00:00,001,6.286638655462182,124.9752100840336,2.390789915966385,0.7857899159663867,125.0
2026-06-01 16:20:00+00:00,001,6.282999999999999,124.92091666666666,2.390683333333333,0.7880333333333337,125.0
2026-06-01 16:30:00+00:00,001,6.294166666666664,125.15125000000009,2.392658333333333,0.7898583333333338,125.0
2026-06-01 16:40:00+00:00,001,6.296166666666675,124.9731666666667,2.3946833333333335,0.7903166666666664,125.0
2026-06-01 16:50:00+00:00,001,8.011075268817208,175.96215053763441,2.650505376344086,1.2029569892473118,124.73118279569893
2026-06-01 17:00:00+00:00,001,7.214500000000001,150.35250000000002,1.8489,0.24444999999999997,150.0
2026-06-01 17:10:00+00:00,001,7.1949999999999985,150.053,1.8336999999999997,0.3053,150.0
2026-06-01 17:20:00+00:00,001,7.2005,150.214,2.12395,0.4604000000000001,150.0
2026-06-01 17:30:00+00:00,001,7.190500000000002,149.722,2.11795,0.47544999999999993,150.0
2026-06-01 17:40:00+00:00,001,7.191999999999998,149.64850000000004,2.113,0.4695999999999999,150.0
2026-06-01 17:50:00+00:00,001,7.2125,149.77800000000002,1.7051000000000003,1.5136,150.0
2026-06-01 18:00:00+00:00,001,7.2265,150.02200000000002,2.07965,0.44630000000000003,150.0
2026-06-01 18:10:00+00:00,001,7.233500000000001,149.92599999999996,2.073,0.43884999999999996,150.0
2026-06-01 18:20:00+00:00,001,7.249,150.0845,2.0671500000000003,0.4325,150.0
2026-06-01 18:30:00+00:00,001,7.2509999999999994,150.0955,2.0584499999999997,0.42205000000000004,150.0
2026-06-01 18:40:00+00:00,001,7.251,150.05199999999996,2.0415,0.41269999999999996,150.0
2026-06-01 18:50:00+00:00,001,7.25,149.94749999999996,2.0359499999999993,0.4091,150.0
2026-06-01 19:00:00+00:00,001,7.2645,150.23399999999998,2.046,0.41434999999999994,150.0
2026-06-01 19:10:00+00:00,001,7.257878787878789,150.0466666666666,2.041333333333334,0.4107575757575758,150.0
2026-06-01 19:20:00+00:00,001,7.2523333333333335,149.7953333333333,2.038583333333333,0.4108749999999998,150.0
2026-06-01 19:30:00+00:00,001,7.263166666666664,149.85116666666661,2.039125,0.4113999999999998,150.0
2026-06-01 19:40:00+00:00,001,7.268416666666666,149.93341666666674,2.041225,0.41305833333333297,150.0
2026-06-01 19:50:00+00:00,001,7.275798319327727,149.89680672268912,2.0383193277310925,0.4128739495798319,150.0
2026-06-01 20:00:00+00:00,001,7.2766666666666655,149.89541666666665,2.041025,0.4134166666666666,150.0
2026-06-01 20:10:00+00:00,001,7.278416666666664,149.94775000000007,2.042875000000001,0.4141333333333332,150.0
2026-06-01 20:20:00+00:00,001,7.288991596638655,150.05823529411757,2.0422773109243697,0.41374789915966376,150.0
2026-06-01 20:30:00+00:00,001,7.282333333333331,149.97050000000004,2.035866666666667,0.41022499999999973,150.0
2026-06-01 20:40:00+00:00,001,7.271916666666667,149.92500000000007,2.034108333333333,0.4085583333333329,150.0
2026-06-01 20:50:00+00:00,001,7.279159663865544,149.99084033613445,2.037470588235293,0.41191596638655426,150.0
2026-06-01 21:00:00+00:00,001,7.286666666666663,149.91633333333337,2.0331749999999995,0.4080833333333331,150.0
2026-06-01 21:10:00+00:00,001,7.289499999999996,149.8529999999999,2.0355166666666675,0.41192499999999976,150.0
2026-06-01 21:20:00+00:00,001,7.29833333333333,149.98349999999988,2.0400333333333336,0.4139749999999999,150.0
2026-06-01 21:30:00+00:00,001,7.287478991596635,149.95890756302504,1.9957983193277309,0.3761092436974789,150.0
2026-06-01 21:40:00+00:00,001,7.2970833333333305,150.10325,2.012725,0.3900500000000001,150.0
2026-06-01 21:50:00+00:00,001,7.297333333333327,149.9639166666666,1.982550000000001,0.3659333333333331,150.0
2026-06-01 22:00:00+00:00,001,7.304749999999997,150.02108333333322,1.98495,0.3690666666666667,150.0
2026-06-01 22:10:00+00:00,001,7.302999999999996,149.98683333333327,2.036558333333334,0.4085833333333335,150.0
2026-06-01 22:20:00+00:00,001,7.3131092436974745,149.9597478991597,2.0851596638655465,0.4464201680672272,150.0
2026-06-01 22:30:00+00:00,001,7.323416666666664,150.05000000000004,2.080958333333333,0.4437333333333335,150.0
2026-06-01 22:40:00+00:00,001,7.337499999999996,150.3581666666667,2.054533333333334,0.4187083333333334,150.0
2026-06-01 22:50:00+00:00,001,7.334621848739491,150.0989075630252,1.9527142857142863,0.3401764705882354,150.0
2026-06-01 23:00:00+00:00,001,7.327166666666665,149.77399999999992,1.9473166666666668,0.33639166666666664,150.0
2026-06-01 23:10:00+00:00,001,7.344416666666664,149.91258333333317,1.9553333333333343,0.3445166666666666,150.0
2026-06-01 23:20:00+00:00,001,7.345499999999996,149.90358333333324,1.9722500000000014,0.3599333333333333,150.0
2026-06-01 23:30:00+00:00,001,7.353999999999993,150.10521739130422,1.9818434782608696,0.36509565217391304,150.0
2026-06-01 23:40:00+00:00,001,7.3474166666666605,149.80133333333325,1.98495,0.3700999999999998,150.0
2026-06-01 23:50:00+00:00,001,7.363083333333327,150.10174999999998,1.985191666666667,0.37405833333333327,150.0
2026-06-02 00:00:00+00:00,001,7.361833333333325,150.01375,1.9858083333333338,0.3743666666666669,150.0
2026-06-02 00:10:00+00:00,001,7.365249999999995,150.15758333333312,1.9795583333333338,0.3690083333333333,150.0
2026-06-02 00:20:00+00:00,001,7.374705882352936,150.13378151260514,1.9783613445378156,0.3684453781512603,150.0
2026-06-02 00:30:00+00:00,001,7.385833333333326,149.9886666666668,1.9754500000000002,0.3657166666666667,150.0
2026-06-02 00:40:00+00:00,001,7.384666666666662,149.83833333333328,2.0251333333333332,0.40651666666666675,150.0
2026-06-02 00:50:00+00:00,001,7.394749999999996,150.03958333333335,2.03315,0.41265000000000013,150.0
2026-06-02 01:00:00+00:00,001,7.392941176470583,150.08084033613466,2.02109243697479,0.40385714285714314,150.0
2026-06-02 01:10:00+00:00,001,7.390083333333331,149.98725000000005,2.0025166666666667,0.391975,150.0
2026-06-02 01:20:00+00:00,001,7.395916666666654,150.11441666666676,1.9166083333333321,0.3188083333333332,150.0
2026-06-02 01:30:00+00:00,001,7.39049999999999,149.9076666666666,1.9771166666666653,0.3731416666666668,150.0
2026-06-02 01:40:00+00:00,001,7.394537815126039,149.85781512605038,1.911857142857144,0.3143697478991599,150.0
2026-06-02 01:50:00+00:00,001,7.409999999999991,149.9650833333335,1.8607833333333326,0.26658333333333334,150.0
2026-06-02 02:00:00+00:00,001,7.407916666666659,149.81133333333338,1.8793000000000009,0.2874166666666668,150.0
2026-06-02 02:10:00+00:00,001,7.422833333333327,149.85933333333307,1.8353166666666658,0.23829999999999998,150.0
2026-06-02 02:20:00+00:00,001,7.435652173913034,150.0030434782609,1.8220434782608692,0.22637391304347823,150.0
2026-06-02 02:30:00+00:00,001,7.435249999999997,149.98633333333333,1.6298916666666672,1.5345000000000004,150.0
2026-06-02 02:40:00+00:00,001,7.447583333333329,150.13466666666676,1.6343166666666673,1.4824166666666665,150.0
2026-06-02 02:50:00+00:00,001,7.444033613445371,149.9648739495797,1.6243025210084032,1.7037647058823533,150.0
2026-06-02 03:00:00+00:00,001,7.447749999999997,150.1158333333334,2.3811833333333325,0.6270999999999999,150.0
2026-06-02 03:10:00+00:00,001,7.437749999999998,150.00691666666674,2.3619083333333344,0.6102166666666663,150.0
2026-06-02 03:20:00+00:00,001,7.437083333333329,149.85675,2.363283333333333,0.6135416666666669,150.0
2026-06-02 03:30:00+00:00,001,7.431932773109237,149.9389075630251,2.354747899159664,0.6076134453781508,150.0
2026-06-02 03:40:00+00:00,001,7.43566666666666,149.85441666666654,2.3487500000000003,0.600875,150.0
2026-06-02 03:50:00+00:00,001,7.452666666666664,150.13358333333343,2.3484833333333337,0.6012083333333329,150.0
2026-06-02 04:00:00+00:00,001,7.438916666666657,149.86224999999996,2.3514083333333327,0.600516666666666,150.0
2026-06-02 04:10:00+00:00,001,7.435333333333324,150.08108333333334,2.3440500000000006,0.5956916666666661,150.0
2026-06-02 04:20:00+00:00,001,7.439831932773108,150.03840336134454,2.348487394957982,0.6026722689075626,150.0
2026-06-02 04:30:00+00:00,001,7.446583333333323,150.05799999999996,2.34425,0.5971999999999992,150.0
2026-06-02 04:40:00+00:00,001,7.429333333333329,149.97966666666673,2.2745666666666673,0.5366,150.0
2026-06-02 04:50:00+00:00,001,7.433781512605037,150.11142857142855,2.2469411764705893,0.5188151260504201,150.0
2026-06-02 05:00:00+00:00,001,7.430916666666662,149.96125000000012,2.238991666666668,0.5180750000000002,150.0
2026-06-02 05:10:00+00:00,001,7.439166666666666,150.0078333333334,2.044941666666667,0.42854999999999965,150.0
2026-06-02 05:20:00+00:00,001,7.442416666666659,149.95500000000004,2.01755,0.407391666666667,150.0
2026-06-02 05:30:00+00:00,001,7.456499999999997,150.1168333333332,2.0040500000000003,0.3956916666666669,150.0
2026-06-02 05:40:00+00:00,001,7.44428571428571,149.68739495798314,2.003588235294118,0.39024369747899174,150.0
2026-06-02 05:50:00+00:00,001,7.454083333333332,149.9100833333333,1.9908500000000007,0.37995833333333334,150.0
2026-06-02 06:00:00+00:00,001,7.472916666666665,150.0927499999999,1.9586000000000001,0.35117500000000007,150.0
2026-06-02 06:10:00+00:00,001,7.464583333333334,149.99733333333322,1.9428666666666652,0.3326583333333332,150.0
2026-06-02 06:20:00+00:00,001,7.462521008403362,150.11865546218476,1.9273025210084036,0.3151344537815128,150.0
2026-06-02 06:30:00+00:00,001,7.458000000000002,150.01341666666656,1.919875,0.3000916666666667,150.0
2026-06-02 06:40:00+00:00,001,7.459333333333336,149.8226666666666,1.9083833333333335,0.2713250000000001,150.0
2026-06-02 06:50:00+00:00,001,7.483916666666667,150.18908333333346,1.9056,0.2567083333333334,150.0
2026-06-02 07:00:00+00:00,001,7.467142857142869,149.67563025210083,1.964302521008404,0.42150420168067243,150.0
2026-06-02 07:10:00+00:00,001,7.461250000000001,149.4567500000001,1.9597333333333347,0.4561416666666667,150.0
2026-06-02 07:20:00+00:00,001,7.471833333333335,150.12474999999986,1.9552250000000009,0.4544583333333334,150.0
2026-06-02 07:30:00+00:00,001,7.483583333333334,150.01866666666683,1.9503499999999994,0.4467500000000004,150.0
2026-06-02 07:40:00+00:00,001,7.491260504201683,150.0142016806723,1.9481176470588235,0.4437983193277311,150.0
2026-06-02 07:50:00+00:00,001,7.492833333333337,150.0759166666667,1.941924999999999,0.44263333333333316,150.0
2026-06-02 08:00:00+00:00,001,7.486000000000006,150.0607500000001,1.9387833333333333,0.4371666666666665,150.0
2026-06-02 08:10:00+00:00,001,7.487583333333338,150.00008333333332,1.9197416666666671,0.4269749999999997,150.0
2026-06-02 08:20:00+00:00,001,7.496554621848741,149.99621848739497,1.920075630252101,0.4298655462184871,150.0
2026-06-02 08:30:00+00:00,001,7.493666666666672,149.95033333333328,2.0371583333333336,0.5159833333333335,150.0
2026-06-02 08:40:00+00:00,001,7.48925000000001,149.8122500000001,2.093366666666666,0.5164499999999999,150.0
2026-06-02 08:50:00+00:00,001,7.491083333333344,149.93125,2.0897166666666664,0.49069999999999986,150.0
2026-06-02 09:00:00+00:00,001,7.499663865546225,150.1278151260505,2.080159663865546,0.4820168067226886,150.0
2026-06-02 09:10:00+00:00,001,7.483083333333346,149.9465833333335,2.0717750000000006,0.47554999999999936,150.0
2026-06-02 09:20:00+00:00,001,7.481416666666679,149.8069166666668,2.050408333333333,0.45933333333333326,150.0
2026-06-02 09:30:00+00:00,001,7.492773109243707,150.00823529411775,1.9989411764705887,0.41308403361344564,150.0
2026-06-02 09:40:00+00:00,001,7.485333333333343,150.1671666666667,1.9139750000000002,0.3378500000000002,150.0
2026-06-02 09:50:00+00:00,001,7.481500000000012,149.86299999999994,1.8445249999999997,0.27349166666666674,150.0
2026-06-02 10:00:00+00:00,001,7.4800833333333445,149.9279166666668,1.815908333333333,0.23931666666666687,150.0
2026-06-02 10:10:00+00:00,001,7.481333333333344,149.9096666666666,1.7959999999999996,0.2181833333333332,150.0
2026-06-02 10:20:00+00:00,001,7.483697478991602,150.0315126050421,1.7839075630252101,0.20362184873949596,150.0
2026-06-02 10:30:00+00:00,001,7.477250000000011,149.9700833333333,1.7716499999999995,0.19215000000000007,150.0
2026-06-02 10:40:00+00:00,001,7.463083333333342,149.89866666666663,1.7664583333333328,0.1879833333333333,150.0
2026-06-02 10:50:00+00:00,001,7.475666666666675,149.97608333333343,1.7669333333333321,0.18441666666666656,150.0
2026-06-02 11:00:00+00:00,001,7.475714285714295,150.08445378151262,1.7668907563025202,0.18683193277310933,150.0
2026-06-02 11:10:00+00:00,001,7.456166666666674,150.01758333333316,1.7691333333333328,0.18809166666666668,150.0
2026-06-02 11:20:00+00:00,001,7.461083333333343,150.09700000000015,1.765391666666666,0.18599999999999992,150.0
2026-06-02 11:30:00+00:00,001,7.453416666666675,149.9679166666666,1.7651500000000009,0.18401666666666674,150.0
2026-06-02 11:40:00+00:00,001,7.4516806722689175,149.8631092436975,1.7584537815126047,0.18222689075630247,150.0
2026-06-02 11:50:00+00:00,001,7.439250000000007,149.7627499999999,1.7476416666666672,0.183475,150.0
2026-06-02 12:00:00+00:00,001,7.446166666666674,150.00541666666652,1.7406333333333335,0.18194166666666664,150.0
2026-06-02 12:10:00+00:00,001,7.449075630252111,149.9229411764705,1.7358403361344537,0.18567226890756305,150.0
2026-06-02 12:20:00+00:00,001,7.450000000000009,149.96916666666655,1.7265000000000013,0.19876666666666667,150.0
2026-06-02 12:30:00+00:00,001,7.448750000000012,150.07158333333322,1.718033333333334,0.2312166666666668,150.0
2026-06-02 12:40:00+00:00,001,7.448067226890768,150.2231092436975,1.718386554621849,0.24556302521008405,150.0
2026-06-02 12:50:00+00:00,001,7.439416666666674,150.0031666666666,1.718058333333334,0.2459416666666665,150.0
2026-06-02 13:00:00+00:00,001,7.4345833333333475,149.95799999999994,1.716841666666666,0.24204166666666677,150.0
2026-06-02 13:10:00+00:00,001,7.435126050420177,150.13537815126037,1.7187142857142859,0.22999159663865565,150.0
2026-06-02 13:20:00+00:00,001,7.423333333333341,149.96974999999995,1.7158166666666665,0.23790833333333347,150.0
2026-06-02 13:30:00+00:00,001,7.4273333333333404,149.91866666666652,1.7183083333333333,0.23342500000000005,150.0
2026-06-02 13:40:00+00:00,001,7.4457983193277375,149.980756302521,1.717672268907564,0.2339075630252101,150.0
2026-06-02 13:50:00+00:00,001,7.447833333333339,149.9629166666666,1.7143083333333344,0.24470833333333336,150.0
2026-06-02 14:00:00+00:00,001,7.46516666666668,149.9776666666667,1.7115500000000012,0.2579083333333334,150.0
2026-06-02 14:10:00+00:00,001,7.469579831932786,150.0567226890757,1.7100420168067227,0.27573949579831936,150.0
2026-06-02 14:20:00+00:00,001,7.465750000000013,149.9740000000001,1.7102166666666665,0.29091666666666666,150.0
2026-06-02 14:30:00+00:00,001,7.473500000000016,149.96491666666665,1.6929083333333317,0.4407249999999999,150.0
2026-06-02 14:40:00+00:00,001,7.467899159663882,149.9187394957983,1.6628235294117644,0.7461764705882347,150.0
2026-06-02 14:50:00+00:00,001,7.480333333333347,149.9088333333334,1.6686250000000007,0.6996833333333332,150.0
2026-06-02 15:00:00+00:00,001,7.495916666666675,149.96416666666676,1.6710333333333331,0.6711083333333334,150.0
2026-06-02 15:10:00+00:00,001,7.500168067226902,149.86563025210086,1.6677394957983191,0.7003949579831931,150.0
2026-06-02 15:20:00+00:00,001,7.508750000000008,149.78525,1.6667916666666671,0.7058916666666665,150.0
2026-06-02 15:30:00+00:00,001,7.513750000000007,150.05933333333334,1.6681416666666664,0.7396499999999997,150.0
2026-06-02 15:40:00+00:00,001,7.544333333333336,150.41583333333335,1.6665250000000005,0.7870916666666663,150.0
2026-06-02 15:50:00+00:00,001,7.531848739495801,150.14983193277305,1.656714285714286,0.9122941176470596,150.0
2026-06-02 16:00:00+00:00,001,7.532000000000007,149.71050000000005,1.626858333333334,1.371975,150.0
2026-06-02 16:10:00+00:00,001,7.54533333333334,149.85824999999994,1.6335666666666664,1.3685083333333334,150.0
2026-06-02 16:20:00+00:00,001,7.566000000000004,150.1339166666666,1.6305666666666658,1.3651583333333333,150.0
2026-06-02 16:30:00+00:00,001,7.557250000000007,150.01291666666663,1.6324666666666667,1.3819666666666672,150.0
2026-06-02 16:40:00+00:00,001,7.569075630252108,150.2042016806723,1.6386470588235298,1.273100840336135,150.0
2026-06-02 16:50:00+00:00,001,7.5797500000000015,150.12999999999997,1.6406583333333338,1.2513083333333335,150.0
2026-06-02 17:00:00+00:00,001,7.57491666666667,149.9349999999999,1.6417666666666662,1.2136666666666671,150.0
2026-06-02 17:10:00+00:00,001,7.586666666666671,149.84816666666663,1.641641666666668,1.216791666666666,150.0
2026-06-02 17:20:00+00:00,001,7.593166666666671,149.92058333333335,1.6409166666666668,1.227275,150.0
2026-06-02 17:30:00+00:00,001,7.605250000000006,150.0333333333334,1.6334666666666664,1.360016666666667,150.0
2026-06-02 17:40:00+00:00,001,7.59731092436975,149.87453781512608,1.6123109243697478,1.6608655462184871,150.0
2026-06-02 17:50:00+00:00,001,7.595916666666669,149.83650000000014,1.596591666666666,1.7999583333333327,150.0
2026-06-02 18:00:00+00:00,001,7.604166666666669,149.9349166666667,1.5812833333333325,1.9167749999999988,150.0
2026-06-02 18:10:00+00:00,001,7.600000000000003,149.90208333333342,1.5798999999999996,1.9226333333333332,150.0
2026-06-02 18:20:00+00:00,001,7.590168067226891,149.83613445378154,1.583176470588235,1.9086302521008405,150.0
2026-06-02 18:30:00+00:00,001,7.6052500000000025,150.07800000000006,1.590808333333333,1.8108666666666673,150.0
2026-06-02 18:40:00+00:00,001,7.602000000000002,150.0324166666668,1.6030416666666667,1.764208333333333,150.0
2026-06-02 18:50:00+00:00,001,7.608166666666671,150.06850000000006,1.5731833333333334,1.952391666666666,150.0
2026-06-02 19:00:00+00:00,001,7.618571428571434,149.99319327731092,1.7032352941176467,1.0614453781512612,150.0
2026-06-02 19:10:00+00:00,001,7.621750000000005,149.77416666666676,1.829583333333334,0.23849166666666666,150.0
2026-06-02 19:20:00+00:00,001,7.642666666666669,150.10358333333338,1.816675000000001,0.22405000000000017,150.0
2026-06-02 19:30:00+00:00,001,7.663781512605042,150.2247899159664,1.8083529411764705,0.2159663865546219,150.0
2026-06-02 19:40:00+00:00,001,7.65675,150.0488333333333,1.8102083333333332,0.21859166666666674,150.0
2026-06-02 19:50:00+00:00,001,7.647250000000004,149.75441666666654,1.810866666666666,0.21930000000000005,150.0
2026-06-02 20:00:00+00:00,001,7.672,150.0538333333334,1.8105500000000008,0.2200166666666667,150.0
2026-06-02 20:10:00+00:00,001,7.671260504201682,149.95092436974787,1.810478991596639,0.22018487394957975,150.0
2026-06-02 20:20:00+00:00,001,7.660916666666667,150.00683333333328,1.8128333333333344,0.2197333333333333,150.0
2026-06-02 20:30:00+00:00,001,7.665916666666667,149.98133333333325,1.8096250000000003,0.21773333333333328,150.0
2026-06-02 20:40:00+00:00,001,7.682916666666666,149.9325,1.807791666666666,0.2155833333333333,150.0
2026-06-02 20:50:00+00:00,001,7.689083333333333,149.95541666666662,1.805716666666666,0.21273333333333325,150.0
2026-06-02 21:00:00+00:00,001,7.700420168067226,150.08092436974792,1.8037058823529417,0.21224369747899147,150.0
2026-06-02 21:10:00+00:00,001,7.705333333333333,150.15099999999995,1.8034999999999988,0.21090833333333328,150.0
2026-06-02 21:20:00+00:00,001,7.69475,150.03358333333335,1.8001916666666662,0.20714999999999986,150.0
2026-06-02 21:30:00+00:00,001,7.702916666666665,150.09083333333336,1.7996250000000005,0.2055749999999999,150.0
2026-06-02 21:40:00+00:00,001,7.712184873949577,150.16915966386554,1.7986050420168063,0.20576470588235277,150.0
2026-06-02 21:50:00+00:00,001,7.700499999999999,149.89549999999997,1.7962500000000008,0.2039,150.0
2026-06-02 22:00:00+00:00,001,7.709083333333331,150.1338333333333,1.7919333333333334,0.20021666666666682,150.0
2026-06-02 22:10:00+00:00,001,7.69841666666667,149.84649999999996,1.7915416666666668,0.19912500000000005,150.0
2026-06-02 22:20:00+00:00,001,7.713666666666665,150.1804166666666,1.7848333333333326,0.19404166666666683,150.0
2026-06-02 22:30:00+00:00,001,7.720168067226892,150.353781512605,1.7871008403361335,0.19596638655462198,150.0
2026-06-02 22:40:00+00:00,001,7.705583333333337,150.0395,1.7861833333333328,0.196225,150.0
2026-06-02 22:50:00+00:00,001,7.711333333333332,150.09799999999996,1.7866833333333334,0.19697500000000015,150.0
2026-06-02 23:00:00+00:00,001,7.707833333333329,149.83558333333315,1.7856749999999997,0.20059166666666678,150.0
2026-06-02 23:10:00+00:00,001,7.719083333333335,150.1345833333332,1.7859500000000006,0.19726666666666684,150.0
2026-06-02 23:20:00+00:00,001,7.715666666666665,150.00283333333326,1.790341666666667,0.20371666666666668,150.0
2026-06-02 23:30:00+00:00,001,7.714201680672266,150.13907563025205,1.7899243697478993,0.20110924369747912,150.0
2026-06-02 23:40:00+00:00,001,7.718833333333334,150.10524999999996,1.7773583333333332,0.19265000000000002,150.0
2026-06-02 23:50:00+00:00,001,7.72425,150.1085833333332,1.7702833333333323,0.188775,150.0
2026-06-03 00:00:00+00:00,001,7.747249999999994,150.11725000000018,1.769008333333333,0.1854416666666666,150.0
2026-06-03 00:10:00+00:00,001,7.7356666666666625,150.01999999999992,1.7705499999999996,0.185525,150.0
2026-06-03 00:20:00+00:00,001,7.706134453781511,150.0669747899159,1.773394957983193,0.18718487394957986,150.0
2026-06-03 00:30:00+00:00,001,7.7196666666666625,150.01308333333327,1.7694083333333326,0.18501666666666658,150.0
2026-06-03 00:40:00+00:00,001,7.723083333333331,150.01058333333322,1.7590749999999997,0.18168333333333328,150.0
2026-06-03 00:50:00+00:00,001,7.736974789915961,150.13277310924357,1.7458991596638653,0.18589915966386558,150.0
2026-06-03 01:00:00+00:00,001,7.729083333333333,150.21916666666658,1.7362833333333332,0.20761666666666664,150.0
2026-06-03 01:10:00+00:00,001,7.710916666666664,149.79958333333332,1.7341833333333336,0.2151416666666669,150.0
2026-06-03 01:20:00+00:00,001,7.722941176470585,149.89546218487385,1.7212016806722688,0.30114285714285716,150.0
2026-06-03 01:30:00+00:00,001,7.736999999999991,149.94025000000008,1.6765583333333327,0.7435749999999998,150.0
2026-06-03 01:40:00+00:00,001,7.734249999999994,149.89675000000005,1.6137833333333338,1.5345166666666659,150.0
2026-06-03 01:50:00+00:00,001,7.749166666666662,150.02158333333344,1.6788,0.7504249999999998,150.0
2026-06-03 02:00:00+00:00,001,7.746806722689069,150.11907563025213,1.7185798319327728,0.2777310924369747,150.0
2026-06-03 02:10:00+00:00,001,7.731749999999997,149.92258333333342,1.7217750000000003,0.29266666666666663,150.0
2026-06-03 02:20:00+00:00,001,7.754333333333326,150.08666666666667,1.7167666666666663,0.3003583333333334,150.0
2026-06-03 02:30:00+00:00,001,7.742689075630247,149.93478991596652,1.718495798319328,0.2930336134453781,150.0
2026-06-03 02:40:00+00:00,001,7.747333333333329,150.08958333333345,1.7150666666666667,0.3029666666666666,150.0
2026-06-03 02:50:00+00:00,001,7.728916666666662,149.96899999999994,1.7030750000000003,0.3975250000000001,150.0
2026-06-03 03:00:00+00:00,001,7.739747899159658,150.01100840336142,1.6736890756302518,0.7204453781512605,150.0
2026-06-03 03:10:00+00:00,001,7.725666666666665,149.92958333333323,1.6651499999999997,0.8276166666666659,150.0
2026-06-03 03:20:00+00:00,001,7.721333333333332,150.02491666666663,1.6601666666666663,0.9690999999999991,150.0
2026-06-03 03:30:00+00:00,001,7.732352941176466,150.09764705882347,1.6408655462184871,1.2297563025210085,150.0
2026-06-03 03:40:00+00:00,001,7.722166666666664,149.5866666666668,1.6214416666666667,1.5052166666666666,150.0
2026-06-03 03:50:00+00:00,001,7.729166666666661,149.9669999999998,1.5841833333333335,1.8868416666666668,150.0
2026-06-03 04:00:00+00:00,001,7.727749999999997,150.19433333333328,1.5764666666666662,1.9436083333333338,150.0
2026-06-03 04:10:00+00:00,001,7.7089915966386515,149.79554621848735,1.5769915966386552,1.8792268907563021,150.0
2026-06-03 04:20:00+00:00,001,7.724749999999998,149.9541666666666,1.6431833333333326,1.1507250000000002,150.0
2026-06-03 04:30:00+00:00,001,7.7356666666666625,150.05791666666667,1.6780999999999997,0.6269666666666662,150.0
2026-06-03 04:40:00+00:00,001,7.749999999999992,150.1200000000001,1.6667899159663875,0.7343109243697477,150.0
2026-06-03 04:50:00+00:00,001,7.739333333333329,149.83175000000023,1.6686666666666672,0.73585,150.0
2026-06-03 05:00:00+00:00,001,7.7612499999999915,150.0140833333335,1.6561166666666671,0.9640166666666661,150.0
2026-06-03 05:10:00+00:00,001,7.755999999999992,149.94150000000005,1.6417666666666666,1.1917333333333333,150.0
2026-06-03 05:20:00+00:00,001,7.759831932773101,150.06436974789915,1.632680672268907,1.3545294117647053,150.0
2026-06-03 05:30:00+00:00,001,7.751666666666661,150.0322500000001,1.624424999999999,1.4925000000000004,150.0
2026-06-03 05:40:00+00:00,001,7.759916666666659,149.72033333333323,1.6101583333333334,1.6593000000000004,150.0
2026-06-03 05:50:00+00:00,001,7.782833333333326,149.95725000000007,1.6000416666666668,1.7833666666666659,150.0
2026-06-03 06:00:00+00:00,001,7.775333333333326,150.04600000000025,1.6017250000000005,1.7521416666666674,150.0
2026-06-03 06:10:00+00:00,001,7.784957983193269,149.91243697478993,1.6019075630252104,1.7480000000000002,150.0
2026-06-03 06:20:00+00:00,001,7.811749999999991,149.76658333333333,1.6012583333333337,1.7593083333333328,150.0
2026-06-03 06:30:00+00:00,001,7.831083333333328,149.8948333333333,1.609483333333333,1.7394333333333336,150.0
2026-06-03 06:40:00+00:00,001,7.833083333333325,150.04758333333334,1.6063,1.7275833333333332,150.0
2026-06-03 06:50:00+00:00,001,7.849833333333331,150.14049999999995,1.6070000000000009,1.7290583333333345,150.0
2026-06-03 07:00:00+00:00,001,7.859747899159664,150.29487394957982,1.6138907563025215,1.674680672268908,150.0
2026-06-03 07:10:00+00:00,001,7.8449999999999935,149.83066666666667,1.6179000000000003,1.643375,150.0
2026-06-03 07:20:00+00:00,001,7.829249999999993,149.83483333333336,1.6156500000000003,1.6735666666666666,150.0
2026-06-03 07:30:00+00:00,001,7.853333333333333,150.0983333333333,1.6025333333333343,1.698474999999999,150.0
2026-06-03 07:40:00+00:00,001,7.906806722689074,152.56411764705877,2.614243697478992,1.1213865546218489,150.0
2026-06-03 07:50:00+00:00,001,7.88983333333332,148.98125000000002,2.64065,0.9843166666666662,150.0
2026-06-03 08:00:00+00:00,001,7.925126050420162,149.9212605042017,1.4611344537815125,0.9775882352941173,150.0
2026-06-03 08:10:00+00:00,001,7.917833333333325,149.91541666666677,2.6818750000000007,0.9767083333333327,150.0
2026-06-03 08:20:00+00:00,001,7.904166666666669,149.96524999999988,2.685374999999999,0.9791583333333331,150.0
2026-06-03 08:30:00+00:00,001,7.911833333333331,150.0503333333332,2.6918416666666665,0.9859583333333332,150.0
2026-06-03 08:40:00+00:00,001,7.906749999999987,149.80966666666674,2.690391666666668,0.9114749999999996,150.0
2026-06-03 08:50:00+00:00,001,7.920672268907552,149.9650420168068,2.687596638655462,0.869218487394958,150.0
2026-06-03 09:00:00+00:00,001,7.912833333333324,149.93125,2.6806166666666655,0.8689916666666666,150.0
2026-06-03 09:10:00+00:00,001,7.896749999999991,150.16891666666666,2.6858083333333336,0.8730499999999998,150.0
2026-06-03 09:20:00+00:00,001,7.952833333333348,150.32341666666667,2.720183333333334,0.8652749999999997,150.0
2026-06-03 09:30:00+00:00,001,7.955714285714294,149.80117647058822,2.7216050420168068,0.8602352941176471,150.0
2026-06-03 09:40:00+00:00,001,7.953833333333333,150.10150000000004,2.7177333333333347,0.8518916666666665,150.0
2026-06-03 09:50:00+00:00,001,7.937083333333325,149.84150000000005,2.7146250000000007,0.8480749999999994,150.0
2026-06-03 10:00:00+00:00,001,7.948249999999992,150.11150000000006,2.7134000000000014,0.8439083333333331,150.0
2026-06-03 10:10:00+00:00,001,7.947249999999989,150.1805833333334,2.7132083333333337,0.8424999999999991,150.0
2026-06-03 10:20:00+00:00,001,7.932773109243688,149.92630252100852,2.708747899159663,0.835983193277311,150.0
2026-06-03 10:30:00+00:00,001,7.926249999999992,149.91783333333342,2.701041666666667,0.8266999999999994,150.0
2026-06-03 10:40:00+00:00,001,7.928833333333322,149.96416666666659,2.7030916666666656,0.8293583333333332,150.0
2026-06-03 10:50:00+00:00,001,7.961499999999988,149.99808333333334,2.6982249999999994,0.8268333333333326,150.0
2026-06-03 11:00:00+00:00,001,7.943361344537804,150.01436974789908,2.7001428571428576,0.827991596638655,150.0
2026-06-03 11:10:00+00:00,001,7.951333333333325,150.02291666666667,2.695933333333333,0.8250249999999996,150.0
2026-06-03 11:20:00+00:00,001,7.943083333333325,149.76808333333324,2.695566666666667,0.826583333333333,150.0
2026-06-03 11:30:00+00:00,001,7.952416666666661,150.1836666666666,2.695258333333333,0.82245,150.0
2026-06-03 11:40:00+00:00,001,7.97383333333333,150.0879166666666,2.6924666666666663,0.8196499999999994,150.0
2026-06-03 11:50:00+00:00,001,7.976050420168067,150.06747899159663,2.6967563025210075,0.8231176470588234,150.0
2026-06-03 12:00:00+00:00,001,7.9864166666666625,149.9609166666667,2.6871,0.8153416666666659,150.0
2026-06-03 12:10:00+00:00,001,7.984999999999998,149.9554166666668,2.6879583333333343,0.8174749999999992,150.0
2026-06-03 12:20:00+00:00,001,7.987833333333334,150.00166666666672,2.6869500000000013,0.8148999999999993,150.0
2026-06-03 12:30:00+00:00,001,7.99731092436975,149.9806722689075,2.6853697478991587,0.8137478991596633,150.0
2026-06-03 12:40:00+00:00,001,8.000000000000002,150.10675000000006,2.6869500000000004,0.8141583333333325,150.0
2026-06-03 12:50:00+00:00,001,7.999333333333336,149.89333333333343,2.6832,0.8110666666666682,150.0
2026-06-03 13:00:00+00:00,001,8.019750000000002,149.8574166666666,2.6877749999999994,0.8160666666666662,150.0
2026-06-03 13:10:00+00:00,001,8.022833333333335,149.86291666666662,2.6882750000000004,0.8173249999999996,150.0
2026-06-03 13:20:00+00:00,001,8.043025210084036,150.034537815126,2.689512605042017,0.8170588235294117,150.0
2026-06-03 13:30:00+00:00,001,8.056000000000001,150.01266666666672,2.686433333333332,0.813666666666666,150.0
2026-06-03 13:40:00+00:00,001,8.059916666666668,149.95074999999997,2.6868750000000015,0.8153083333333322,150.0
2026-06-03 13:50:00+00:00,001,8.07,150.05849999999998,2.6922333333333346,0.8185333333333331,150.0
2026-06-03 14:00:00+00:00,001,8.082521008403363,150.1876470588234,2.6896134453781517,0.8192352941176465,150.0
2026-06-03 14:10:00+00:00,001,8.062166666666672,149.60250000000002,2.6884166666666665,0.8204249999999995,150.0
2026-06-03 14:20:00+00:00,001,8.062666666666674,149.99325000000002,2.6922499999999996,0.8197833333333331,150.0
2026-06-03 14:30:00+00:00,001,8.049666666666674,150.07999999999998,2.692191666666667,0.8218416666666661,150.0
2026-06-03 14:40:00+00:00,001,8.048583333333339,149.75874999999994,2.6886916666666663,0.8236249999999995,150.0
2026-06-03 14:50:00+00:00,001,8.07336134453782,150.1515966386554,2.6909327731092434,0.8215714285714282,150.0
2026-06-03 15:00:00+00:00,001,8.06008333333334,149.86574999999993,2.695616666666666,0.8284999999999999,150.0
2026-06-03 15:10:00+00:00,001,8.05866666666667,149.79641666666672,2.688024999999999,0.8225583333333326,150.0
2026-06-03 15:20:00+00:00,001,8.064250000000008,150.1819166666666,2.695375,0.8258749999999996,150.0
2026-06-03 15:29:05.450056+00:00,001,8.050000000000006,149.8038317757009,2.691841121495328,0.8245140186915884,150.0
