Timestamp,Actual_Electrode_V,TFT_Prediction_V
2026-05-30 13:04:00,2.2095,2.2373276690050337
2026-05-30 13:06:00,2.2195,2.2341413222775697
2026-05-30 13:08:00,2.22025,2.2324448820207796
2026-05-30 13:10:00,2.2257499999999997,2.2318620931173334
2026-05-30 13:12:00,2.19,2.2318527758600104
2026-05-30 13:14:00,2.211,2.232106686433524
2026-05-30 13:16:00,2.19975,2.232364777191133
2026-05-30 13:18:00,2.2122499999999996,2.23242187671037
2026-05-30 13:20:00,2.20975,2.2322427986189157
2026-05-30 13:22:00,2.202,2.2319619121404255
2026-05-30 13:24:00,2.2135,2.2317549210660967
2026-05-30 13:26:00,2.21975,2.2316807298486414
2026-05-30 13:28:00,2.20825,2.231703055693362
2026-05-30 13:30:00,2.2025,2.2317562613970288
2026-05-30 13:32:00,2.208,2.231771798606693
2026-05-30 13:34:00,2.2195,2.2392091256371294
2026-05-30 13:36:00,2.21875,2.236547208907228
2026-05-30 13:38:00,2.2325,2.2348712441838567
2026-05-30 13:40:00,2.2055,2.2342299402113794
2026-05-30 13:42:00,2.229,2.2339920555217367
2026-05-30 13:44:00,2.207,2.2337790237899164
2026-05-30 13:46:00,2.20775,2.2334912411233603
2026-05-30 13:48:00,2.2275,2.233208282054448
2026-05-30 13:50:00,2.21725,2.2330302227673737
2026-05-30 13:52:00,2.2167499999999998,2.2329750056567543
2026-05-30 13:54:00,2.2077500000000003,2.232974589518984
2026-05-30 13:56:00,2.216,2.2329199169984237
2026-05-30 13:58:00,2.19525,2.2327300521944764
2026-05-30 14:00:00,2.1950000000000003,2.232592945525775
2026-05-30 14:02:00,2.21425,2.2321345699632205
2026-05-30 14:04:00,2.19475,2.2382206550953314
2026-05-30 14:06:00,2.2055,2.2351210824047008
2026-05-30 14:08:00,2.22525,2.2333408873745673
2026-05-30 14:10:00,2.21475,2.2327535379123886
2026-05-30 14:12:00,2.20725,2.2327477335030292
2026-05-30 14:14:00,2.2155,2.233001094655992
2026-05-30 14:16:00,2.214,2.233257710000182
2026-05-30 14:18:00,2.2257499999999997,2.233313689422612
2026-05-30 14:20:00,2.2155,2.233133638886274
2026-05-30 14:22:00,2.2007499999999998,2.2328513617914987
2026-05-30 14:24:00,2.22575,2.2326422425308303
2026-05-30 14:26:00,2.20875,2.2325652157507507
2026-05-30 14:28:00,2.22725,2.2325839538822803
2026-05-30 14:30:00,2.2357500000000003,2.2326324601359735
2026-05-30 14:32:00,2.2175000000000002,2.23264156787207
2026-05-30 14:34:00,2.214,2.240014798975158
2026-05-30 14:36:00,2.205,2.2373795507217062
2026-05-30 14:38:00,2.21325,2.2356564101224525
2026-05-30 14:40:00,2.20925,2.2349930445947344
2026-05-30 14:42:00,2.2169999999999996,2.2347397375916116
2026-05-30 14:44:00,2.20775,2.2345113717795377
2026-05-30 14:46:00,2.2155,2.234210619079808
2026-05-30 14:48:00,2.21975,2.233917098470857
2026-05-30 14:50:00,2.20975,2.233729701724145
2026-05-30 14:52:00,2.22125,2.2336655823652456
2026-05-30 14:54:00,2.2140000000000004,2.233656608055887
2026-05-30 14:56:00,2.2175000000000002,2.2335939920496815
2026-05-30 14:58:00,2.2264999999999997,2.2333970183382386
2026-05-30 15:00:00,2.2165,2.2331728195198153
2026-05-30 15:02:00,2.21725,2.2327082026913665
2026-05-30 15:04:00,2.20975,2.2388724956294475
2026-05-30 15:06:00,2.2262500000000003,2.2357848074522844
2026-05-30 15:08:00,2.23,2.2339496943781296
2026-05-30 15:10:00,2.2075,2.2333537199211793
2026-05-30 15:12:00,2.1925,2.2333471490896506
2026-05-30 15:14:00,2.20725,2.2335986862717268
2026-05-30 15:16:00,2.22675,2.233853597692096
2026-05-30 15:18:00,2.2295000000000003,2.2339085963810117
2026-05-30 15:20:00,2.2117500000000003,2.2337280625432414
2026-05-30 15:22:00,2.2045,2.233445332293729
2026-05-30 15:24:00,2.2145,2.233235453854606
2026-05-30 15:26:00,2.2205,2.2331573220115226
2026-05-30 15:28:00,2.22575,2.2331745217573133
2026-05-30 15:30:00,2.2005,2.2332206675771014
2026-05-30 15:32:00,2.22325,2.2332259683745193
2026-05-30 15:34:00,2.20475,2.240618720201924
2026-05-30 15:36:00,2.20775,2.237947911478509
2026-05-30 15:38:00,2.198,2.2361765134539624
2026-05-30 15:40:00,2.2175000000000002,2.235491571869851
2026-05-30 15:42:00,2.216,2.2352250047383793
2026-05-30 15:44:00,2.2162499999999996,2.2349852788938107
2026-05-30 15:46:00,2.2165,2.2346760078263324
2026-05-30 15:48:00,2.21625,2.234376064080617
2026-05-30 15:50:00,2.215,2.234182785829109
2026-05-30 15:52:00,2.22725,2.2341124288161938
2026-05-30 15:54:00,2.23025,2.2340968257013345
2026-05-30 15:56:00,2.2224999999999997,2.234027616500141
2026-05-30 15:58:00,2.20825,2.2338244679185792
2026-05-30 16:00:00,2.214,2.2334008858098273
2026-05-30 16:02:00,2.2355,2.2329318731976198
2026-05-30 16:04:00,2.2359999999999998,2.2391468371616456
2026-05-30 16:06:00,2.2184999999999997,2.236071762796647
2026-05-30 16:08:00,2.21225,2.234192373346177
2026-05-30 16:10:00,2.2199999999999998,2.2335925261694056
2026-05-30 16:12:00,2.21975,2.233587936256917
2026-05-30 16:14:00,2.21925,2.233839391553483
2026-05-30 16:16:00,2.2155,2.2340938091581686
2026-05-30 16:18:00,2.2232499999999997,2.2341488944633565
2026-05-30 16:20:00,2.205,2.2339693013664115
2026-05-30 16:22:00,2.2047499999999998,2.233688404617432
2026-05-30 16:24:00,2.2235,2.2334811691603753
2026-05-30 16:26:00,2.20925,2.2334064607688497
2026-05-30 16:28:00,2.2155,2.2334277025519826
2026-05-30 16:30:00,2.22525,2.2334780220175188
2026-05-30 16:32:00,2.22825,2.233486913911912
2026-05-30 16:34:00,2.21325,2.240795454451532
2026-05-30 16:36:00,2.2135,2.2381830706142023
2026-05-30 16:38:00,2.226,2.2363949450528793
2026-05-30 16:40:00,2.233,2.2357034624556014
2026-05-30 16:42:00,2.22675,2.235434539319776
2026-05-30 16:44:00,2.22375,2.2351930696044797
2026-05-30 16:46:00,2.21775,2.234884145764443
2026-05-30 16:48:00,2.2135,2.2345859580494998
2026-05-30 16:50:00,2.2192499999999997,2.2343943538957975
2026-05-30 16:52:00,2.20875,2.2343247931331276
2026-05-30 16:54:00,2.21475,2.234309206030798
2026-05-30 16:56:00,2.20275,2.2342398289043364
2026-05-30 16:58:00,2.22175,2.2340368982363725
2026-05-30 17:00:00,2.22,2.2333485701280953
2026-05-30 17:02:00,2.2335000000000003,2.232882930264437
2026-05-30 17:04:00,2.21575,2.23889578293576
2026-05-30 17:06:00,2.22225,2.2359039496507767
2026-05-30 17:08:00,2.2215,2.234025477290645
2026-05-30 17:10:00,2.2225,2.233435155910829
2026-05-30 17:12:00,2.22325,2.23343697059985
2026-05-30 17:14:00,2.209,2.233691124157864
2026-05-30 17:16:00,2.21275,2.2339471248521665
2026-05-30 17:18:00,2.2239999999999998,2.2340039791355393
2026-05-30 17:20:00,2.2255000000000003,2.2338271980506974
2026-05-30 17:22:00,2.2115,2.233550998857974
2026-05-30 17:24:00,2.2135,2.2333508473506702
2026-05-30 17:26:00,2.217,2.2332857633476557
2026-05-30 17:28:00,2.1985,2.233318949163053
2026-05-30 17:30:00,2.214,2.2333828893335776
2026-05-30 17:32:00,2.2245,2.2334061927797193
2026-05-30 17:34:00,2.214,2.2404836471825087
2026-05-30 17:36:00,2.2837500000000004,2.2389673833840664
2026-05-30 17:38:00,2.4245,2.2378985054190403
2026-05-30 17:40:00,2.4318333333333335,2.237178680714898
2026-05-30 17:42:00,2.428833333333333,2.2369042930185774
2026-05-30 17:44:00,2.429791666666667,2.2366682709428582
2026-05-30 17:46:00,2.4250416666666665,2.236373319389164
2026-05-30 17:48:00,2.4134999999999995,2.2360959862224616
2026-05-30 17:50:00,2.4204166666666667,2.235929734647897
2026-05-30 17:52:00,2.4134583333333333,2.235887057905
2026-05-30 17:54:00,2.408708333333333,2.2358966243853673
2026-05-30 17:56:00,2.411958333333333,2.2358479664604594
2026-05-30 17:58:00,2.4089130434782606,2.2356605376512975
2026-05-30 18:00:00,2.4096249999999992,2.2348443528626216
2026-05-30 18:02:00,2.41325,2.234388207475329
2026-05-30 18:04:00,2.4127083333333332,2.239030785255476
2026-05-30 18:06:00,2.407375,2.2373837825566234
2026-05-30 18:08:00,2.4116249999999995,2.235464413327549
2026-05-30 18:10:00,2.412875,2.2348627578640445
2026-05-30 18:12:00,2.414125,2.2349131474367705
2026-05-30 18:14:00,2.4055416666666667,2.2351988412709756
2026-05-30 18:16:00,2.4145833333333333,2.2354786408375276
2026-05-30 18:18:00,2.408791666666667,2.2355593370985383
2026-05-30 18:20:00,2.4232499999999995,2.2354105897237404
2026-05-30 18:22:00,2.419541666666666,2.2351701898045184
2026-05-30 18:24:00,2.4125416666666664,2.235016451688637
2026-05-30 18:26:00,2.4090833333333337,2.2350094631576276
2026-05-30 18:28:00,2.4060416666666664,2.235111557184056
2026-05-30 18:30:00,2.406083333333333,2.2352530085804694
2026-05-30 18:32:00,2.4097083333333336,2.2353592019054775
2026-05-30 18:34:00,2.409041666666667,2.240248298566245
2026-05-30 18:36:00,2.4166666666666674,2.239096703868671
2026-05-30 18:38:00,2.4315217391304347,2.237491346154024
2026-05-30 18:40:00,2.431291666666667,2.2368095925641627
2026-05-30 18:42:00,2.4294999999999995,2.236612619135986
2026-05-30 18:44:00,2.425291666666667,2.2364232747747685
2026-05-30 18:46:00,2.43025,2.236160091022679
2026-05-30 18:48:00,2.425708333333333,2.235912410521035
2026-05-30 18:50:00,2.4035000000000006,2.2357781105477255
2026-05-30 18:52:00,2.4161666666666672,2.2357712890689405
2026-05-30 18:54:00,2.406000000000001,2.2358214820015303
2026-05-30 18:56:00,2.4067916666666673,2.2358188820831884
2026-05-30 18:58:00,2.4109166666666666,2.235683472063757
2026-05-30 19:00:00,2.4230833333333335,2.2350328923710476
2026-05-30 19:02:00,2.423,2.2346410219283817
2026-05-30 19:04:00,2.4269230769230767,2.2382902920564995
2026-05-30 19:06:00,2.432583333333334,2.236890389861981
2026-05-30 19:08:00,2.431708333333334,2.2349681996673745
2026-05-30 19:10:00,2.4205833333333335,2.234351573955056
2026-05-30 19:12:00,2.4174583333333337,2.2344238870743753
2026-05-30 19:14:00,2.409416666666667,2.234721551586902
2026-05-30 19:16:00,2.411875,2.2350055020689426
2026-05-30 19:18:00,2.411000000000001,2.2350869717625517
2026-05-30 19:20:00,2.414916666666667,2.234938363828003
2026-05-30 19:22:00,2.4057500000000003,2.234699787237848
2026-05-30 19:24:00,2.4096666666666664,2.234550979586074
2026-05-30 19:26:00,2.407458333333334,2.234552416240409
2026-05-30 19:28:00,2.4068750000000003,2.234666195924976
2026-05-30 19:30:00,2.4093333333333335,2.2348219788325263
2026-05-30 19:32:00,2.4086666666666665,2.234944387718793
2026-05-30 19:34:00,2.4096250000000006,2.239514092414746
2026-05-30 19:36:00,2.408333333333334,2.2385707126010694
2026-05-30 19:38:00,2.4056666666666664,2.237025947873826
2026-05-30 19:40:00,2.4020416666666664,2.2363844536346984
2026-05-30 19:42:00,2.410791666666667,2.236217234892786
2026-05-30 19:44:00,2.4075000000000006,2.2360514147611688
2026-05-30 19:46:00,2.4057500000000007,2.2358084683533392
2026-05-30 19:48:00,2.4124166666666667,2.2355783407736114
2026-05-30 19:50:00,2.4094583333333337,2.235458687491961
2026-05-30 19:52:00,2.408750000000001,2.2354635641614533
2026-05-30 19:54:00,2.40325,2.235522889569856
2026-05-30 19:56:00,2.4129583333333335,2.2355275691215017
2026-05-30 19:58:00,2.408375000000001,2.2353983340663355
2026-05-30 20:00:00,2.4066521739130438,2.2349236549918436
2026-05-30 20:02:00,2.41325,2.2345350691439205
2026-05-30 20:04:00,2.4053750000000007,2.2379604451774338
2026-05-30 20:06:00,2.4068750000000003,2.2366510545625427
2026-05-30 20:08:00,2.408,2.2347597138032524
2026-05-30 20:10:00,2.4085,2.2341686395117573
2026-05-30 20:12:00,2.413583333333334,2.2342472066984502
2026-05-30 20:14:00,2.414166666666666,2.2345478133572865
2026-05-30 20:16:00,2.4053750000000007,2.2348331480638666
2026-05-30 20:18:00,2.4112916666666666,2.234914186439094
2026-05-30 20:20:00,2.4161249999999996,2.2347639980233187
2026-05-30 20:22:00,2.4105416666666666,2.2345241572632695
2026-05-30 20:24:00,2.4097083333333336,2.234375727986535
2026-05-30 20:26:00,2.4135833333333334,2.2343797982004068
2026-05-30 20:28:00,2.417583333333333,2.2344986004379828
2026-05-30 20:30:00,2.41375,2.234661599222931
2026-05-30 20:32:00,2.4121249999999996,2.234793018903117
2026-05-30 20:34:00,2.406708333333334,2.238878397556581
2026-05-30 20:36:00,2.411458333333334,2.238040225669471
2026-05-30 20:38:00,2.411666666666667,2.236528221243318
2026-05-30 20:40:00,2.409913043478261,2.2359215445086127
2026-05-30 20:42:00,2.415083333333333,2.2357680235146704
2026-05-30 20:44:00,2.4164583333333334,2.2356141626571904
2026-05-30 20:46:00,2.4079583333333336,2.235383565419577
2026-05-30 20:48:00,2.4120000000000004,2.2351650977863584
2026-05-30 20:50:00,2.402333333333334,2.2350556103987675
2026-05-30 20:52:00,2.411208333333333,2.235068906403455
2026-05-30 20:54:00,2.4062083333333333,2.2351351556355663
2026-05-30 20:56:00,2.4093750000000003,2.2351458418473973
2026-05-30 20:58:00,2.4081250000000005,2.2350222695615347
2026-05-30 21:00:00,2.4062916666666667,2.2346466252870867
2026-05-30 21:02:00,2.401499999999999,2.234260540231949
2026-05-30 21:04:00,2.4077083333333333,2.2375957975189302
2026-05-30 21:06:00,2.4110416666666663,2.2363122348832154
2026-05-30 21:08:00,2.4164583333333334,2.2344477818295925
2026-05-30 21:10:00,2.408958333333334,2.2338788531960514
2026-05-30 21:12:00,2.4144166666666664,2.233958605333947
2026-05-30 21:14:00,2.407833333333333,2.2342590334928643
2026-05-30 21:16:00,2.4092083333333334,2.2345436884191887
2026-05-30 21:18:00,2.4100416666666664,2.234622860670133
2026-05-30 21:20:00,2.408304347826087,2.2344701066884554
2026-05-30 21:22:00,2.4077083333333333,2.2342280622527677
2026-05-30 21:24:00,2.4034583333333335,2.2340785876577227
2026-05-30 21:26:00,2.4083749999999995,2.2340830848347686
2026-05-30 21:28:00,2.416499999999999,2.234203880968647
2026-05-30 21:30:00,2.4168749999999997,2.2343704205292463
2026-05-30 21:32:00,2.4116666666666666,2.2345068197416644
2026-05-30 21:34:00,2.4086666666666665,2.238431222704298
2026-05-30 21:36:00,2.4078333333333335,2.237632178073047
2026-05-30 21:38:00,2.4035,2.236143380825806
2026-05-30 21:40:00,2.4019583333333334,2.235564430631835
2026-05-30 21:42:00,2.39875,2.2354201268283145
2026-05-30 21:44:00,2.4051250000000004,2.2352754549078195
2026-05-30 21:46:00,2.4055416666666667,2.235055024300406
2026-05-30 21:48:00,2.403208333333333,2.2348464279715388
2026-05-30 21:50:00,2.4119999999999995,2.2347458450424744
2026-05-30 21:52:00,2.4022083333333333,2.234766867402776
2026-05-30 21:54:00,2.4157083333333333,2.2348397744828343
2026-05-30 21:56:00,2.408791666666667,2.2348563885030552
2026-05-30 21:58:00,2.410541666666667,2.234738383912125
2026-05-30 22:00:00,2.410478260869566,2.2343610565940146
2026-05-30 22:02:00,2.4112916666666666,2.2339753663201294
2026-05-30 22:04:00,2.412833333333333,2.2371643948657054
2026-05-30 22:06:00,2.4109166666666666,2.2359047244135195
2026-05-30 22:08:00,2.4062916666666667,2.2340746657050548
2026-05-30 22:10:00,2.407458333333333,2.2335243680799994
2026-05-30 22:12:00,2.4071249999999997,2.233602355125122
2026-05-30 22:14:00,2.4070416666666667,2.233900662955304
2026-05-30 22:16:00,2.399625,2.2341835491374624
2026-05-30 22:18:00,2.406041666666667,2.234260871684507
2026-05-30 22:20:00,2.4067916666666664,2.234106804477105
2026-05-30 22:22:00,2.4088333333333334,2.2338647624872796
2026-05-30 22:24:00,2.4095416666666667,2.233716881819371
2026-05-30 22:26:00,2.405583333333334,2.2337244289667573
2026-05-30 22:28:00,2.407666666666667,2.233849538889457
2026-05-30 22:30:00,2.403458333333333,2.2340215555800533
2026-05-30 22:32:00,2.415333333333333,2.2341645601750977
2026-05-30 22:34:00,2.410458333333334,2.2379166865803812
2026-05-30 22:36:00,2.4149999999999996,2.2371676924370596
2026-05-30 22:38:00,2.4120434782608693,2.235713343911573
2026-05-30 22:40:00,2.4092083333333334,2.2351614262238644
2026-05-30 22:42:00,2.4143333333333334,2.235025156399985
2026-05-30 22:44:00,2.4038749999999998,2.234889357547593
2026-05-30 22:46:00,2.4057083333333336,2.234679070763685
2026-05-30 22:48:00,2.409791666666666,2.2344805447313605
2026-05-30 22:50:00,2.4026666666666663,2.234389472322326
2026-05-30 22:52:00,2.4015416666666662,2.234419302892233
2026-05-30 22:54:00,2.412916666666666,2.234500284030857
2026-05-30 22:56:00,2.412333333333333,2.234524316658823
2026-05-30 22:58:00,2.408374999999999,2.234413231964006
2026-05-30 23:00:00,2.4077916666666663,2.233986882001995
2026-05-30 23:02:00,2.400833333333333,2.233600970748693
2026-05-30 23:04:00,2.4081249999999996,2.236724441140057
2026-05-30 23:06:00,2.426416666666666,2.2354120915291738
2026-05-30 23:08:00,2.4166666666666665,2.2336127750675856
2026-05-30 23:10:00,2.426833333333333,2.233077036490376
2026-05-30 23:12:00,2.4219166666666663,2.2331489378475515
2026-05-30 23:14:00,2.4210833333333333,2.233441938324438
2026-05-30 23:16:00,2.421583333333334,2.2337210918858825
2026-05-30 23:18:00,2.4213478260869565,2.233796136999019
2026-05-30 23:20:00,2.4221666666666666,2.233641955552508
2026-05-30 23:22:00,2.4270000000000005,2.2334023605426956
2026-05-30 23:24:00,2.4189583333333333,2.233259140461497
2026-05-30 23:26:00,2.425,2.2332728979620056
2026-05-30 23:28:00,2.4169583333333327,2.2334052091319596
2026-05-30 23:30:00,2.4125,2.233585144378
2026-05-30 23:32:00,2.421416666666667,2.233736728249499
2026-05-30 23:34:00,2.4292499999999997,2.2374246977628003
2026-05-30 23:36:00,2.4167916666666662,2.2366477332872035
2026-05-30 23:38:00,2.421416666666667,2.2352239003553933
2026-05-30 23:40:00,2.413458333333334,2.2346995702806414
2026-05-30 23:42:00,2.4255,2.2345722748925243
2026-05-30 23:44:00,2.421,2.2344469313799036
2026-05-30 23:46:00,2.4209166666666673,2.234248048262044
2026-05-30 23:48:00,2.4157083333333333,2.2340603178148184
2026-05-30 23:50:00,2.416041666666667,2.2339790771151766
2026-05-30 23:52:00,2.422875,2.2340176789625006
2026-05-30 23:54:00,2.423250000000001,2.2341062028079586
2026-05-30 23:56:00,2.4240416666666667,2.2341364016078034
2026-05-30 23:58:00,2.4167391304347823,2.2340301008457617
2026-05-31 00:00:00,2.424375,2.233523320581724
2026-05-31 00:02:00,2.4180833333333336,2.233132208523366
2026-05-31 00:04:00,2.4269999999999996,2.2362096071116335
2026-05-31 00:06:00,2.4212916666666664,2.234818854197179
2026-05-31 00:08:00,2.4204166666666667,2.2330626609620494
2026-05-31 00:10:00,2.4154166666666668,2.2325390313586873
2026-05-31 00:12:00,2.4261666666666666,2.232600146499828
2026-05-31 00:14:00,2.4186250000000005,2.2328848061641153
2026-05-31 00:16:00,2.416666666666667,2.2331588045097543
2026-05-31 00:18:00,2.4217083333333336,2.2332317306433143
2026-05-31 00:20:00,2.41825,2.2330790894588137
2026-05-31 00:22:00,2.4163750000000004,2.232844769916281
2026-05-31 00:24:00,2.4107083333333335,2.232709784695695
2026-05-31 00:26:00,2.416416666666666,2.232733715926038
2026-05-31 00:28:00,2.4144583333333327,2.2328773206240053
2026-05-31 00:30:00,2.4195,2.2330692641771908
2026-05-31 00:32:00,2.4177916666666666,2.2332334838721364
2026-05-31 00:34:00,2.4094166666666665,2.236859531177615
2026-05-31 00:36:00,2.4062083333333333,2.236043965076198
2026-05-31 00:38:00,2.411,2.2346617054028224
2026-05-31 00:40:00,2.415782608695652,2.2341669442542607
2026-05-31 00:42:00,2.410458333333333,2.2340514853392506
2026-05-31 00:44:00,2.4178333333333333,2.233939319380508
2026-05-31 00:46:00,2.4132916666666664,2.233753924991972
2026-05-31 00:48:00,2.4184999999999994,2.2335785608023624
2026-05-31 00:50:00,2.4099166666666667,2.2335084459520638
2026-05-31 00:52:00,2.4130000000000007,2.2335569239740694
2026-05-31 00:54:00,2.4172083333333334,2.233653802387582
2026-05-31 00:56:00,2.419333333333333,2.233690487093691
2026-05-31 00:58:00,2.4090833333333337,2.2335886535077676
2026-05-31 01:00:00,2.4110416666666667,2.2329831175110524
2026-05-31 01:02:00,2.4178333333333333,2.2325853625749663
2026-05-31 01:04:00,2.414875,2.235625053144733
2026-05-31 01:06:00,2.420291666666667,2.2341198664503255
2026-05-31 01:08:00,2.4170416666666665,2.232406039803333
2026-05-31 01:10:00,2.417708333333333,2.2318881150848213
2026-05-31 01:12:00,2.4147083333333335,2.2319359380539896
2026-05-31 01:14:00,2.4190416666666663,2.232210636274451
2026-05-31 01:16:00,2.42025,2.232478531513284
2026-05-31 01:18:00,2.414166666666666,2.232549188361875
2026-05-31 01:20:00,2.416708333333333,2.2323986355311014
2026-05-31 01:22:00,2.4200434782608693,2.232170615442215
2026-05-31 01:24:00,2.4103749999999997,2.2320451682294022
2026-05-31 01:26:00,2.4133750000000007,2.232080731144351
2026-05-31 01:28:00,2.4075416666666665,2.2322371876076326
2026-05-31 01:30:00,2.4201666666666664,2.232442823970615
2026-05-31 01:32:00,2.4132083333333334,2.232621559423197
2026-05-31 01:34:00,2.4179999999999997,2.2362308837941702
2026-05-31 01:36:00,2.4179583333333325,2.235348557524126
2026-05-31 01:38:00,2.4219583333333325,2.2340119343596507
2026-05-31 01:40:00,2.4136666666666664,2.233546279246705
2026-05-31 01:42:00,2.417125,2.233444880760454
2026-05-31 01:44:00,2.4160833333333334,2.2333480510735795
2026-05-31 01:46:00,2.420625,2.233177419623816
2026-05-31 01:48:00,2.4125,2.2330149026166186
2026-05-31 01:50:00,2.413333333333334,2.232955821979208
2026-05-31 01:52:00,2.4157083333333333,2.233013603871286
2026-05-31 01:54:00,2.415875,2.233117723694094
2026-05-31 01:56:00,2.4129166666666664,2.2331591041671577
2026-05-31 01:58:00,2.4135416666666667,2.233059173643469
2026-05-31 02:00:00,2.4166956521739134,2.2324149835353304
2026-05-31 02:02:00,2.414875,2.232009685843544
2026-05-31 02:04:00,2.4170000000000003,2.2350267397359076
2026-05-31 02:06:00,2.41825,2.233397530525517
2026-05-31 02:08:00,2.4105000000000003,2.231720599041089
2026-05-31 02:10:00,2.4138750000000004,2.2312024678883446
2026-05-31 02:12:00,2.4128333333333334,2.231236880231559
2026-05-31 02:14:00,2.414833333333333,2.231502202823423
2026-05-31 02:16:00,2.413875,2.2317646600892895
2026-05-31 02:18:00,2.4107083333333335,2.2318336027358523
2026-05-31 02:20:00,2.4178749999999996,2.2316852860154346
2026-05-31 02:22:00,2.416,2.2314631172172104
2026-05-31 02:24:00,2.4131666666666667,2.2313461974713094
2026-05-31 02:26:00,2.4179166666666663,2.231391967812946
2026-05-31 02:28:00,2.4114583333333335,2.231559648975036
2026-05-31 02:30:00,2.415833333333333,2.231777393841329
2026-05-31 02:32:00,2.4103333333333334,2.2319693325768277
2026-05-31 02:34:00,2.4147083333333335,2.2355829471959665
2026-05-31 02:36:00,2.4164166666666667,2.2346421266347445
2026-05-31 02:38:00,2.4114999999999998,2.2333468383279325
2026-05-31 02:40:00,2.4144782608695654,2.232905133938868
2026-05-31 02:42:00,2.411,2.2328183869270086
2026-05-31 02:44:00,2.4139130434782614,2.2327369740671656
2026-05-31 02:46:00,2.4155199999999994,2.232580353221637
2026-05-31 02:48:00,2.411125,2.2324296011469853
2026-05-31 02:50:00,2.416958333333334,2.2323804894624213
2026-05-31 02:52:00,2.4174583333333333,2.23244666821771
2026-05-31 02:54:00,2.4177083333333336,2.232557271785556
2026-05-31 02:56:00,2.4103749999999997,2.232602648387546
2026-05-31 02:58:00,2.4160416666666666,2.232503891371403
2026-05-31 03:00:00,2.416,2.231876925050077
2026-05-31 03:02:00,2.414791666666667,2.2314668481134943
2026-05-31 03:04:00,2.413958333333333,2.2345062856687767
2026-05-31 03:06:00,2.41425,2.2327545298155456
2026-05-31 03:08:00,2.4155833333333336,2.2310973736513655
2026-05-31 03:10:00,2.420083333333333,2.2305736109644543
2026-05-31 03:12:00,2.4163749999999995,2.2305963454295514
2026-05-31 03:14:00,2.4188333333333327,2.2308540266568957
2026-05-31 03:16:00,2.4110833333333335,2.231112120299178
2026-05-31 03:18:00,2.4130869565217385,2.2311795273106583
2026-05-31 03:20:00,2.411,2.231032423604896
2026-05-31 03:22:00,2.4185000000000003,2.2308137920851405
2026-05-31 03:24:00,2.4168749999999997,2.230702009231159
2026-05-31 03:26:00,2.413,2.2307538483855276
2026-05-31 03:28:00,2.415125,2.230928238430977
2026-05-31 03:30:00,2.4139999999999997,2.231153556600845
2026-05-31 03:32:00,2.416375,2.2313544492265374
2026-05-31 03:34:00,2.4150833333333326,2.2350649382940246
2026-05-31 03:36:00,2.4169583333333335,2.234031297876032
2026-05-31 03:38:00,2.4175833333333334,2.2327577750214536
2026-05-31 03:40:00,2.4147916666666664,2.2323318920745123
2026-05-31 03:42:00,2.4124999999999996,2.232257954818128
2026-05-31 03:44:00,2.413666666666667,2.232189806279798
2026-05-31 03:46:00,2.4110833333333335,2.232044312424423
2026-05-31 03:48:00,2.4148749999999994,2.231902160131044
2026-05-31 03:50:00,2.4130000000000003,2.2318598984065465
2026-05-31 03:52:00,2.4091249999999995,2.231931562224089
2026-05-31 03:54:00,2.4154166666666668,2.2320459956429053
2026-05-31 03:56:00,2.4131666666666667,2.232092953164826
2026-05-31 03:58:00,2.4102173913043474,2.2319931479555923
2026-05-31 04:00:00,2.411333333333333,2.2314537102154373
2026-05-31 04:02:00,2.4140416666666664,2.2310395235485543
2026-05-31 04:04:00,2.4212083333333334,2.2342007649359994
2026-05-31 04:06:00,2.419583333333333,2.2322967640778955
2026-05-31 04:08:00,2.412625,2.230643335539877
2026-05-31 04:10:00,2.4093333333333335,2.2301098222761704
2026-05-31 04:12:00,2.4155,2.2301222665015707
2026-05-31 04:14:00,2.414166666666667,2.230374118171267
2026-05-31 04:16:00,2.4149583333333333,2.230628964893066
2026-05-31 04:18:00,2.4155833333333327,2.2306947286755694
2026-05-31 04:20:00,2.4109583333333338,2.2305471335246083
2026-05-31 04:22:00,2.4125,2.230328649624483
2026-05-31 04:24:00,2.416666666666667,2.230217171277535
2026-05-31 04:26:00,2.4140416666666664,2.230269169033619
2026-05-31 04:28:00,2.4096666666666664,2.230443677685213
2026-05-31 04:30:00,2.4184166666666664,2.2306696579797243
2026-05-31 04:32:00,2.4138333333333333,2.2308725584088216
2026-05-31 04:34:00,2.4103333333333326,2.2347435478876436
2026-05-31 04:36:00,2.411913043478261,2.2336028411589055
2026-05-31 04:38:00,2.413541666666667,2.232331638414978
2026-05-31 04:40:00,2.4148333333333336,2.231910555377881
2026-05-31 04:42:00,2.410375,2.2318438224061565
2026-05-31 04:44:00,2.411291666666666,2.231783786806736
2026-05-31 04:46:00,2.4157499999999996,2.2316444196613037
2026-05-31 04:48:00,2.4064583333333327,2.2315062980459257
2026-05-31 04:50:00,2.4077499999999996,2.23146693571641
2026-05-31 04:52:00,2.4125416666666664,2.231540854246721
2026-05-31 04:54:00,2.414916666666666,2.231656657148081
2026-05-31 04:56:00,2.408791666666666,2.2317035004530914
2026-05-31 04:58:00,2.4082083333333335,2.231601662013827
2026-05-31 05:00:00,2.4074999999999998,2.231291168134176
2026-05-31 05:02:00,2.4081249999999996,2.230874741228951
2026-05-31 05:04:00,2.4129166666666664,2.2342272890227974
2026-05-31 05:06:00,2.4135416666666663,2.232203848916211
2026-05-31 05:08:00,2.4105833333333337,2.2305280267807417
2026-05-31 05:10:00,2.4129166666666664,2.229978031587721
2026-05-31 05:12:00,2.4138333333333333,2.2299816603229337
2026-05-31 05:14:00,2.4140434782608695,2.230229466405559
2026-05-31 05:16:00,2.4143749999999997,2.230482078529344
2026-05-31 05:18:00,2.406125,2.2305459547551285
2026-05-31 05:20:00,2.4116666666666666,2.2303960063842374
2026-05-31 05:22:00,2.411916666666666,2.230174079577386
2026-05-31 05:24:00,2.4095416666666662,2.2300577704875733
2026-05-31 05:26:00,2.4070416666666667,2.230103537195127
2026-05-31 05:28:00,2.411666666666666,2.2302708308999604
2026-05-31 05:30:00,2.409916666666667,2.2304894567734657
2026-05-31 05:32:00,2.414291666666666,2.230685876032865
2026-05-31 05:34:00,2.408916666666667,2.2347937939307507
2026-05-31 05:36:00,2.414291666666666,2.2335397735144626
2026-05-31 05:38:00,2.408708333333333,2.232238439699741
2026-05-31 05:40:00,2.4115833333333323,2.2318018333283653
2026-05-31 05:42:00,2.408958333333333,2.2317302838964257
2026-05-31 05:44:00,2.411916666666667,2.2316681748408858
2026-05-31 05:46:00,2.4099166666666663,2.231526232149274
2026-05-31 05:48:00,2.4098749999999995,2.2313850509209177
2026-05-31 05:50:00,2.4119166666666665,2.231343083167392
2026-05-31 05:52:00,2.4126956521739125,2.231415280427034
2026-05-31 05:54:00,2.4107916666666664,2.2315299597318172
2026-05-31 05:56:00,2.407666666666666,2.2315756110783145
2026-05-31 05:58:00,2.413875,2.231471955553364
2026-05-31 06:00:00,2.401333333333333,2.2315071371563424
2026-05-31 06:02:00,2.4097500000000003,2.231091678860613
2026-05-31 06:04:00,2.4043749999999995,2.2347839307318975
2026-05-31 06:06:00,2.404291666666666,2.232627508397595
2026-05-31 06:08:00,2.4140416666666664,2.230896087157268
2026-05-31 06:10:00,2.4114583333333335,2.23032132263746
2026-05-31 06:12:00,2.4096250000000006,2.230316585555987
2026-05-31 06:14:00,2.4122083333333326,2.2305615000279815
2026-05-31 06:16:00,2.406875,2.2308124650469088
2026-05-31 06:18:00,2.4075,2.2308739435702716
2026-05-31 06:20:00,2.4064166666666664,2.2307195984376653
2026-05-31 06:22:00,2.406208333333333,2.2304903942323726
2026-05-31 06:24:00,2.4110416666666667,2.230363653842713
2026-05-31 06:26:00,2.4065416666666666,2.230395966582194
2026-05-31 06:28:00,2.408875,2.2305473474617474
2026-05-31 06:30:00,2.411749999999999,2.2307485337587125
2026-05-31 06:32:00,2.4121666666666663,2.2309270674091715
2026-05-31 06:34:00,2.4095217391304344,2.2354147892138614
2026-05-31 06:36:00,2.4082083333333326,2.2340017790884077
2026-05-31 06:38:00,2.4062083333333337,2.232630139717997
2026-05-31 06:40:00,2.40625,2.232152667590283
2026-05-31 06:42:00,2.4083333333333328,2.232059771217729
2026-05-31 06:44:00,2.408083333333333,2.2319817626276914
2026-05-31 06:46:00,2.4124583333333334,2.2318256238959204
2026-05-31 06:48:00,2.4128749999999997,2.2316719293669847
2026-05-31 06:50:00,2.4052083333333325,2.231619889304065
2026-05-31 06:52:00,2.4042083333333335,2.2316847155885284
2026-05-31 06:54:00,2.4051666666666662,2.231794323280516
2026-05-31 06:56:00,2.406333333333333,2.2318364278095406
2026-05-31 06:58:00,2.406458333333333,2.2317300297361196
2026-05-31 07:00:00,2.4078749999999993,2.2320613371144695
2026-05-31 07:02:00,2.405625,2.2316498809765872
2026-05-31 07:04:00,2.4091249999999995,2.235738253861132
2026-05-31 07:06:00,2.4127083333333323,2.233445522782247
2026-05-31 07:08:00,2.404291666666666,2.231644993793968
2026-05-31 07:10:00,2.406166666666666,2.231045633029073
2026-05-31 07:12:00,2.403043478260869,2.231036318435725
2026-05-31 07:14:00,2.414708333333334,2.2312813054982263
2026-05-31 07:16:00,2.40875,2.23153255755262
2026-05-31 07:18:00,2.4175416666666663,2.2315925034758113
2026-05-31 07:20:00,2.406166666666666,2.2314333603093077
2026-05-31 07:22:00,2.4138333333333333,2.2311950659529307
2026-05-31 07:24:00,2.4196666666666666,2.2310547063888264
2026-05-31 07:26:00,2.4108750000000003,2.231069097240686
2026-05-31 07:28:00,2.412416666666667,2.2311988464999604
2026-05-31 07:30:00,2.4200000000000004,2.2313755611613666
2026-05-31 07:32:00,2.416541666666667,2.231527796996199
2026-05-31 07:34:00,2.414541666666667,2.2364047729265506
2026-05-31 07:36:00,2.4133333333333336,2.2348337793991537
2026-05-31 07:38:00,2.4114583333333335,2.2333761506857
2026-05-31 07:40:00,2.409708333333333,2.2328444700045154
2026-05-31 07:42:00,2.4079166666666674,2.2327206795517025
2026-05-31 07:44:00,2.4049583333333335,2.232617938938029
2026-05-31 07:46:00,2.400958333333333,2.2324399304175313
2026-05-31 07:48:00,2.4060833333333336,2.2322675100837905
2026-05-31 07:50:00,2.407608695652174,2.232200600289159
2026-05-31 07:52:00,2.4077499999999996,2.2322545956385498
2026-05-31 07:54:00,2.410708333333333,2.232356990651084
2026-05-31 07:56:00,2.408833333333334,2.232394717787932
2026-05-31 07:58:00,2.4062916666666663,2.2322859770907986
2026-05-31 08:00:00,2.413375,2.232649147072206
2026-05-31 08:02:00,2.4095416666666667,2.2322464875047294
2026-05-31 08:04:00,2.4095833333333334,2.236608956950109
2026-05-31 08:06:00,2.4138333333333337,2.2342871295536035
2026-05-31 08:08:00,2.4054166666666665,2.2324383851479443
2026-05-31 08:10:00,2.4149166666666666,2.2318268471008644
2026-05-31 08:12:00,2.4064166666666664,2.231820437774094
2026-05-31 08:14:00,2.412375,2.23206917739438
2026-05-31 08:16:00,2.4052916666666664,2.232322740839965
2026-05-31 08:18:00,2.4099999999999997,2.2323825018445436
2026-05-31 08:20:00,2.4049166666666664,2.232219633367206
2026-05-31 08:22:00,2.402916666666667,2.231973351394524
2026-05-31 08:24:00,2.3967916666666667,2.231820754121495
2026-05-31 08:26:00,2.3986666666666667,2.231819023106756
2026-05-31 08:28:00,2.4079130434782607,2.231929302278497
2026-05-31 08:30:00,2.4121249999999996,2.232083857942071
2026-05-31 08:32:00,2.4082500000000002,2.2322120127027993
2026-05-31 08:34:00,2.4040000000000004,2.2373694692050856
2026-05-31 08:36:00,2.4074999999999993,2.235706408381817
2026-05-31 08:38:00,2.4047916666666667,2.234185798806247
2026-05-31 08:40:00,2.4101250000000003,2.2336115234647522
2026-05-31 08:42:00,2.4065833333333333,2.2334610461895736
2026-05-31 08:44:00,2.4046666666666665,2.2333340855255748
2026-05-31 08:46:00,2.4090833333333337,2.23313338639049
2026-05-31 08:48:00,2.406375,2.2329410122529127
2026-05-31 08:50:00,2.4024583333333336,2.232857860111256
2026-05-31 08:52:00,2.40475,2.2328996397083105
2026-05-31 08:54:00,2.4019583333333334,2.2329935858760543
2026-05-31 08:56:00,2.40075,2.2330260146610574
2026-05-31 08:58:00,2.398791666666667,2.2329144263404173
2026-05-31 09:00:00,2.4019583333333334,2.2331010108111458
2026-05-31 09:02:00,2.401333333333333,2.232707514822874
2026-05-31 09:04:00,2.3997916666666668,2.2371771164867527
2026-05-31 09:06:00,2.403708333333334,2.2349427558827104
2026-05-31 09:08:00,2.394391304347826,2.2330814212640333
2026-05-31 09:10:00,2.4058749999999995,2.232473525353969
2026-05-31 09:12:00,2.4015,2.2324773483646143
2026-05-31 09:14:00,2.3920000000000003,2.23273313520986
2026-05-31 09:16:00,2.4002916666666665,2.232990963779845
2026-05-31 09:18:00,2.3980416666666664,2.233052411330603
2026-05-31 09:20:00,2.396999999999999,2.2328882039447886
2026-05-31 09:22:00,2.3992499999999994,2.232637207692011
2026-05-31 09:24:00,2.3992916666666666,2.2324767157459537
2026-05-31 09:26:00,2.3979166666666667,2.232464348344964
2026-05-31 09:28:00,2.395375,2.2325616756600044
2026-05-31 09:30:00,2.397,2.232701351397743
2026-05-31 09:32:00,2.3973750000000003,2.2328131076501663
2026-05-31 09:34:00,2.397958333333334,2.2379827093187905
2026-05-31 09:36:00,2.39625,2.236383563734194
2026-05-31 09:38:00,2.396583333333334,2.234848787869582
2026-05-31 09:40:00,2.396833333333334,2.2342559674302462
2026-05-31 09:42:00,2.3962916666666665,2.2340934083357005
2026-05-31 09:44:00,2.3938333333333337,2.2339510550642445
2026-05-31 09:46:00,2.3947500000000006,2.2337338761437846
2026-05-31 09:48:00,2.3966521739130435,2.2335263745563254
2026-05-31 09:50:00,2.400416666666667,2.2334307504458772
2026-05-31 09:52:00,2.397708333333333,2.2334632323079684
2026-05-31 09:54:00,2.397375,2.2335510677453243
2026-05-31 09:56:00,2.392916666666667,2.2335802552076647
2026-05-31 09:58:00,2.393916666666667,2.23346784193999
2026-05-31 10:00:00,2.395541666666667,2.233515759511556
2026-05-31 10:02:00,2.3921666666666668,2.233131538943887
2026-05-31 10:04:00,2.3946250000000004,2.23751733973223
2026-05-31 10:06:00,2.394625,2.235459942600281
2026-05-31 10:08:00,2.391,2.233603395340504
2026-05-31 10:10:00,2.397291666666667,2.2330056609208158
2026-05-31 10:12:00,2.397,2.2330242828976212
2026-05-31 10:14:00,2.392083333333334,2.2332891674222135
2026-05-31 10:16:00,2.3930000000000002,2.2335525101891833
2026-05-31 10:18:00,2.391833333333333,2.2336171216199374
2026-05-31 10:20:00,2.3928333333333334,2.233453711994187
2026-05-31 10:22:00,2.391541666666667,2.233200954959419
2026-05-31 10:24:00,2.3958749999999998,2.2330363322470017
2026-05-31 10:26:00,2.3935416666666667,2.233017884517661
2026-05-31 10:28:00,2.3978260869565213,2.233107496105768
2026-05-31 10:30:00,2.392375,2.2332379655881476
2026-05-31 10:32:00,2.3936666666666673,2.233339097077934
2026-05-31 10:34:00,2.3905833333333333,2.2383839698317542
2026-05-31 10:36:00,2.392625,2.2369151284802444
2026-05-31 10:38:00,2.393125,2.2353876685657816
2026-05-31 10:40:00,2.3965416666666663,2.2347868483062077
2026-05-31 10:42:00,2.3928333333333325,2.234619646811102
2026-05-31 10:44:00,2.390333333333333,2.2344669483111237
2026-05-31 10:46:00,2.389625,2.2342372477615027
2026-05-31 10:48:00,2.387416666666666,2.2340178173602627
2026-05-31 10:50:00,2.3939999999999997,2.2339120477377037
2026-05-31 10:52:00,2.392541666666667,2.2339366870291366
2026-05-31 10:54:00,2.3881666666666663,2.2340191873197104
2026-05-31 10:56:00,2.395708333333333,2.2340454974054795
2026-05-31 10:58:00,2.3899166666666662,2.2339324374968292
2026-05-31 11:00:00,2.3935833333333334,2.2339426569481717
2026-05-31 11:02:00,2.3923333333333336,2.233564559813213
2026-05-31 11:04:00,2.3898333333333333,2.237863836998537
2026-05-31 11:06:00,2.3956666666666666,2.235972446948806
2026-05-31 11:08:00,2.3937391304347826,2.2341160374458395
2026-05-31 11:10:00,2.386666666666667,2.233524621381888
2026-05-31 11:12:00,2.3822499999999995,2.233557890665305
2026-05-31 11:14:00,2.39,2.2338317276209465
2026-05-31 11:16:00,2.3900416666666673,2.2341005943078653
2026-05-31 11:18:00,2.3883333333333336,2.234168856211225
2026-05-31 11:20:00,2.3897083333333335,2.2340072076776862
2026-05-31 11:22:00,2.3912083333333336,2.2337539845199217
2026-05-31 11:24:00,2.3926250000000002,2.2335867051413607
2026-05-31 11:26:00,2.3876666666666666,2.233563765580261
2026-05-31 11:28:00,2.3893333333333335,2.2336472798546123
2026-05-31 11:30:00,2.3898333333333333,2.233770018323462
2026-05-31 11:32:00,2.388708333333333,2.2338616103068283
2026-05-31 11:34:00,2.3856666666666664,2.2387793916517844
2026-05-31 11:36:00,2.385625,2.2374406513649645
2026-05-31 11:38:00,2.3876666666666666,2.235919169404646
2026-05-31 11:40:00,2.3924166666666666,2.2353065283605758
2026-05-31 11:42:00,2.391333333333333,2.2351345958020397
2026-05-31 11:44:00,2.3917083333333333,2.2349716642893815
2026-05-31 11:46:00,2.3937391304347826,2.234729669665986
2026-05-31 11:48:00,2.395958333333334,2.234498538048085
2026-05-31 11:50:00,2.394458333333333,2.2343825225477145
2026-05-31 11:52:00,2.388666666666666,2.2343987500393747
2026-05-31 11:54:00,2.3977916666666665,2.2344749651258615
2026-05-31 11:56:00,2.3899166666666667,2.234497254630333
2026-05-31 11:58:00,2.391291666666667,2.2343823624674126
2026-05-31 12:00:00,2.3956250000000003,2.234391005426781
2026-05-31 12:02:00,2.3942499999999995,2.2340141911794285
2026-05-31 12:04:00,2.387916666666667,2.2382715829743915
2026-05-31 12:06:00,2.3910416666666663,2.2365209982683294
2026-05-31 12:08:00,2.391083333333333,2.234657462651688
2026-05-31 12:10:00,2.390791666666667,2.234063660822509
2026-05-31 12:12:00,2.395708333333333,2.2341088207228093
2026-05-31 12:14:00,2.3870416666666663,2.234390303556024
2026-05-31 12:16:00,2.3930416666666665,2.2346641017576565
2026-05-31 12:18:00,2.390166666666667,2.2347360021742757
2026-05-31 12:20:00,2.3897083333333327,2.23457649180071
2026-05-31 12:22:00,2.394625,2.234323383924924
2026-05-31 12:24:00,2.388521739130434,2.234154108517354
2026-05-31 12:26:00,2.391083333333334,2.2341273663461965
2026-05-31 12:28:00,2.3902500000000004,2.2342054487044534
2026-05-31 12:30:00,2.3920833333333333,2.2343209899415712
2026-05-31 12:32:00,2.386875,2.2344032914242082
2026-05-31 12:34:00,2.3919583333333327,2.2392954545652115
2026-05-31 12:36:00,2.3859166666666667,2.2380366904684927
2026-05-31 12:38:00,2.3930416666666665,2.2365082099415163
2026-05-31 12:40:00,2.3866249999999996,2.235874572744896
2026-05-31 12:42:00,2.392166666666666,2.235693431836724
2026-05-31 12:44:00,2.387833333333333,2.2355179671674783
2026-05-31 12:46:00,2.3905416666666666,2.235262455209237
2026-05-31 12:48:00,2.3922916666666665,2.2350187770236665
2026-05-31 12:50:00,2.39425,2.2348914865333103
2026-05-31 12:52:00,2.394916666666666,2.2348978153505366
2026-05-31 12:54:00,2.3855,2.234965788993408
2026-05-31 12:56:00,2.392041666666666,2.2349817516082715
2026-05-31 12:58:00,2.389458333333333,2.2348624782438185
2026-05-31 13:00:00,2.391333333333333,2.2348399161108863
2026-05-31 13:02:00,2.395608695652174,2.2344589581839625
2026-05-31 13:04:00,2.3891666666666667,2.2387214238527324
2026-05-31 13:06:00,2.3911666666666664,2.237077810204971
2026-05-31 13:08:00,2.38775,2.235202170875646
2026-05-31 13:10:00,2.3895416666666667,2.2345971591278535
2026-05-31 13:12:00,2.395208333333333,2.234650624303955
2026-05-31 13:14:00,2.3915833333333336,2.2349378563956495
2026-05-31 13:16:00,2.3921666666666663,2.2352154620385605
2026-05-31 13:18:00,2.3974583333333332,2.235290444596105
2026-05-31 13:20:00,2.394041666666667,2.235132987461025
2026-05-31 13:22:00,2.38925,2.2348803364354533
2026-05-31 13:24:00,2.3890833333333332,2.23470978924765
2026-05-31 13:26:00,2.389,2.234680312350181
2026-05-31 13:28:00,2.3920833333333333,2.234754333800209
2026-05-31 13:30:00,2.3898749999999995,2.234864282593246
2026-05-31 13:32:00,2.3945416666666666,2.2349390373200415
2026-05-31 13:34:00,2.388708333333333,2.2398227516874507
2026-05-31 13:36:00,2.391625,2.2386105969973475
2026-05-31 13:38:00,2.3929583333333335,2.2370694298876734
2026-05-31 13:40:00,2.3832173913043477,2.2364070020216547
2026-05-31 13:42:00,2.393708333333334,2.236214581976234
2026-05-31 13:44:00,2.390708333333333,2.236026583548309
2026-05-31 13:46:00,2.392166666666666,2.235758417921287
2026-05-31 13:48:00,2.392,2.2355033480327506
2026-05-31 13:50:00,2.3939166666666667,2.2353657671447396
2026-05-31 13:52:00,2.393333333333333,2.235362778516585
2026-05-31 13:54:00,2.395708333333333,2.2354226721531507
2026-05-31 13:56:00,2.38775,2.235432154942257
2026-05-31 13:58:00,2.392875,2.2353081386907467
2026-05-31 14:00:00,2.3987916666666664,2.2352506030747206
2026-05-31 14:02:00,2.3812916666666673,2.2348652815356904
2026-05-31 14:04:00,2.3886249999999998,2.23918359099116
2026-05-31 14:06:00,2.393208333333333,2.237580571645996
2026-05-31 14:08:00,2.3835,2.235681417830671
2026-05-31 14:10:00,2.3887083333333337,2.2350550587829328
2026-05-31 14:12:00,2.3913750000000005,2.2351136143499364
2026-05-31 14:14:00,2.383291666666666,2.2354049612527724
2026-05-31 14:16:00,2.3906666666666667,2.23568518258741
2026-05-31 14:18:00,2.3937500000000003,2.235762469335612
2026-05-31 14:20:00,2.3928260869565214,2.2356068159281195
2026-05-31 14:22:00,2.388,2.2353549715100476
2026-05-31 14:24:00,2.3945000000000003,2.2351840479153173
2026-05-31 14:26:00,2.395916666666666,2.2351531845196644
2026-05-31 14:28:00,2.3970833333333332,2.2352248851900827
2026-05-31 14:30:00,2.3934166666666665,2.235331322432112
2026-05-31 14:32:00,2.3874583333333335,2.2354009032734985
2026-05-31 14:34:00,2.396625,2.2403490320118795
2026-05-31 14:36:00,2.3905833333333337,2.239136113174752
2026-05-31 14:38:00,2.38425,2.237573473324715
2026-05-31 14:40:00,2.392916666666667,2.2368768871601596
2026-05-31 14:42:00,2.3897916666666665,2.236671700095576
2026-05-31 14:44:00,2.3922916666666665,2.236472186712169
2026-05-31 14:46:00,2.3925000000000005,2.2361935221544798
2026-05-31 14:48:00,2.3907083333333343,2.235929559718934
2026-05-31 14:50:00,2.3903750000000006,2.2357840304099033
2026-05-31 14:52:00,2.3868750000000003,2.235773665201155
2026-05-31 14:54:00,2.396416666666667,2.235826980127674
2026-05-31 14:56:00,2.388913043478261,2.2358311378378786
2026-05-31 14:58:00,2.39275,2.235703306345655
2026-05-31 15:00:00,2.38975,2.235556117203302
2026-05-31 15:02:00,2.3864583333333336,2.2351685712514415
2026-05-31 15:04:00,2.38975,2.2395200091944716
2026-05-31 15:06:00,2.3925,2.237947310066211
2026-05-31 15:08:00,2.391833333333334,2.2360287917673287
2026-05-31 15:10:00,2.3924583333333334,2.2353784184646237
2026-05-31 15:12:00,2.3934583333333337,2.235439788394282
2026-05-31 15:14:00,2.3850000000000007,2.2357342157453077
2026-05-31 15:16:00,2.3914166666666667,2.236016488444845
2026-05-31 15:18:00,2.3890833333333332,2.2360958494257175
2026-05-31 15:20:00,2.3905833333333333,2.2359423305005586
2026-05-31 15:22:00,2.3905416666666666,2.2356924502656175
2026-05-31 15:24:00,2.3917499999999996,2.235523225446815
2026-05-31 15:26:00,2.3900833333333336,2.2354939349752985
2026-05-31 15:28:00,2.390041666666667,2.2355671119805756
2026-05-31 15:30:00,2.390416666666667,2.23567461585838
2026-05-31 15:32:00,2.3923750000000004,2.2357443142765505
2026-05-31 15:34:00,2.3916956521739134,2.240730363391895
2026-05-31 15:36:00,2.3912083333333336,2.2395128627797094
2026-05-31 15:38:00,2.389,2.237931733714194
2026-05-31 15:40:00,2.392458333333334,2.2372036059589946
2026-05-31 15:42:00,2.390916666666667,2.236988254734227
2026-05-31 15:44:00,2.3899166666666667,2.2367813270595387
2026-05-31 15:46:00,2.388708333333333,2.2364969333798004
2026-05-31 15:48:00,2.3927500000000004,2.236228858172451
2026-05-31 15:50:00,2.3904583333333336,2.23607979374438
2026-05-31 15:52:00,2.388541666666667,2.2360659370248457
2026-05-31 15:54:00,2.3885,2.2361160290548505
2026-05-31 15:56:00,2.3887916666666666,2.236117805505858
2026-05-31 15:58:00,2.387166666666667,2.2359888509192056
2026-05-31 16:00:00,2.3878333333333335,2.2356373787382853
2026-05-31 16:02:00,2.3906249999999996,2.235251448192902
2026-05-31 16:04:00,2.3857916666666665,2.239572672984579
2026-05-31 16:06:00,2.386625,2.238040292372918
2026-05-31 16:08:00,2.389041666666667,2.236110501363773
2026-05-31 16:10:00,2.3867499999999997,2.2354409310000234
2026-05-31 16:12:00,2.3887500000000004,2.2355051075025734
2026-05-31 16:14:00,2.3868695652173915,2.235802344273678
2026-05-31 16:16:00,2.387166666666667,2.2360864081555207
2026-05-31 16:18:00,2.3849583333333335,2.2361677359540573
2026-05-31 16:20:00,2.3883333333333336,2.236016843122685
2026-05-31 16:22:00,2.3859583333333334,2.235770511550745
2026-05-31 16:24:00,2.3822083333333333,2.2356058953273816
2026-05-31 16:26:00,2.382833333333333,2.2355824001390796
2026-05-31 16:28:00,2.3877083333333338,2.2356624891762884
2026-05-31 16:30:00,2.3845000000000005,2.235777576411258
2026-05-31 16:32:00,2.387750000000001,2.235854841685946
2026-05-31 16:34:00,2.3830833333333334,2.240809775855941
2026-05-31 16:36:00,2.3863333333333334,2.2396106561796776
2026-05-31 16:38:00,2.3844583333333342,2.2380213189907345
2026-05-31 16:40:00,2.385166666666666,2.23727633892539
2026-05-31 16:42:00,2.3835,2.2370596025209295
2026-05-31 16:44:00,2.383458333333333,2.236853393661659
2026-05-31 16:46:00,2.389416666666667,2.2365709565029346
2026-05-31 16:48:00,2.3833750000000005,2.2363056034760778
2026-05-31 16:50:00,2.385083333333333,2.236158798881681
2026-05-31 16:52:00,2.3843750000000004,2.236146141038373
2026-05-31 16:54:00,2.3806086956521737,2.2361966238513973
2026-05-31 16:56:00,2.384916666666667,2.2361986856636724
2026-05-31 16:58:00,2.3819999999999997,2.23607052832399
2026-05-31 17:00:00,2.3845416666666672,2.235441356815811
2026-05-31 17:02:00,2.3813333333333335,2.2350587713537973
2026-05-31 17:04:00,2.3826666666666667,2.2391724960862653
2026-05-31 17:06:00,2.38225,2.237743345904409
2026-05-31 17:08:00,2.386625,2.2358212678504197
2026-05-31 17:10:00,2.385833333333333,2.235147567337333
2026-05-31 17:12:00,2.3814583333333332,2.2352170572692938
2026-05-31 17:14:00,2.3797916666666663,2.235517652552421
2026-05-31 17:16:00,2.38125,2.235803805670479
2026-05-31 17:18:00,2.37625,2.235887381618657
2026-05-31 17:20:00,2.3770416666666665,2.2357398793400685
2026-05-31 17:22:00,2.3820416666666664,2.2354990301395397
2026-05-31 17:24:00,2.3803750000000004,2.2353425703874943
2026-05-31 17:26:00,2.377166666666666,2.2353301024700807
2026-05-31 17:28:00,2.378166666666667,2.235423888881379
2026-05-31 17:30:00,2.384916666666666,2.2355546986483468
2026-05-31 17:32:00,2.376875,2.235648810814155
2026-05-31 17:34:00,2.378086956521739,2.2403652997249295
2026-05-31 17:36:00,2.3829999999999996,2.2392839278847254
2026-05-31 17:38:00,2.378791666666667,2.2377168984986353
2026-05-31 17:40:00,2.382875,2.236984658748253
2026-05-31 17:42:00,2.3822083333333333,2.2367811677525387
2026-05-31 17:44:00,2.380916666666667,2.2365868425454978
2026-05-31 17:46:00,2.3789166666666666,2.2363159622789714
2026-05-31 17:48:00,2.376333333333333,2.2360613597778967
2026-05-31 17:50:00,2.3792916666666666,2.2359233529683364
2026-05-31 17:52:00,2.380125,2.235917036685795
2026-05-31 17:54:00,2.3788750000000003,2.235971748455481
2026-05-31 17:56:00,2.3822916666666667,2.23597676769236
2026-05-31 17:58:00,2.3763333333333336,2.2358511121090148
2026-05-31 18:00:00,2.381,2.2351013768923775
2026-05-31 18:02:00,2.3800833333333333,2.2347224065872475
2026-05-31 18:04:00,2.381333333333333,2.2384756360283866
2026-05-31 18:06:00,2.372833333333333,2.2371999350776557
2026-05-31 18:08:00,2.371958333333333,2.235302139381549
2026-05-31 18:10:00,2.3733333333333335,2.2346442177720838
2026-05-31 18:12:00,2.3709166666666666,2.2347213097361873
2026-05-31 18:14:00,2.3773478260869565,2.2350255676581536
2026-05-31 18:16:00,2.381708333333333,2.2353140314231563
2026-05-31 18:18:00,2.3774166666666665,2.235399665289014
2026-05-31 18:20:00,2.3736666666666664,2.2352550701177294
2026-05-31 18:22:00,2.379375,2.235019422588729
2026-05-31 18:24:00,2.3805,2.234871505895247
2026-05-31 18:26:00,2.3804166666666666,2.2348713017784143
2026-05-31 18:28:00,2.3770000000000002,2.2349808872279326
2026-05-31 18:30:00,2.3794166666666663,2.2351303557739945
2026-05-31 18:32:00,2.388125,2.235245051481896
2026-05-31 18:34:00,2.382916666666667,2.2395847841040513
2026-05-31 18:36:00,2.37975,2.2386839069664872
2026-05-31 18:38:00,2.3898333333333333,2.2371590191523936
2026-05-31 18:40:00,2.3818333333333332,2.2364645954492626
2026-05-31 18:42:00,2.3859583333333334,2.2362842678167225
2026-05-31 18:44:00,2.3837500000000005,2.2361085604304396
2026-05-31 18:46:00,2.384,2.2358547912991087
2026-05-31 18:48:00,2.379,2.2356153715389206
2026-05-31 18:50:00,2.385086956521739,2.235489661324092
2026-05-31 18:52:00,2.379416666666667,2.2354923977828376
2026-05-31 18:54:00,2.377708333333333,2.235553328943799
2026-05-31 18:56:00,2.3822500000000004,2.2355626299740035
2026-05-31 18:58:00,2.380833333333334,2.235440212429286
2026-05-31 19:00:00,2.388958333333334,2.2348041217057726
2026-05-31 19:02:00,2.3834583333333335,2.234427172600891
2026-05-31 19:04:00,2.3861666666666665,2.237825334472118
2026-05-31 19:06:00,2.3785416666666666,2.2366827508516574
2026-05-31 19:08:00,2.386,2.234811192594445
2026-05-31 19:10:00,2.3833749999999996,2.2341785256357247
2026-05-31 19:12:00,2.3841666666666668,2.2342626335963534
2026-05-31 19:14:00,2.3820833333333336,2.2345697296810454
2026-05-31 19:16:00,2.384541666666667,2.2348596900176485
2026-05-31 19:18:00,2.3827499999999997,2.234945800419532
2026-05-31 19:20:00,2.3883750000000004,2.2348015280951525
2026-05-31 19:22:00,2.381375,2.234567603982801
2026-05-31 19:24:00,2.3828333333333336,2.2344240974319414
2026-05-31 19:26:00,2.380625,2.2344315588003267
2026-05-31 19:28:00,2.386416666666667,2.234552071256848
2026-05-31 19:30:00,2.380695652173913,2.234715285754925
2026-05-31 19:32:00,2.3815416666666667,2.234845855541686
2026-05-31 19:34:00,2.383166666666667,2.2388568348395586
2026-05-31 19:36:00,2.38275,2.2381027302112884
2026-05-31 19:38:00,2.3840833333333338,2.236612556115517
2026-05-31 19:40:00,2.3949583333333337,2.2359602968873795
2026-05-31 19:42:00,2.3973750000000003,2.2358008890958345
2026-05-31 19:44:00,2.3822083333333333,2.23564182735408
2026-05-31 19:46:00,2.382125,2.235403759925825
2026-05-31 19:48:00,2.3877083333333333,2.2351783882810636
2026-05-31 19:50:00,2.3877083333333338,2.2350641880908473
2026-05-31 19:52:00,2.3854583333333332,2.235075596488591
2026-05-31 19:54:00,2.399125,2.235142718405263
2026-05-31 19:56:00,2.403208333333333,2.2351565138615452
2026-05-31 19:58:00,2.393625,2.235037678099135
2026-05-31 20:00:00,2.39625,2.2345759656602078
2026-05-31 20:02:00,2.3962083333333335,2.23420003834267
2026-05-31 20:04:00,2.3989583333333337,2.237428824682526
2026-05-31 20:06:00,2.3997500000000005,2.2363219523111355
2026-05-31 20:08:00,2.3922173913043485,2.234462310682663
2026-05-31 20:10:00,2.403708333333334,2.233856405782934
2026-05-31 20:12:00,2.4004583333333334,2.233943243163825
2026-05-31 20:14:00,2.397458333333334,2.234250432866501
2026-05-31 20:16:00,2.39975,2.234539845099214
2026-05-31 20:18:00,2.400041666666667,2.234624089267893
2026-05-31 20:20:00,2.406083333333333,2.2344770707300654
2026-05-31 20:22:00,2.4014166666666665,2.234240797739359
2026-05-31 20:24:00,2.399958333333333,2.234096476076832
2026-05-31 20:26:00,2.399083333333333,2.234105209292994
2026-05-31 20:28:00,2.3978333333333333,2.23422923344196
2026-05-31 20:30:00,2.4060833333333336,2.2343980449567113
2026-05-31 20:32:00,2.402041666666667,2.2345359436816743
2026-05-31 20:34:00,2.4001250000000005,2.2383421531199463
2026-05-31 20:36:00,2.3947083333333334,2.2376690351834014
2026-05-31 20:38:00,2.408,2.2361994909257703
2026-05-31 20:40:00,2.4056666666666673,2.2355835357115637
2026-05-31 20:42:00,2.3996250000000003,2.2354373694643788
2026-05-31 20:44:00,2.40175,2.2352895797004018
2026-05-31 20:46:00,2.399958333333333,2.235063300713961
2026-05-31 20:48:00,2.4124347826086954,2.2348489945447483
2026-05-31 20:50:00,2.4035833333333336,2.234744231211571
2026-05-31 20:52:00,2.413,2.234763136623555
2026-05-31 20:54:00,2.410333333333334,2.2348360336629502
2026-05-31 20:56:00,2.419666666666666,2.2348544508258703
2026-05-31 20:58:00,2.4292499999999997,2.2347396653401774
2026-05-31 21:00:00,2.4238750000000002,2.2343747545773534
2026-05-31 21:02:00,2.4183749999999997,2.2339993271383225
2026-05-31 21:04:00,2.406833333333333,2.2370931462898507
2026-05-31 21:06:00,2.411083333333333,2.2360100028525194
2026-05-31 21:08:00,2.4055416666666667,2.2341685818270793
2026-05-31 21:10:00,2.4056249999999992,2.2335863959011806
2026-05-31 21:12:00,2.408208333333333,2.2336734163059995
2026-05-31 21:14:00,2.4079166666666674,2.2339794704839218
2026-05-31 21:16:00,2.4055416666666662,2.2342675761155895
2026-05-31 21:18:00,2.4158333333333335,2.234349463324807
2026-05-31 21:20:00,2.4124166666666667,2.234199415839194
2026-05-31 21:22:00,2.4105416666666666,2.2339604560216113
2026-05-31 21:24:00,2.4124583333333334,2.233814574655312
2026-05-31 21:26:00,2.402173913043478,2.233823189674273
2026-05-31 21:28:00,2.4240833333333325,2.233948633433412
2026-05-31 21:30:00,2.4254999999999995,2.2341203828989653
2026-05-31 21:32:00,2.4285833333333335,2.2342626273006223
2026-05-31 21:34:00,2.4263749999999997,2.237934076209051
2026-05-31 21:36:00,2.4233749999999996,2.2372988781581578
2026-05-31 21:38:00,2.42325,2.2358444756468203
2026-05-31 21:40:00,2.418791666666667,2.2352574018899176
2026-05-31 21:42:00,2.4265416666666666,2.235118906139712
2026-05-31 21:44:00,2.423125,2.2349788744456616
2026-05-31 21:46:00,2.425041666666667,2.2347617784155465
2026-05-31 21:48:00,2.4257916666666666,2.234556576733733
2026-05-31 21:50:00,2.4248333333333334,2.2344600388657816
2026-05-31 21:52:00,2.424124999999999,2.2344860093747627
2026-05-31 21:54:00,2.4187916666666665,2.2345648774983666
2026-05-31 21:56:00,2.4231666666666665,2.2345884849392887
2026-05-31 21:58:00,2.423,2.2344784683644665
2026-05-31 22:00:00,2.4204583333333334,2.2341110103408552
2026-05-31 22:02:00,2.4234999999999998,2.23373504944023
2026-05-31 22:04:00,2.4218749999999996,2.236782010497183
2026-05-31 22:06:00,2.4246521739130436,2.235664353721602
2026-05-31 22:08:00,2.4259166666666663,2.233840912272995
2026-05-31 22:10:00,2.4247916666666667,2.2332796834193935
2026-05-31 22:12:00,2.4213333333333336,2.2333629368695953
2026-05-31 22:14:00,2.4242500000000002,2.233665113623708
2026-05-31 22:16:00,2.4229583333333333,2.2339502091172525
2026-05-31 22:18:00,2.420291666666667,2.2340291949068107
2026-05-31 22:20:00,2.422958333333333,2.2338767883489066
2026-05-31 22:22:00,2.4221249999999994,2.233636680408834
2026-05-31 22:24:00,2.4265833333333338,2.233491085701369
2026-05-31 22:26:00,2.4229583333333333,2.233501269438016
2026-05-31 22:28:00,2.4187083333333335,2.2336293669784357
2026-05-31 22:30:00,2.424874999999999,2.2338047505307665
2026-05-31 22:32:00,2.427291666666666,2.23395156404117
2026-05-31 22:34:00,2.4203333333333332,2.237532487438954
2026-05-31 22:36:00,2.4203333333333332,2.236901642304116
2026-05-31 22:38:00,2.4225833333333333,2.235466676936063
2026-05-31 22:40:00,2.4235416666666665,2.234908362811855
2026-05-31 22:42:00,2.422791666666667,2.2347767471911113
2026-05-31 22:44:00,2.4219999999999997,2.234644576894738
2026-05-31 22:46:00,2.4296956521739124,2.2344368982583367
2026-05-31 22:48:00,2.4196666666666666,2.2342410116538143
2026-05-31 22:50:00,2.4263333333333335,2.234153051375782
2026-05-31 22:52:00,2.4251666666666662,2.2341866498617473
2026-05-31 22:54:00,2.4244999999999997,2.234272133119756
2026-05-31 22:56:00,2.4257916666666666,2.234301416320257
2026-05-31 22:58:00,2.4239166666666665,2.2341963033222356
2026-05-31 23:00:00,2.423291666666667,2.23377752721424
2026-05-31 23:02:00,2.424416666666666,2.233398845229555
2026-05-31 23:04:00,2.4254583333333337,2.236410851889372
2026-05-31 23:06:00,2.424333333333333,2.235220125475333
2026-05-31 23:08:00,2.4233749999999996,2.23342095535279
2026-05-31 23:10:00,2.424166666666666,2.232877239443807
2026-05-31 23:12:00,2.4268749999999994,2.2329528009176203
2026-05-31 23:14:00,2.422458333333333,2.233248377835403
2026-05-31 23:16:00,2.423458333333333,2.233528975159592
2026-05-31 23:18:00,2.4239166666666665,2.2336051169307667
2026-05-31 23:20:00,2.4272499999999995,2.233452067623361
2026-05-31 23:22:00,2.4225833333333333,2.2332138479766894
2026-05-31 23:24:00,2.4262916666666667,2.2330723111768194
2026-05-31 23:26:00,2.423739130434783,2.2330880631055146
2026-05-31 23:28:00,2.4231249999999998,2.2332226832312663
2026-05-31 23:30:00,2.424916666666666,2.2334052667512374
2026-05-31 23:32:00,2.4226249999999996,2.2335598898802327
2026-05-31 23:34:00,2.4074166666666668,2.2370996084651273
2026-05-31 23:36:00,2.4027499999999997,2.236443153242755
2026-05-31 23:38:00,2.406166666666667,2.235034881783061
2026-05-31 23:40:00,2.4047916666666667,2.234506303481556
2026-05-31 23:42:00,2.4070000000000005,2.234382600921604
2026-05-31 23:44:00,2.4076249999999995,2.2342598319472726
2026-05-31 23:46:00,2.409833333333333,2.234062848072894
2026-05-31 23:48:00,2.410583333333333,2.233877211066094
2026-05-31 23:50:00,2.4086666666666665,2.233798599556381
2026-05-31 23:52:00,2.410833333333333,2.2338404974562067
2026-05-31 23:54:00,2.4067916666666664,2.233933032301906
2026-05-31 23:56:00,2.4102083333333333,2.233967955304949
2026-05-31 23:58:00,2.407666666666666,2.2338670605814728
2026-06-01 00:00:00,2.4102916666666663,2.233367151516804
2026-06-01 00:02:00,2.408458333333333,2.2329826479591537
2026-06-01 00:04:00,2.410173913043479,2.2359595329797957
2026-06-01 00:06:00,2.4092500000000006,2.234682675295552
2026-06-01 00:08:00,2.411791666666667,2.2329204065869526
2026-06-01 00:10:00,2.404208333333333,2.232390673451408
2026-06-01 00:12:00,2.4127500000000004,2.2324552767442993
2026-06-01 00:14:00,2.4079166666666665,2.2327421106212997
2026-06-01 00:16:00,2.407166666666667,2.2330172298978246
2026-06-01 00:18:00,2.4094166666666665,2.233090966066813
2026-06-01 00:20:00,2.415,2.2329391735496498
2026-06-01 00:22:00,2.4116249999999995,2.232705931548549
2026-06-01 00:24:00,2.403375,2.2325723147398673
2026-06-01 00:26:00,2.4092916666666664,2.232597908222874
2026-06-01 00:28:00,2.410999999999999,2.2327434699484616
2026-06-01 00:30:00,2.411916666666667,2.232937685144809
2026-06-01 00:32:00,2.413791666666667,2.233104534086454
2026-06-01 00:34:00,2.4152083333333327,2.2366042009426983
2026-06-01 00:36:00,2.415416666666666,2.2358948612856
2026-06-01 00:38:00,2.4109166666666666,2.2345222915705114
2026-06-01 00:40:00,2.413125,2.2340244949436134
2026-06-01 00:42:00,2.4047916666666667,2.233911679038969
2026-06-01 00:44:00,2.406086956521739,2.233801282539334
2026-06-01 00:46:00,2.4062916666666667,2.2336172241784404
2026-06-01 00:48:00,2.4063749999999993,2.23344343761793
2026-06-01 00:50:00,2.41475,2.233375388653209
2026-06-01 00:52:00,2.4030000000000005,2.233426504634975
2026-06-01 00:54:00,2.4022916666666663,2.2335266161323704
2026-06-01 00:56:00,2.403208333333333,2.2335671178347956
2026-06-01 00:58:00,2.404875,2.2334696557969993
2026-06-01 01:00:00,2.4056666666666673,2.2328695892033705
2026-06-01 01:02:00,2.4077083333333333,2.2324772029498603
2026-06-01 01:04:00,2.4062499999999996,2.2354032282099503
2026-06-01 01:06:00,2.4062083333333333,2.234022243258159
2026-06-01 01:08:00,2.415083333333333,2.232300064909749
2026-06-01 01:10:00,2.4098333333333333,2.231777957965061
2026-06-01 01:12:00,2.417791666666666,2.231829338731068
2026-06-01 01:14:00,2.4209583333333335,2.232106072395059
2026-06-01 01:16:00,2.4242083333333326,2.232375013805383
2026-06-01 01:18:00,2.4229583333333333,2.2324464372963333
2026-06-01 01:20:00,2.4183043478260866,2.232296705510593
2026-06-01 01:22:00,2.4102083333333333,2.232069756878058
2026-06-01 01:24:00,2.4079166666666665,2.2319457064173185
2026-06-01 01:26:00,2.4129166666666664,2.231983001357663
2026-06-01 01:28:00,2.42175,2.23214152656801
2026-06-01 01:30:00,2.419958333333333,2.2323495849736372
2026-06-01 01:32:00,2.407291666666667,2.232531132614886
2026-06-01 01:34:00,2.4112916666666666,2.2360023281669212
2026-06-01 01:36:00,2.407291666666667,2.2352291865153138
2026-06-01 01:38:00,2.4036666666666666,2.2338977261401083
2026-06-01 01:40:00,2.4071666666666665,2.2334297129340737
2026-06-01 01:42:00,2.409666666666667,2.233331332238376
2026-06-01 01:44:00,2.4161249999999996,2.2332362828446315
2026-06-01 01:46:00,2.4111666666666665,2.2330669232045763
2026-06-01 01:48:00,2.406708333333333,2.2329059322112044
2026-06-01 01:50:00,2.4082499999999993,2.2328489001896052
2026-06-01 01:52:00,2.408416666666667,2.2329093372768054
2026-06-01 01:54:00,2.409291666666666,2.233016736656158
2026-06-01 01:56:00,2.4078749999999993,2.2330620058641104
2026-06-01 01:58:00,2.4077499999999996,2.232966544041471
2026-06-01 02:00:00,2.408347826086956,2.232327755299301
2026-06-01 02:02:00,2.4065833333333333,2.2319280154489625
2026-06-01 02:04:00,2.411208333333333,2.2348506881930126
2026-06-01 02:06:00,2.4070416666666667,2.233333140880579
2026-06-01 02:08:00,2.409499999999999,2.231644276071435
2026-06-01 02:10:00,2.407083333333333,2.2311231829921674
2026-06-01 02:12:00,2.405583333333333,2.231160753852681
2026-06-01 02:14:00,2.407458333333333,2.231427710091348
2026-06-01 02:16:00,2.408625,2.2316909327550767
2026-06-01 02:18:00,2.4084999999999996,2.2317604068069494
2026-06-01 02:20:00,2.4096250000000006,2.2316126805481558
2026-06-01 02:22:00,2.4131666666666662,2.231391336923544
2026-06-01 02:24:00,2.410291666666667,2.231275546679797
2026-06-01 02:26:00,2.4093333333333327,2.231322759675333
2026-06-01 02:28:00,2.409666666666667,2.231492195545302
2026-06-01 02:30:00,2.4237083333333334,2.2317120183325554
2026-06-01 02:32:00,2.408041666666666,2.231906387030657
2026-06-01 02:34:00,2.408333333333333,2.235404741833383
2026-06-01 02:36:00,2.4069583333333333,2.2345564352340155
2026-06-01 02:38:00,2.406434782608695,2.233262852931289
2026-06-01 02:40:00,2.4059166666666663,2.2328198690771806
2026-06-01 02:42:00,2.4218333333333333,2.232736042102254
2026-06-01 02:44:00,2.4222083333333333,2.2326562868843345
2026-06-01 02:46:00,2.4194166666666663,2.2325008299853573
2026-06-01 02:48:00,2.4194166666666663,2.2323514300284732
2026-06-01 02:50:00,2.407458333333333,2.2323040939803795
2026-06-01 02:52:00,2.4070416666666663,2.2323725420699483
2026-06-01 02:54:00,2.4072916666666666,2.23248592146761
2026-06-01 02:56:00,2.4066666666666667,2.2325345677464226
2026-06-01 02:58:00,2.4071249999999993,2.2324395535557096
2026-06-01 03:00:00,2.402208333333333,2.231816878287392
2026-06-01 03:02:00,2.407708333333334,2.2314114646638323
2026-06-01 03:04:00,2.4061250000000003,2.234365655858979
2026-06-01 03:06:00,2.4103749999999997,2.232711909686528
2026-06-01 03:08:00,2.4035833333333336,2.231043727021291
2026-06-01 03:10:00,2.4044583333333334,2.230518204954585
2026-06-01 03:12:00,2.4122916666666665,2.230543701021459
2026-06-01 03:14:00,2.4076666666666666,2.2308027534981005
2026-06-01 03:16:00,2.404086956521739,2.2310614837485536
2026-06-01 03:18:00,2.406,2.2311293275873374
2026-06-01 03:20:00,2.406041666666666,2.230982709707405
2026-06-01 03:22:00,2.4127916666666667,2.230764766814544
2026-06-01 03:24:00,2.406291666666666,2.230653939197496
2026-06-01 03:26:00,2.4058333333333333,2.2307070098060917
2026-06-01 03:28:00,2.4053333333333335,2.230882907321478
2026-06-01 03:30:00,2.4055416666666667,2.231110019441597
2026-06-01 03:32:00,2.4110416666666663,2.2313130173662863
2026-06-01 03:34:00,2.4125416666666664,2.2348960831930005
2026-06-01 03:36:00,2.4027499999999993,2.2339586656568855
2026-06-01 03:38:00,2.411708333333333,2.232687954966793
2026-06-01 03:40:00,2.4223749999999997,2.2322615598000652
2026-06-01 03:42:00,2.4201666666666664,2.232190333172106
2026-06-01 03:44:00,2.418041666666667,2.2321236312766586
2026-06-01 03:46:00,2.4191249999999993,2.231979181572998
2026-06-01 03:48:00,2.424583333333333,2.231838315945034
2026-06-01 03:50:00,2.422125,2.231797796288781
2026-06-01 03:52:00,2.4234166666666668,2.231871716496778
2026-06-01 03:54:00,2.4263478260869573,2.231988927496716
2026-06-01 03:56:00,2.4251250000000004,2.232039167895
2026-06-01 03:58:00,2.419291666666666,2.231943128823948
2026-06-01 04:00:00,2.4035000000000006,2.231407888868237
2026-06-01 04:02:00,2.406916666666667,2.230998416422827
2026-06-01 04:04:00,2.4075,2.234026866588459
2026-06-01 04:06:00,2.4059583333333334,2.232267681647027
2026-06-01 04:08:00,2.4047083333333332,2.2306049563468333
2026-06-01 04:10:00,2.4049166666666664,2.2300705483929075
2026-06-01 04:12:00,2.405791666666666,2.230086282957003
2026-06-01 04:14:00,2.401666666666667,2.2303396118665706
2026-06-01 04:16:00,2.4072916666666666,2.230595110987211
2026-06-01 04:18:00,2.4141250000000007,2.230661336345732
2026-06-01 04:20:00,2.4125,2.2305143129670557
2026-06-01 04:22:00,2.4064166666666664,2.2302967247292718
2026-06-01 04:24:00,2.4022499999999996,2.23018657457746
2026-06-01 04:26:00,2.404791666666667,2.2302403583310975
2026-06-01 04:28:00,2.4058333333333333,2.230417108325891
2026-06-01 04:30:00,2.40725,2.2306457889074407
2026-06-01 04:32:00,2.4158749999999998,2.230851867260069
2026-06-01 04:34:00,2.403375,2.2345406745677563
2026-06-01 04:36:00,2.4131304347826084,2.2335282352909522
2026-06-01 04:38:00,2.405958333333334,2.2322642177724106
2026-06-01 04:40:00,2.4017083333333336,2.2318432724193076
2026-06-01 04:42:00,2.4034583333333335,2.2317795302541805
2026-06-01 04:44:00,2.4095416666666667,2.2317209439746506
2026-06-01 04:46:00,2.3982916666666663,2.2315826598523594
2026-06-01 04:48:00,2.397583333333333,2.231446017025693
2026-06-01 04:50:00,2.398875,2.2314087656841823
2026-06-01 04:52:00,2.3997083333333338,2.2314854838628873
2026-06-01 04:54:00,2.4057500000000003,2.2316047716473078
2026-06-01 04:56:00,2.403375,2.2316557555580885
2026-06-01 04:58:00,2.404166666666667,2.2315586792975686
2026-06-01 05:00:00,2.407875,2.2312533776001846
2026-06-01 05:02:00,2.4067083333333334,2.230842929653841
2026-06-01 05:04:00,2.4012083333333334,2.234081499911989
2026-06-01 05:06:00,2.4033333333333338,2.232183423397897
2026-06-01 05:08:00,2.4098333333333337,2.2304961116906132
2026-06-01 05:10:00,2.4112500000000003,2.229945518498493
2026-06-01 05:12:00,2.4104166666666664,2.229952718245797
2026-06-01 05:14:00,2.4119166666666665,2.2302021326915424
2026-06-01 05:16:00,2.4139166666666667,2.23045541709998
2026-06-01 05:18:00,2.4104999999999994,2.230519715240487
2026-06-01 05:20:00,2.4013478260869565,2.230370260685758
2026-06-01 05:22:00,2.4058749999999995,2.23014910862888
2026-06-01 05:24:00,2.4057083333333336,2.230033952578003
2026-06-01 05:26:00,2.407083333333333,2.230081268928903
2026-06-01 05:28:00,2.404291666666667,2.23025050424748
2026-06-01 05:30:00,2.400291666666667,2.2304714671433947
2026-06-01 05:32:00,2.3987916666666673,2.230670637733614
2026-06-01 05:34:00,2.4026666666666663,2.234612053929007
2026-06-01 05:36:00,2.402416666666667,2.233470703221309
2026-06-01 05:38:00,2.390875,2.23217521867628
2026-06-01 05:40:00,2.3935833333333334,2.2317388347621083
2026-06-01 05:42:00,2.3954583333333335,2.2316707415232595
2026-06-01 05:44:00,2.3967916666666667,2.231610406600875
2026-06-01 05:46:00,2.3943333333333334,2.2314696784987387
2026-06-01 05:48:00,2.3989999999999996,2.2313299587647495
2026-06-01 05:50:00,2.3990416666666667,2.231289970414496
2026-06-01 05:52:00,2.396041666666666,2.2313647411238406
2026-06-01 05:54:00,2.398333333333334,2.2314825962374676
2026-06-01 05:56:00,2.3997916666666668,2.231532006008665
2026-06-01 05:58:00,2.4003333333333337,2.231432666902022
2026-06-01 06:00:00,2.396291666666667,2.231472305593434
2026-06-01 06:02:00,2.399304347826087,2.2310622721369895
2026-06-01 06:04:00,2.4011249999999995,2.234645747995561
2026-06-01 06:06:00,2.404833333333333,2.2326026816759006
2026-06-01 06:08:00,2.401416666666667,2.23086162681633
2026-06-01 06:10:00,2.401083333333333,2.2302864111449994
2026-06-01 06:12:00,2.4040833333333333,2.2302853021175753
2026-06-01 06:14:00,2.3994583333333335,2.2305319249130546
2026-06-01 06:16:00,2.4058749999999995,2.230783635221078
2026-06-01 06:18:00,2.399291666666667,2.230845574016471
2026-06-01 06:20:00,2.405083333333333,2.2306917244464604
2026-06-01 06:22:00,2.394458333333333,2.230463253745139
2026-06-01 06:24:00,2.40225,2.2303375792749844
2026-06-01 06:26:00,2.3985416666666675,2.2303713097642763
2026-06-01 06:28:00,2.4005416666666664,2.230524458430357
2026-06-01 06:30:00,2.397416666666666,2.2307277684772693
2026-06-01 06:32:00,2.4034583333333335,2.2309088025661614
2026-06-01 06:34:00,2.4007916666666667,2.2352318260725097
2026-06-01 06:36:00,2.398041666666667,2.233926681607804
2026-06-01 06:38:00,2.399833333333333,2.232564458456576
2026-06-01 06:40:00,2.401375,2.232087534486626
2026-06-01 06:42:00,2.4037083333333324,2.2319981469341794
2026-06-01 06:44:00,2.4008260869565214,2.231922054608588
2026-06-01 06:46:00,2.398916666666666,2.231767277580043
2026-06-01 06:48:00,2.3997499999999996,2.231615164331414
2026-06-01 06:50:00,2.3989583333333333,2.231565191134827
2026-06-01 06:52:00,2.400208333333333,2.2316326502286006
2026-06-01 06:54:00,2.401875,2.2317454711372804
2026-06-01 06:56:00,2.399999999999999,2.231791354979454
2026-06-01 06:58:00,2.40075,2.2316892815574834
2026-06-01 07:00:00,2.4049583333333326,2.232024832118703
2026-06-01 07:02:00,2.4041666666666663,2.231618782552221
2026-06-01 07:04:00,2.401708333333333,2.235571970629518
2026-06-01 07:06:00,2.4027916666666664,2.2334178289524735
2026-06-01 07:08:00,2.3997916666666668,2.2316141158129823
2026-06-01 07:10:00,2.4050000000000007,2.2310147091587926
2026-06-01 07:12:00,2.4170416666666665,2.231009250840036
2026-06-01 07:14:00,2.401333333333334,2.2312560478155556
2026-06-01 07:16:00,2.40525,2.2315081128818925
2026-06-01 07:18:00,2.4015833333333334,2.231568587997593
2026-06-01 07:20:00,2.401958333333333,2.2314100384661173
2026-06-01 07:22:00,2.4036249999999995,2.231172649272151
2026-06-01 07:24:00,2.4080833333333334,2.2310336405023543
2026-06-01 07:26:00,2.401333333333333,2.231049864914293
2026-06-01 07:28:00,2.4081739130434783,2.23118192875985
2026-06-01 07:30:00,2.4118749999999998,2.2313614375267083
2026-06-01 07:32:00,2.4103333333333326,2.231516958555078
2026-06-01 07:34:00,2.4102916666666667,2.2362068130475223
2026-06-01 07:36:00,2.406958333333333,2.2347460318526906
2026-06-01 07:38:00,2.408,2.233302325142196
2026-06-01 07:40:00,2.4040833333333333,2.2327708693480974
2026-06-01 07:42:00,2.3989583333333333,2.2326500092661066
2026-06-01 07:44:00,2.408125,2.2325487029857265
2026-06-01 07:46:00,2.4082916666666665,2.232371643278615
2026-06-01 07:48:00,2.407541666666667,2.2322004577567256
2026-06-01 07:50:00,2.4086250000000002,2.232135337567753
2026-06-01 07:52:00,2.4043750000000004,2.232191758428634
2026-06-01 07:54:00,2.4044166666666658,2.232297225126405
2026-06-01 07:56:00,2.4047083333333332,2.2323386468891946
2026-06-01 07:58:00,2.4102499999999996,2.2322341916759982
2026-06-01 08:00:00,2.412291666666667,2.2326014535214918
2026-06-01 08:02:00,2.404458333333333,2.2322042058420988
2026-06-01 08:04:00,2.4085416666666664,2.2364299076714795
2026-06-01 08:06:00,2.40525,2.23424300543087
2026-06-01 08:08:00,2.4072500000000003,2.232392971072541
2026-06-01 08:10:00,2.4007391304347827,2.2317811401384646
2026-06-01 08:12:00,2.4040416666666666,2.2317791798044335
2026-06-01 08:14:00,2.407916666666666,2.2320301530542634
2026-06-01 08:16:00,2.40525,2.232284772380168
2026-06-01 08:18:00,2.4075,2.23234521747591
2026-06-01 08:20:00,2.405958333333333,2.2321830537254117
2026-06-01 08:22:00,2.408166666666666,2.2319377571340406
2026-06-01 08:24:00,2.405791666666666,2.2317865592013466
2026-06-01 08:26:00,2.4009583333333335,2.2317866767978303
2026-06-01 08:28:00,2.401375,2.231899252777733
2026-06-01 08:30:00,2.4059166666666667,2.232056554229143
2026-06-01 08:32:00,2.4020833333333336,2.2321879191907716
2026-06-01 08:34:00,2.4028333333333336,2.2371568823453147
2026-06-01 08:36:00,2.403,2.2355973370282314
2026-06-01 08:38:00,2.408833333333333,2.234090883067919
2026-06-01 08:40:00,2.4049166666666664,2.2335162047352575
2026-06-01 08:42:00,2.406541666666667,2.2333695926509414
2026-06-01 08:44:00,2.4050000000000002,2.2332447348718474
2026-06-01 08:46:00,2.406416666666667,2.233045335661207
2026-06-01 08:48:00,2.404333333333333,2.232854384717827
2026-06-01 08:50:00,2.4071666666666665,2.2327731303628773
2026-06-01 08:52:00,2.406304347826087,2.2328174055954166
2026-06-01 08:54:00,2.404375,2.232914479324075
2026-06-01 08:56:00,2.407625,2.2329506586435217
2026-06-01 08:58:00,2.4058750000000004,2.2328434190269135
2026-06-01 09:00:00,2.406541666666667,2.233034155990294
2026-06-01 09:02:00,2.40025,2.2326461452797886
2026-06-01 09:04:00,2.406,2.2369949771151423
2026-06-01 09:06:00,2.4050833333333337,2.2348802384352617
2026-06-01 09:08:00,2.40475,2.233016588828068
2026-06-01 09:10:00,2.4017916666666665,2.232406834351462
2026-06-01 09:12:00,2.3987499999999997,2.232414716711388
2026-06-01 09:14:00,2.4,2.2326725356728963
2026-06-01 09:16:00,2.4022916666666667,2.2329312224084266
2026-06-01 09:18:00,2.4028750000000003,2.232993153688281
2026-06-01 09:20:00,2.4018333333333337,2.2328294380640457
2026-06-01 09:22:00,2.3988750000000003,2.232579183731346
2026-06-01 09:24:00,2.400208333333334,2.2324198030284736
2026-06-01 09:26:00,2.397958333333333,2.2324089441840522
2026-06-01 09:28:00,2.4047916666666667,2.2325081723857703
2026-06-01 09:30:00,2.402458333333334,2.2326501390862328
2026-06-01 09:32:00,2.4019583333333334,2.23276458954254
2026-06-01 09:34:00,2.3992083333333327,2.237764681561913
2026-06-01 09:36:00,2.4067826086956523,2.2362623509382114
2026-06-01 09:38:00,2.4014583333333333,2.2347439114485343
2026-06-01 09:40:00,2.4024583333333336,2.2341504095679183
2026-06-01 09:42:00,2.4028750000000003,2.233991265091438
2026-06-01 09:44:00,2.4075833333333336,2.2338508031657476
2026-06-01 09:46:00,2.3973333333333327,2.23363478971638
2026-06-01 09:48:00,2.3980833333333336,2.23342857565172
2026-06-01 09:50:00,2.399083333333334,2.2333346909240546
2026-06-01 09:52:00,2.3985416666666666,2.2333694847360444
2026-06-01 09:54:00,2.4014583333333333,2.2334602395904417
2026-06-01 09:56:00,2.3985833333333333,2.233492944376402
2026-06-01 09:58:00,2.4334166666666666,2.233384618667073
2026-06-01 10:00:00,2.411875,2.2334365414184654
2026-06-01 10:02:00,2.3996666666666666,2.2330574780662205
2026-06-01 10:04:00,2.395541666666666,2.2373386599586738
2026-06-01 10:06:00,2.3972916666666673,2.2353853590499937
2026-06-01 10:08:00,2.3972916666666673,2.2335300604251453
2026-06-01 10:10:00,2.3986666666666667,2.232930270060618
2026-06-01 10:12:00,2.3954999999999997,2.232952768514422
2026-06-01 10:14:00,2.3967916666666667,2.23321975031755
2026-06-01 10:16:00,2.396708333333333,2.233484077250303
2026-06-01 10:18:00,2.404826086956522,2.23354929808092
2026-06-01 10:20:00,2.3949583333333337,2.2333864752370176
2026-06-01 10:22:00,2.398,2.2331345008004178
2026-06-01 10:24:00,2.397208333333334,2.232970963847917
2026-06-01 10:26:00,2.397125000000001,2.2329539321883787
2026-06-01 10:28:00,2.3965000000000005,2.233045288596752
2026-06-01 10:30:00,2.3975833333333334,2.233177832355091
2026-06-01 10:32:00,2.397625,2.2332813821772266
2026-06-01 10:34:00,2.396375,2.23813815836695
2026-06-01 10:36:00,2.399458333333334,2.2367709846977646
2026-06-01 10:38:00,2.3925833333333335,2.2352639763020163
2026-06-01 10:40:00,2.395166666666667,2.234662160229279
2026-06-01 10:42:00,2.3980416666666673,2.234498482580772
2026-06-01 10:44:00,2.3987916666666664,2.234347827379577
2026-06-01 10:46:00,2.394458333333334,2.2341193896417706
2026-06-01 10:48:00,2.3951249999999993,2.233901316661894
2026-06-01 10:50:00,2.3913749999999996,2.233797352207357
2026-06-01 10:52:00,2.3932083333333325,2.2338243832798894
2026-06-01 10:54:00,2.3939166666666662,2.233909909928384
2026-06-01 10:56:00,2.3924999999999996,2.2339398780484703
2026-06-01 10:58:00,2.395375,2.2338310799474153
2026-06-01 11:00:00,2.394,2.233845483224098
2026-06-01 11:02:00,2.3965217391304345,2.233472784192167
2026-06-01 11:04:00,2.395,2.2376506357468418
2026-06-01 11:06:00,2.390125,2.235874303396043
2026-06-01 11:08:00,2.397708333333334,2.234024821064361
2026-06-01 11:10:00,2.3865833333333333,2.233430539639779
2026-06-01 11:12:00,2.3906250000000004,2.233467707331809
2026-06-01 11:14:00,2.3848750000000005,2.2337438141619095
2026-06-01 11:16:00,2.3984166666666664,2.2340138225013475
2026-06-01 11:18:00,2.3868750000000003,2.2340828361190885
2026-06-01 11:20:00,2.3945000000000003,2.2339219089875364
2026-06-01 11:22:00,2.3968333333333334,2.233669608881691
2026-06-01 11:24:00,2.39925,2.2335035749383945
2026-06-01 11:26:00,2.3952499999999994,2.2334822389264986
2026-06-01 11:28:00,2.3950833333333335,2.2335677166062338
2026-06-01 11:30:00,2.396833333333333,2.2336927791635866
2026-06-01 11:32:00,2.3938750000000004,2.2337870698417173
2026-06-01 11:34:00,2.3913749999999996,2.2384940482052533
2026-06-01 11:36:00,2.399,2.2372714141045016
2026-06-01 11:38:00,2.3980833333333327,2.2357768209192637
2026-06-01 11:40:00,2.393541666666666,2.23516286271053
2026-06-01 11:42:00,2.396875,2.2349944704215727
2026-06-01 11:44:00,2.393833333333333,2.234833655624335
2026-06-01 11:46:00,2.3980434782608695,2.2345929608923023
2026-06-01 11:48:00,2.390333333333333,2.234363228579158
2026-06-01 11:50:00,2.3907916666666664,2.2342490951946163
2026-06-01 11:52:00,2.3921666666666663,2.2342678471781174
2026-06-01 11:54:00,2.387958333333333,2.2343472899191905
2026-06-01 11:56:00,2.390333333333334,2.234373511809038
2026-06-01 11:58:00,2.395458333333333,2.234263226303968
2026-06-01 12:00:00,2.3911666666666664,2.2342764592465443
2026-06-01 12:02:00,2.3994166666666663,2.233905535736177
2026-06-01 12:04:00,2.3935833333333334,2.238007326128349
2026-06-01 12:06:00,2.396333333333333,2.236391649204496
2026-06-01 12:08:00,2.3903749999999997,2.234542621049379
2026-06-01 12:10:00,2.397416666666666,2.2339450107893355
2026-06-01 12:12:00,2.390625,2.233994798221901
2026-06-01 12:14:00,2.389208333333334,2.2342791999289777
2026-06-01 12:16:00,2.3904999999999994,2.2345545895999233
2026-06-01 12:18:00,2.386333333333333,2.23462760740141
2026-06-01 12:20:00,2.3923749999999995,2.23446916132818
2026-06-01 12:22:00,2.3945416666666666,2.2342173355672954
2026-06-01 12:24:00,2.390166666666667,2.2340497043059786
2026-06-01 12:26:00,2.3868749999999994,2.2340250160261785
2026-06-01 12:28:00,2.386833333333333,2.234105568799293
2026-06-01 12:30:00,2.3922083333333335,2.2342239998207627
2026-06-01 12:32:00,2.394173913043478,2.234309626452186
2026-06-01 12:34:00,2.3904583333333336,2.238965983833498
2026-06-01 12:36:00,2.3840833333333333,2.2378275718266045
2026-06-01 12:38:00,2.3896666666666664,2.236330781618916
2026-06-01 12:40:00,2.385291666666666,2.235694710565635
2026-06-01 12:42:00,2.38675,2.2355181488729023
2026-06-01 12:44:00,2.3848749999999996,2.2353456767150552
2026-06-01 12:46:00,2.385291666666667,2.2350920100538727
2026-06-01 12:48:00,2.3824583333333336,2.23485013919098
2026-06-01 12:50:00,2.390333333333334,2.2347251047812797
2026-06-01 12:52:00,2.3889166666666664,2.23473435402886
2026-06-01 12:54:00,2.3901666666666666,2.234806007590204
2026-06-01 12:56:00,2.3875416666666665,2.2348264305170007
2026-06-01 12:58:00,2.3908333333333336,2.2347123739824286
2026-06-01 13:00:00,2.3898333333333333,2.2346950831814056
2026-06-01 13:02:00,2.3871249999999997,2.234320796750547
2026-06-01 13:04:00,2.3878333333333326,2.2384113739794786
2026-06-01 13:06:00,2.3857500000000003,2.236900064871278
2026-06-01 13:08:00,2.3867083333333334,2.235042586539375
2026-06-01 13:10:00,2.3885416666666672,2.234431367221318
2026-06-01 13:12:00,2.388,2.2344902202774612
2026-06-01 13:14:00,2.3820434782608695,2.2347810622597852
2026-06-01 13:16:00,2.3897500000000003,2.2350606396202064
2026-06-01 13:18:00,2.3877500000000005,2.2351370001211417
2026-06-01 13:20:00,2.388,2.234980840306548
2026-06-01 13:22:00,2.386791666666667,2.234729706901171
2026-06-01 13:24:00,2.3950833333333335,2.2345610395519016
2026-06-01 13:26:00,2.3912083333333336,2.2345338467969955
2026-06-01 13:28:00,2.393041666666667,2.2346105637745075
2026-06-01 13:30:00,2.384708333333333,2.234723627525536
2026-06-01 13:32:00,2.3964166666666675,2.234801942799246
2026-06-01 13:34:00,2.38825,2.2394641176061043
2026-06-01 13:36:00,2.3904583333333336,2.238369372193555
2026-06-01 13:38:00,2.386625,2.2368625308356305
2026-06-01 13:40:00,2.3895000000000004,2.236196610617779
2026-06-01 13:42:00,2.3913333333333333,2.236008880000258
2026-06-01 13:44:00,2.3886666666666665,2.235824150547596
2026-06-01 13:46:00,2.386875,2.235557997661707
2026-06-01 13:48:00,2.391291666666666,2.2353048258023227
2026-06-01 13:50:00,2.3930416666666674,2.235169547719735
2026-06-01 13:52:00,2.386125,2.235169507466658
2026-06-01 13:54:00,2.4031249999999993,2.2352331099953324
2026-06-01 13:56:00,2.385478260869565,2.2352470953476575
2026-06-01 13:58:00,2.3875416666666665,2.2351283548299836
2026-06-01 14:00:00,2.3818750000000004,2.235076345199699
2026-06-01 14:02:00,2.37975,2.2346977739804625
2026-06-01 14:04:00,2.3865416666666666,2.2388301422343915
2026-06-01 14:06:00,2.382375,2.2373746535753596
2026-06-01 14:08:00,2.3833333333333324,2.235503717082118
2026-06-01 14:10:00,2.3865000000000003,2.2348708363876173
2026-06-01 14:12:00,2.3865833333333337,2.2349351827474644
2026-06-01 14:14:00,2.3848333333333334,2.2352307449952433
2026-06-01 14:16:00,2.3876250000000003,2.2355134648634385
2026-06-01 14:18:00,2.385291666666667,2.235592598739985
2026-06-01 14:20:00,2.3865,2.23543868575846
2026-06-01 14:22:00,2.385500000000001,2.2351888021270225
2026-06-01 14:24:00,2.3842499999999998,2.2350202209491457
2026-06-01 14:26:00,2.383375,2.2349921385174714
2026-06-01 14:28:00,2.389333333333333,2.2350670762146647
2026-06-01 14:30:00,2.3869166666666666,2.2351772208280543
2026-06-01 14:32:00,2.3856666666666664,2.2352510093977376
2026-06-01 14:34:00,2.3884166666666666,2.2399581050128043
2026-06-01 14:36:00,2.3836666666666666,2.238863699633248
2026-06-01 14:38:00,2.388826086956522,2.2373398528810453
2026-06-01 14:40:00,2.387166666666667,2.2366389537136673
2026-06-01 14:42:00,2.3870833333333334,2.2364390667496656
2026-06-01 14:44:00,2.3881666666666668,2.236243542576095
2026-06-01 14:46:00,2.3867500000000006,2.2359674237066645
2026-06-01 14:48:00,2.388583333333333,2.2357057873405597
2026-06-01 14:50:00,2.3842083333333335,2.235562940452603
2026-06-01 14:52:00,2.3831666666666673,2.2355558910725
2026-06-01 14:54:00,2.3855,2.235613297129626
2026-06-01 14:56:00,2.385291666666667,2.2356223722914184
2026-06-01 14:58:00,2.3844166666666666,2.2355002722505497
2026-06-01 15:00:00,2.38775,2.2353595055537934
2026-06-01 15:02:00,2.384041666666667,2.234979226785243
2026-06-01 15:04:00,2.386791666666667,2.2391702986057513
2026-06-01 15:06:00,2.3858333333333337,2.237721560344167
2026-06-01 15:08:00,2.3854166666666665,2.235831219158266
2026-06-01 15:10:00,2.387791666666667,2.235172350925551
2026-06-01 15:12:00,2.3869166666666675,2.2352393211792076
2026-06-01 15:14:00,2.3873333333333338,2.2355380425488054
2026-06-01 15:16:00,2.388541666666667,2.2358228068271173
2026-06-01 15:18:00,2.384791666666667,2.235903971222187
2026-06-01 15:20:00,2.3901250000000007,2.2357521411953347
2026-06-01 15:22:00,2.3869565217391306,2.235504152016208
2026-06-01 15:24:00,2.3852083333333334,2.2353371544996126
2026-06-01 15:26:00,2.3813750000000002,2.235310467245778
2026-06-01 15:28:00,2.385875,2.2353866368753703
2026-06-01 15:30:00,2.3853750000000002,2.2354975400119717
2026-06-01 15:32:00,2.384375,2.2355710811457774
2026-06-01 15:34:00,2.387625,2.2403458878494495
2026-06-01 15:36:00,2.3917083333333333,2.239238876795016
2026-06-01 15:38:00,2.386416666666667,2.2376963407973105
2026-06-01 15:40:00,2.3879583333333336,2.236963723467704
2026-06-01 15:42:00,2.387541666666667,2.2367534589724727
2026-06-01 15:44:00,2.3858749999999995,2.236550585156854
2026-06-01 15:46:00,2.3868333333333336,2.2362688350260704
2026-06-01 15:48:00,2.387375,2.2360031434937038
2026-06-01 15:50:00,2.3892916666666673,2.235856760202796
2026-06-01 15:52:00,2.383333333333333,2.2358461562589405
2026-06-01 15:54:00,2.3902499999999995,2.2359002182461536
2026-06-01 15:56:00,2.3889166666666664,2.235906738564413
2026-06-01 15:58:00,2.3904583333333336,2.2357832945083316
2026-06-01 16:00:00,2.3875416666666665,2.2354385746621834
2026-06-01 16:02:00,2.3891666666666667,2.235059573661938
2026-06-01 16:04:00,2.390166666666667,2.239223795981467
2026-06-01 16:06:00,2.3877826086956526,2.2378059257637233
2026-06-01 16:08:00,2.3925833333333335,2.235905253038152
2026-06-01 16:10:00,2.394125,2.235226542852844
2026-06-01 16:12:00,2.3837083333333333,2.2352958050118463
2026-06-01 16:14:00,2.388083333333333,2.235597158573004
2026-06-01 16:16:00,2.3918333333333335,2.2358836332201353
2026-06-01 16:18:00,2.3967916666666667,2.23596672458067
2026-06-01 16:20:00,2.3930000000000002,2.235817500953489
2026-06-01 16:22:00,2.3935,2.235573040333133
2026-06-01 16:24:00,2.394625,2.2354106154218476
2026-06-01 16:26:00,2.389791666666666,2.2353896666140693
2026-06-01 16:28:00,2.391791666666667,2.2354726718816886
2026-06-01 16:30:00,2.393583333333334,2.235591065402798
2026-06-01 16:32:00,2.3970833333333337,2.2356720667897743
2026-06-01 16:34:00,2.3928333333333334,2.240437166225939
2026-06-01 16:36:00,2.395041666666667,2.239339419488114
2026-06-01 16:38:00,2.3944583333333336,2.2377875907379092
2026-06-01 16:40:00,2.3939999999999997,2.237038281686615
2026-06-01 16:42:00,2.397791666666666,2.236826471555509
2026-06-01 16:44:00,2.4090416666666665,2.2366243965193724
2026-06-01 16:46:00,2.400791666666667,2.236344761473202
2026-06-01 16:48:00,3.886529411764706,2.236006056994408
2026-06-01 16:50:00,1.86075,2.235937312323849
2026-06-01 16:52:00,1.8599999999999999,2.236949980259849
2026-06-01 16:54:00,1.877,2.2370214978748106
2026-06-01 16:56:00,1.8599999999999999,2.2370398882748432
2026-06-01 16:58:00,1.84,2.236923538866735
2026-06-01 17:00:00,1.8075,2.2362865945842296
2026-06-01 17:02:00,1.79675,2.235910248395301
2026-06-01 17:04:00,1.7830000000000001,2.2385747680621075
2026-06-01 17:06:00,1.75275,2.2380879322836127
2026-06-01 17:08:00,1.7240000000000002,2.236415071273042
2026-06-01 17:10:00,2.112,2.2357150832474857
2026-06-01 17:12:00,2.11525,2.2358100997397043
2026-06-01 17:14:00,2.0962500000000004,2.2361343863557805
2026-06-01 17:16:00,2.14025,2.23643800523995
2026-06-01 17:18:00,2.149,2.2365371304997397
2026-06-01 17:20:00,2.119,2.236406018682325
2026-06-01 17:22:00,2.1590000000000003,2.2361844456462063
2026-06-01 17:24:00,2.07325,2.2360518245154077
2026-06-01 17:26:00,2.1315,2.2360684745701263
2026-06-01 17:28:00,2.12075,2.2361959958411792
2026-06-01 17:30:00,2.10525,2.236363533896464
2026-06-01 17:32:00,2.11775,2.2364949061073403
2026-06-01 17:34:00,2.1115,2.239294451675634
2026-06-01 17:36:00,2.1072499999999996,2.2390684521627335
2026-06-01 17:38:00,2.1109999999999998,2.237811843794104
2026-06-01 17:40:00,2.1174999999999997,2.2370201897635513
2026-06-01 17:42:00,1.738,2.236831966080625
2026-06-01 17:44:00,1.63375,2.2366527080294603
2026-06-01 17:46:00,1.637,2.236389866120293
2026-06-01 17:48:00,1.6219999999999999,2.2361458993744416
2026-06-01 17:50:00,1.89475,2.2360259351137723
2026-06-01 17:52:00,2.0875,2.236045626003265
2026-06-01 17:54:00,2.0875,2.2361320049381144
2026-06-01 17:56:00,2.0700000000000003,2.2361710073704963
2026-06-01 17:58:00,2.0745,2.236079803727738
2026-06-01 18:00:00,2.07875,2.235347098559794
2026-06-01 18:02:00,2.08375,2.2350050821352436
2026-06-01 18:04:00,2.07225,2.237022744072498
2026-06-01 18:06:00,2.0730000000000004,2.2366620931177814
2026-06-01 18:08:00,2.0687499999999996,2.2350535449682494
2026-06-01 18:10:00,2.06725,2.2342766985201865
2026-06-01 18:12:00,2.0635,2.2343816511699828
2026-06-01 18:14:00,2.0637499999999998,2.234716810561863
2026-06-01 18:16:00,2.0614999999999997,2.2350236851968637
2026-06-01 18:18:00,2.0635,2.2351236302244484
2026-06-01 18:20:00,2.0835,2.2349939750028316
2026-06-01 18:22:00,2.06825,2.234776601140733
2026-06-01 18:24:00,2.0534999999999997,2.234651976198311
2026-06-01 18:26:00,2.0547500000000003,2.2346805897403232
2026-06-01 18:28:00,2.069,2.234823655758609
2026-06-01 18:30:00,2.04675,2.235009524672244
2026-06-01 18:32:00,2.045,2.235161072324765
2026-06-01 18:34:00,2.04225,2.2375290805215253
2026-06-01 18:36:00,2.04825,2.2374065655875013
2026-06-01 18:38:00,2.03225,2.2361786443466434
2026-06-01 18:40:00,2.0397499999999997,2.2353825848316125
2026-06-01 18:42:00,2.03725,2.235213231644658
2026-06-01 18:44:00,2.0305,2.2350533434385444
2026-06-01 18:46:00,2.03275,2.234807111439155
2026-06-01 18:48:00,2.0374999999999996,2.2345775979852007
2026-06-01 18:50:00,2.04175,2.2344696057041373
2026-06-01 18:52:00,2.03925,2.2344986675979426
2026-06-01 18:54:00,2.04875,2.2345922785170624
2026-06-01 18:56:00,2.05175,2.2346371667847236
2026-06-01 18:58:00,2.0467500000000003,2.234551176653291
2026-06-01 19:00:00,2.0435000000000003,2.2339381824261553
2026-06-01 19:02:00,2.03975,2.2335997956229092
2026-06-01 19:04:00,2.0415,2.2360917318920572
2026-06-01 19:06:00,2.0483,2.2359060881697768
2026-06-01 19:08:00,2.040791666666667,2.234324344272799
2026-06-01 19:10:00,2.0392083333333333,2.2335593905205386
2026-06-01 19:12:00,2.040333333333333,2.2336706262961528
2026-06-01 19:14:00,2.0415833333333335,2.2340083983857317
2026-06-01 19:16:00,2.0387083333333336,2.2343162789166104
2026-06-01 19:18:00,2.035958333333333,2.2344163123961778
2026-06-01 19:20:00,2.036333333333333,2.2342866919943134
2026-06-01 19:22:00,2.0404166666666663,2.234070784124168
2026-06-01 19:24:00,2.0389166666666663,2.2339503692059255
2026-06-01 19:26:00,2.0420416666666665,2.2339864736781716
2026-06-01 19:28:00,2.036666666666667,2.234140248871478
2026-06-01 19:30:00,2.037583333333333,2.2343395300957622
2026-06-01 19:32:00,2.0402083333333336,2.234506421292154
2026-06-01 19:34:00,2.041,2.23706623623108
2026-06-01 19:36:00,2.0414583333333334,2.2372355443013583
2026-06-01 19:38:00,2.044375,2.2360762124393414
2026-06-01 19:40:00,2.039083333333333,2.2353278974263366
2026-06-01 19:42:00,2.042043478260869,2.2351843534027207
2026-06-01 19:44:00,2.038,2.2350428126661632
2026-06-01 19:46:00,2.0380833333333332,2.234812667034439
2026-06-01 19:48:00,2.0369999999999995,2.2345970860335167
2026-06-01 19:50:00,2.0366250000000004,2.23450029357461
2026-06-01 19:52:00,2.040708333333334,2.2345375664845966
2026-06-01 19:54:00,2.0435833333333333,2.234636648862514
2026-06-01 19:56:00,2.0404999999999998,2.2346849152052206
2026-06-01 19:58:00,2.039625,2.234600950185252
2026-06-01 20:00:00,2.0407083333333333,2.234161230323007
2026-06-01 20:02:00,2.0400833333333326,2.2338216170311243
2026-06-01 20:04:00,2.0464166666666666,2.2355753383561483
2026-06-01 20:06:00,2.0434999999999994,2.235488318059941
2026-06-01 20:08:00,2.0444583333333335,2.233904784258431
2026-06-01 20:10:00,2.039916666666666,2.2331616727830186
2026-06-01 20:12:00,2.045375,2.2332746615037804
2026-06-01 20:14:00,2.0442499999999995,2.2336110343593107
2026-06-01 20:16:00,2.0403913043478257,2.233917335984373
2026-06-01 20:18:00,2.045666666666667,2.234015033856862
2026-06-01 20:20:00,2.035624999999999,2.2338827147335163
2026-06-01 20:22:00,2.0366666666666666,2.23366498538798
2026-06-01 20:24:00,2.0353333333333334,2.2335446996846287
2026-06-01 20:26:00,2.0351249999999994,2.233583338179103
2026-06-01 20:28:00,2.0365416666666665,2.233742094218393
2026-06-01 20:30:00,2.0356666666666663,2.233948552557953
2026-06-01 20:32:00,2.039166666666666,2.2341243615644255
2026-06-01 20:34:00,2.031041666666667,2.2364968035114234
2026-06-01 20:36:00,2.0310416666666664,2.2367875184913553
2026-06-01 20:38:00,2.0320416666666667,2.2356360478576334
2026-06-01 20:40:00,2.0372500000000002,2.234916458547138
2026-06-01 20:42:00,2.0320416666666663,2.23478435352314
2026-06-01 20:44:00,2.036458333333333,2.2346516096551925
2026-06-01 20:46:00,2.043458333333333,2.2344310333275565
2026-06-01 20:48:00,2.0396249999999996,2.234224784677528
2026-06-01 20:50:00,2.0356956521739136,2.2341361638837216
2026-06-01 20:52:00,2.030041666666667,2.2341800268675103
2026-06-01 20:54:00,2.0356666666666667,2.2342841750761364
2026-06-01 20:56:00,2.0335416666666664,2.2343363971669348
2026-06-01 20:58:00,2.0314166666666664,2.23425577428716
2026-06-01 21:00:00,2.0352083333333333,2.233916207823484
2026-06-01 21:02:00,2.034458333333333,2.233576239239888
2026-06-01 21:04:00,2.0324166666666668,2.2352343212348598
2026-06-01 21:06:00,2.0350416666666664,2.2351752146568367
2026-06-01 21:08:00,2.037333333333333,2.2335718711040884
2026-06-01 21:10:00,2.038333333333333,2.2328476348092408
2026-06-01 21:12:00,2.0403333333333333,2.2329580614698017
2026-06-01 21:14:00,2.0402083333333336,2.233290066606619
2026-06-01 21:16:00,2.0392916666666667,2.2335926827465844
2026-06-01 21:18:00,2.04575,2.2336864225902637
2026-06-01 21:20:00,2.0345833333333334,2.2335500736346217
2026-06-01 21:22:00,1.993125,2.2333291188505986
2026-06-01 21:24:00,1.997958333333333,2.233207070203062
2026-06-01 21:26:00,1.995541666666666,2.2332455947331424
2026-06-01 21:28:00,1.9937499999999995,2.2334058554405374
2026-06-01 21:30:00,1.9987391304347828,2.233615313697978
2026-06-01 21:32:00,1.9970833333333335,2.233795399529885
2026-06-01 21:34:00,2.0204166666666667,2.23603686639468
2026-06-01 21:36:00,2.02225,2.236397911002669
2026-06-01 21:38:00,2.0164166666666667,2.2352373477297474
2026-06-01 21:40:00,2.0074583333333336,2.2345411530789794
2026-06-01 21:42:00,1.9831250000000002,2.234414333847658
2026-06-01 21:44:00,1.9741666666666668,2.23428625144722
2026-06-01 21:46:00,1.9860416666666671,2.2340723908591302
2026-06-01 21:48:00,1.9802499999999996,2.2338734501678505
2026-06-01 21:50:00,1.989166666666667,2.2337917963303204
2026-06-01 21:52:00,1.9898333333333333,2.233841835990785
2026-06-01 21:54:00,1.9800000000000004,2.2339512473826173
2026-06-01 21:56:00,1.9845833333333331,2.234007966703495
2026-06-01 21:58:00,1.9824166666666667,2.2339313513929815
2026-06-01 22:00:00,1.9879166666666668,2.2335912314300805
2026-06-01 22:02:00,1.9887916666666665,2.2332496685572254
2026-06-01 22:04:00,1.9882916666666663,2.234845701799745
2026-06-01 22:06:00,2.031833333333334,2.2347957639833127
2026-06-01 22:08:00,2.0847916666666664,2.2331717593178673
2026-06-01 22:10:00,2.089083333333333,2.2324653437998045
2026-06-01 22:12:00,2.0851304347826085,2.2325692961004826
2026-06-01 22:14:00,2.0877500000000007,2.2328939678161466
2026-06-01 22:16:00,2.0875,2.2331910451450194
2026-06-01 22:18:00,2.084,2.2332802327457966
2026-06-01 22:20:00,2.0814166666666662,2.233140595126559
2026-06-01 22:22:00,2.081125,2.2329181633701776
2026-06-01 22:24:00,2.081041666666667,2.232796541892137
2026-06-01 22:26:00,2.075541666666666,2.2328371078842597
2026-06-01 22:28:00,2.0848333333333327,2.2330006807295826
2026-06-01 22:30:00,2.0822499999999997,2.233214487535357
2026-06-01 22:32:00,2.0873333333333335,2.23339978571934
2026-06-01 22:34:00,2.0874583333333336,2.235544628681092
2026-06-01 22:36:00,2.083791666666667,2.2359459758382405
2026-06-01 22:38:00,2.04525,2.2347746335950682
2026-06-01 22:40:00,1.9688333333333337,2.234102629916463
2026-06-01 22:42:00,1.9484583333333336,2.2339799655121806
2026-06-01 22:44:00,1.9527083333333337,2.233856436959564
2026-06-01 22:46:00,1.9493043478260867,2.23364963664644
2026-06-01 22:48:00,1.956333333333334,2.233458534040083
2026-06-01 22:50:00,1.956625,2.2333846399426585
2026-06-01 22:52:00,1.9470416666666663,2.2334419324242796
2026-06-01 22:54:00,1.9476666666666673,2.2335578176386215
2026-06-01 22:56:00,1.9439166666666665,2.233620132849789
2026-06-01 22:58:00,1.9510416666666661,2.233548311910219
2026-06-01 23:00:00,1.9469166666666669,2.233159066714318
2026-06-01 23:02:00,1.950583333333334,2.232814386394127
2026-06-01 23:04:00,1.953125,2.2344236873211702
2026-06-01 23:06:00,1.948833333333333,2.234337716168844
2026-06-01 23:08:00,1.9589583333333336,2.2326853988197533
2026-06-01 23:10:00,1.9651666666666667,2.2319942982590995
2026-06-01 23:12:00,1.9711249999999998,2.2320868562663887
2026-06-01 23:14:00,1.9690416666666666,2.2324004006472085
2026-06-01 23:16:00,1.9723750000000002,2.2326896511236276
2026-06-01 23:18:00,1.969875,2.232773751610239
2026-06-01 23:20:00,1.9788333333333334,2.2326321229522748
2026-06-01 23:22:00,1.9851666666666665,2.2324109819128855
2026-06-01 23:24:00,1.9764166666666665,2.232293407589358
2026-06-01 23:26:00,1.9776521739130437,2.2323399489754667
2026-06-01 23:28:00,1.9844090909090908,2.2325106846646428
2026-06-01 23:30:00,1.9859545454545455,2.23273238824621
2026-06-01 23:32:00,1.9872916666666665,2.2329260778129107
2026-06-01 23:34:00,1.9839166666666668,2.235050881206452
2026-06-01 23:36:00,1.9802499999999998,2.235458176920293
2026-06-01 23:38:00,1.9834999999999996,2.2342748008338273
2026-06-01 23:40:00,1.9897916666666664,2.233629965793221
2026-06-01 23:42:00,1.9855416666666663,2.2335122281462563
2026-06-01 23:44:00,1.9844583333333332,2.2333943987094087
2026-06-01 23:46:00,1.9906666666666661,2.2331958055676564
2026-06-01 23:48:00,1.9805833333333336,2.2330135090769443
2026-06-01 23:50:00,1.9847083333333335,2.232948250533867
2026-06-01 23:52:00,1.9826666666666666,2.2330135889347
2026-06-01 23:54:00,1.9884583333333332,2.233136497780431
2026-06-01 23:56:00,1.9861250000000001,2.2332044681162326
2026-06-01 23:58:00,1.9837916666666666,2.233136826147984
2026-06-02 00:00:00,1.9879999999999995,2.2326681890757185
2026-06-02 00:02:00,1.9768749999999997,2.232317368860184
2026-06-02 00:04:00,1.979916666666666,2.2339176862018473
2026-06-02 00:06:00,1.9800833333333332,2.233771255990618
2026-06-02 00:08:00,1.9835416666666663,2.2320908796351673
2026-06-02 00:10:00,1.9773750000000003,2.2314140059671512
2026-06-02 00:12:00,1.9779130434782604,2.2314910480712657
2026-06-02 00:14:00,1.9818333333333331,2.2317903634204845
2026-06-02 00:16:00,1.9802499999999998,2.2320701276990844
2026-06-02 00:18:00,1.9749166666666669,2.2321491192213356
2026-06-02 00:20:00,1.976875,2.23200714337495
2026-06-02 00:22:00,1.976791666666667,2.2317903009920514
2026-06-02 00:24:00,1.9768333333333334,2.2316806674137597
2026-06-02 00:26:00,1.9779166666666663,2.2317375521886302
2026-06-02 00:28:00,1.9760416666666665,2.231919987025755
2026-06-02 00:30:00,1.969666666666667,2.2321541155212317
2026-06-02 00:32:00,1.954416666666667,2.2323606489696877
2026-06-02 00:34:00,1.952416666666667,2.2345091145136164
2026-06-02 00:36:00,2.074125,2.2348911735305976
2026-06-02 00:38:00,2.0712083333333333,2.2336997201017894
2026-06-02 00:40:00,2.0735,2.233086968589301
2026-06-02 00:42:00,2.072083333333334,2.2329769624093783
2026-06-02 00:44:00,2.0725416666666665,2.2328676598024693
2026-06-02 00:46:00,2.050458333333333,2.2326797119656394
2026-06-02 00:48:00,1.9774166666666666,2.232508175220606
2026-06-02 00:50:00,1.9932499999999997,2.232453135208787
2026-06-02 00:52:00,2.011782608695652,2.2325277649713753
2026-06-02 00:54:00,2.034166666666667,2.232658492146551
2026-06-02 00:56:00,2.0348750000000004,2.2327322740715134
2026-06-02 00:58:00,2.0163749999999996,2.2326681933427963
2026-06-02 01:00:00,2.0078750000000003,2.23210042479136
2026-06-02 01:02:00,2.014208333333334,2.23174163809386
2026-06-02 01:04:00,2.0029583333333334,2.2333920709436237
2026-06-02 01:06:00,2.000291666666666,2.233142583020989
2026-06-02 01:08:00,1.9993333333333332,2.231432629178217
2026-06-02 01:10:00,1.9957916666666662,2.230766672997925
2026-06-02 01:12:00,1.9776249999999997,2.230825334903979
2026-06-02 01:14:00,1.9191250000000002,2.23110854709652
2026-06-02 01:16:00,1.898583333333333,2.2313778434191653
2026-06-02 01:18:00,1.8967500000000002,2.231451674400907
2026-06-02 01:20:00,1.890958333333333,2.2313101117511405
2026-06-02 01:22:00,1.8960416666666668,2.231098915054054
2026-06-02 01:24:00,1.9554583333333335,2.2309989575135023
2026-06-02 01:26:00,2.012583333333333,2.231068177942197
2026-06-02 01:28:00,2.015,2.2312644894533156
2026-06-02 01:30:00,2.0065000000000004,2.2315133966055316
2026-06-02 01:32:00,1.9655833333333337,2.2317353275411316
2026-06-02 01:34:00,1.9407083333333335,2.2339349882967494
2026-06-02 01:36:00,1.9409565217391305,2.2342381420708533
2026-06-02 01:38:00,1.8536250000000003,2.2330377675812842
2026-06-02 01:40:00,1.859625,2.232458601974669
2026-06-02 01:42:00,1.8612499999999998,2.2323587839919936
2026-06-02 01:44:00,1.8600833333333335,2.232260443038876
2026-06-02 01:46:00,1.854041666666667,2.2320847890083546
2026-06-02 01:48:00,1.8520416666666664,2.2319249070681173
2026-06-02 01:50:00,1.8765000000000007,2.2318804007829764
2026-06-02 01:52:00,1.8861249999999998,2.2319641321928083
2026-06-02 01:54:00,1.8792499999999999,2.23210193155501
2026-06-02 01:56:00,1.8799583333333336,2.2321801040795246
2026-06-02 01:58:00,1.8779166666666665,2.2321173996794905
2026-06-02 02:00:00,1.8732500000000003,2.2315117518827887
2026-06-02 02:02:00,1.858291666666667,2.231144842841477
2026-06-02 02:04:00,1.8319999999999999,2.232954786150234
2026-06-02 02:06:00,1.81475,2.2325673127256174
2026-06-02 02:08:00,1.8389166666666668,2.2308302314992585
2026-06-02 02:10:00,1.832625,2.2301728925825497
2026-06-02 02:12:00,1.832526315789474,2.230213195069189
2026-06-02 02:14:00,1.8219166666666666,2.230481126374421
2026-06-02 02:16:00,1.8299166666666666,2.2307408766432624
2026-06-02 02:18:00,1.8241250000000002,2.2308103179257226
2026-06-02 02:20:00,1.8039166666666666,2.230669489901353
2026-06-02 02:22:00,1.6237083333333333,2.230463617117952
2026-06-02 02:24:00,1.6277083333333333,2.230372408913995
2026-06-02 02:26:00,1.6280000000000003,2.2304525908088166
2026-06-02 02:28:00,1.6322500000000002,2.2306611746622327
2026-06-02 02:30:00,1.6377916666666668,2.230923263364921
2026-06-02 02:32:00,1.6424166666666666,2.2311592069506787
2026-06-02 02:34:00,1.6406666666666665,2.2332706628946593
2026-06-02 02:36:00,1.6299583333333334,2.233505319656206
2026-06-02 02:38:00,1.6282916666666667,2.2323149013844024
2026-06-02 02:40:00,1.6302499999999995,2.2317694840457594
2026-06-02 02:42:00,1.629125,2.231683287379177
2026-06-02 02:44:00,1.6174999999999997,2.2315992029206955
2026-06-02 02:46:00,1.5996666666666666,2.2314381505426084
2026-06-02 02:48:00,1.5892608695652175,2.231291608290312
2026-06-02 02:50:00,1.6844999999999999,2.2312590188647095
2026-06-02 02:52:00,2.3964166666666666,2.231353113323698
2026-06-02 02:54:00,2.387541666666667,2.231499194809383
2026-06-02 02:56:00,2.380125,2.231582909521433
2026-06-02 02:58:00,2.369958333333333,2.2315226466563227
2026-06-02 03:00:00,2.3718749999999997,2.2309369916704935
2026-06-02 03:02:00,2.361791666666666,2.2305666668220274
2026-06-02 03:04:00,2.365416666666667,2.2323675416129283
2026-06-02 03:06:00,2.3619166666666667,2.2318058690975886
2026-06-02 03:08:00,2.356708333333333,2.230039793187503
2026-06-02 03:10:00,2.3637083333333337,2.229382304201433
2026-06-02 03:12:00,2.360958333333333,2.2294058916801953
2026-06-02 03:14:00,2.3590000000000004,2.229661093235164
2026-06-02 03:16:00,2.3701250000000003,2.2299129345347897
2026-06-02 03:18:00,2.362833333333333,2.2299784271315404
2026-06-02 03:20:00,2.3634999999999997,2.2298373102183984
2026-06-02 03:22:00,2.3601666666666667,2.2296342048208957
2026-06-02 03:24:00,2.3555,2.2295478859177402
2026-06-02 03:26:00,2.355583333333333,2.2296342526993453
2026-06-02 03:28:00,2.3503750000000005,2.2298498799880253
2026-06-02 03:30:00,2.3520000000000003,2.2301199166314474
2026-06-02 03:32:00,2.3535833333333334,2.23036501434594
2026-06-02 03:34:00,2.343875,2.2328829934826953
2026-06-02 03:36:00,2.3435,2.2329737756586434
2026-06-02 03:38:00,2.350791666666667,2.2317710783668403
2026-06-02 03:40:00,2.352,2.2312448942512875
2026-06-02 03:42:00,2.348208333333333,2.2311651486790054
2026-06-02 03:44:00,2.3516666666666666,2.2310881217724656
2026-06-02 03:46:00,2.342666666666667,2.2309337750526237
2026-06-02 03:48:00,2.348708333333334,2.2307925479639423
2026-06-02 03:50:00,2.3511666666666664,2.2307641344163036
2026-06-02 03:52:00,2.35225,2.2308613074859944
2026-06-02 03:54:00,2.346791666666667,2.231008851853675
2026-06-02 03:56:00,2.352666666666667,2.2310916747957568
2026-06-02 03:58:00,2.3571666666666666,2.2310277040924094
2026-06-02 04:00:00,2.3481666666666667,2.2305293874846317
2026-06-02 04:02:00,2.3408750000000005,2.230152461804552
2026-06-02 04:04:00,2.3435,2.2323161119122426
2026-06-02 04:06:00,2.346208333333333,2.2316137025780707
2026-06-02 04:08:00,2.3418750000000004,2.229837956194538
2026-06-02 04:10:00,2.347791666666667,2.22918329686746
2026-06-02 04:12:00,2.345173913043479,2.2291955691952943
2026-06-02 04:14:00,2.3457916666666665,2.2294428250199
2026-06-02 04:16:00,2.350083333333333,2.2296901469368446
2026-06-02 04:18:00,2.3495833333333334,2.229753400496856
2026-06-02 04:20:00,2.3516666666666666,2.2296117857704645
2026-06-02 04:22:00,2.341375,2.22940935103544
2026-06-02 04:24:00,2.3469583333333333,2.2293243193259324
2026-06-02 04:26:00,2.3404166666666675,2.229412210943648
2026-06-02 04:28:00,2.344208333333333,2.2296295978161784
2026-06-02 04:30:00,2.3482916666666678,2.2299020451390392
2026-06-02 04:32:00,2.3480416666666666,2.2301507713708535
2026-06-02 04:34:00,2.269791666666667,2.232711759872658
2026-06-02 04:36:00,2.252416666666667,2.23271229992558
2026-06-02 04:38:00,2.251958333333333,2.2315184406309796
2026-06-02 04:40:00,2.2506249999999994,2.2310056370867795
2026-06-02 04:42:00,2.2523750000000002,2.2309324817844245
2026-06-02 04:44:00,2.245333333333333,2.230862099785655
2026-06-02 04:46:00,2.246875,2.230713122457185
2026-06-02 04:48:00,2.2432916666666665,2.2305757423613204
2026-06-02 04:50:00,2.246826086956522,2.2305503532154702
2026-06-02 04:52:00,2.2467499999999996,2.2306499911433817
2026-06-02 04:54:00,2.2355,2.2307990372659376
2026-06-02 04:56:00,2.2377499999999997,2.2308817098474116
2026-06-02 04:58:00,2.237541666666667,2.2308154824745716
2026-06-02 05:00:00,2.2374166666666664,2.2305501324311674
2026-06-02 05:02:00,2.1069999999999998,2.2301712958144932
2026-06-02 05:04:00,2.0423749999999994,2.2325804551457957
2026-06-02 05:06:00,2.0280833333333335,2.231715871153708
2026-06-02 05:08:00,2.0245833333333327,2.2299182071666115
2026-06-02 05:10:00,2.022666666666667,2.229254549098075
2026-06-02 05:12:00,2.019416666666667,2.229258037301008
2026-06-02 05:14:00,2.022125,2.2295006114518445
2026-06-02 05:16:00,2.0182916666666664,2.229745163982659
2026-06-02 05:18:00,2.017916666666667,2.2298060284050187
2026-06-02 05:20:00,2.0099999999999993,2.22966157067823
2026-06-02 05:22:00,2.0095833333333335,2.229455204655143
2026-06-02 05:24:00,2.0103750000000002,2.2293648813470557
2026-06-02 05:26:00,2.0020416666666665,2.2294461522105498
2026-06-02 05:28:00,2.001791666666666,2.2296560262760683
2026-06-02 05:30:00,1.996458333333334,2.2299208665857413
2026-06-02 05:32:00,1.9897391304347827,2.230162768478597
2026-06-02 05:34:00,2.0014583333333333,2.232975212893092
2026-06-02 05:36:00,1.9996666666666663,2.2328053136435257
2026-06-02 05:38:00,2.0054166666666666,2.231585981004353
2026-06-02 05:40:00,2.021083333333333,2.2310597211040113
2026-06-02 05:42:00,2.007541666666666,2.2309801152230677
2026-06-02 05:44:00,2.005833333333333,2.2309061578147618
2026-06-02 05:46:00,1.9961249999999995,2.2307535214019834
2026-06-02 05:48:00,1.9734166666666662,2.2306122365687187
2026-06-02 05:50:00,1.9713333333333338,2.230583439249055
2026-06-02 05:52:00,1.9617916666666668,2.2306804636022366
2026-06-02 05:54:00,1.9583333333333333,2.2308273442436737
2026-06-02 05:56:00,1.9574166666666668,2.230907632125368
2026-06-02 05:58:00,1.9568750000000001,2.230838275960841
2026-06-02 06:00:00,1.958583333333334,2.230922653765182
2026-06-02 06:02:00,1.9476249999999997,2.2305441104133585
2026-06-02 06:04:00,1.956291666666667,2.2332630664482673
2026-06-02 06:06:00,1.9443333333333335,2.2322539082969133
2026-06-02 06:08:00,1.9292083333333336,2.2304289485588114
2026-06-02 06:10:00,1.9368750000000006,2.229745370604476
2026-06-02 06:12:00,1.9333749999999998,2.2297428337906227
2026-06-02 06:14:00,1.9252173913043475,2.229984016462643
2026-06-02 06:16:00,1.9241666666666666,2.230227681920556
2026-06-02 06:18:00,1.9267083333333332,2.23028636512497
2026-06-02 06:20:00,1.926958333333333,2.2301373064684795
2026-06-02 06:22:00,1.920583333333333,2.229923119226698
2026-06-02 06:24:00,1.9231250000000004,2.2298215930390644
2026-06-02 06:26:00,1.9198749999999993,2.229888556315707
2026-06-02 06:28:00,1.9225416666666664,2.2300817297239974
2026-06-02 06:30:00,1.91325,2.230328508807118
2026-06-02 06:32:00,1.9085000000000003,2.230552088495905
2026-06-02 06:34:00,1.9108333333333327,2.2336524426501203
2026-06-02 06:36:00,1.907416666666667,2.2333199037929004
2026-06-02 06:38:00,1.90675,2.232062415566392
2026-06-02 06:40:00,1.9084166666666667,2.2314967545936946
2026-06-02 06:42:00,1.9094166666666663,2.231395900058452
2026-06-02 06:44:00,1.9063333333333337,2.231306018381314
2026-06-02 06:46:00,1.907541666666667,2.2311390027592264
2026-06-02 06:48:00,1.9024999999999999,2.2309850651049654
2026-06-02 06:50:00,1.9022083333333333,2.2309461403680593
2026-06-02 06:52:00,1.8976250000000003,2.2310358278212976
2026-06-02 06:54:00,1.972458333333333,2.2311777779980346
2026-06-02 06:56:00,1.9837499999999997,2.2312548030408474
2026-06-02 06:58:00,1.9863043478260871,2.231183173014638
2026-06-02 07:00:00,1.9822916666666666,2.2315671655461795
2026-06-02 07:02:00,1.9689166666666669,2.231193972289445
2026-06-02 07:04:00,1.95875,2.2343038656844643
2026-06-02 07:06:00,1.9582083333333333,2.2331386715076866
2026-06-02 07:08:00,1.957291666666667,2.231279453155143
2026-06-02 07:10:00,1.9554999999999998,2.230573198052785
2026-06-02 07:12:00,1.955916666666667,2.2305697280376533
2026-06-02 07:14:00,1.9554583333333337,2.230813772750105
2026-06-02 07:16:00,1.9559166666666667,2.2310592634647284
2026-06-02 07:18:00,1.9554999999999998,2.231117018154789
2026-06-02 07:20:00,1.9533333333333331,2.2309630188092644
2026-06-02 07:22:00,1.9556666666666667,2.230738987068758
2026-06-02 07:24:00,1.9480416666666667,2.2306226466953487
2026-06-02 07:26:00,1.9502500000000005,2.2306702634752877
2026-06-02 07:28:00,1.9502083333333335,2.230840379953427
2026-06-02 07:30:00,1.9475833333333339,2.231061466846164
2026-06-02 07:32:00,1.9509583333333336,2.2312578789608923
2026-06-02 07:34:00,1.9449583333333338,2.2346618464967487
2026-06-02 07:36:00,1.9492173913043482,2.234145928124837
2026-06-02 07:38:00,1.9523333333333335,2.2328372497165825
2026-06-02 07:40:00,1.9431666666666665,2.2322184255869297
2026-06-02 07:42:00,1.9466250000000003,2.232088243825959
2026-06-02 07:44:00,1.9432916666666669,2.2319748700620456
2026-06-02 07:46:00,1.9415833333333337,2.2317864270175187
2026-06-02 07:48:00,1.9374583333333328,2.2316137757983507
2026-06-02 07:50:00,1.940666666666667,2.231559787190938
2026-06-02 07:52:00,1.9420416666666664,2.2316384011707124
2026-06-02 07:54:00,1.936875,2.2317729876374908
2026-06-02 07:56:00,1.938791666666667,2.2318456972636187
2026-06-02 07:58:00,1.937833333333333,2.2317720855182723
2026-06-02 08:00:00,1.9383749999999997,2.2321857905924887
2026-06-02 08:02:00,1.9269583333333327,2.2318223568378395
2026-06-02 08:04:00,1.9129166666666666,2.2351436017546207
2026-06-02 08:06:00,1.9204999999999999,2.233941210045593
2026-06-02 08:08:00,1.9197083333333333,2.2320754512726273
2026-06-02 08:10:00,1.9186249999999998,2.2313564537461357
2026-06-02 08:12:00,1.9207083333333337,2.231360259043315
2026-06-02 08:14:00,1.919625,2.2316115865290302
2026-06-02 08:16:00,1.9200833333333331,2.231861356799567
2026-06-02 08:18:00,1.9197499999999996,2.2319197801742203
2026-06-02 08:20:00,1.9202173913043479,2.2317620280346775
2026-06-02 08:22:00,1.9192916666666664,2.23152924419519
2026-06-02 08:24:00,1.9674166666666661,2.2313993299459667
2026-06-02 08:26:00,2.103291666666667,2.2314291220820213
2026-06-02 08:28:00,2.098583333333333,2.231577933904087
2026-06-02 08:30:00,2.097208333333333,2.2317751325020927
2026-06-02 08:32:00,2.0952916666666668,2.23194605494388
2026-06-02 08:34:00,2.0930000000000004,2.235568594306592
2026-06-02 08:36:00,2.0947083333333336,2.234942679554738
2026-06-02 08:38:00,2.0918749999999995,2.2336013865408386
2026-06-02 08:40:00,2.091958333333333,2.2329395911968524
2026-06-02 08:42:00,2.0905,2.2327865487997625
2026-06-02 08:44:00,2.095125,2.2326521659699323
2026-06-02 08:46:00,2.0889166666666665,2.2324428143174715
2026-06-02 08:48:00,2.0898750000000006,2.232251126428675
2026-06-02 08:50:00,2.084166666666667,2.232181331395251
2026-06-02 08:52:00,2.0827916666666666,2.232247964410049
2026-06-02 08:54:00,2.0828695652173916,2.2323743670939264
2026-06-02 08:56:00,2.0859583333333336,2.2324422540356603
2026-06-02 08:58:00,2.076,2.2323665898041165
2026-06-02 09:00:00,2.0732916666666665,2.2325988203626808
2026-06-02 09:02:00,2.072166666666667,2.2322458940732655
2026-06-02 09:04:00,2.0732500000000003,2.235616418190611
2026-06-02 09:06:00,2.072333333333333,2.234489504339138
2026-06-02 09:08:00,2.0709166666666667,2.2326488120607637
2026-06-02 09:10:00,2.0702083333333334,2.2319310986966863
2026-06-02 09:12:00,2.0680833333333335,2.231950320155095
2026-06-02 09:14:00,2.0692500000000007,2.232213133012088
2026-06-02 09:16:00,2.0642083333333328,2.2324698917936683
2026-06-02 09:18:00,2.037541666666667,2.232531525609113
2026-06-02 09:20:00,2.012958333333333,2.232373023620381
2026-06-02 09:22:00,2.0091666666666668,2.232135324093179
2026-06-02 09:24:00,2.0075,2.2319966550430257
2026-06-02 09:26:00,2.003739130434783,2.232014446997078
2026-06-02 09:28:00,1.9900000000000002,2.2321486297178392
2026-06-02 09:30:00,1.9844999999999997,2.2323291744716203
2026-06-02 09:32:00,1.9702083333333336,2.232482067878544
2026-06-02 09:34:00,1.9269999999999998,2.2361253726760624
2026-06-02 09:36:00,1.90025,2.235539006077107
2026-06-02 09:38:00,1.8909166666666664,2.234207534056679
2026-06-02 09:40:00,1.8815,2.233526134072637
2026-06-02 09:42:00,1.8668333333333331,2.2333643408405988
2026-06-02 09:44:00,1.847625,2.2332174799142726
2026-06-02 09:46:00,1.8411250000000006,2.2329929830529607
2026-06-02 09:48:00,1.835625,2.2327863480091676
2026-06-02 09:50:00,1.831416666666667,2.232703503771095
2026-06-02 09:52:00,1.8244583333333335,2.2327598198448686
2026-06-02 09:54:00,1.816666666666667,2.2328788984996226
2026-06-02 09:56:00,1.8153750000000002,2.2329423139981883
2026-06-02 09:58:00,1.8125833333333332,2.232864670722709
2026-06-02 10:00:00,1.8104583333333337,2.2329522892495053
2026-06-02 10:02:00,1.8034166666666662,2.2326077484491496
2026-06-02 10:04:00,1.8010416666666667,2.2359006870178586
2026-06-02 10:06:00,1.7949583333333334,2.234929081054162
2026-06-02 10:08:00,1.7904583333333333,2.233134248776771
2026-06-02 10:10:00,1.7901249999999997,2.232423725227622
2026-06-02 10:12:00,1.7867916666666666,2.232461949287826
2026-06-02 10:14:00,1.7861739130434786,2.2327380480862993
2026-06-02 10:16:00,1.7847499999999998,2.233003097470843
2026-06-02 10:18:00,1.7797916666666664,2.2330695774380533
2026-06-02 10:20:00,1.782125,2.232912627984968
2026-06-02 10:22:00,1.7717916666666664,2.232673090901972
2026-06-02 10:24:00,1.7698333333333336,2.232529496481779
2026-06-02 10:26:00,1.7712916666666667,2.2325398239970164
2026-06-02 10:28:00,1.772625,2.232664471768247
2026-06-02 10:30:00,1.7727083333333333,2.23283374839162
2026-06-02 10:32:00,1.7685833333333332,2.232973961059672
2026-06-02 10:34:00,1.7636666666666667,2.2364906956160016
2026-06-02 10:36:00,1.7676249999999998,2.236026565065339
2026-06-02 10:38:00,1.7634166666666669,2.2347310824316335
2026-06-02 10:40:00,1.7690000000000003,2.2340405514368658
2026-06-02 10:42:00,1.7675833333333333,2.233878305472815
2026-06-02 10:44:00,1.7684166666666667,2.2337248566710817
2026-06-02 10:46:00,1.765875,2.233489693925238
2026-06-02 10:48:00,1.7666666666666673,2.233271600322512
2026-06-02 10:50:00,1.766125,2.2331781840744274
2026-06-02 10:52:00,1.7646249999999997,2.2332257036201604
2026-06-02 10:54:00,1.7692500000000004,2.2333382417022865
2026-06-02 10:56:00,1.7661739130434786,2.2333975121137315
2026-06-02 10:58:00,1.767083333333333,2.233317983563756
2026-06-02 11:00:00,1.7672916666666663,2.233364356185253
2026-06-02 11:02:00,1.7659583333333335,2.2330250035075725
2026-06-02 11:04:00,1.7698333333333336,2.236141873480901
2026-06-02 11:06:00,1.7700416666666665,2.2353473141044056
2026-06-02 11:08:00,1.7722916666666668,2.2336094954904113
2026-06-02 11:10:00,1.7675416666666666,2.2329032480417474
2026-06-02 11:12:00,1.7679583333333333,2.232961718725619
2026-06-02 11:14:00,1.7655416666666672,2.233252641104982
2026-06-02 11:16:00,1.7664999999999997,2.2335274718543063
2026-06-02 11:18:00,1.765875,2.233600566662199
2026-06-02 11:20:00,1.7610833333333333,2.233447256277568
2026-06-02 11:22:00,1.7671250000000007,2.233208187518257
2026-06-02 11:24:00,1.7640416666666667,2.2330620806675006
2026-06-02 11:26:00,1.7650833333333333,2.233067420252027
2026-06-02 11:28:00,1.7673333333333334,2.2331850045810335
2026-06-02 11:30:00,1.7621666666666664,2.2333453293143477
2026-06-02 11:32:00,1.7621666666666667,2.2334748192959597
2026-06-02 11:34:00,1.7583749999999998,2.2368711441219733
2026-06-02 11:36:00,1.7558749999999999,2.2365216572772333
2026-06-02 11:38:00,1.7542500000000005,2.235261017791136
2026-06-02 11:40:00,1.7617391304347831,2.234557576523279
2026-06-02 11:42:00,1.7577916666666662,2.234394923019683
2026-06-02 11:44:00,1.758416666666667,2.2342357999297198
2026-06-02 11:46:00,1.7408333333333335,2.2339910932194345
2026-06-02 11:48:00,1.7371666666666667,2.2337626191608035
2026-06-02 11:50:00,1.744,2.233659322710595
2026-06-02 11:52:00,1.7404166666666665,2.233698228098429
2026-06-02 11:54:00,1.7418333333333333,2.233804016803939
2026-06-02 11:56:00,1.74,2.233858755560341
2026-06-02 11:58:00,1.745208333333333,2.233776939248938
2026-06-02 12:00:00,1.7357083333333332,2.233820730921962
2026-06-02 12:02:00,1.7398333333333333,2.233482472869707
2026-06-02 12:04:00,1.7364166666666667,2.2364741184803605
2026-06-02 12:06:00,1.7366666666666666,2.2358035017207936
2026-06-02 12:08:00,1.7331666666666665,2.234112088307
2026-06-02 12:10:00,1.733,2.2334010444153796
2026-06-02 12:12:00,1.727541666666667,2.2334764666194085
2026-06-02 12:14:00,1.7289166666666664,2.2337809776359645
2026-06-02 12:16:00,1.7232083333333332,2.2340652033415758
2026-06-02 12:18:00,1.728416666666667,2.234145124396163
2026-06-02 12:20:00,1.7244166666666665,2.2339960332527444
2026-06-02 12:22:00,1.7154999999999998,2.2337581746797612
2026-06-02 12:24:00,1.7189166666666666,2.233610324894271
2026-06-02 12:26:00,1.7169583333333331,2.2336114216279688
2026-06-02 12:28:00,1.721791666666667,2.2337226151479888
2026-06-02 12:30:00,1.7170000000000003,2.2338744868563754
2026-06-02 12:32:00,1.7152916666666664,2.233993436717741
2026-06-02 12:34:00,1.7187083333333335,2.2372763001671143
2026-06-02 12:36:00,1.7185,2.2370211816878176
2026-06-02 12:38:00,1.7132916666666669,2.23579143721823
2026-06-02 12:40:00,1.726478260869565,2.2350678277842837
2026-06-02 12:42:00,1.7148750000000004,2.2349012251073765
2026-06-02 12:44:00,1.716916666666667,2.234735078564538
2026-06-02 12:46:00,1.7238333333333333,2.2344804924394586
2026-06-02 12:48:00,1.7136250000000004,2.2342417272507293
2026-06-02 12:50:00,1.7210416666666672,2.2341285793881958
2026-06-02 12:52:00,1.7119166666666663,2.2341586141165513
2026-06-02 12:54:00,1.7143333333333335,2.234257137354215
2026-06-02 12:56:00,1.714791666666667,2.2343067083558417
2026-06-02 12:58:00,1.72075,2.2342219549376408
2026-06-02 13:00:00,1.7224166666666665,2.234235441616498
2026-06-02 13:02:00,1.7204999999999995,2.2338948793479534
2026-06-02 13:04:00,1.7185000000000004,2.2368249684468013
2026-06-02 13:06:00,1.7202916666666666,2.236226523574124
2026-06-02 13:08:00,1.7175000000000002,2.2345717507595753
2026-06-02 13:10:00,1.7166956521739134,2.2338455181933967
2026-06-02 13:12:00,1.7182916666666666,2.233933199970086
2026-06-02 13:14:00,1.7124999999999997,2.234248842894335
2026-06-02 13:16:00,1.7187083333333335,2.234540850722761
2026-06-02 13:18:00,1.714625,2.2346266039504274
2026-06-02 13:20:00,1.7149583333333334,2.234481289851115
2026-06-02 13:22:00,1.7186249999999996,2.234244719070346
2026-06-02 13:24:00,1.7199999999999998,2.234095673506238
2026-06-02 13:26:00,1.7177499999999999,2.2340934938089076
2026-06-02 13:28:00,1.7156249999999995,2.234199631445556
2026-06-02 13:30:00,1.7195416666666665,2.234344667559532
2026-06-02 13:32:00,1.7188333333333332,2.234454857488996
2026-06-02 13:34:00,1.717625,2.237765961323121
2026-06-02 13:36:00,1.7169583333333334,2.237544058307458
2026-06-02 13:38:00,1.7160833333333334,2.236329248660505
2026-06-02 13:40:00,1.7189130434782611,2.2355789019255683
2026-06-02 13:42:00,1.7133333333333336,2.235405026426029
2026-06-02 13:44:00,1.7166250000000003,2.235231212985003
2026-06-02 13:46:00,1.7089583333333336,2.234967381455358
2026-06-02 13:48:00,1.7203333333333333,2.2347193814896995
2026-06-02 13:50:00,1.7122916666666672,2.234597272561267
2026-06-02 13:52:00,1.7128750000000001,2.234618855823714
2026-06-02 13:54:00,1.7106666666666666,2.234710001355858
2026-06-02 13:56:00,1.7107916666666665,2.234753843193023
2026-06-02 13:58:00,1.7111249999999998,2.23466524173047
2026-06-02 14:00:00,1.7122916666666665,2.2346442638286894
2026-06-02 14:02:00,1.7073333333333336,2.2343001756756355
2026-06-02 14:04:00,1.7081250000000001,2.237158768062328
2026-06-02 14:06:00,1.7132499999999997,2.2366201314551644
2026-06-02 14:08:00,1.7079583333333337,2.2350011902748483
2026-06-02 14:10:00,1.7136956521739126,2.234254800010685
2026-06-02 14:12:00,1.7143749999999998,2.234351218197589
2026-06-02 14:14:00,1.706875,2.234676255637659
2026-06-02 14:16:00,1.7122083333333329,2.234974992015445
2026-06-02 14:18:00,1.7076250000000004,2.2350660091787486
2026-06-02 14:20:00,1.71,2.2349244967090494
2026-06-02 14:22:00,1.7065833333333336,2.2346899557683577
2026-06-02 14:24:00,1.7084999999999997,2.234541186237271
2026-06-02 14:26:00,1.7072500000000002,2.234537881129373
2026-06-02 14:28:00,1.6843750000000004,2.234641743282822
2026-06-02 14:30:00,1.6578333333333335,2.234783280261498
2026-06-02 14:32:00,1.6635416666666665,2.2348884974503744
2026-06-02 14:34:00,1.6613749999999996,2.2381782452059786
2026-06-02 14:36:00,1.6614166666666668,2.2379754862349928
2026-06-02 14:38:00,1.6655416666666663,2.2367779429467345
2026-06-02 14:40:00,1.6622173913043479,2.235998272420476
2026-06-02 14:42:00,1.671375,2.235816669098418
2026-06-02 14:44:00,1.6664166666666669,2.2356374628595455
2026-06-02 14:46:00,1.669125,2.235367879225489
2026-06-02 14:48:00,1.6669583333333333,2.235114619296536
2026-06-02 14:50:00,1.66925,2.234987536241678
2026-06-02 14:52:00,1.670791666666667,2.2350044277144097
2026-06-02 14:54:00,1.6671666666666665,2.2350916938198577
2026-06-02 14:56:00,1.67225,2.235133143454183
2026-06-02 14:58:00,1.6744999999999999,2.2350439985983663
2026-06-02 15:00:00,1.6704583333333327,2.2349348513515723
2026-06-02 15:02:00,1.6726249999999998,2.234592001684612
2026-06-02 15:04:00,1.666875,2.237343929636697
2026-06-02 15:06:00,1.6661666666666666,2.2368547686683535
2026-06-02 15:08:00,1.6679166666666665,2.235267780625265
2026-06-02 15:10:00,1.665,2.234495451007662
2026-06-02 15:12:00,1.6636250000000006,2.234597946629837
2026-06-02 15:14:00,1.669625,2.2349312501512704
2026-06-02 15:16:00,1.6656666666666666,2.2352358643258583
2026-06-02 15:18:00,1.6684166666666664,2.235331615340867
2026-06-02 15:20:00,1.6666249999999998,2.235194042475128
2026-06-02 15:22:00,1.6706249999999996,2.234962648816622
2026-06-02 15:24:00,1.6624999999999999,2.2348163414250015
2026-06-02 15:26:00,1.6619166666666665,2.2348151169529222
2026-06-02 15:28:00,1.6720416666666666,2.234920864483044
2026-06-02 15:30:00,1.6736249999999997,2.235063930206241
2026-06-02 15:32:00,1.6684999999999999,2.2351699481604523
2026-06-02 15:34:00,1.664875,2.238444167999424
2026-06-02 15:36:00,1.67,2.2382465333793657
2026-06-02 15:38:00,1.665333333333333,2.2370573588673155
2026-06-02 15:40:00,1.663916666666667,2.2362476542396377
2026-06-02 15:42:00,1.6570869565217394,2.236058734496561
2026-06-02 15:44:00,1.654625,2.2358764980986194
2026-06-02 15:46:00,1.660375,2.2356044135625814
2026-06-02 15:48:00,1.6607916666666667,2.2353493311959682
2026-06-02 15:50:00,1.6507083333333334,2.235220474968751
2026-06-02 15:52:00,1.6249583333333335,2.235235408847864
2026-06-02 15:54:00,1.627375,2.2353209893027466
2026-06-02 15:56:00,1.6298750000000002,2.2353617571842928
2026-06-02 15:58:00,1.6265416666666663,2.2352734203630296
2026-06-02 16:00:00,1.6255416666666669,2.234957545654674
2026-06-02 16:02:00,1.6244583333333331,2.2346180310556374
2026-06-02 16:04:00,1.639875,2.237255772533699
2026-06-02 16:06:00,1.6304166666666668,2.236828223234961
2026-06-02 16:08:00,1.6311250000000002,2.23526882288177
2026-06-02 16:10:00,1.6419583333333334,2.2344720343602287
2026-06-02 16:12:00,1.623458333333333,2.2345781546071466
2026-06-02 16:14:00,1.6327083333333328,2.2349176617807753
2026-06-02 16:16:00,1.631916666666667,2.235226642201289
2026-06-02 16:18:00,1.6331666666666669,2.2353261844136725
2026-06-02 16:20:00,1.6315833333333334,2.2351925601160296
2026-06-02 16:22:00,1.6327916666666669,2.234965729945777
2026-06-02 16:24:00,1.63175,2.234824903990444
2026-06-02 16:26:00,1.6332083333333332,2.234830320086131
2026-06-02 16:28:00,1.6294583333333332,2.2349438915524846
2026-06-02 16:30:00,1.6351250000000002,2.235095596898966
2026-06-02 16:32:00,1.63525,2.2352104599062805
2026-06-02 16:34:00,1.6375833333333336,2.238326839889585
2026-06-02 16:36:00,1.6376956521739128,2.2381878182275265
2026-06-02 16:38:00,1.6425,2.2370204280473263
2026-06-02 16:40:00,1.6401666666666668,2.2361944560452636
2026-06-02 16:42:00,1.6359583333333336,2.2360067798036685
2026-06-02 16:44:00,1.6490416666666663,2.2358299006211055
2026-06-02 16:46:00,1.6392499999999997,2.235563670654024
2026-06-02 16:48:00,1.6376666666666662,2.235314614836467
2026-06-02 16:50:00,1.641375,2.2351910712310072
2026-06-02 16:52:00,1.6425,2.235210230028008
2026-06-02 16:54:00,1.6403333333333336,2.2352993516863737
2026-06-02 16:56:00,1.6419999999999997,2.235343767814403
2026-06-02 16:58:00,1.6431250000000002,2.235259833678316
2026-06-02 17:00:00,1.6408749999999994,2.2346639265229453
2026-06-02 17:02:00,1.6410416666666665,2.2343310259136793
2026-06-02 17:04:00,1.6381249999999996,2.2366504425893092
2026-06-02 17:06:00,1.6421666666666666,2.236379377946382
2026-06-02 17:08:00,1.6425833333333333,2.2348614339265076
2026-06-02 17:10:00,1.644291666666667,2.234054643716534
2026-06-02 17:12:00,1.6383333333333336,2.2341650542238134
2026-06-02 17:14:00,1.6430833333333335,2.2345091473359893
2026-06-02 17:16:00,1.6397083333333338,2.2348210913606503
2026-06-02 17:18:00,1.6402916666666671,2.23492343448853
2026-06-02 17:20:00,1.6431666666666664,2.2347936484777686
2026-06-02 17:22:00,1.6410416666666663,2.2345728029383944
2026-06-02 17:24:00,1.6358749999999997,2.2344407766110104
2026-06-02 17:26:00,1.634125,2.2344580183527776
2026-06-02 17:28:00,1.63525,2.234586230757642
2026-06-02 17:30:00,1.6210416666666665,2.2347547258424445
2026-06-02 17:32:00,1.6180869565217393,2.2348876063338303
2026-06-02 17:34:00,1.6163333333333334,2.2377745494839076
2026-06-02 17:36:00,1.6087083333333334,2.2377950302249454
2026-06-02 17:38:00,1.6087916666666668,2.2366708070960035
2026-06-02 17:40:00,1.609875,2.2358555941690783
2026-06-02 17:42:00,1.610875,2.2356812462672218
2026-06-02 17:44:00,1.6083333333333332,2.235517741102338
2026-06-02 17:46:00,1.5946250000000004,2.2352644659180783
2026-06-02 17:48:00,1.586666666666667,2.235027433693964
2026-06-02 17:50:00,1.5824583333333333,2.234913946571619
2026-06-02 17:52:00,1.5918333333333337,2.23494073480632
2026-06-02 17:54:00,1.5799583333333331,2.235035397637604
2026-06-02 17:56:00,1.5769583333333335,2.2350840766243705
2026-06-02 17:58:00,1.5830416666666667,2.2350039046554455
2026-06-02 18:00:00,1.574625,2.2342848806968196
2026-06-02 18:02:00,1.5807916666666666,2.2339559786072063
2026-06-02 18:04:00,1.5795416666666666,2.2357642951148624
2026-06-02 18:06:00,1.5817500000000004,2.2357022321128412
2026-06-02 18:08:00,1.5807916666666666,2.2342237161057974
2026-06-02 18:10:00,1.5766250000000002,2.2334245833421575
2026-06-02 18:12:00,1.5837391304347823,2.233541266384188
2026-06-02 18:14:00,1.583375,2.2338890329350654
2026-06-02 18:16:00,1.5875000000000001,2.2342034089081566
2026-06-02 18:18:00,1.5827083333333336,2.234308117545193
2026-06-02 18:20:00,1.5785833333333332,2.2341818400065123
2026-06-02 18:22:00,1.5798749999999997,2.2339671640616245
2026-06-02 18:24:00,1.5789583333333335,2.233845018189546
2026-06-02 18:26:00,1.5766249999999997,2.2338761593243452
2026-06-02 18:28:00,1.582583333333333,2.234022007764122
2026-06-02 18:30:00,1.6360000000000001,2.234211098674625
2026-06-02 18:32:00,1.6148749999999998,2.2343664979168083
2026-06-02 18:34:00,1.6087916666666666,2.2368674550716103
2026-06-02 18:36:00,1.6010416666666665,2.2370820116274786
2026-06-02 18:38:00,1.5987500000000001,2.235995330203789
2026-06-02 18:40:00,1.5917500000000002,2.2352092862735935
2026-06-02 18:42:00,1.5695000000000003,2.2350563585181096
2026-06-02 18:44:00,1.5735000000000003,2.2349106191688275
2026-06-02 18:46:00,1.5735000000000001,2.2346739075712008
2026-06-02 18:48:00,1.5722499999999997,2.234451762381786
2026-06-02 18:50:00,1.5771666666666666,2.2343504845324262
2026-06-02 18:52:00,1.5751739130434783,2.2343863684924634
2026-06-02 18:54:00,1.5685416666666663,2.2344873087447716
2026-06-02 18:56:00,1.6603750000000002,2.234540216727258
2026-06-02 18:58:00,1.856166666666667,2.2344630218839256
2026-06-02 19:00:00,1.850583333333333,2.2338583318286855
2026-06-02 19:02:00,1.8403333333333338,2.2335303430466107
2026-06-02 19:04:00,1.833375,2.235125651685852
2026-06-02 19:06:00,1.8257083333333333,2.2351576699196474
2026-06-02 19:08:00,1.8244583333333333,2.233672605741832
2026-06-02 19:10:00,1.824041666666667,2.232890781769394
2026-06-02 19:12:00,1.823333333333334,2.2330084998514654
2026-06-02 19:14:00,1.8138750000000001,2.2333534978697474
2026-06-02 19:16:00,1.8163333333333334,2.233665081561467
2026-06-02 19:18:00,1.8168749999999998,2.2337669369888227
2026-06-02 19:20:00,1.8129583333333334,2.233638316442364
2026-06-02 19:22:00,1.8104166666666668,2.2334231793391686
2026-06-02 19:24:00,1.8075833333333335,2.2333035953659053
2026-06-02 19:26:00,1.810208333333333,2.233340739562458
2026-06-02 19:28:00,1.8109565217391306,2.233495889883669
2026-06-02 19:30:00,1.8027083333333331,2.2336970054940912
2026-06-02 19:32:00,1.806166666666667,2.233866328767912
2026-06-02 19:34:00,1.8083333333333333,2.2361193189860393
2026-06-02 19:36:00,1.813208333333333,2.2365266898572824
2026-06-02 19:38:00,1.8097499999999995,2.235474176534659
2026-06-02 19:40:00,1.8135833333333335,2.2347257301788654
2026-06-02 19:42:00,1.808708333333333,2.2345898332705545
2026-06-02 19:44:00,1.8133749999999997,2.2344555395237595
2026-06-02 19:46:00,1.8141666666666667,2.2342299064143085
2026-06-02 19:48:00,1.806,2.234017712186137
2026-06-02 19:50:00,1.8120833333333337,2.2339241896770003
2026-06-02 19:52:00,1.8105416666666665,2.2339651571647683
2026-06-02 19:54:00,1.8127500000000003,2.234068664803939
2026-06-02 19:56:00,1.805,2.2341222218342573
2026-06-02 19:58:00,1.8163333333333334,2.2340444161995925
2026-06-02 20:00:00,1.8081249999999998,2.233612876025376
2026-06-02 20:02:00,1.812083333333333,2.2332808736916485
2026-06-02 20:04:00,1.8090000000000004,2.2347054619559734
2026-06-02 20:06:00,1.8066666666666666,2.2348718391759546
2026-06-02 20:08:00,1.8128260869565218,2.2333986976848985
2026-06-02 20:10:00,1.8119166666666666,2.232645310617746
2026-06-02 20:12:00,1.8127499999999996,2.2327656812824976
2026-06-02 20:14:00,1.8159166666666666,2.2331093340457437
2026-06-02 20:16:00,1.8127916666666666,2.233419626427735
2026-06-02 20:18:00,1.8142083333333332,2.2335195876792415
2026-06-02 20:20:00,1.8084999999999998,2.2333887935121886
2026-06-02 20:22:00,1.807791666666666,2.233172400500663
2026-06-02 20:24:00,1.8102500000000001,2.2330535224544366
2026-06-02 20:26:00,1.8127916666666666,2.233093758940955
2026-06-02 20:28:00,1.8064999999999998,2.2332543943596836
2026-06-02 20:30:00,1.8107916666666668,2.2334631037758843
2026-06-02 20:32:00,1.8095416666666664,2.233641644692146
2026-06-02 20:34:00,1.8105,2.235627856590384
2026-06-02 20:36:00,1.8056666666666665,2.23616790168484
2026-06-02 20:38:00,1.8034583333333332,2.2351284234831
2026-06-02 20:40:00,1.8097916666666667,2.2344077912580875
2026-06-02 20:42:00,1.8090416666666662,2.2342837393880792
2026-06-02 20:44:00,1.801333333333333,2.2341583006026826
2026-06-02 20:46:00,1.8059166666666666,2.2339420902717126
2026-06-02 20:48:00,1.809041666666667,2.2337390434218514
2026-06-02 20:50:00,1.8032500000000002,2.233653511400576
2026-06-02 20:52:00,1.809086956521739,2.233700885883817
2026-06-02 20:54:00,1.8039166666666668,2.233809259643729
2026-06-02 20:56:00,1.8050833333333334,2.2338665495515775
2026-06-02 20:58:00,1.8012083333333333,2.23379184286106
2026-06-02 21:00:00,1.7994583333333332,2.2334599393806047
2026-06-02 21:02:00,1.800166666666667,2.23312733734679
2026-06-02 21:04:00,1.7999583333333329,2.2344533268477815
2026-06-02 21:06:00,1.8082916666666664,2.2346621718060815
2026-06-02 21:08:00,1.8036249999999996,2.2331733384345647
2026-06-02 21:10:00,1.8054583333333338,2.2324366409467395
2026-06-02 21:12:00,1.803625,2.23255536426371
2026-06-02 21:14:00,1.79925,2.2328954172535145
2026-06-02 21:16:00,1.8036249999999996,2.2332025703404557
2026-06-02 21:18:00,1.7999166666666666,2.233299051297223
2026-06-02 21:20:00,1.7945416666666667,2.2331646396547677
2026-06-02 21:22:00,1.7972500000000002,2.2329453388461613
2026-06-02 21:24:00,1.7991666666666666,2.2328249294309326
2026-06-02 21:26:00,1.8003333333333333,2.2328652230874164
2026-06-02 21:28:00,1.8015,2.233027499763311
2026-06-02 21:30:00,1.799875,2.233239332041344
2026-06-02 21:32:00,1.7997499999999997,2.233422271895558
2026-06-02 21:34:00,1.8001666666666665,2.235309238895154
2026-06-02 21:36:00,1.793173913043478,2.2359357427142466
2026-06-02 21:38:00,1.8047083333333331,2.234891953425832
2026-06-02 21:40:00,1.795,2.234192999485348
2026-06-02 21:42:00,1.797375,2.2340742844360335
2026-06-02 21:44:00,1.7961666666666665,2.2339530218520287
2026-06-02 21:46:00,1.7995833333333333,2.233742713801622
2026-06-02 21:48:00,1.7949166666666663,2.2335461163955466
2026-06-02 21:50:00,1.7932083333333333,2.233466753612761
2026-06-02 21:52:00,1.7969583333333334,2.2335195959648257
2026-06-02 21:54:00,1.7905416666666667,2.23363262044509
2026-06-02 21:56:00,1.7921250000000002,2.2336938996253135
2026-06-02 21:58:00,1.7884166666666665,2.2336228103188995
2026-06-02 22:00:00,1.7916250000000007,2.233290040644739
2026-06-02 22:02:00,1.7915,2.232955723665068
2026-06-02 22:04:00,1.7942500000000001,2.2340996547301546
2026-06-02 22:06:00,1.7889166666666665,2.234311905022417
2026-06-02 22:08:00,1.79275,2.232795784969476
2026-06-02 22:10:00,1.7902916666666668,2.2320749642280773
2026-06-02 22:12:00,1.787375,2.2321869827428613
2026-06-02 22:14:00,1.785,2.2325193552110147
2026-06-02 22:16:00,1.778791666666666,2.232820680462848
2026-06-02 22:18:00,1.7860000000000003,2.2329123738590804
2026-06-02 22:20:00,1.7869999999999997,2.2327744445404227
2026-06-02 22:22:00,1.7832916666666663,2.232553424644592
2026-06-02 22:24:00,1.7840833333333332,2.2324331976920724
2026-06-02 22:26:00,1.790916666666666,2.2324752928595037
2026-06-02 22:28:00,1.790695652173913,2.2326406448024647
2026-06-02 22:30:00,1.7866666666666668,2.2328565862054184
2026-06-02 22:32:00,1.785375,2.2330444887448153
2026-06-02 22:34:00,1.7788750000000002,2.2348915450490914
2026-06-02 22:36:00,1.789125,2.2355439007728815
2026-06-02 22:38:00,1.7900000000000007,2.234479812307512
2026-06-02 22:40:00,1.7875416666666661,2.233802243746056
2026-06-02 22:42:00,1.7882916666666662,2.233686552222086
2026-06-02 22:44:00,1.7855416666666664,2.233568604361671
2026-06-02 22:46:00,1.7825416666666667,2.233364259526874
2026-06-02 22:48:00,1.7864583333333337,2.2331745551077993
2026-06-02 22:50:00,1.7905833333333334,2.2331021209815924
2026-06-02 22:52:00,1.784041666666667,2.233161456093296
2026-06-02 22:54:00,1.788541666666667,2.233280220463011
2026-06-02 22:56:00,1.7849583333333328,2.2333463511235903
2026-06-02 22:58:00,1.7871249999999996,2.233279283071548
2026-06-02 23:00:00,1.7837083333333332,2.232896463602844
2026-06-02 23:02:00,1.7877916666666664,2.232558203817232
2026-06-02 23:04:00,1.788083333333333,2.2337194092313837
2026-06-02 23:06:00,1.7830833333333336,2.2338937639317624
2026-06-02 23:08:00,1.7867500000000003,2.232340733578314
2026-06-02 23:10:00,1.784041666666666,2.231635769501699
2026-06-02 23:12:00,1.7880833333333335,2.231736078496045
2026-06-02 23:14:00,1.7936249999999996,2.2320567131152904
2026-06-02 23:16:00,1.792083333333333,2.2323498391635277
2026-06-02 23:18:00,1.7872916666666667,2.2324362287852506
2026-06-02 23:20:00,1.7906250000000001,2.2322961626134963
2026-06-02 23:22:00,1.7922083333333336,2.2320763216777295
2026-06-02 23:24:00,1.7993478260869562,2.231960059607575
2026-06-02 23:26:00,1.7907499999999994,2.2320080770399136
2026-06-02 23:28:00,1.7907499999999998,2.232180561788922
2026-06-02 23:30:00,1.7769583333333332,2.23240438430243
2026-06-02 23:32:00,1.7725833333333327,2.2326006665420004
2026-06-02 23:34:00,1.7772916666666667,2.2344314401704293
2026-06-02 23:36:00,1.782958333333333,2.235077839357482
2026-06-02 23:38:00,1.774708333333333,2.23399036258315
2026-06-02 23:40:00,1.7792500000000004,2.2333390740389034
2026-06-02 23:42:00,1.77525,2.2332274391302245
2026-06-02 23:44:00,1.7785416666666667,2.2331142237538524
2026-06-02 23:46:00,1.7659999999999998,2.23291745914653
2026-06-02 23:48:00,1.7658749999999996,2.2327361681236564
2026-06-02 23:50:00,1.76575,2.2326721122706683
2026-06-02 23:52:00,1.762583333333333,2.232739309997287
2026-06-02 23:54:00,1.7694583333333334,2.232864946786643
2026-06-02 23:56:00,1.7712500000000002,2.2329365856587717
2026-06-02 23:58:00,1.7698333333333334,2.2328735395787516
2026-06-03 00:00:00,1.7719166666666666,2.2324111904835826
2026-06-03 00:02:00,1.7690833333333336,2.232066606773415
2026-06-03 00:04:00,1.7695833333333333,2.23325387174235
2026-06-03 00:06:00,1.7715416666666666,2.233348507272762
2026-06-03 00:08:00,1.7693333333333332,2.2317541684794824
2026-06-03 00:10:00,1.773208333333333,2.2310631751360877
2026-06-03 00:12:00,1.7741739130434782,2.2311470186477385
2026-06-03 00:14:00,1.7711666666666668,2.2314522596409683
2026-06-03 00:16:00,1.7764166666666668,2.231735030213442
2026-06-03 00:18:00,1.775125,2.2318156593993224
2026-06-03 00:20:00,1.7701250000000002,2.2316747305485416
2026-06-03 00:22:00,1.768416666666667,2.2314587529721845
2026-06-03 00:24:00,1.7713750000000001,2.2313500377463256
2026-06-03 00:26:00,1.7701666666666667,2.2314080240534686
2026-06-03 00:28:00,1.77175,2.231591840391328
2026-06-03 00:30:00,1.7653333333333332,2.2318277209458186
2026-06-03 00:32:00,1.766791666666667,2.2320364785055875
2026-06-03 00:34:00,1.759625,2.2339361223469916
2026-06-03 00:36:00,1.7549166666666667,2.234527514488552
2026-06-03 00:38:00,1.758,2.233415125880423
2026-06-03 00:40:00,1.7560416666666665,2.2327939020839342
2026-06-03 00:42:00,1.7521250000000002,2.2326886088295645
2026-06-03 00:44:00,1.7461250000000001,2.232582701890261
2026-06-03 00:46:00,1.7430416666666664,2.232395800275354
2026-06-03 00:48:00,1.7428333333333335,2.2322247425943176
2026-06-03 00:50:00,1.7453478260869562,2.2321705019832097
2026-06-03 00:52:00,1.7439583333333333,2.232246636885846
2026-06-03 00:54:00,1.742916666666667,2.2323797432321846
2026-06-03 00:56:00,1.7362916666666663,2.2324568239161504
2026-06-03 00:58:00,1.7305416666666664,2.232396932789425
2026-06-03 01:00:00,1.7277083333333332,2.2318350916311234
2026-06-03 01:02:00,1.7248750000000002,2.2314820564988693
2026-06-03 01:04:00,1.7253333333333332,2.2328171018691814
2026-06-03 01:06:00,1.7353750000000001,2.2327756646694543
2026-06-03 01:08:00,1.7439583333333333,2.23113226524663
2026-06-03 01:10:00,1.7413750000000003,2.2304527432256087
2026-06-03 01:12:00,1.7457083333333336,2.230516997405502
2026-06-03 01:14:00,1.7337916666666662,2.230804836928128
2026-06-03 01:16:00,1.7133333333333338,2.231076291904316
2026-06-03 01:18:00,1.7045833333333336,2.2311511945845197
2026-06-03 01:20:00,1.7080434782608698,2.231010276065323
2026-06-03 01:22:00,1.7007500000000002,2.230799629248377
2026-06-03 01:24:00,1.689166666666667,2.230700311467769
2026-06-03 01:26:00,1.6792499999999997,2.230770359460203
2026-06-03 01:28:00,1.6603333333333332,2.2309677613142287
2026-06-03 01:30:00,1.6532916666666664,2.231218096803572
2026-06-03 01:32:00,1.646958333333334,2.231441883606158
2026-06-03 01:34:00,1.6370833333333337,2.2333199762517633
2026-06-03 01:36:00,1.6206666666666667,2.2338344587431105
2026-06-03 01:38:00,1.5842083333333334,2.232710724798654
2026-06-03 01:40:00,1.5799999999999998,2.232126720848727
2026-06-03 01:42:00,1.5700833333333335,2.232033195906754
2026-06-03 01:44:00,1.654625,2.231939728100888
2026-06-03 01:46:00,1.7246666666666666,2.2317669036416827
2026-06-03 01:48:00,1.7254166666666666,2.231609402886722
2026-06-03 01:50:00,1.7192083333333328,2.2315675947660587
2026-06-03 01:52:00,1.7222916666666663,2.2316546852977455
2026-06-03 01:54:00,1.7197826086956522,2.231796678034185
2026-06-03 01:56:00,1.7176250000000006,2.231879945420734
2026-06-03 01:58:00,1.7151250000000005,2.2318232291956885
2026-06-03 02:00:00,1.718125,2.231225287231593
2026-06-03 02:02:00,1.7259166666666665,2.230866014111639
2026-06-03 02:04:00,1.7226249999999999,2.232263824674174
2026-06-03 02:06:00,1.717666666666667,2.2320632936654228
2026-06-03 02:08:00,1.7231250000000005,2.230376701849846
2026-06-03 02:10:00,1.719541666666667,2.2297043902332296
2026-06-03 02:12:00,1.7169166666666664,2.2297488908383905
2026-06-03 02:14:00,1.7185416666666669,2.2300201566264137
2026-06-03 02:16:00,1.7164166666666665,2.2302810759156935
2026-06-03 02:18:00,1.7146666666666668,2.2303507837491416
2026-06-03 02:20:00,1.7172916666666669,2.23020990452313
2026-06-03 02:22:00,1.715416666666667,2.230003951149106
2026-06-03 02:24:00,1.7179130434782608,2.22991277888034
2026-06-03 02:26:00,1.7194583333333338,2.2299932023459244
2026-06-03 02:28:00,1.7178750000000003,2.230202320863269
2026-06-03 02:30:00,1.7217916666666662,2.230465331641946
2026-06-03 02:32:00,1.7130833333333335,2.230702699733127
2026-06-03 02:34:00,1.7177500000000003,2.2327953437233896
2026-06-03 02:36:00,1.7155416666666665,2.2332044259342143
2026-06-03 02:38:00,1.7158749999999998,2.2320671682904547
2026-06-03 02:40:00,1.7130833333333335,2.2315119396600704
2026-06-03 02:42:00,1.7143333333333335,2.231426750137968
2026-06-03 02:44:00,1.7096666666666671,2.2313420074958326
2026-06-03 02:46:00,1.7071250000000002,2.2311785894691094
2026-06-03 02:48:00,1.690458333333333,2.2310295631144768
2026-06-03 02:50:00,1.6937916666666666,2.2309950947985633
2026-06-03 02:52:00,1.694652173913044,2.231088194244029
2026-06-03 02:54:00,1.6781666666666666,2.231234247005076
2026-06-03 02:56:00,1.6650416666666665,2.231318876772819
2026-06-03 02:58:00,1.6647083333333332,2.231260395807584
2026-06-03 03:00:00,1.6667499999999997,2.2306782401188423
2026-06-03 03:02:00,1.6624999999999999,2.230311154861853
2026-06-03 03:04:00,1.6633750000000003,2.231952885597405
2026-06-03 03:06:00,1.6687083333333332,2.23159644392838
2026-06-03 03:08:00,1.6669166666666666,2.2298839832009754
2026-06-03 03:10:00,1.66425,2.2292193853309015
2026-06-03 03:12:00,1.6691666666666665,2.229249030220995
2026-06-03 03:14:00,1.6689583333333333,2.229508650276094
2026-06-03 03:16:00,1.6564583333333331,2.2297628831047698
2026-06-03 03:18:00,1.6521666666666668,2.2298299549032046
2026-06-03 03:20:00,1.6540833333333333,2.229690151327585
2026-06-03 03:22:00,1.6538333333333328,2.2294883579101397
2026-06-03 03:24:00,1.641916666666667,2.2294034764474278
2026-06-03 03:26:00,1.6477500000000003,2.2294914592243633
2026-06-03 03:28:00,1.6337391304347824,2.2297089203196854
2026-06-03 03:30:00,1.6267916666666666,2.2299810580026658
2026-06-03 03:32:00,1.6227083333333334,2.230228591743961
2026-06-03 03:34:00,1.619791666666667,2.2322131264739675
2026-06-03 03:36:00,1.6260833333333335,2.2324935769234013
2026-06-03 03:38:00,1.6226666666666665,2.2313514434114126
2026-06-03 03:40:00,1.6159583333333334,2.2308216722128473
2026-06-03 03:42:00,1.596541666666667,2.2307476541188462
2026-06-03 03:44:00,1.5795416666666668,2.2306750900077157
2026-06-03 03:46:00,1.5811666666666666,2.230523777154134
2026-06-03 03:48:00,1.5849166666666672,2.23038543425686
2026-06-03 03:50:00,1.57875,2.230360316904913
2026-06-03 03:52:00,1.582291666666667,2.2304614417319586
2026-06-03 03:54:00,1.5765416666666667,2.2306137120194895
2026-06-03 03:56:00,1.5697083333333337,2.2307020702322085
2026-06-03 03:58:00,1.575666666666667,2.230644415624156
2026-06-03 04:00:00,1.5781250000000002,2.230153953252437
2026-06-03 04:02:00,1.5718333333333339,2.2297848072001765
2026-06-03 04:04:00,1.5726250000000002,2.2314739268984902
2026-06-03 04:06:00,1.5737083333333333,2.230922531939655
2026-06-03 04:08:00,1.5607391304347826,2.229174776045573
2026-06-03 04:10:00,1.6053750000000002,2.22850685399132
2026-06-03 04:12:00,1.6274999999999997,2.2285233665921558
2026-06-03 04:14:00,1.6019583333333334,2.2287741976078657
2026-06-03 04:16:00,1.58525,2.229023387933569
2026-06-03 04:18:00,1.6992083333333337,2.2290877788632524
2026-06-03 04:20:00,1.702,2.228947018406157
2026-06-03 04:22:00,1.6830416666666663,2.2287453476663295
2026-06-03 04:24:00,1.6824166666666667,2.2286610295271374
2026-06-03 04:26:00,1.6774583333333337,2.2287496247843284
2026-06-03 04:28:00,1.6720833333333331,2.2289677962299126
2026-06-03 04:30:00,1.6755000000000002,2.229241230919759
2026-06-03 04:32:00,1.6674999999999998,2.2294913034273005
2026-06-03 04:34:00,1.6688260869565215,2.23197345706355
2026-06-03 04:36:00,1.6685416666666664,2.2320982893918444
2026-06-03 04:38:00,1.6649583333333335,2.230938554126652
2026-06-03 04:40:00,1.664208333333333,2.230416096228677
2026-06-03 04:42:00,1.6742083333333329,2.2303437548103444
2026-06-03 04:44:00,1.6702499999999996,2.2302741022786727
2026-06-03 04:46:00,1.670375,2.2301252529023228
2026-06-03 04:48:00,1.664208333333333,2.2299882642921762
2026-06-03 04:50:00,1.6642916666666663,2.2299639024736844
2026-06-03 04:52:00,1.6591666666666665,2.230065396537611
2026-06-03 04:54:00,1.6544166666666664,2.230217250867589
2026-06-03 04:56:00,1.6592083333333332,2.2303037186826167
2026-06-03 04:58:00,1.659791666666667,2.230242212066958
2026-06-03 05:00:00,1.6479999999999995,2.2299829512936817
2026-06-03 05:02:00,1.6443333333333332,2.2296103626001087
2026-06-03 05:04:00,1.6428333333333336,2.231754720655668
2026-06-03 05:06:00,1.6443333333333332,2.2310631347358427
2026-06-03 05:08:00,1.6419166666666662,2.2293020769336627
2026-06-03 05:10:00,1.6354166666666667,2.2286278531375063
2026-06-03 05:12:00,1.6367391304347827,2.228634708475758
2026-06-03 05:14:00,1.6351666666666669,2.228879705414825
2026-06-03 05:16:00,1.63275,2.2291251144848427
2026-06-03 05:18:00,1.6299999999999997,2.2291862695310973
2026-06-03 05:20:00,1.628916666666667,2.2290420334144083
2026-06-03 05:22:00,1.6256666666666666,2.2288360492120014
2026-06-03 05:24:00,1.63025,2.228746293223007
2026-06-03 05:26:00,1.6254999999999997,2.2288283206747717
2026-06-03 05:28:00,1.621791666666666,2.229039189532108
2026-06-03 05:30:00,1.6189166666666663,2.229305351949984
2026-06-03 05:32:00,1.6163749999999995,2.229549039318376
2026-06-03 05:34:00,1.614208333333333,2.2319980151082
2026-06-03 05:36:00,1.6105833333333335,2.2319995046777743
2026-06-03 05:38:00,1.6052499999999998,2.2308330820710727
2026-06-03 05:40:00,1.6043749999999999,2.230301244195918
2026-06-03 05:42:00,1.598375,2.2302257850245764
2026-06-03 05:44:00,1.6000000000000003,2.2301559760607317
2026-06-03 05:46:00,1.6019583333333332,2.230006910464333
2026-06-03 05:48:00,1.6009583333333335,2.229869460051578
2026-06-03 05:50:00,1.5989166666666668,2.2298451151895518
2026-06-03 05:52:00,1.5972916666666668,2.2299474121104943
2026-06-03 05:54:00,1.600083333333333,2.2301005313934237
2026-06-03 05:56:00,1.6037083333333333,2.230188080882676
2026-06-03 05:58:00,1.6039999999999999,2.2301269629707274
2026-06-03 06:00:00,1.6035416666666664,2.2302193821134075
2026-06-03 06:02:00,1.5982173913043483,2.2298508179726415
2026-06-03 06:04:00,1.596916666666667,2.232211906148579
2026-06-03 06:06:00,1.6025833333333332,2.231340817990162
2026-06-03 06:08:00,1.6029166666666665,2.2295435144290634
2026-06-03 06:10:00,1.60875,2.2288468472395584
2026-06-03 06:12:00,1.6005833333333335,2.2288476602177947
2026-06-03 06:14:00,1.5944166666666666,2.229091769039793
2026-06-03 06:16:00,1.6064583333333333,2.2293367824613837
2026-06-03 06:18:00,1.6027083333333334,2.2293961097854784
2026-06-03 06:20:00,1.6021250000000002,2.2292474595244514
2026-06-03 06:22:00,1.6043750000000003,2.229033665582716
2026-06-03 06:24:00,1.609125,2.228932525666352
2026-06-03 06:26:00,1.6096249999999996,2.2289998787996734
2026-06-03 06:28:00,1.6097083333333329,2.2291935263468483
2026-06-03 06:30:00,1.6145833333333328,2.229440991549748
2026-06-03 06:32:00,1.60525,2.2296656501090264
2026-06-03 06:34:00,1.6090416666666665,2.2324740070669113
2026-06-03 06:36:00,1.6043750000000003,2.232296395043228
2026-06-03 06:38:00,1.6074583333333334,2.2310898838750046
2026-06-03 06:40:00,1.6053750000000004,2.230516972141011
2026-06-03 06:42:00,1.606791666666667,2.2304198749761444
2026-06-03 06:44:00,1.6062500000000004,2.230334420151984
2026-06-03 06:46:00,1.6076250000000003,2.230171479297122
2026-06-03 06:48:00,1.6077083333333333,2.230021971559657
2026-06-03 06:50:00,1.606625,2.2299881513618516
2026-06-03 06:52:00,1.6113043478260873,2.23008385059932
2026-06-03 06:54:00,1.6157083333333333,2.230232925680523
2026-06-03 06:56:00,1.6140416666666668,2.2303182922796627
2026-06-03 06:58:00,1.618458333333333,2.2302561838609116
2026-06-03 07:00:00,1.6098333333333332,2.230647327213445
2026-06-03 07:02:00,1.6155000000000002,2.2302857494809287
2026-06-03 07:04:00,1.6208750000000005,2.232992969432662
2026-06-03 07:06:00,1.6183333333333334,2.2319857665346725
2026-06-03 07:08:00,1.6215833333333334,2.2301609315520405
2026-06-03 07:10:00,1.6132083333333334,2.229437987438279
2026-06-03 07:12:00,1.6145833333333333,2.229436395502112
2026-06-03 07:14:00,1.613041666666667,2.2296822114458745
2026-06-03 07:16:00,1.6152083333333334,2.2299278980487096
2026-06-03 07:18:00,1.6191250000000001,2.2299852356639205
2026-06-03 07:20:00,1.6162916666666665,2.2298307415351335
2026-06-03 07:22:00,1.6117083333333333,2.2296063839457814
2026-06-03 07:24:00,1.6214166666666667,2.2294898676586214
2026-06-03 07:26:00,1.6188333333333336,2.229537452013668
2026-06-03 07:28:00,1.617208333333333,2.2297077630414455
2026-06-03 07:30:00,1.5434999999999999,2.229929415242244
2026-06-03 07:32:00,2.6488750000000003,2.23012697506624
2026-06-03 07:34:00,2.7855217391304343,2.2334206818298603
2026-06-03 07:36:00,2.335083333333333,2.23302906831042
2026-06-03 07:38:00,2.650625,2.2317643998867256
2026-06-03 07:40:00,2.6582500000000002,2.2311344196900205
2026-06-03 07:42:00,2.648875,2.231006342343964
2026-06-03 07:44:00,2.6789166666666664,2.2308959248655005
2026-06-03 07:46:00,2.5160416666666667,2.2307099122290808
2026-06-03 07:48:00,2.6817083333333334,2.230539973366323
2026-06-03 07:50:00,2.6777083333333334,2.2304893832664514
2026-06-03 07:52:00,1.3960833333333331,2.2305723432361546
2026-06-03 07:54:00,0.7772083333333333,2.2307124134937784
2026-06-03 07:56:00,0.8445217391304347,2.2307918126221717
2026-06-03 07:58:00,1.5647916666666666,2.2307260217907032
2026-06-03 08:00:00,2.6973749999999996,2.231143337763236
2026-06-03 08:02:00,2.684125,2.2307896494438073
2026-06-03 08:04:00,2.6976250000000004,2.2339988488877056
2026-06-03 08:06:00,2.6737083333333334,2.232988826281644
2026-06-03 08:08:00,2.677166666666667,2.2311750244686026
2026-06-03 08:10:00,2.67675,2.2304415047904653
2026-06-03 08:12:00,2.6837500000000003,2.2304487734238765
2026-06-03 08:14:00,2.68225,2.230702604148703
2026-06-03 08:16:00,2.690041666666666,2.2309527335398465
2026-06-03 08:18:00,2.685833333333333,2.2310106515782415
2026-06-03 08:20:00,2.685,2.2308522300916556
2026-06-03 08:22:00,2.6880833333333336,2.2306189816168636
2026-06-03 08:24:00,2.6962499999999996,2.2304888960943687
2026-06-03 08:26:00,2.693208333333333,2.230518840977879
2026-06-03 08:28:00,2.694875,2.230668194872669
2026-06-03 08:30:00,2.6867916666666662,2.230866428139679
2026-06-03 08:32:00,2.687208333333333,2.2310390374012083
2026-06-03 08:34:00,2.6907916666666662,2.2345074727724636
2026-06-03 08:36:00,2.691166666666667,2.2340751722092023
2026-06-03 08:38:00,2.6907916666666662,2.2328056173648942
2026-06-03 08:40:00,2.692,2.2321378011865267
2026-06-03 08:42:00,2.6954583333333333,2.2319898161341962
2026-06-03 08:44:00,2.694782608695652,2.231859551009817
2026-06-03 08:46:00,2.686291666666666,2.231652678873883
2026-06-03 08:48:00,2.6835833333333334,2.2314632636139087
2026-06-03 08:50:00,2.6781666666666673,2.231396234285774
2026-06-03 08:52:00,2.6782500000000002,2.2314664924206338
2026-06-03 08:54:00,2.681374999999999,2.231597591113983
2026-06-03 08:56:00,2.683083333333333,2.231671320596887
2026-06-03 08:58:00,2.6797916666666666,2.2316026011212347
2026-06-03 09:00:00,2.6805833333333333,2.2318388260586666
2026-06-03 09:02:00,2.6814583333333335,2.2314948100029928
2026-06-03 09:04:00,2.6841250000000003,2.23463896876381
2026-06-03 09:06:00,2.6835,2.233726319343243
2026-06-03 09:08:00,2.6895833333333337,2.231949982595531
2026-06-03 09:10:00,2.690375000000001,2.2312188364744467
2026-06-03 09:12:00,2.687791666666667,2.2312437137928045
2026-06-03 09:14:00,2.7432916666666665,2.2315106247441077
2026-06-03 09:16:00,2.7235833333333335,2.2317687706777343
2026-06-03 09:18:00,2.7251250000000002,2.231830643793343
2026-06-03 09:20:00,2.7211250000000002,2.231672053177149
2026-06-03 09:22:00,2.7223333333333333,2.231434367850399
2026-06-03 09:24:00,2.7271249999999996,2.231295974050442
2026-06-03 09:26:00,2.7261666666666664,2.231314369260546
2026-06-03 09:28:00,2.7160434782608696,2.231449552421215
2026-06-03 09:30:00,2.716125,2.2316315833599703
2026-06-03 09:32:00,2.716625,2.2317865772318686
2026-06-03 09:34:00,2.718166666666667,2.235132592250871
2026-06-03 09:36:00,2.7209583333333325,2.234775620403499
2026-06-03 09:38:00,2.7179583333333333,2.2335321184417776
2026-06-03 09:40:00,2.714958333333333,2.2328458445906074
2026-06-03 09:42:00,2.7122083333333333,2.2326906414207937
2026-06-03 09:44:00,2.716583333333333,2.232548868340031
2026-06-03 09:46:00,2.7157083333333336,2.232327203306611
2026-06-03 09:48:00,2.71625,2.232122948620185
2026-06-03 09:50:00,2.712375,2.232042944441518
2026-06-03 09:52:00,2.7154583333333338,2.232103012436054
2026-06-03 09:54:00,2.7152500000000006,2.2322269959759504
2026-06-03 09:56:00,2.7142083333333336,2.2322965580794274
2026-06-03 09:58:00,2.7119166666666668,2.2322262756571942
2026-06-03 10:00:00,2.7101666666666673,2.2323194816771195
2026-06-03 10:02:00,2.7125416666666666,2.2319845218976853
2026-06-03 10:04:00,2.715375,2.234902700221548
2026-06-03 10:06:00,2.710791666666667,2.2341746067021817
2026-06-03 10:08:00,2.7148333333333334,2.2324617585325863
2026-06-03 10:10:00,2.7125000000000004,2.231737625340477
2026-06-03 10:12:00,2.708869565217392,2.23178390434008
2026-06-03 10:14:00,2.707333333333333,2.232066199294296
2026-06-03 10:16:00,2.7082083333333333,2.2323340805858813
2026-06-03 10:18:00,2.711166666666667,2.23240187170684
2026-06-03 10:20:00,2.708166666666667,2.2322456754040063
2026-06-03 10:22:00,2.7009166666666666,2.2320068392896077
2026-06-03 10:24:00,2.6952083333333334,2.2318641097540044
2026-06-03 10:26:00,2.6959999999999997,2.231875576255497
2026-06-03 10:28:00,2.7074166666666666,2.2320017408166657
2026-06-03 10:30:00,2.705666666666667,2.2321730260573935
2026-06-03 10:32:00,2.7050416666666663,2.2323158834571033
2026-06-03 10:34:00,2.704083333333333,2.2355233374786785
2026-06-03 10:36:00,2.705375,2.235291496826014
2026-06-03 10:38:00,2.700666666666668,2.2340911572586464
2026-06-03 10:40:00,2.7002916666666668,2.233396785861126
2026-06-03 10:42:00,2.700416666666667,2.233243044073237
2026-06-03 10:44:00,2.6993333333333336,2.2330962829920455
2026-06-03 10:46:00,2.696875,2.2328649805144143
2026-06-03 10:48:00,2.6942083333333335,2.2326499311579973
2026-06-03 10:50:00,2.7002916666666663,2.232559779096277
2026-06-03 10:52:00,2.693,2.232611310993959
2026-06-03 10:54:00,2.700875,2.2327289119422247
2026-06-03 10:56:00,2.70325,2.2327944345639383
2026-06-03 10:58:00,2.705217391304348,2.232722356487407
2026-06-03 11:00:00,2.6985833333333336,2.232774635868243
2026-06-03 11:02:00,2.6954583333333333,2.232444957299579
2026-06-03 11:04:00,2.692500000000001,2.2350985391394875
2026-06-03 11:06:00,2.692666666666667,2.234550481491656
2026-06-03 11:08:00,2.700041666666667,2.2329028483358817
2026-06-03 11:10:00,2.699,2.232181694172034
2026-06-03 11:12:00,2.6967916666666665,2.2322486324682282
2026-06-03 11:14:00,2.6945416666666664,2.2325464252851286
2026-06-03 11:16:00,2.6972916666666666,2.232824502650044
2026-06-03 11:18:00,2.6931666666666665,2.232899143196719
2026-06-03 11:20:00,2.6960416666666664,2.2327467093901623
2026-06-03 11:22:00,2.697041666666667,2.2325083962466885
2026-06-03 11:24:00,2.6951666666666667,2.2323631660710284
2026-06-03 11:26:00,2.6947083333333333,2.232369629943395
2026-06-03 11:28:00,2.6914166666666666,2.2324887034062346
2026-06-03 11:30:00,2.6979583333333337,2.2326510065815888
2026-06-03 11:32:00,2.6928333333333327,2.2327831161559217
2026-06-03 11:34:00,2.6940833333333334,2.2358049543564897
2026-06-03 11:36:00,2.6949583333333336,2.235748533651295
2026-06-03 11:38:00,2.6886666666666668,2.2346069689324777
2026-06-03 11:40:00,2.6917916666666666,2.23390310502507
2026-06-03 11:42:00,2.698826086956522,2.2337509957192405
2026-06-03 11:44:00,2.6958749999999996,2.2336000095032054
2026-06-03 11:46:00,2.692500000000001,2.2333599614800157
2026-06-03 11:48:00,2.7010416666666672,2.233135001931276
2026-06-03 11:50:00,2.695625,2.2330353235043217
2026-06-03 11:52:00,2.68825,2.2330785932914443
2026-06-03 11:54:00,2.686833333333333,2.233189855988371
2026-06-03 11:56:00,2.6865000000000006,2.2332513475222067
2026-06-03 11:58:00,2.6874583333333333,2.2331775870080137
2026-06-03 12:00:00,2.686458333333333,2.2332281840616144
2026-06-03 12:02:00,2.6846666666666668,2.23290043632123
2026-06-03 12:04:00,2.692041666666667,2.235336122224232
2026-06-03 12:06:00,2.6893749999999996,2.2349571370322807
2026-06-03 12:08:00,2.6875416666666667,2.233380094224816
2026-06-03 12:10:00,2.686166666666667,2.232654094376192
2026-06-03 12:12:00,2.692375,2.232739929735184
2026-06-03 12:14:00,2.685,2.2330531579572277
2026-06-03 12:16:00,2.6855833333333337,2.2333417734732435
2026-06-03 12:18:00,2.688166666666666,2.2334239545290817
2026-06-03 12:20:00,2.6836250000000006,2.233276207533447
2026-06-03 12:22:00,2.6843750000000006,2.2330394454370075
2026-06-03 12:24:00,2.680958333333333,2.2328927738726967
2026-06-03 12:26:00,2.68625,2.232895306288114
2026-06-03 12:28:00,2.687826086956522,2.233008337731864
2026-06-03 12:30:00,2.6875416666666667,2.2331625896593073
2026-06-03 12:32:00,2.6864166666666662,2.2332846228060026
2026-06-03 12:34:00,2.6865833333333335,2.236146344528308
2026-06-03 12:36:00,2.6856250000000004,2.236196885313011
2026-06-03 12:38:00,2.68775,2.2350977217915844
2026-06-03 12:40:00,2.6883749999999993,2.234373513463841
2026-06-03 12:42:00,2.6845833333333338,2.2342183676516902
2026-06-03 12:44:00,2.683083333333333,2.234061431729424
2026-06-03 12:46:00,2.682208333333333,2.233812045825595
2026-06-03 12:48:00,2.684416666666666,2.2335769939865857
2026-06-03 12:50:00,2.681708333333333,2.2334674820334204
2026-06-03 12:52:00,2.6806666666666668,2.2335018089724534
2026-06-03 12:54:00,2.6820833333333334,2.2336056991031104
2026-06-03 12:56:00,2.6948333333333334,2.2336619145301495
2026-06-03 12:58:00,2.690583333333334,2.233585124691714
2026-06-03 13:00:00,2.6907083333333337,2.233605651116497
2026-06-03 13:02:00,2.685916666666667,2.233275527919815
2026-06-03 13:04:00,2.688916666666667,2.235595365534229
2026-06-03 13:06:00,2.6839166666666667,2.235323113960906
2026-06-03 13:08:00,2.687958333333333,2.233802953544287
2026-06-03 13:10:00,2.6946666666666665,2.233062418066943
2026-06-03 13:12:00,2.6962083333333333,2.2331618827997985
2026-06-03 13:14:00,2.6958695652173916,2.2334878137103664
2026-06-03 13:16:00,2.6854583333333335,2.2337852716086988
2026-06-03 13:18:00,2.686291666666667,2.2338739875060876
2026-06-03 13:20:00,2.6840000000000006,2.2337304971091365
2026-06-03 13:22:00,2.6874583333333333,2.2334953714514967
2026-06-03 13:24:00,2.685708333333334,2.2333477901047125
2026-06-03 13:26:00,2.6838333333333337,2.2333473112770146
2026-06-03 13:28:00,2.6904583333333325,2.2334555597281764
2026-06-03 13:30:00,2.6847083333333335,2.2336032770942844
2026-06-03 13:32:00,2.687958333333333,2.2337168947516495
2026-06-03 13:34:00,2.687416666666667,2.236556433585993
2026-06-03 13:36:00,2.689375,2.2366739962840456
2026-06-03 13:38:00,2.684125,2.2356086725598288
2026-06-03 13:40:00,2.6854999999999998,2.234859440780267
2026-06-03 13:42:00,2.6899999999999995,2.2346983754294945
2026-06-03 13:44:00,2.690541666666667,2.2345351577674
2026-06-03 13:46:00,2.6915416666666663,2.2342773148459227
2026-06-03 13:48:00,2.6946666666666665,2.2340334602503114
2026-06-03 13:50:00,2.6944166666666667,2.2339152566470046
2026-06-03 13:52:00,2.689458333333334,2.2339413453667523
2026-06-03 13:54:00,2.689666666666667,2.2340380817010517
2026-06-03 13:56:00,2.6879166666666663,2.2340888467982287
2026-06-03 13:58:00,2.691416666666667,2.234008568820895
2026-06-03 14:00:00,2.6896086956521743,2.2339956832457326
2026-06-03 14:02:00,2.6885,2.233662527381333
2026-06-03 14:04:00,2.6867499999999995,2.2358665568255502
2026-06-03 14:06:00,2.690416666666667,2.235661439666982
2026-06-03 14:08:00,2.687583333333334,2.234188701657153
2026-06-03 14:10:00,2.688833333333333,2.233426347468127
2026-06-03 14:12:00,2.6934166666666663,2.2335347365498253
2026-06-03 14:14:00,2.6916666666666664,2.2338708916997394
2026-06-03 14:16:00,2.6937499999999996,2.2341755318756897
2026-06-03 14:18:00,2.6901250000000005,2.2342696903909536
2026-06-03 14:20:00,2.692291666666666,2.234130007646183
2026-06-03 14:22:00,2.6937916666666673,2.2338968033441464
2026-06-03 14:24:00,2.6929999999999996,2.2337493154802415
2026-06-03 14:26:00,2.6920833333333327,2.233747481544675
2026-06-03 14:28:00,2.6919583333333335,2.2338532006242313
2026-06-03 14:30:00,2.690125,2.2339971611732934
2026-06-03 14:32:00,2.6856250000000004,2.234105562997251
2026-06-03 14:34:00,2.6885833333333333,2.2370226159881956
2026-06-03 14:36:00,2.689625,2.2371201490889794
2026-06-03 14:38:00,2.6863333333333332,2.2360593471660355
2026-06-03 14:40:00,2.6932916666666666,2.235278111274299
2026-06-03 14:42:00,2.6944347826086954,2.235107244251225
2026-06-03 14:44:00,2.6811666666666656,2.2349374091419136
2026-06-03 14:46:00,2.684333333333333,2.2346727156671817
2026-06-03 14:48:00,2.696,2.234422461494436
2026-06-03 14:50:00,2.6988750000000006,2.234298058713068
2026-06-03 14:52:00,2.69275,2.2343181130335967
2026-06-03 14:54:00,2.6930833333333335,2.2344094831241677
2026-06-03 14:56:00,2.69675,2.2344562056420854
2026-06-03 14:58:00,2.6947500000000004,2.2343735566520526
2026-06-03 15:00:00,2.7007499999999998,2.2342715700414058
2026-06-03 15:02:00,2.685916666666667,2.2339373971446626
2026-06-03 15:04:00,2.683125,2.236184825013739
2026-06-03 15:06:00,2.6842916666666667,2.2359801713312386
2026-06-03 15:08:00,2.6944999999999997,2.234525286393301
2026-06-03 15:10:00,2.692291666666667,2.2337375667213237
2026-06-03 15:12:00,2.6967499999999998,2.23384944156115
2026-06-03 15:14:00,2.698416666666667,2.2341921736221777
2026-06-03 15:16:00,2.6977916666666673,2.234501629745967
2026-06-03 15:18:00,2.6936249999999995,2.234599726761293
2026-06-03 15:20:00,2.690291666666667,2.2344632838392005
2026-06-03 15:22:00,2.6906250000000003,2.2342325280896427
2026-06-03 15:24:00,2.6950000000000003,2.234086762326369
2026-06-03 15:26:00,2.690166666666667,2.234086204845946
2026-06-03 15:28:00,2.687913043478261,2.2341929216275136
2026-06-03 15:30:00,2.6953333333333336,2.2343374222475907
2026-06-03 15:32:00,2.3565,2.2305639679477394
2026-06-03 15:34:00,2.1131249999999997,2.2331297367917435
2026-06-03 15:36:00,2.1167083333333334,2.2330432411927457
2026-06-03 15:38:00,2.1088333333333336,2.232134948194557
2026-06-03 15:40:00,2.1162916666666662,2.231445296358392
2026-06-03 15:42:00,2.1169583333333333,2.2313165227937986
2026-06-03 15:44:00,2.1154583333333337,2.2311568269751603
2026-06-03 15:46:00,2.1141249999999996,2.2308786155266036
2026-06-03 15:48:00,2.1123333333333334,2.230592853542246
2026-06-03 15:50:00,2.1178333333333326,2.230412793798895
2026-06-03 15:52:00,2.1141666666666663,2.230363334018661
2026-06-03 15:54:00,2.11225,2.2303819290586557
2026-06-03 15:56:00,2.114125,2.2303635776331245
2026-06-03 15:58:00,2.1165,2.230228682665344
2026-06-03 16:00:00,2.117375,2.229894839821474
2026-06-03 16:02:00,2.113291666666666,2.229526487280827
2026-06-03 16:04:00,2.119291666666667,2.2345833839506
2026-06-03 16:06:00,2.1168750000000003,2.2307326288143545
2026-06-03 16:08:00,2.114208333333333,2.2290516480260196
2026-06-03 16:10:00,2.12,2.228425830526314
2026-06-03 16:12:00,2.1199130434782605,2.228386804206848
2026-06-03 16:14:00,2.123041666666667,2.2286234503759283
2026-06-03 16:16:00,2.1166666666666667,2.2288667841316894
2026-06-03 16:18:00,2.119083333333333,2.228906881955233
2026-06-03 16:20:00,2.123,2.2287047830459517
2026-06-03 16:22:00,2.111875,2.228392205812625
2026-06-03 16:24:00,2.1143750000000003,2.2281434271157408
2026-06-03 16:26:00,2.1237083333333335,2.2280176628117605
2026-06-03 16:28:00,2.1211249999999997,2.227979581785498
2026-06-03 16:30:00,2.1164166666666664,2.227964085680419
2026-06-03 16:32:00,2.115041666666667,2.227903094011471
2026-06-03 16:34:00,2.1113333333333335,2.2358728568663433
2026-06-03 16:36:00,2.126,2.2321108051728302
2026-06-03 16:38:00,2.1209999999999996,2.230361003695711
2026-06-03 16:40:00,2.122,2.2295764464216745
2026-06-03 16:42:00,2.1327916666666664,2.229226328554984
2026-06-03 16:44:00,2.1313333333333335,2.228933945773803
2026-06-03 16:46:00,2.1245416666666674,2.2285770086833936
2026-06-03 16:48:00,2.129791666666667,2.2282227831984116
2026-06-03 16:50:00,2.1303749999999995,2.227965485650911
2026-06-03 16:52:00,2.1282500000000004,2.227822681037426
2026-06-03 16:54:00,2.1261249999999996,2.227729680242069
2026-06-03 16:56:00,2.121166666666667,2.2275815851714045
2026-06-03 16:58:00,2.1284347826086956,2.2272992341373645
2026-06-03 17:00:00,2.1281250000000003,2.22656346268917
2026-06-03 17:02:00,2.1250833333333334,2.226013548657342
2026-06-03 17:04:00,2.1281666666666674,2.2323544978523286
2026-06-03 17:06:00,2.12025,2.2286594035892486
2026-06-03 17:08:00,2.123708333333333,2.227040507762102
2026-06-03 17:10:00,2.1301666666666663,2.2263542935234515
2026-06-03 17:12:00,2.128458333333334,2.2262695995711916
2026-06-03 17:14:00,2.1239166666666667,2.226476476432287
2026-06-03 17:16:00,2.128625,2.2266972691414577
2026-06-03 17:18:00,2.1270000000000002,2.22671810901642
2026-06-03 17:20:00,2.124625,2.22649853220387
2026-06-03 17:22:00,2.1281666666666665,2.2261703538735174
2026-06-03 17:24:00,2.127625,2.2259084701799012
2026-06-03 17:26:00,2.1261666666666668,2.2257722324493425
2026-06-03 17:28:00,2.12775,2.225725618983808
2026-06-03 17:30:00,2.1285833333333337,2.225702207652769
2026-06-03 17:32:00,2.1229166666666663,2.225632391897964
2026-06-03 17:34:00,2.127958333333333,2.233491605658529
2026-06-03 17:36:00,2.126625,2.2296440504239365
2026-06-03 17:38:00,2.12825,2.227826689987474
2026-06-03 17:40:00,2.128958333333333,2.2269944066026968
2026-06-03 17:42:00,2.126782608695652,2.2266115362509944
2026-06-03 17:44:00,2.128,2.2262957537368613
2026-06-03 17:46:00,2.1282083333333333,2.2259218098938622
2026-06-03 17:48:00,2.1280416666666673,2.225554622131485
2026-06-03 17:50:00,2.130916666666667,2.2252864797688123
2026-06-03 17:52:00,2.1235000000000004,2.225133989327727
2026-06-03 17:54:00,2.120875,2.225032368530368
2026-06-03 17:56:00,2.125208333333333,2.2248769663741
2026-06-03 17:58:00,2.1298750000000006,2.224588635850947
2026-06-03 18:00:00,2.1256666666666666,2.2237606675246218
2026-06-03 18:02:00,2.1311666666666667,2.223208252096148
2026-06-03 18:04:00,2.1256250000000003,2.2306913012728455
2026-06-03 18:06:00,2.1233750000000002,2.227037053402061
2026-06-03 18:08:00,2.123541666666667,2.2254165596194166
2026-06-03 18:10:00,2.12575,2.2247234528552173
2026-06-03 18:12:00,2.126,2.2246324893936076
2026-06-03 18:14:00,2.1218333333333335,2.22483392616334
2026-06-03 18:16:00,2.124166666666666,2.2250501301434857
2026-06-03 18:18:00,2.12625,2.225067070979446
2026-06-03 18:20:00,2.1260416666666666,2.2248444685201076
2026-06-03 18:22:00,2.1250416666666663,2.2245149732514387
2026-06-03 18:24:00,2.123869565217391,2.224254228930925
2026-06-03 18:26:00,2.1222500000000006,2.224121862464376
2026-06-03 18:28:00,2.1195,2.2240816717802274
2026-06-03 18:30:00,2.125375,2.224066652000997
2026-06-03 18:32:00,2.12625,2.2240062889233
2026-06-03 18:34:00,2.119416666666667,2.2324716002587404
2026-06-03 18:36:00,2.119458333333333,2.2287997153920487
2026-06-03 18:38:00,2.1285,2.227057518127886
2026-06-03 18:40:00,2.121583333333334,2.226252147333727
2026-06-03 18:42:00,2.1210833333333334,2.2258839266348702
2026-06-03 18:44:00,2.1212916666666666,2.2255792174471174
2026-06-03 18:46:00,2.1223750000000003,2.225215081029955
2026-06-03 18:48:00,2.1268749999999996,2.2248563715698118
2026-06-03 18:50:00,2.1169999999999995,2.22459461548563
2026-06-03 18:52:00,2.1242083333333337,2.2244460389964518
2026-06-03 18:54:00,2.125541666666667,2.22434610147678
2026-06-03 18:56:00,2.126833333333334,2.224190819433498
2026-06-03 18:58:00,2.123583333333333,2.223901701517571
2026-06-03 19:00:00,2.125625,2.2231825324669465
2026-06-03 19:02:00,2.1254166666666667,2.22262784670158
2026-06-03 19:04:00,2.118666666666667,2.229463842479968
2026-06-03 19:06:00,2.1194347826086957,2.2259997940885454
2026-06-03 19:08:00,2.122833333333333,2.22443436928316
2026-06-03 19:10:00,2.1243333333333334,2.223753976476454
2026-06-03 19:12:00,2.12525,2.223666930172697
2026-06-03 19:14:00,2.12175,2.2238693970450996
2026-06-03 19:16:00,2.1145833333333335,2.224085052520974
2026-06-03 19:18:00,2.1242916666666667,2.2241002445158555
2026-06-03 19:20:00,2.125625,2.2238754585000375
2026-06-03 19:22:00,2.1222499999999997,2.2235447897148846
2026-06-03 19:24:00,2.120916666666667,2.223285096343155
2026-06-03 19:26:00,2.126875,2.223156425547016
2026-06-03 19:28:00,2.123666666666667,2.223122373026277
2026-06-03 19:30:00,2.121541666666667,2.223115312692459
2026-06-03 19:32:00,2.121958333333333,2.2230639748683196
2026-06-03 19:34:00,2.119041666666667,2.2308836001021692
2026-06-03 19:36:00,2.12325,2.2273852941587933
2026-06-03 19:38:00,2.1192499999999996,2.2257018189220523
2026-06-03 19:40:00,2.119375,2.2249112968292164
2026-06-03 19:42:00,2.122124999999999,2.2245506880284225
2026-06-03 19:44:00,2.1242083333333337,2.22425245776984
2026-06-03 19:46:00,2.124416666666667,2.223894629897541
2026-06-03 19:48:00,2.1281250000000003,2.223541689114363
2026-06-03 19:50:00,2.129375,2.2232844141184818
2026-06-03 19:52:00,2.1250434782608694,2.223138628337383
2026-06-03 19:54:00,2.1207500000000006,2.223039925967318
2026-06-03 19:56:00,2.125,2.222884825890718
2026-06-03 19:58:00,2.1302499999999998,2.2225952851941058
2026-06-03 20:00:00,2.130666666666667,2.22203908745346
2026-06-03 20:02:00,2.1279999999999997,2.2214804379326867
2026-06-03 20:04:00,2.1235416666666667,2.2284403533165404
2026-06-03 20:06:00,2.1283333333333334,2.2251677016260105
2026-06-03 20:08:00,2.1225,2.2236548690785307
2026-06-03 20:10:00,2.131166666666666,2.2229873814062224
2026-06-03 20:12:00,2.1257916666666667,2.222906347855545
2026-06-03 20:14:00,2.1312083333333334,2.223112402375745
2026-06-03 20:16:00,2.1300833333333338,2.2233297196570034
2026-06-03 20:18:00,2.1229999999999998,2.2233446681784286
2026-06-03 20:20:00,2.1269166666666663,2.223118318506925
2026-06-03 20:22:00,2.1280416666666664,2.2227860243673137
2026-06-03 20:24:00,2.132708333333333,2.2225257222614863
2026-06-03 20:26:00,2.1316666666666664,2.222397844183913
2026-06-03 20:28:00,2.1337499999999996,2.2223659236387454
2026-06-03 20:30:00,2.137833333333334,2.222362058521388
2026-06-03 20:32:00,2.1348749999999996,2.222314720564379
2026-06-03 20:34:00,2.1287083333333334,2.2296730267800413
2026-06-03 20:36:00,2.1336521739130436,2.226350147134366
2026-06-03 20:38:00,2.132875,2.224714933145833
2026-06-03 20:40:00,2.1361666666666665,2.223934636247409
2026-06-03 20:42:00,2.1375833333333336,2.223578777430986
2026-06-03 20:44:00,2.133041666666667,2.2232855063303507
2026-06-03 20:46:00,2.1369583333333333,2.22293353507769
2026-06-03 20:48:00,2.129166666666667,2.2225868816055687
2026-06-03 20:50:00,2.1325416666666666,2.2223356561421737
2026-06-03 20:52:00,2.126791666666667,2.2221953088787902
2026-06-03 20:54:00,2.1313333333333335,2.222101485127766
2026-06-03 20:56:00,2.1311666666666667,2.2219510502061808
2026-06-03 20:58:00,2.1298333333333335,2.2216662628504933
2026-06-03 21:00:00,2.129125,2.221202757377893
2026-06-03 21:02:00,2.133375,2.2206451961018785
2026-06-03 21:04:00,2.130875,2.2277199917036734
2026-06-03 21:06:00,2.1882916666666667,2.2246384830454735
2026-06-03 21:08:00,2.142791666666667,2.2231739663396457
2026-06-03 21:10:00,2.1154166666666665,2.222518673803948
2026-06-03 21:12:00,2.111333333333333,2.2224439871068746
2026-06-03 21:14:00,2.120791666666667,2.222654597537385
2026-06-03 21:16:00,2.118166666666667,2.2228748327086842
2026-06-03 21:18:00,2.134208333333333,2.222890933921097
2026-06-03 21:20:00,2.130434782608695,2.2226645338194264
2026-06-03 21:22:00,2.1339166666666665,2.2223320936432422
2026-06-03 21:24:00,2.136999999999999,2.2220724224571287
2026-06-03 21:26:00,2.1417916666666668,2.2219462188007637
2026-06-03 21:28:00,2.1276666666666664,2.221916997222962
2026-06-03 21:30:00,2.13875,2.221916751082125
2026-06-03 21:32:00,2.1331666666666673,2.221874131829829
2026-06-03 21:34:00,2.1286666666666663,2.228676238345856
2026-06-03 21:36:00,2.13125,2.225527209496645
2026-06-03 21:38:00,2.132166666666667,2.2239398854294703
2026-06-03 21:40:00,2.131291666666667,2.2231715377085015
2026-06-03 21:42:00,2.132083333333333,2.222823403681893
2026-06-03 21:44:00,2.131249999999999,2.222538071216159
2026-06-03 21:46:00,2.1335,2.2221942124407907
2026-06-03 21:48:00,2.1352916666666664,2.2218552449187827
2026-06-03 21:50:00,2.1339166666666665,2.221610724350011
2026-06-03 21:52:00,2.14225,2.2214757815830324
2026-06-03 21:54:00,2.1412083333333336,2.2213860568817934
2026-06-03 21:56:00,2.1317500000000003,2.221238677546001
2026-06-03 21:58:00,2.1315416666666667,2.220956185230261
2026-06-03 22:00:00,2.1376250000000003,2.2204852157173978
2026-06-03 22:02:00,2.1440869565217393,2.219923529873649
2026-06-03 22:04:00,2.1464166666666666,2.2269184925374397
2026-06-03 22:06:00,2.1418333333333335,2.2239844574487404
2026-06-03 22:08:00,2.1376250000000003,2.2225564162447258
2026-06-03 22:10:00,2.138208333333333,2.2219105768370073
2026-06-03 22:12:00,2.1334166666666667,2.221841161816524
2026-06-03 22:14:00,2.1324166666666673,2.222056179285958
2026-06-03 22:16:00,2.1348749999999996,2.2222800591666303
2026-06-03 22:18:00,2.1351250000000004,2.2222990272054433
2026-06-03 22:20:00,2.133833333333334,2.222075285629584
2026-06-03 22:22:00,2.134125,2.2217460787983847
2026-06-03 22:24:00,2.13725,2.221490617774221
2026-06-03 22:26:00,2.1333333333333333,2.221369543239059
2026-06-03 22:28:00,2.1333333333333333,2.2213462436189024
2026-06-03 22:30:00,2.1337916666666668,2.221352701142616
2026-06-03 22:32:00,2.1442916666666663,2.221317736080947
2026-06-03 22:34:00,2.1320416666666664,2.2271886207886182
2026-06-03 22:36:00,2.12675,2.224174022521053
2026-06-03 22:38:00,2.1388333333333343,2.222606957322957
2026-06-03 22:40:00,2.1376666666666666,2.2218386865874336
2026-06-03 22:42:00,2.1357916666666665,2.22149304375731
2026-06-03 22:44:00,2.134521739130435,2.221213169943751
2026-06-03 22:46:00,2.13425,2.220875867726741
2026-06-03 22:48:00,2.1443333333333334,2.2205433290363477
2026-06-03 22:50:00,2.1355,2.220304456552177
2026-06-03 22:52:00,2.140916666666667,2.2201740066686586
2026-06-03 22:54:00,2.130208333333334,2.22008745266685
2026-06-03 22:56:00,2.134958333333334,2.2199419367389
2026-06-03 22:58:00,2.134333333333333,2.219660061219862
2026-06-03 23:00:00,2.1374583333333335,2.2191321055246664
2026-06-03 23:02:00,2.14125,2.2185621614015245
2026-06-03 23:04:00,2.1355416666666662,2.224829982674097
2026-06-03 23:06:00,2.143291666666667,2.222034960103804
2026-06-03 23:08:00,2.1305416666666663,2.2206036338449526
2026-06-03 23:10:00,2.1400833333333336,2.219941508905201
2026-06-03 23:12:00,2.1325833333333337,2.2198620825026425
2026-06-03 23:14:00,2.1354166666666665,2.2200715309561
2026-06-03 23:16:00,2.1397083333333335,2.2202919020476033
2026-06-03 23:18:00,2.1376666666666666,2.2203081342422504
2026-06-03 23:20:00,2.1376666666666666,2.2200818937358586
2026-06-03 23:22:00,2.134958333333334,2.2197501355267644
2026-06-03 23:24:00,2.137791666666667,2.2194916124064115
2026-06-03 23:26:00,2.1363333333333334,2.2193663383610907
2026-06-03 23:28:00,2.1393913043478263,2.219337270652898
2026-06-03 23:30:00,2.135666666666667,2.219336357041363
2026-06-03 23:32:00,2.139333333333334,2.2192927566417686
2026-06-03 23:34:00,2.1441250000000003,2.2235853495566675
2026-06-03 23:36:00,2.1377083333333338,2.2205229129396864
2026-06-03 23:38:00,2.133625,2.2188758904646746
2026-06-03 23:40:00,2.134750000000001,2.218060442719154
2026-06-03 23:42:00,2.1345,2.217690669826872
2026-06-03 23:44:00,2.1382499999999998,2.2173976669328304
2026-06-03 23:46:00,2.1390833333333337,2.2170511548611276
2026-06-03 23:48:00,2.1339166666666665,2.216710216531351
2026-06-03 23:50:00,2.1349166666666664,2.216462247563785
2026-06-03 23:52:00,2.1380000000000003,2.2163209826303985
2026-06-03 23:54:00,2.1391666666666667,2.216221130796006
2026-06-03 23:56:00,2.1390833333333332,2.2160592980860176
2026-06-03 23:58:00,2.1375000000000006,2.215757807599704
2026-06-04 00:00:00,2.1411666666666673,2.2151244187050243
2026-06-04 00:02:00,2.138875,2.214519232398223
2026-06-04 00:04:00,2.134833333333334,2.2214056551863828
2026-06-04 00:06:00,2.1370000000000005,2.218565712788365
2026-06-04 00:08:00,2.1318750000000004,2.2170587690473744
2026-06-04 00:10:00,2.138416666666667,2.216351414809589
2026-06-04 00:12:00,2.1413478260869567,2.2162456440817855
2026-06-04 00:14:00,2.133375,2.2164390430905625
2026-06-04 00:16:00,2.1398750000000004,2.2166486870737243
2026-06-04 00:18:00,2.1395000000000004,2.2166565953932955
2026-06-04 00:20:00,2.140833333333333,2.216422695010099
2026-06-04 00:22:00,2.139,2.2160828094908123
2026-06-04 00:24:00,2.136916666666667,2.215814708188914
2026-06-04 00:26:00,2.140875,2.2156775052356608
2026-06-04 00:28:00,2.1366666666666667,2.2156336425715524
2026-06-04 00:30:00,2.133083333333333,2.215615146875686
2026-06-04 00:32:00,2.13775,2.2155517952972574
2026-06-04 00:34:00,2.138875,2.219147976267329
2026-06-04 00:36:00,2.1413333333333333,2.2158794701216573
2026-06-04 00:38:00,2.138875,2.214108240757285
2026-06-04 00:40:00,2.1407083333333334,2.213236246840478
2026-06-04 00:42:00,2.137375,2.21284030811926
2026-06-04 00:44:00,2.141125,2.2125334519075754
2026-06-04 00:46:00,2.139416666666667,2.2121767199208398
2026-06-04 00:48:00,2.1437499999999994,2.21182546921272
2026-06-04 00:50:00,2.1372916666666666,2.211565485144936
2026-06-04 00:52:00,2.138791666666666,2.2114094987509474
2026-06-04 00:54:00,2.1479166666666667,2.211291450175366
2026-06-04 00:56:00,2.1348333333333334,2.2111073867119804
2026-06-04 00:58:00,2.14,2.2107792576190772
2026-06-04 01:00:00,2.1436666666666664,2.2100078580818674
2026-06-04 01:02:00,2.1402916666666667,2.2093579738051825
2026-06-04 01:04:00,2.1374166666666663,2.216749105833799
2026-06-04 01:06:00,2.1412500000000003,2.2136785807814277
2026-06-04 01:08:00,2.141875,2.212041454509451
2026-06-04 01:10:00,2.1418333333333335,2.2112720381765802
2026-06-04 01:12:00,2.140708333333333,2.2111323352706833
2026-06-04 01:14:00,2.1389583333333335,2.2113052945325253
2026-06-04 01:16:00,2.1350416666666674,2.2115010592341955
2026-06-04 01:18:00,2.139208333333334,2.2114976045661936
2026-06-04 01:20:00,2.1405833333333333,2.2112522600855224
2026-06-04 01:22:00,2.1414166666666663,2.2108991469614807
2026-06-04 01:24:00,2.142708333333333,2.210614826291722
2026-06-04 01:26:00,2.1485,2.210457573058288
2026-06-04 01:28:00,2.1407083333333334,2.210389545699015
2026-06-04 01:30:00,2.140125,2.210343218290546
2026-06-04 01:32:00,2.142666666666666,2.210249464186998
2026-06-04 01:34:00,2.1387083333333337,2.2122259390821783
2026-06-04 01:36:00,2.1413750000000005,2.2084831060248122
2026-06-04 01:38:00,2.142875,2.2064914016860198
2026-06-04 01:40:00,2.143416666666666,2.205527984670883
2026-06-04 01:42:00,2.13795652173913,2.2050887071570355
2026-06-04 01:44:00,2.1428750000000005,2.2047553701836575
2026-06-04 01:46:00,2.140541666666666,2.2043757216650435
2026-06-04 01:48:00,2.137625,2.2040000568711084
2026-06-04 01:50:00,2.145,2.2037121661311154
2026-06-04 01:52:00,2.138458333333334,2.2035235762551126
2026-06-04 01:54:00,2.1393750000000007,2.203367327567812
2026-06-04 01:56:00,2.1405,2.2031388936132172
2026-06-04 01:58:00,2.137,2.202760148687295
2026-06-04 02:00:00,2.1415833333333336,2.2018780016115422
2026-06-04 02:02:00,2.146083333333333,2.2011605349380523
2026-06-04 02:04:00,2.1461249999999996,2.207188503610029
2026-06-04 02:06:00,2.141875,2.203452639153585
2026-06-04 02:08:00,2.142041666666667,2.201526700816529
2026-06-04 02:10:00,2.1442916666666667,2.2006356381876815
2026-06-04 02:12:00,2.1475833333333334,2.2004328584604136
2026-06-04 02:14:00,2.1496250000000003,2.2005671502864117
2026-06-04 02:16:00,2.1505833333333326,2.2007344404524534
2026-06-04 02:18:00,2.1488333333333336,2.2007045299781645
2026-06-04 02:20:00,2.1494583333333326,2.2004293044596
2026-06-04 02:22:00,2.1493333333333333,2.200039668299651
2026-06-04 02:24:00,2.1528333333333336,2.199710673912477
2026-06-04 02:26:00,2.153260869565217,2.1995001961927954
2026-06-04 02:28:00,2.1485416666666666,2.1993709609670904
2026-06-04 02:30:00,2.1414999999999997,2.199257068849049
2026-06-04 02:32:00,2.14675,2.199092048542868
2026-06-04 02:34:00,2.142041666666667,2.2014565271284003
2026-06-04 02:36:00,2.144625,2.1969411026407375
2026-06-04 02:38:00,2.145583333333333,2.194630835898858
2026-06-04 02:40:00,2.145583333333333,2.1935434827249907
2026-06-04 02:42:00,2.1482916666666667,2.19304611249407
2026-06-04 02:44:00,2.1525000000000003,2.192674600061043
2026-06-04 02:46:00,2.1521250000000003,2.19225909021949
2026-06-04 02:48:00,2.1497083333333338,2.1918439972971746
2026-06-04 02:50:00,2.1493333333333333,2.1915112797987026
2026-06-04 02:52:00,2.1519166666666663,2.191271680431304
2026-06-04 02:54:00,2.1543333333333323,2.1910579270434987
2026-06-04 02:56:00,2.150041666666666,2.190765692831273
2026-06-04 02:58:00,2.1503749999999995,2.1903178337332116
2026-06-04 03:00:00,2.1539999999999995,2.1893533949385073
2026-06-04 03:02:00,2.150208333333334,2.188560673165622
2026-06-04 03:04:00,2.14975,2.1965988993179275
2026-06-04 03:06:00,2.1525833333333333,2.1921601785104357
2026-06-04 03:08:00,2.152666666666667,2.1899655523321866
2026-06-04 03:10:00,2.15204347826087,2.188972717508992
2026-06-04 03:12:00,2.1553749999999994,2.18872244676518
2026-06-04 03:14:00,2.144958333333333,2.1888292006021564
2026-06-04 03:16:00,2.1522916666666667,2.1889757762550928
2026-06-04 03:18:00,2.1494166666666668,2.1889249860617754
2026-06-04 03:20:00,2.150041666666666,2.1886241500869903
2026-06-04 03:22:00,2.151791666666666,2.1882015305956704
2026-06-04 03:24:00,2.1502083333333335,2.1878313057485728
2026-06-04 03:26:00,2.149125,2.1875717158534824
2026-06-04 03:28:00,2.153291666666666,2.1873869309946197
2026-06-04 03:30:00,2.149291666666666,2.187213590627541
2026-06-04 03:32:00,2.1547083333333332,2.1869887677214543
2026-06-04 03:34:00,2.1502499999999998,2.19028460505531
2026-06-04 03:36:00,2.1513750000000003,2.1851110564095584
2026-06-04 03:38:00,2.1523333333333325,2.1825656695859315
2026-06-04 03:40:00,2.1506666666666665,2.181400185249022
2026-06-04 03:42:00,2.1505833333333335,2.1808725134481235
2026-06-04 03:44:00,2.1434166666666665,2.1804806242959023
2026-06-04 03:46:00,2.144833333333333,2.1800410341854897
2026-06-04 03:48:00,2.1520416666666664,2.1795949725293196
2026-06-04 03:50:00,2.1492083333333336,2.1792246186365647
2026-06-04 03:52:00,2.1528260869565217,2.178941496487902
2026-06-04 03:54:00,2.15075,2.1786792389869905
2026-06-04 03:56:00,2.1506250000000002,2.178334761378051
2026-06-04 03:58:00,2.152875,2.1778329184125957
2026-06-04 04:00:00,2.152583333333333,2.176861390924444
2026-06-04 04:02:00,2.1497083333333333,2.1760226567735126
2026-06-04 04:04:00,2.1504999999999996,2.1825591649323983
2026-06-04 04:06:00,2.15025,2.1773054464863497
2026-06-04 04:08:00,2.1494166666666668,2.1748269809995455
2026-06-04 04:10:00,2.1476666666666673,2.1737359817151374
2026-06-04 04:12:00,2.150541666666667,2.1734423357588075
2026-06-04 04:14:00,2.1497499999999996,2.1735220485988886
2026-06-04 04:16:00,2.148708333333333,2.173644198626836
2026-06-04 04:18:00,2.146124999999999,2.1735647503455446
2026-06-04 04:20:00,2.1490000000000005,2.1732267358227046
2026-06-04 04:22:00,2.1527499999999997,2.1727563930827793
2026-06-04 04:24:00,2.1500000000000004,2.1723282937430985
2026-06-04 04:26:00,2.1501500000000004,2.172002601513006
2026-06-04 04:28:00,2.149291666666667,2.1717466311067932
2026-06-04 04:30:00,2.149291666666666,2.171501327940079
2026-06-04 04:32:00,2.148625,2.1712090895337144
2026-06-04 04:34:00,2.15004347826087,2.1762963031944467
2026-06-04 04:36:00,2.1510833333333332,2.1705114662727896
2026-06-04 04:38:00,2.148166666666666,2.1677886380205913
2026-06-04 04:40:00,2.150125,2.166576538768
2026-06-04 04:42:00,2.1535,2.1660314864172014
2026-06-04 04:44:00,2.1490416666666667,2.1656202916545495
2026-06-04 04:46:00,2.147208333333333,2.1651505996665565
2026-06-04 04:48:00,2.1470000000000002,2.164663896711424
2026-06-04 04:50:00,2.1490416666666667,2.1642450132182764
2026-06-04 04:52:00,2.1464736842105263,2.1639080521877947
2026-06-04 04:54:00,2.1478333333333337,2.1635890846787245
2026-06-04 04:56:00,2.1497500000000005,2.1631877325601923
2026-06-04 04:58:00,2.1514583333333337,2.1626322662006703
2026-06-04 05:00:00,2.1522083333333333,2.16177471712072
2026-06-04 05:02:00,2.151041666666667,2.1609052968799394
2026-06-04 05:04:00,2.1483333333333334,2.170913118539462
2026-06-04 05:06:00,2.149833333333333,2.165089610174978
2026-06-04 05:08:00,2.155583333333333,2.16244236547212
2026-06-04 05:10:00,2.146083333333333,2.1613022536990565
2026-06-04 05:12:00,2.153695652173913,2.1609901458037593
2026-06-04 05:14:00,2.1507199999999993,2.1610573502330364
2026-06-04 05:16:00,2.1499565217391305,2.16116485934277
2026-06-04 05:18:00,2.152666666666667,2.1610648406905675
2026-06-04 05:20:00,2.1492500000000003,2.1606980568077945
2026-06-04 05:22:00,2.149,2.1601901674941204
2026-06-04 05:24:00,2.154333333333333,2.1597172439475836
2026-06-04 05:26:00,2.1488333333333336,2.159342075394366
2026-06-04 05:28:00,2.15275,2.1590354129719618
2026-06-04 05:30:00,2.147208333333333,2.1587423152158207
2026-06-04 05:32:00,2.15475,2.158409712687237
2026-06-04 05:34:00,2.156333333333333,2.1724428510105676
2026-06-04 05:36:00,2.153375,2.1664647544292404
2026-06-04 05:38:00,2.155958333333333,2.1636826859017297
2026-06-04 05:40:00,2.1488749999999994,2.1624574531990852
2026-06-04 05:42:00,2.1565,2.1619145908792268
2026-06-04 05:44:00,2.153625,2.161507593128505
2026-06-04 05:46:00,2.160958333333333,2.1610397977009024
2026-06-04 05:48:00,2.1503333333333337,2.160553102265323
2026-06-04 05:50:00,2.1530416666666667,2.1601338786451705
2026-06-04 05:52:00,2.1470000000000002,2.159797078938029
2026-06-04 05:54:00,2.150375,2.159478691978479
2026-06-04 05:56:00,2.1521304347826082,2.1590776494776516
2026-06-04 05:58:00,2.15175,2.158521485256996
2026-06-04 06:00:00,2.1551666666666667,2.1579105665590963
2026-06-04 06:02:00,2.1537894736842103,2.1570421141225236
2026-06-04 06:04:00,2.153708333333333,2.1720104493945036
2026-06-04 06:06:00,2.1553333333333335,2.1660958634097005
2026-06-04 06:08:00,2.1512499999999997,2.163390518027202
2026-06-04 06:10:00,2.152708333333333,2.1622186009442443
2026-06-04 06:12:00,2.153166666666667,2.1618936219625593
2026-06-04 06:14:00,2.153291666666667,2.1619585078530865
2026-06-04 06:16:00,2.158958333333333,2.1620693777696416
2026-06-04 06:18:00,2.152083333333333,2.1619758105195697
2026-06-04 06:20:00,2.1516666666666673,2.1616168555845126
2026-06-04 06:22:00,2.15225,2.1611167740117727
2026-06-04 06:24:00,2.1553333333333335,2.160650623440549
2026-06-04 06:26:00,2.1574999999999993,2.1602803435515003
2026-06-04 06:28:00,2.1617916666666663,2.159976040926377
2026-06-04 06:30:00,2.162333333333333,2.1596823699340235
2026-06-04 06:32:00,2.1618749999999998,2.159346012662696
2026-06-04 06:34:00,2.1612916666666666,2.1801410115093414
2026-06-04 06:36:00,2.159368421052632,2.1742586649427467
2026-06-04 06:38:00,2.16021052631579,2.1714609651444077
2026-06-04 06:40:00,2.1625416666666673,2.1702134694867556
2026-06-04 06:42:00,2.162625,2.16966484437598
2026-06-04 06:44:00,2.1601666666666666,2.169266313461812
2026-06-04 06:46:00,2.1567499999999997,2.1688178686334645
2026-06-04 06:48:00,2.157166666666667,2.1683599245520733
2026-06-04 06:50:00,2.155583333333333,2.1679780903479147
2026-06-04 06:52:00,2.154083333333333,2.1676857516739627
2026-06-04 06:54:00,2.158958333333333,2.167415929106549
2026-06-04 06:56:00,2.161583333333333,2.167063302520863
2026-06-04 06:58:00,2.159125,2.166550470474573
2026-06-04 07:00:00,2.1565833333333324,2.1661945460410257
2026-06-04 07:02:00,2.158458333333333,2.165352129602693
2026-06-04 07:04:00,2.1598333333333333,2.184128108161908
2026-06-04 07:06:00,2.161000000000001,2.1785711117145983
2026-06-04 07:08:00,2.16075,2.1759530996116543
2026-06-04 07:10:00,2.1616666666666666,2.1747933459976214
2026-06-04 07:12:00,2.160333333333333,2.174474675841506
2026-06-04 07:14:00,2.1633333333333336,2.174551851836751
2026-06-04 07:16:00,2.1630416666666665,2.174682162132336
2026-06-04 07:18:00,2.1666086956521737,2.1746155876408757
2026-06-04 07:20:00,2.165666666666666,2.174291433477572
2026-06-04 07:22:00,2.1645833333333337,2.1738332666299742
2026-06-04 07:24:00,2.1625833333333326,2.1734143631279874
2026-06-04 07:26:00,2.1606666666666663,2.1730941527710383
2026-06-04 07:28:00,2.161666666666666,2.1728397657383374
2026-06-04 07:30:00,2.167333333333333,2.172592525239415
2026-06-04 07:32:00,2.1664583333333325,2.172295397303706
2026-06-04 07:34:00,2.1628333333333325,2.1984084347835435
2026-06-04 07:36:00,2.1662916666666665,2.193180769272278
2026-06-04 07:38:00,2.167708333333333,2.1906244524340273
2026-06-04 07:40:00,2.1676249999999997,2.1894613874142337
2026-06-04 07:42:00,2.169375,2.188959531920086
2026-06-04 07:44:00,2.1692499999999995,2.1886034903333673
2026-06-04 07:46:00,2.1686249999999996,2.1882030673557367
2026-06-04 07:48:00,2.1676666666666664,2.1878025086471484
2026-06-04 07:50:00,2.1678749999999996,2.18748961039245
2026-06-04 07:52:00,2.168249999999999,2.18727829570972
2026-06-04 07:54:00,2.1642500000000005,2.1871001314865604
2026-06-04 07:56:00,2.1674782608695655,2.186846515626357
2026-06-04 07:58:00,2.1690416666666663,2.18643535127377
2026-06-04 08:00:00,2.166208333333332,2.1862475868459836
2026-06-04 08:02:00,2.169375,2.185504569541867
2026-06-04 08:04:00,2.1677499999999994,2.2042547561317596
2026-06-04 08:06:00,2.1654166666666668,2.1996124778197452
2026-06-04 08:08:00,2.1646249999999996,2.1973496543315774
2026-06-04 08:10:00,2.161958333333333,2.196317559906576
2026-06-04 08:12:00,2.1629166666666673,2.1960600989748196
2026-06-04 08:14:00,2.163833333333333,2.196178262798671
2026-06-04 08:16:00,2.1715416666666663,2.1963451571758843
2026-06-04 08:18:00,2.1642916666666667,2.1963192433910006
2026-06-04 08:20:00,2.1727916666666665,2.1960456251720237
2026-06-04 08:22:00,2.1675833333333334,2.195650907776807
2026-06-04 08:24:00,2.164541666666667,2.1953087793335024
2026-06-04 08:26:00,2.1590416666666665,2.195077307229798
2026-06-04 08:28:00,2.1646666666666667,2.194920980958641
2026-06-04 08:30:00,2.1636249999999997,2.194777350021394
2026-06-04 08:32:00,2.1672499999999997,2.194584262553725
2026-06-04 08:34:00,2.1627499999999995,2.2139243889290663
2026-06-04 08:36:00,2.1675416666666667,2.2094148368331754
2026-06-04 08:38:00,2.1617391304347824,2.2072021817080696
2026-06-04 08:40:00,2.166625,2.2061862423497054
2026-06-04 08:42:00,2.174708333333333,2.2057617933123264
2026-06-04 08:44:00,2.159208333333333,2.2054591428047985
2026-06-04 08:46:00,2.1612083333333336,2.205105404478407
2026-06-04 08:48:00,2.1629166666666664,2.2047527646023677
2026-06-04 08:50:00,2.1573333333333333,2.2044939305391407
2026-06-04 08:52:00,2.1590000000000003,2.2043457590497066
2026-06-04 08:54:00,2.1556666666666664,2.204240916440702
2026-06-04 08:56:00,2.1538333333333326,2.2040705831164593
2026-06-04 08:58:00,2.1609166666666666,2.2037516610364785
2026-06-04 09:00:00,2.1591249999999995,2.2035821488166434
2026-06-04 09:02:00,2.1596249999999997,2.202953142704381
2026-06-04 09:04:00,2.157083333333333,2.2169167168617743
2026-06-04 09:06:00,2.156125,2.2129606213303017
2026-06-04 09:08:00,2.1573333333333333,2.21101448794423
2026-06-04 09:10:00,2.1595,2.2101175621014266
2026-06-04 09:12:00,2.1543749999999995,2.2099297079033016
2026-06-04 09:14:00,2.1616249999999995,2.2100900695966814
2026-06-04 09:16:00,2.1567916666666664,2.210287874619726
2026-06-04 09:18:00,2.159043478260869,2.2102912481247285
2026-06-04 09:20:00,2.1587083333333332,2.2100519281698277
2026-06-04 09:22:00,2.1597500000000003,2.2097001918270722
2026-06-04 09:24:00,2.1592083333333334,2.2094111924020003
2026-06-04 09:26:00,2.159958333333333,2.209243300912411
2026-06-04 09:28:00,2.1599999999999997,2.2091605275032045
2026-06-04 09:30:00,2.154083333333333,2.209099207131645
2026-06-04 09:32:00,2.1554999999999995,2.208995038242804
2026-06-04 09:34:00,2.1600416666666664,2.222049743689341
2026-06-04 09:36:00,2.1585,2.217929031719131
2026-06-04 09:38:00,2.1612916666666666,2.2159424073570126
2026-06-04 09:40:00,2.153958333333333,2.215036150121718
2026-06-04 09:42:00,2.1589999999999994,2.214669046820669
2026-06-04 09:44:00,2.154666666666666,2.21440182372733
2026-06-04 09:46:00,2.1597500000000003,2.214075179496678
2026-06-04 09:48:00,2.1575416666666665,2.2137476864645964
2026-06-04 09:50:00,2.156875,2.2135158555844456
2026-06-04 09:52:00,2.159333333333333,2.2133990118880686
2026-06-04 09:54:00,2.1555416666666667,2.2133312289995035
2026-06-04 09:56:00,2.154916666666667,2.2132044252245073
2026-06-04 09:58:00,2.157652173913043,2.2129359839659255
2026-06-04 10:00:00,2.15625,2.2127420863797562
2026-06-04 10:02:00,2.154125,2.2121846528392117
2026-06-04 10:04:00,2.1556666666666664,2.222653695564214
2026-06-04 10:06:00,2.1548333333333334,2.2189984617858434
2026-06-04 10:08:00,2.1551249999999995,2.2172308327989994
2026-06-04 10:10:00,2.156333333333333,2.2164215610152436
2026-06-04 10:12:00,2.1550416666666665,2.2162806711412406
2026-06-04 10:14:00,2.15375,2.216468567318396
2026-06-04 10:16:00,2.1554166666666665,2.216684919390747
2026-06-04 10:18:00,2.155583333333333,2.216704124412812
2026-06-04 10:20:00,2.156041666666667,2.2164818742725063
2026-06-04 10:22:00,2.1522916666666663,2.2161504372098144
2026-06-04 10:24:00,2.152416666666667,2.2158858167839237
2026-06-04 10:26:00,2.156041666666667,2.2157469122959
2026-06-04 10:28:00,2.1523750000000006,2.2156979369873087
2026-06-04 10:30:00,2.154875,2.215675010641583
2026-06-04 10:32:00,2.155625,2.215613118740211
2026-06-04 10:34:00,2.158083333333333,2.2264872758356735
2026-06-04 10:36:00,2.1614999999999998,2.222591721359795
2026-06-04 10:38:00,2.159260869565217,2.22074982836739
2026-06-04 10:40:00,2.156166666666667,2.2199180804721816
2026-06-04 10:42:00,2.1527500000000006,2.219586539857409
2026-06-04 10:44:00,2.1515833333333334,2.2193378344416126
2026-06-04 10:46:00,2.1590416666666665,2.219023498417902
2026-06-04 10:48:00,2.15425,2.2187067091296475
2026-06-04 10:50:00,2.153708333333334,2.2184861922968344
2026-06-04 10:52:00,2.1568750000000003,2.2183826743413158
2026-06-04 10:54:00,2.150666666666667,2.2183311983966796
2026-06-04 10:56:00,2.1577499999999996,2.2182243967953426
2026-06-04 10:58:00,2.154833333333333,2.217980289011325
2026-06-04 11:00:00,2.1519166666666663,2.2177973824409496
2026-06-04 11:02:00,2.1509166666666664,2.217277284287907
2026-06-04 11:04:00,2.1583333333333337,2.2265952831056617
2026-06-04 11:06:00,2.1570416666666667,2.2230642685774273
2026-06-04 11:08:00,2.1512499999999997,2.221417820073377
2026-06-04 11:10:00,2.156625,2.2206773521837846
2026-06-04 11:12:00,2.154833333333334,2.2205730104626964
2026-06-04 11:14:00,2.15375,2.220781445892086
2026-06-04 11:16:00,2.153208333333333,2.221011013844504
2026-06-04 11:18:00,2.1507083333333328,2.221040929999541
2026-06-04 11:20:00,2.156217391304348,2.2208295261857502
2026-06-04 11:22:00,2.1530833333333326,2.2205101785460557
2026-06-04 11:24:00,2.1452500000000003,2.220259362166806
2026-06-04 11:26:00,2.1471666666666667,2.220136477788326
2026-06-04 11:28:00,2.1567916666666664,2.2201060407051374
2026-06-04 11:30:00,2.149749999999999,2.2201040685946345
2026-06-04 11:32:00,2.156541666666667,2.2200649899285976
2026-06-04 11:34:00,2.1511250000000004,2.229886361539194
2026-06-04 11:36:00,2.151041666666666,2.2261595052812027
2026-06-04 11:38:00,2.156333333333333,2.2244244289668402
2026-06-04 11:40:00,2.151541666666667,2.223651233418181
2026-06-04 11:42:00,2.15525,2.2233445359432173
2026-06-04 11:44:00,2.150958333333333,2.2231058546297002
2026-06-04 11:46:00,2.15525,2.2227967953564
2026-06-04 11:48:00,2.153166666666667,2.2224841947335805
2026-06-04 11:50:00,2.1568750000000003,2.222267958792688
2026-06-04 11:52:00,2.1559166666666667,2.2221695025004085
2026-06-04 11:54:00,2.1557083333333327,2.222124542677745
2026-06-04 11:56:00,2.148458333333333,2.2220264051826897
2026-06-04 11:58:00,2.156,2.2217938185859483
2026-06-04 12:00:00,2.154208333333333,2.221631829110326
2026-06-04 12:02:00,2.1497391304347824,2.221129612009241
2026-06-04 12:04:00,2.1517500000000003,2.229106872793036
2026-06-04 12:06:00,2.1532499999999994,2.2255889879734205
2026-06-04 12:08:00,2.1519166666666667,2.2239976672930837
2026-06-04 12:10:00,2.1510000000000002,2.2232966625446617
2026-06-04 12:12:00,2.1465,2.2232120163974605
2026-06-04 12:14:00,2.1483749999999997,2.2234298868786984
2026-06-04 12:16:00,2.1490416666666667,2.223664470220917
2026-06-04 12:18:00,2.1483333333333334,2.223697899996546
2026-06-04 12:20:00,2.1510416666666665,2.223489619978239
2026-06-04 12:22:00,2.1425,2.223173113316347
2026-06-04 12:24:00,2.1420416666666666,2.2229248517714604
2026-06-04 12:26:00,2.1447083333333334,2.2228045513925183
2026-06-04 12:28:00,2.143125,2.222776941010478
2026-06-04 12:30:00,2.14025,2.222777871993103
2026-06-04 12:32:00,2.1435,2.2227412081700813
2026-06-04 12:34:00,2.147583333333334,2.232100879444138
2026-06-04 12:36:00,2.1380416666666675,2.228441323776089
2026-06-04 12:38:00,2.1450833333333335,2.2267438229626517
2026-06-04 12:40:00,2.1447916666666664,2.2259962654266787
2026-06-04 12:42:00,2.146583333333334,2.22569441656775
2026-06-04 12:44:00,2.141666666666666,2.2254512261145556
2026-06-04 12:46:00,2.14604347826087,2.225135890087834
2026-06-04 12:48:00,2.142166666666667,2.224817499337835
2026-06-04 12:50:00,2.1461249999999996,2.2245960243437266
2026-06-04 12:52:00,2.139416666666667,2.2244927938298575
2026-06-04 12:54:00,2.143208333333334,2.224443781837384
2026-06-04 12:56:00,2.140375,2.224342799936874
2026-06-04 12:58:00,2.1452499999999994,2.2241091073564774
2026-06-04 13:00:00,2.1395000000000004,2.2239264440734767
2026-06-04 13:02:00,2.141,2.223424703675414
