Timestamp,Actual_Electrode_V,TFT_Prediction_V
2026-05-31 15:36:00,2.3912083333333336,2.4049804268375086
2026-05-31 15:38:00,2.389,2.396004688746581
2026-05-31 15:40:00,2.392458333333334,2.396843480981672
2026-05-31 15:42:00,2.390916666666667,2.396241978772749
2026-05-31 15:44:00,2.3899166666666667,2.3959544721461725
2026-05-31 15:46:00,2.388708333333333,2.3970386681647504
2026-05-31 15:48:00,2.3927500000000004,2.398607634759154
2026-05-31 15:50:00,2.3904583333333336,2.3993842932931417
2026-05-31 15:52:00,2.388541666666667,2.4000358418694634
2026-05-31 15:54:00,2.3885,2.4030080153264133
2026-05-31 15:56:00,2.3887916666666666,2.4029808107825406
2026-05-31 15:58:00,2.387166666666667,2.402489524594047
2026-05-31 16:00:00,2.3878333333333335,2.4050518269589514
2026-05-31 16:02:00,2.3906249999999996,2.405641543399761
2026-05-31 16:04:00,2.3857916666666665,2.406034193558342
2026-05-31 16:06:00,2.386625,2.411271628022971
2026-05-31 16:08:00,2.389041666666667,2.403074796846944
2026-05-31 16:10:00,2.3867499999999997,2.402690889984136
2026-05-31 16:12:00,2.3887500000000004,2.4018204643887806
2026-05-31 16:14:00,2.3868695652173915,2.4013922160848944
2026-05-31 16:16:00,2.387166666666667,2.4012071850671646
2026-05-31 16:18:00,2.3849583333333335,2.401154756361774
2026-05-31 16:20:00,2.3883333333333336,2.4011932085874452
2026-05-31 16:22:00,2.3859583333333334,2.401345423156121
2026-05-31 16:24:00,2.3822083333333333,2.4016819242192224
2026-05-31 16:26:00,2.382833333333333,2.402292276759074
2026-05-31 16:28:00,2.3877083333333338,2.403235169154706
2026-05-31 16:30:00,2.3845000000000005,2.404426760071421
2026-05-31 16:32:00,2.387750000000001,2.405544157687935
2026-05-31 16:34:00,2.3830833333333334,2.4060362850592067
2026-05-31 16:36:00,2.3863333333333334,2.4116777704436125
2026-05-31 16:38:00,2.3844583333333342,2.4021568375800717
2026-05-31 16:40:00,2.385166666666666,2.400607910633428
2026-05-31 16:42:00,2.3835,2.3993040358371056
2026-05-31 16:44:00,2.383458333333333,2.3995472409908425
2026-05-31 16:46:00,2.389416666666667,2.4015471401488977
2026-05-31 16:48:00,2.3833750000000005,2.4027827247475395
2026-05-31 16:50:00,2.385083333333333,2.40303238811318
2026-05-31 16:52:00,2.3843750000000004,2.403331939474358
2026-05-31 16:54:00,2.3806086956521737,2.406967690930166
2026-05-31 16:56:00,2.384916666666667,2.406972187667984
2026-05-31 16:58:00,2.3819999999999997,2.4070335697575156
2026-05-31 17:00:00,2.3845416666666672,2.4125480101924577
2026-05-31 17:02:00,2.3813333333333335,2.4137264529899545
2026-05-31 17:04:00,2.3826666666666667,2.414017993815409
2026-05-31 17:06:00,2.38225,2.425512760305039
2026-05-31 17:08:00,2.386625,2.4165195483064563
2026-05-31 17:10:00,2.385833333333333,2.4144108635647235
2026-05-31 17:12:00,2.3814583333333332,2.4145114540941655
2026-05-31 17:14:00,2.3797916666666663,2.4154726401109174
2026-05-31 17:16:00,2.38125,2.4161974411114624
2026-05-31 17:18:00,2.37625,2.4166695961500055
2026-05-31 17:20:00,2.3770416666666665,2.4169785420269885
2026-05-31 17:22:00,2.3820416666666664,2.4171927956520287
2026-05-31 17:24:00,2.3803750000000004,2.417339401250084
2026-05-31 17:26:00,2.377166666666666,2.4174307884580903
2026-05-31 17:28:00,2.378166666666667,2.417477474625941
2026-05-31 17:30:00,2.384916666666666,2.417483773584088
2026-05-31 17:32:00,2.376875,2.4174186207319734
2026-05-31 17:34:00,2.378086956521739,2.4170430430117094
2026-05-31 17:36:00,2.3829999999999996,2.4227674321617405
2026-05-31 17:38:00,2.378791666666667,2.4133860787106745
2026-05-31 17:40:00,2.382875,2.4135566950969283
2026-05-31 17:42:00,2.3822083333333333,2.413276266207858
2026-05-31 17:44:00,2.380916666666667,2.413090375369106
2026-05-31 17:46:00,2.3789166666666666,2.412828683415375
2026-05-31 17:48:00,2.376333333333333,2.412559392628193
2026-05-31 17:50:00,2.3792916666666666,2.4122301291043584
2026-05-31 17:52:00,2.380125,2.4123568019445356
2026-05-31 17:54:00,2.3788750000000003,2.4123533960162615
2026-05-31 17:56:00,2.3822916666666667,2.4142290227428123
2026-05-31 17:58:00,2.3763333333333336,2.414454692094565
2026-05-31 18:00:00,2.381,2.412871144586383
2026-05-31 18:02:00,2.3800833333333333,2.4128030193598686
2026-05-31 18:04:00,2.381333333333333,2.4131030291203786
2026-05-31 18:06:00,2.372833333333333,2.421941924810094
2026-05-31 18:08:00,2.371958333333333,2.4177325661974756
2026-05-31 18:10:00,2.3733333333333335,2.416473238642382
2026-05-31 18:12:00,2.3709166666666666,2.4161479559949224
2026-05-31 18:14:00,2.3773478260869565,2.4161686459031255
2026-05-31 18:16:00,2.381708333333333,2.416221284911898
2026-05-31 18:18:00,2.3774166666666665,2.416280734991769
2026-05-31 18:20:00,2.3736666666666664,2.4163365533662016
2026-05-31 18:22:00,2.379375,2.4163873991014837
2026-05-31 18:24:00,2.3805,2.4164327437382447
2026-05-31 18:26:00,2.3804166666666666,2.416474796645112
2026-05-31 18:28:00,2.3770000000000002,2.416514071764315
2026-05-31 18:30:00,2.3794166666666663,2.4165425253778245
2026-05-31 18:32:00,2.388125,2.4165083747326133
2026-05-31 18:34:00,2.382916666666667,2.4161540657823113
2026-05-31 18:36:00,2.37975,2.421221863882535
2026-05-31 18:38:00,2.3898333333333333,2.4130410926099395
2026-05-31 18:40:00,2.3818333333333332,2.41242799741703
2026-05-31 18:42:00,2.3859583333333334,2.411719772461604
2026-05-31 18:44:00,2.3837500000000005,2.4114140447864463
2026-05-31 18:46:00,2.384,2.4111188366773364
2026-05-31 18:48:00,2.379,2.410777134731963
2026-05-31 18:50:00,2.385086956521739,2.4103924099075345
2026-05-31 18:52:00,2.379416666666667,2.4105115313016707
2026-05-31 18:54:00,2.377708333333333,2.4116906971205507
2026-05-31 18:56:00,2.3822500000000004,2.413901779775635
2026-05-31 18:58:00,2.380833333333334,2.414622563035786
2026-05-31 19:00:00,2.388958333333334,2.41560374160173
2026-05-31 19:02:00,2.3834583333333335,2.416105768535362
2026-05-31 19:04:00,2.3861666666666665,2.416268466481108
2026-05-31 19:06:00,2.3785416666666666,2.42099270888349
2026-05-31 19:08:00,2.386,2.4181871068995044
2026-05-31 19:10:00,2.3833749999999996,2.417379429412933
2026-05-31 19:12:00,2.3841666666666668,2.416846515871603
2026-05-31 19:14:00,2.3820833333333336,2.416694744594444
2026-05-31 19:16:00,2.384541666666667,2.4166504177590733
2026-05-31 19:18:00,2.3827499999999997,2.4166602635044026
2026-05-31 19:20:00,2.3883750000000004,2.416688172981352
2026-05-31 19:22:00,2.381375,2.4167198498773486
2026-05-31 19:24:00,2.3828333333333336,2.41674830598186
2026-05-31 19:26:00,2.380625,2.416772719585883
2026-05-31 19:28:00,2.386416666666667,2.416792605580214
2026-05-31 19:30:00,2.380695652173913,2.4168020649277184
2026-05-31 19:32:00,2.3815416666666667,2.4167597012826785
2026-05-31 19:34:00,2.383166666666667,2.4164641586560225
2026-05-31 19:36:00,2.38275,2.4204297062737905
2026-05-31 19:38:00,2.3840833333333338,2.4126276915561733
2026-05-31 19:40:00,2.3949583333333337,2.412242792344532
2026-05-31 19:42:00,2.3973750000000003,2.411692628368345
2026-05-31 19:44:00,2.3822083333333333,2.411447103238033
2026-05-31 19:46:00,2.382125,2.411160656138518
2026-05-31 19:48:00,2.3877083333333333,2.4107958965950096
2026-05-31 19:50:00,2.3877083333333338,2.4103733969320484
2026-05-31 19:52:00,2.3854583333333332,2.4104253520618135
2026-05-31 19:54:00,2.399125,2.412399260381676
2026-05-31 19:56:00,2.403208333333333,2.4149464113849968
2026-05-31 19:58:00,2.393625,2.4158391254824307
2026-05-31 20:00:00,2.39625,2.416625798495418
2026-05-31 20:02:00,2.3962083333333335,2.416840298557781
2026-05-31 20:04:00,2.3989583333333337,2.4168526446244742
2026-05-31 20:06:00,2.3997500000000005,2.420730804244847
2026-05-31 20:08:00,2.3922173913043485,2.4185049458262786
2026-05-31 20:10:00,2.403708333333334,2.417940145957507
2026-05-31 20:12:00,2.4004583333333334,2.417294222974831
2026-05-31 20:14:00,2.397458333333334,2.4170499680776274
2026-05-31 20:16:00,2.39975,2.4169678459925854
2026-05-31 20:18:00,2.400041666666667,2.4169675567709414
2026-05-31 20:20:00,2.406083333333333,2.4169960903997714
2026-05-31 20:22:00,2.4014166666666665,2.4170310169538416
2026-05-31 20:24:00,2.399958333333333,2.417061753001372
2026-05-31 20:26:00,2.399083333333333,2.417085242501776
2026-05-31 20:28:00,2.3978333333333333,2.417099771424001
2026-05-31 20:30:00,2.4060833333333336,2.4171004811649075
2026-05-31 20:32:00,2.402041666666667,2.417054588167667
2026-05-31 20:34:00,2.4001250000000005,2.4168091818003536
2026-05-31 20:36:00,2.3947083333333334,2.420348263772219
2026-05-31 20:38:00,2.408,2.4127610430655935
2026-05-31 20:40:00,2.4056666666666673,2.4123690043206727
2026-05-31 20:42:00,2.3996250000000003,2.4118438288018713
2026-05-31 20:44:00,2.40175,2.411681799915436
2026-05-31 20:46:00,2.399958333333333,2.411446661733504
2026-05-31 20:48:00,2.4124347826086954,2.4111158814648945
2026-05-31 20:50:00,2.4035833333333336,2.410714885959443
2026-05-31 20:52:00,2.413,2.4107459297836753
2026-05-31 20:54:00,2.410333333333334,2.413363637405992
2026-05-31 20:56:00,2.419666666666666,2.416074761635761
2026-05-31 20:58:00,2.4292499999999997,2.4167710940192815
2026-05-31 21:00:00,2.4238750000000002,2.4173293126483
2026-05-31 21:02:00,2.4183749999999997,2.4174062674274936
2026-05-31 21:04:00,2.406833333333333,2.417357211498093
2026-05-31 21:06:00,2.411083333333333,2.4207389518053706
2026-05-31 21:08:00,2.4055416666666667,2.418766027490654
2026-05-31 21:10:00,2.4056249999999992,2.418377180267086
2026-05-31 21:12:00,2.408208333333333,2.4176337088229207
2026-05-31 21:14:00,2.4079166666666674,2.417291048759924
2026-05-31 21:16:00,2.4055416666666662,2.4171778927526715
2026-05-31 21:18:00,2.4158333333333335,2.417178565417239
2026-05-31 21:20:00,2.4124166666666667,2.417219885651078
2026-05-31 21:22:00,2.4105416666666666,2.4172704760212604
2026-05-31 21:24:00,2.4124583333333334,2.4173162373026598
2026-05-31 21:26:00,2.402173913043478,2.4173521532058757
2026-05-31 21:28:00,2.4240833333333325,2.417375103497595
2026-05-31 21:30:00,2.4254999999999995,2.4173803026504856
2026-05-31 21:32:00,2.4285833333333335,2.417340897844942
2026-05-31 21:34:00,2.4263749999999997,2.4171408389618034
2026-05-31 21:36:00,2.4233749999999996,2.420475837116788
2026-05-31 21:38:00,2.42325,2.4129969718454833
2026-05-31 21:40:00,2.418791666666667,2.412487502901
2026-05-31 21:42:00,2.4265416666666666,2.4119629237071165
2026-05-31 21:44:00,2.423125,2.4118863212423567
2026-05-31 21:46:00,2.425041666666667,2.4117295644847023
2026-05-31 21:48:00,2.4257916666666666,2.411480323905011
2026-05-31 21:50:00,2.4248333333333334,2.411176220659679
2026-05-31 21:52:00,2.424124999999999,2.4112864277855968
2026-05-31 21:54:00,2.4187916666666665,2.414486642184164
2026-05-31 21:56:00,2.4231666666666665,2.4170627441978128
2026-05-31 21:58:00,2.423,2.417486454122647
2026-05-31 22:00:00,2.4204583333333334,2.417906044879654
2026-05-31 22:02:00,2.4234999999999998,2.417903172760538
2026-05-31 22:04:00,2.4218749999999996,2.4177935023589145
2026-05-31 22:06:00,2.4246521739130436,2.420982784380852
2026-05-31 22:08:00,2.4259166666666663,2.4190388013283233
2026-05-31 22:10:00,2.4247916666666667,2.4186425328911243
2026-05-31 22:12:00,2.4213333333333336,2.4178758918659327
2026-05-31 22:14:00,2.4242500000000002,2.417537612087728
2026-05-31 22:16:00,2.4229583333333333,2.4174415955314936
2026-05-31 22:18:00,2.420291666666667,2.417465368034056
2026-05-31 22:20:00,2.422958333333333,2.4175330154771237
2026-05-31 22:22:00,2.4221249999999994,2.4176126395815865
2026-05-31 22:24:00,2.4265833333333338,2.4176900930039515
2026-05-31 22:26:00,2.4229583333333333,2.4177599120579893
2026-05-31 22:28:00,2.4187083333333335,2.4178182008538203
2026-05-31 22:30:00,2.424874999999999,2.4178601574293914
2026-05-31 22:32:00,2.427291666666666,2.417862957019996
2026-05-31 22:34:00,2.4203333333333332,2.417725494028327
2026-05-31 22:36:00,2.4203333333333332,2.42068345138794
2026-05-31 22:38:00,2.4225833333333333,2.4132277734548593
2026-05-31 22:40:00,2.4235416666666665,2.4124986098945227
2026-05-31 22:42:00,2.422791666666667,2.411987534433635
2026-05-31 22:44:00,2.4219999999999997,2.4119303772984053
2026-05-31 22:46:00,2.4296956521739124,2.411807144134917
2026-05-31 22:48:00,2.4196666666666666,2.4116178126343897
2026-05-31 22:50:00,2.4263333333333335,2.4114390229944807
2026-05-31 22:52:00,2.4251666666666662,2.4117780256795958
2026-05-31 22:54:00,2.4244999999999997,2.4153086924975207
2026-05-31 22:56:00,2.4257916666666666,2.417712614701645
2026-05-31 22:58:00,2.4239166666666665,2.4180196763370336
2026-05-31 23:00:00,2.423291666666667,2.4181282287524195
2026-05-31 23:02:00,2.424416666666666,2.418020849928849
2026-05-31 23:04:00,2.4254583333333337,2.4178294535725087
2026-05-31 23:06:00,2.424333333333333,2.421201504531578
2026-05-31 23:08:00,2.4233749999999996,2.4191818826724854
2026-05-31 23:10:00,2.424166666666666,2.418626239604609
2026-05-31 23:12:00,2.4268749999999994,2.4177793946452963
2026-05-31 23:14:00,2.422458333333333,2.417453533497859
2026-05-31 23:16:00,2.423458333333333,2.4173863049957554
2026-05-31 23:18:00,2.4239166666666665,2.417445931121315
2026-05-31 23:20:00,2.4272499999999995,2.417553906268564
2026-05-31 23:22:00,2.4225833333333333,2.4176784373465403
2026-05-31 23:24:00,2.4262916666666667,2.417806431931769
2026-05-31 23:26:00,2.423739130434783,2.4179339931746227
2026-05-31 23:28:00,2.4231249999999998,2.418058947575977
2026-05-31 23:30:00,2.424916666666666,2.4181790471454394
2026-05-31 23:32:00,2.4226249999999996,2.4182762208619453
2026-05-31 23:34:00,2.4074166666666668,2.4182352481461895
2026-05-31 23:36:00,2.4027499999999997,2.421040006931754
2026-05-31 23:38:00,2.406166666666667,2.4132016296955445
2026-05-31 23:40:00,2.4047916666666667,2.4122188158435014
2026-05-31 23:42:00,2.4070000000000005,2.411706334809325
2026-05-31 23:44:00,2.4076249999999995,2.4115493877804033
2026-05-31 23:46:00,2.409833333333333,2.4113356625282734
2026-05-31 23:48:00,2.410583333333333,2.4111148334381314
2026-05-31 23:50:00,2.4086666666666665,2.4110604251345227
2026-05-31 23:52:00,2.410833333333333,2.411922372735546
2026-05-31 23:54:00,2.4067916666666664,2.4155498846278025
2026-05-31 23:56:00,2.4102083333333333,2.417899203931081
2026-05-31 23:58:00,2.407666666666666,2.418181974368916
2026-06-01 00:00:00,2.4102916666666663,2.417424467417326
2026-06-01 00:02:00,2.408458333333333,2.417182047724345
2026-06-01 00:04:00,2.410173913043479,2.41693280886467
2026-06-01 00:06:00,2.4092500000000006,2.4207001533358996
2026-06-01 00:08:00,2.411791666666667,2.4185563567940536
2026-06-01 00:10:00,2.404208333333333,2.4177439411842037
2026-06-01 00:12:00,2.4127500000000004,2.4167985599695725
2026-06-01 00:14:00,2.4079166666666665,2.4164987096687733
2026-06-01 00:16:00,2.407166666666667,2.4164720303777076
2026-06-01 00:18:00,2.4094166666666665,2.4165741106761147
2026-06-01 00:20:00,2.415,2.4167233613972563
2026-06-01 00:22:00,2.4116249999999995,2.4168897742604476
2026-06-01 00:24:00,2.403375,2.417063920854822
2026-06-01 00:26:00,2.4092916666666664,2.417246219820139
2026-06-01 00:28:00,2.410999999999999,2.4174394157179795
2026-06-01 00:30:00,2.411916666666667,2.4176491612559747
2026-06-01 00:32:00,2.413791666666667,2.417870623384507
2026-06-01 00:34:00,2.4152083333333327,2.4179656877899776
2026-06-01 00:36:00,2.415416666666666,2.4210072380055294
2026-06-01 00:38:00,2.4109166666666666,2.412383602124943
2026-06-01 00:40:00,2.413125,2.4109872676856665
2026-06-01 00:42:00,2.4047916666666667,2.410364976830383
2026-06-01 00:44:00,2.406086956521739,2.409994806562586
2026-06-01 00:46:00,2.4062916666666667,2.4096165076068274
2026-06-01 00:48:00,2.4063749999999993,2.409327981633165
2026-06-01 00:50:00,2.41475,2.4094013735770305
2026-06-01 00:52:00,2.4030000000000005,2.4110734851461
2026-06-01 00:54:00,2.4022916666666663,2.4151326226985796
2026-06-01 00:56:00,2.403208333333333,2.4173431197287667
2026-06-01 00:58:00,2.404875,2.4174937554237093
2026-06-01 01:00:00,2.4056666666666673,2.415815197636965
2026-06-01 01:02:00,2.4077083333333333,2.4154753670055054
2026-06-01 01:04:00,2.4062499999999996,2.415232236785477
2026-06-01 01:06:00,2.4062083333333333,2.419692116843779
2026-06-01 01:08:00,2.415083333333333,2.416866738874443
2026-06-01 01:10:00,2.4098333333333333,2.4157562973979143
2026-06-01 01:12:00,2.417791666666666,2.41485096951478
2026-06-01 01:14:00,2.4209583333333335,2.414648192270178
2026-06-01 01:16:00,2.4242083333333326,2.4146911916592533
2026-06-01 01:18:00,2.4229583333333333,2.414838551803796
2026-06-01 01:20:00,2.4183043478260866,2.4150180075146492
2026-06-01 01:22:00,2.4102083333333333,2.415207660844179
2026-06-01 01:24:00,2.4079166666666665,2.415404715485823
2026-06-01 01:26:00,2.4129166666666664,2.4156146612560985
2026-06-01 01:28:00,2.42175,2.415844937450107
2026-06-01 01:30:00,2.419958333333333,2.416109293934163
2026-06-01 01:32:00,2.407291666666667,2.4164192299767246
2026-06-01 01:34:00,2.4112916666666666,2.4166294352246562
2026-06-01 01:36:00,2.407291666666667,2.4206993284708322
2026-06-01 01:38:00,2.4036666666666666,2.4109399948872525
2026-06-01 01:40:00,2.4071666666666665,2.4085820967013407
2026-06-01 01:42:00,2.409666666666667,2.4078791013960776
2026-06-01 01:44:00,2.4161249999999996,2.407416567038205
2026-06-01 01:46:00,2.4111666666666665,2.4069346246217314
2026-06-01 01:48:00,2.406708333333333,2.4065721264497704
2026-06-01 01:50:00,2.4082499999999993,2.406737334501163
2026-06-01 01:52:00,2.408416666666667,2.4091307387274945
2026-06-01 01:54:00,2.409291666666666,2.4142140703003303
2026-06-01 01:56:00,2.4078749999999993,2.4160215892085875
2026-06-01 01:58:00,2.4077499999999996,2.415992459425117
2026-06-01 02:00:00,2.408347826086956,2.4144351441015273
2026-06-01 02:02:00,2.4065833333333333,2.414093751214786
2026-06-01 02:04:00,2.411208333333333,2.4138753949911376
2026-06-01 02:06:00,2.4070416666666667,2.4190371526638312
2026-06-01 02:08:00,2.409499999999999,2.415286172922588
2026-06-01 02:10:00,2.407083333333333,2.414049303307726
2026-06-01 02:12:00,2.405583333333333,2.4133481728796387
2026-06-01 02:14:00,2.407458333333333,2.4132515310386005
2026-06-01 02:16:00,2.408625,2.413332454666177
2026-06-01 02:18:00,2.4084999999999996,2.413481684632041
2026-06-01 02:20:00,2.4096250000000006,2.413649538674403
2026-06-01 02:22:00,2.4131666666666662,2.4138252616615565
2026-06-01 02:24:00,2.410291666666667,2.4140122400770205
2026-06-01 02:26:00,2.4093333333333327,2.4142176460570046
2026-06-01 02:28:00,2.409666666666667,2.4144496288453428
2026-06-01 02:30:00,2.4237083333333334,2.4147244773160645
2026-06-01 02:32:00,2.408041666666666,2.415061523076492
2026-06-01 02:34:00,2.408333333333333,2.4153150978845215
2026-06-01 02:36:00,2.4069583333333333,2.420379373159448
2026-06-01 02:38:00,2.406434782608695,2.409613580710747
2026-06-01 02:40:00,2.4059166666666663,2.406549591532584
2026-06-01 02:42:00,2.4218333333333333,2.4058755036924886
2026-06-01 02:44:00,2.4222083333333333,2.4053715117819
2026-06-01 02:46:00,2.4194166666666663,2.4049053176731903
2026-06-01 02:48:00,2.4194166666666663,2.404602267005547
2026-06-01 02:50:00,2.407458333333333,2.404883800953545
2026-06-01 02:52:00,2.4070416666666663,2.407669610669893
2026-06-01 02:54:00,2.4072916666666666,2.413515422253394
2026-06-01 02:56:00,2.4066666666666667,2.4147561665781456
2026-06-01 02:58:00,2.4071249999999993,2.414645101837796
2026-06-01 03:00:00,2.402208333333333,2.413572666688942
2026-06-01 03:02:00,2.407708333333334,2.413257976370277
2026-06-01 03:04:00,2.4061250000000003,2.4130375383220404
2026-06-01 03:06:00,2.4103749999999997,2.4186632339299425
2026-06-01 03:08:00,2.4035833333333336,2.414277909610237
2026-06-01 03:10:00,2.4044583333333334,2.4130838255144016
2026-06-01 03:12:00,2.4122916666666665,2.412513411376904
2026-06-01 03:14:00,2.4076666666666666,2.4124442028660225
2026-06-01 03:16:00,2.404086956521739,2.412513419583514
2026-06-01 03:18:00,2.406,2.412642085749546
2026-06-01 03:20:00,2.406041666666666,2.412794576247273
2026-06-01 03:22:00,2.4127916666666667,2.412961967582112
2026-06-01 03:24:00,2.406291666666666,2.4131449717835904
2026-06-01 03:26:00,2.4058333333333333,2.413348257908144
2026-06-01 03:28:00,2.4053333333333335,2.4135780247645346
2026-06-01 03:30:00,2.4055416666666667,2.4138500002920473
2026-06-01 03:32:00,2.4110416666666663,2.4141853718456057
2026-06-01 03:34:00,2.4125416666666664,2.414440380363123
2026-06-01 03:36:00,2.4027499999999993,2.4201060289932737
2026-06-01 03:38:00,2.411708333333333,2.408824264722216
2026-06-01 03:40:00,2.4223749999999997,2.40556603710786
2026-06-01 03:42:00,2.4201666666666664,2.404922896438591
2026-06-01 03:44:00,2.418041666666667,2.404450497898686
2026-06-01 03:46:00,2.4191249999999993,2.404043842511272
2026-06-01 03:48:00,2.424583333333333,2.4037980669708485
2026-06-01 03:50:00,2.422125,2.4041282986461017
2026-06-01 03:52:00,2.4234166666666668,2.407020314904134
2026-06-01 03:54:00,2.4263478260869573,2.4130761750223724
2026-06-01 03:56:00,2.4251250000000004,2.4137779361410954
2026-06-01 03:58:00,2.419291666666666,2.4137697678833843
2026-06-01 04:00:00,2.4035000000000006,2.412954372815953
2026-06-01 04:02:00,2.406916666666667,2.4126671774688853
2026-06-01 04:04:00,2.4075,2.4124436660360633
2026-06-01 04:06:00,2.4059583333333334,2.4186285665963023
2026-06-01 04:08:00,2.4047083333333332,2.4136761347566145
2026-06-01 04:10:00,2.4049166666666664,2.4125149932619085
2026-06-01 04:12:00,2.405791666666666,2.4119809176144615
2026-06-01 04:14:00,2.401666666666667,2.4119007853924876
2026-06-01 04:16:00,2.4072916666666666,2.4119510885045647
2026-06-01 04:18:00,2.4141250000000007,2.412064788371209
2026-06-01 04:20:00,2.4125,2.4122091876881635
2026-06-01 04:22:00,2.4064166666666664,2.412373631044055
2026-06-01 04:24:00,2.4022499999999996,2.4125560378748587
2026-06-01 04:26:00,2.404791666666667,2.4127577348911275
2026-06-01 04:28:00,2.4058333333333333,2.41298042719576
2026-06-01 04:30:00,2.40725,2.413233920516635
2026-06-01 04:32:00,2.4158749999999998,2.4135338523463528
2026-06-01 04:34:00,2.403375,2.4137347900008583
2026-06-01 04:36:00,2.4131304347826084,2.4198499805195977
2026-06-01 04:38:00,2.405958333333334,2.408409851088525
2026-06-01 04:40:00,2.4017083333333336,2.4051257528029257
2026-06-01 04:42:00,2.4034583333333335,2.4044950055018353
2026-06-01 04:44:00,2.4095416666666667,2.4040427794551316
2026-06-01 04:46:00,2.3982916666666663,2.4036579660192645
2026-06-01 04:48:00,2.397583333333333,2.4034202770639137
2026-06-01 04:50:00,2.398875,2.4037433562533215
2026-06-01 04:52:00,2.3997083333333338,2.4066450073412757
2026-06-01 04:54:00,2.4057500000000003,2.4125731329740465
2026-06-01 04:56:00,2.403375,2.412834008309623
2026-06-01 04:58:00,2.404166666666667,2.4130439224688804
2026-06-01 05:00:00,2.407875,2.4123050965413086
2026-06-01 05:02:00,2.4067083333333334,2.4120408222502303
2026-06-01 05:04:00,2.4012083333333334,2.411770549311029
2026-06-01 05:06:00,2.4033333333333338,2.4184648987430704
2026-06-01 05:08:00,2.4098333333333337,2.413028597228741
2026-06-01 05:10:00,2.4112500000000003,2.411981129617134
2026-06-01 05:12:00,2.4104166666666664,2.411471823301071
2026-06-01 05:14:00,2.4119166666666665,2.411382054444599
2026-06-01 05:16:00,2.4139166666666667,2.41141530523811
2026-06-01 05:18:00,2.4104999999999994,2.411518556724893
2026-06-01 05:20:00,2.4013478260869565,2.4116587024618745
2026-06-01 05:22:00,2.4058749999999995,2.4118168720982913
2026-06-01 05:24:00,2.4057083333333336,2.4119748480178442
2026-06-01 05:26:00,2.407083333333333,2.412119907408556
2026-06-01 05:28:00,2.404291666666667,2.4122600530188634
2026-06-01 05:30:00,2.400291666666667,2.4124305620987223
2026-06-01 05:32:00,2.3987916666666673,2.412668199900401
2026-06-01 05:34:00,2.4026666666666663,2.412813116953
2026-06-01 05:36:00,2.402416666666667,2.4195790439014315
2026-06-01 05:38:00,2.390875,2.4081507421164603
2026-06-01 05:40:00,2.3935833333333334,2.4048324080834393
2026-06-01 05:42:00,2.3954583333333335,2.4041856641669774
2026-06-01 05:44:00,2.3967916666666667,2.403738049944626
2026-06-01 05:46:00,2.3943333333333334,2.4033536844273717
2026-06-01 05:48:00,2.3989999999999996,2.403108983032102
2026-06-01 05:50:00,2.3990416666666667,2.4034353867990066
2026-06-01 05:52:00,2.396041666666666,2.4064217140444257
2026-06-01 05:54:00,2.398333333333334,2.4120502109566093
2026-06-01 05:56:00,2.3997916666666668,2.4118553348315444
2026-06-01 05:58:00,2.4003333333333337,2.4121604598200257
2026-06-01 06:00:00,2.396291666666667,2.4112156403710157
2026-06-01 06:02:00,2.399304347826087,2.4109380822779993
2026-06-01 06:04:00,2.4011249999999995,2.4106358214543246
2026-06-01 06:06:00,2.404833333333333,2.4187082251364442
2026-06-01 06:08:00,2.401416666666667,2.4121332711498273
2026-06-01 06:10:00,2.401083333333333,2.4113466162744066
2026-06-01 06:12:00,2.4040833333333333,2.4108720686967153
2026-06-01 06:14:00,2.3994583333333335,2.410774243075309
2026-06-01 06:16:00,2.4058749999999995,2.4107677216937238
2026-06-01 06:18:00,2.399291666666667,2.4107613232610094
2026-06-01 06:20:00,2.405083333333333,2.410735758981296
2026-06-01 06:22:00,2.394458333333333,2.4107613403130874
2026-06-01 06:24:00,2.40225,2.4108638052819544
2026-06-01 06:26:00,2.3985416666666675,2.411031896921023
2026-06-01 06:28:00,2.4005416666666664,2.4112539475412587
2026-06-01 06:30:00,2.397416666666666,2.411529671859065
2026-06-01 06:32:00,2.4034583333333335,2.411852189155777
2026-06-01 06:34:00,2.4007916666666667,2.4119915068611517
2026-06-01 06:36:00,2.398041666666667,2.419221942092217
2026-06-01 06:38:00,2.399833333333333,2.4079651268239566
2026-06-01 06:40:00,2.401375,2.4045430950928326
2026-06-01 06:42:00,2.4037083333333324,2.4038091077322203
2026-06-01 06:44:00,2.4008260869565214,2.4033457700076273
2026-06-01 06:46:00,2.398916666666666,2.402932025299496
2026-06-01 06:48:00,2.3997499999999996,2.402625923595409
2026-06-01 06:50:00,2.3989583333333333,2.4028690642608694
2026-06-01 06:52:00,2.400208333333333,2.405868044351978
2026-06-01 06:54:00,2.401875,2.411103052420123
2026-06-01 06:56:00,2.399999999999999,2.4102765914127153
2026-06-01 06:58:00,2.40075,2.4104717689536823
2026-06-01 07:00:00,2.4049583333333326,2.4105391094722934
2026-06-01 07:02:00,2.4041666666666663,2.4107457968845765
2026-06-01 07:04:00,2.401708333333333,2.4107043783799558
2026-06-01 07:06:00,2.4027916666666664,2.4183353699626484
2026-06-01 07:08:00,2.3997916666666668,2.4105368696494867
2026-06-01 07:10:00,2.4050000000000007,2.4105762808478084
2026-06-01 07:12:00,2.4170416666666665,2.4105625473017063
2026-06-01 07:14:00,2.401333333333334,2.4106663408133557
2026-06-01 07:16:00,2.40525,2.4107876424326316
2026-06-01 07:18:00,2.4015833333333334,2.410934990206911
2026-06-01 07:20:00,2.401958333333333,2.4111043552059233
2026-06-01 07:22:00,2.4036249999999995,2.4112910829435608
2026-06-01 07:24:00,2.4080833333333334,2.4114942772906196
2026-06-01 07:26:00,2.401333333333333,2.411715058458901
2026-06-01 07:28:00,2.4081739130434783,2.411952829890088
2026-06-01 07:30:00,2.4118749999999998,2.4122051638956847
2026-06-01 07:32:00,2.4103333333333326,2.4124448110388244
2026-06-01 07:34:00,2.4102916666666667,2.4124126561911945
2026-06-01 07:36:00,2.406958333333333,2.4177925810626277
2026-06-01 07:38:00,2.408,2.407356608619682
2026-06-01 07:40:00,2.4040833333333333,2.4040489436836414
2026-06-01 07:42:00,2.3989583333333333,2.4024544332186784
2026-06-01 07:44:00,2.408125,2.401475460388239
2026-06-01 07:46:00,2.4082916666666665,2.4008185804574786
2026-06-01 07:48:00,2.407541666666667,2.4003792045560854
2026-06-01 07:50:00,2.4086250000000002,2.4006447106538302
2026-06-01 07:52:00,2.4043750000000004,2.4043357617735706
2026-06-01 07:54:00,2.4044166666666658,2.411064549980096
2026-06-01 07:56:00,2.4047083333333332,2.4097019358678224
2026-06-01 07:58:00,2.4102499999999996,2.4104512086087273
2026-06-01 08:00:00,2.412291666666667,2.409658235192791
2026-06-01 08:02:00,2.404458333333333,2.4085908947173333
2026-06-01 08:04:00,2.4085416666666664,2.407760081387625
2026-06-01 08:06:00,2.40525,2.40101344376742
2026-06-01 08:08:00,2.4072500000000003,2.398117256042706
2026-06-01 08:10:00,2.4007391304347827,2.399090365951208
2026-06-01 08:12:00,2.4040416666666666,2.399410986547625
2026-06-01 08:14:00,2.407916666666666,2.4001146831313602
2026-06-01 08:16:00,2.40525,2.4013715901711854
2026-06-01 08:18:00,2.4075,2.402364611835652
2026-06-01 08:20:00,2.405958333333333,2.4029694943265962
2026-06-01 08:22:00,2.408166666666666,2.40336039050994
2026-06-01 08:24:00,2.405791666666666,2.4036477806638126
2026-06-01 08:26:00,2.4009583333333335,2.403891035058584
2026-06-01 08:28:00,2.401375,2.404132774774388
2026-06-01 08:30:00,2.4059166666666667,2.404418781188347
2026-06-01 08:32:00,2.4020833333333336,2.4048360134658813
2026-06-01 08:34:00,2.4028333333333336,2.405477777040854
2026-06-01 08:36:00,2.403,2.4025695076012803
2026-06-01 08:38:00,2.408833333333333,2.3927345957981103
2026-06-01 08:40:00,2.4049166666666664,2.3939636012556456
2026-06-01 08:42:00,2.406541666666667,2.3978628920410396
2026-06-01 08:44:00,2.4050000000000002,2.398735289999152
2026-06-01 08:46:00,2.406416666666667,2.3986181061403187
2026-06-01 08:48:00,2.404333333333333,2.398341163621097
2026-06-01 08:50:00,2.4071666666666665,2.3983671649770386
2026-06-01 08:52:00,2.406304347826087,2.4014758485134857
2026-06-01 08:54:00,2.404375,2.4078045795858642
2026-06-01 08:56:00,2.407625,2.4079505741566694
2026-06-01 08:58:00,2.4058750000000004,2.4079129753250976
2026-06-01 09:00:00,2.406541666666667,2.405386799188157
2026-06-01 09:02:00,2.40025,2.4036059096687348
2026-06-01 09:04:00,2.406,2.402108884590516
2026-06-01 09:06:00,2.4050833333333337,2.3955168383701757
2026-06-01 09:08:00,2.40475,2.394066684169861
2026-06-01 09:10:00,2.4017916666666665,2.395835056105151
2026-06-01 09:12:00,2.3987499999999997,2.3964666341246925
2026-06-01 09:14:00,2.4,2.396816290703735
2026-06-01 09:16:00,2.4022916666666667,2.397676455826177
2026-06-01 09:18:00,2.4028750000000003,2.398651600610597
2026-06-01 09:20:00,2.4018333333333337,2.399356423810491
2026-06-01 09:22:00,2.3988750000000003,2.399822053893933
2026-06-01 09:24:00,2.400208333333334,2.4001551465724624
2026-06-01 09:26:00,2.397958333333333,2.400417190893383
2026-06-01 09:28:00,2.4047916666666667,2.4006381677713833
2026-06-01 09:30:00,2.402458333333334,2.400828815787656
2026-06-01 09:32:00,2.4019583333333334,2.400974325079741
2026-06-01 09:34:00,2.3992083333333327,2.4009446094124196
2026-06-01 09:36:00,2.4067826086956523,2.3986353224537025
2026-06-01 09:38:00,2.4014583333333333,2.3895420614190375
2026-06-01 09:40:00,2.4024583333333336,2.390583545646474
2026-06-01 09:42:00,2.4028750000000003,2.394905652145982
2026-06-01 09:44:00,2.4075833333333336,2.3970427657013773
2026-06-01 09:46:00,2.3973333333333327,2.3973809392099654
2026-06-01 09:48:00,2.3980833333333336,2.3971136204167762
2026-06-01 09:50:00,2.399083333333334,2.3969394241447226
2026-06-01 09:52:00,2.3985416666666666,2.3998905740617094
2026-06-01 09:54:00,2.4014583333333333,2.4057184374906084
2026-06-01 09:56:00,2.3985833333333333,2.4032938940737987
2026-06-01 09:58:00,2.4334166666666666,2.402049957036642
2026-06-01 10:00:00,2.411875,2.4005056955298523
2026-06-01 10:02:00,2.3996666666666666,2.3995430219324856
2026-06-01 10:04:00,2.395541666666666,2.398806275981415
2026-06-01 10:06:00,2.3972916666666673,2.3940223625835992
2026-06-01 10:08:00,2.3972916666666673,2.3928759134347004
2026-06-01 10:10:00,2.3986666666666667,2.394794251724038
2026-06-01 10:12:00,2.3954999999999997,2.3955454730391113
2026-06-01 10:14:00,2.3967916666666667,2.395803235864756
2026-06-01 10:16:00,2.396708333333333,2.396341438815548
2026-06-01 10:18:00,2.404826086956522,2.397133340239846
2026-06-01 10:20:00,2.3949583333333337,2.3978090861590444
2026-06-01 10:22:00,2.398,2.398273147334665
2026-06-01 10:24:00,2.397208333333334,2.398597386141574
2026-06-01 10:26:00,2.397125000000001,2.398853777656658
2026-06-01 10:28:00,2.3965000000000005,2.39907984243188
2026-06-01 10:30:00,2.3975833333333334,2.399283859743168
2026-06-01 10:32:00,2.397625,2.399442897845022
2026-06-01 10:34:00,2.396375,2.399415044944732
2026-06-01 10:36:00,2.399458333333334,2.3978086114402957
2026-06-01 10:38:00,2.3925833333333335,2.388920792001192
2026-06-01 10:40:00,2.395166666666667,2.389464366613028
2026-06-01 10:42:00,2.3980416666666673,2.393391658980483
2026-06-01 10:44:00,2.3987916666666664,2.3962130296636306
2026-06-01 10:46:00,2.394458333333334,2.3969765362771143
2026-06-01 10:48:00,2.3951249999999993,2.3969573943088087
2026-06-01 10:50:00,2.3913749999999996,2.396966359309108
2026-06-01 10:52:00,2.3932083333333325,2.4000431052629985
2026-06-01 10:54:00,2.3939166666666662,2.403183103503741
2026-06-01 10:56:00,2.3924999999999996,2.400709742014714
2026-06-01 10:58:00,2.395375,2.3998718673290123
2026-06-01 11:00:00,2.394,2.398888879245135
2026-06-01 11:02:00,2.3965217391304345,2.3979960832666207
2026-06-01 11:04:00,2.395,2.3972870295650623
2026-06-01 11:06:00,2.390125,2.3933897071626102
2026-06-01 11:08:00,2.397708333333334,2.3924867689744334
2026-06-01 11:10:00,2.3865833333333333,2.394377358887197
2026-06-01 11:12:00,2.3906250000000004,2.395076201561692
2026-06-01 11:14:00,2.3848750000000005,2.395287205673261
2026-06-01 11:16:00,2.3984166666666664,2.395443477086769
2026-06-01 11:18:00,2.3868750000000003,2.3957632525836132
2026-06-01 11:20:00,2.3945000000000003,2.3962413851119817
2026-06-01 11:22:00,2.3968333333333334,2.3967367034124334
2026-06-01 11:24:00,2.39925,2.397157791321812
2026-06-01 11:26:00,2.3952499999999994,2.3975004204350765
2026-06-01 11:28:00,2.3950833333333335,2.3977891774096487
2026-06-01 11:30:00,2.396833333333333,2.3980347783732734
2026-06-01 11:32:00,2.3938750000000004,2.3982110981642792
2026-06-01 11:34:00,2.3913749999999996,2.3981442384433977
2026-06-01 11:36:00,2.399,2.397546035995266
2026-06-01 11:38:00,2.3980833333333327,2.389092840116252
2026-06-01 11:40:00,2.393541666666666,2.3892918597260713
2026-06-01 11:42:00,2.396875,2.3911432967722175
2026-06-01 11:44:00,2.393833333333333,2.3940676925760846
2026-06-01 11:46:00,2.3980434782608695,2.3958230442329085
2026-06-01 11:48:00,2.390333333333333,2.3962862511473166
2026-06-01 11:50:00,2.3907916666666664,2.3966921045026948
2026-06-01 11:52:00,2.3921666666666663,2.398899170489767
2026-06-01 11:54:00,2.387958333333333,2.4000039042651666
2026-06-01 11:56:00,2.390333333333334,2.399506041067025
2026-06-01 11:58:00,2.395458333333333,2.399125105492638
2026-06-01 12:00:00,2.3911666666666664,2.3985738618625634
2026-06-01 12:02:00,2.3994166666666663,2.397732660579478
2026-06-01 12:04:00,2.3935833333333334,2.397080958126415
2026-06-01 12:06:00,2.396333333333333,2.394741452917597
2026-06-01 12:08:00,2.3903749999999997,2.393126197657762
2026-06-01 12:10:00,2.397416666666666,2.3947390057616547
2026-06-01 12:12:00,2.390625,2.3953333360621354
2026-06-01 12:14:00,2.389208333333334,2.395561939733368
2026-06-01 12:16:00,2.3904999999999994,2.3956479955501444
2026-06-01 12:18:00,2.386333333333333,2.395707229837124
2026-06-01 12:20:00,2.3923749999999995,2.395808725696772
2026-06-01 12:22:00,2.3945416666666666,2.39600471259954
2026-06-01 12:24:00,2.390166666666667,2.396299577223566
2026-06-01 12:26:00,2.3868749999999994,2.3966574732552934
2026-06-01 12:28:00,2.386833333333333,2.3970308744266955
2026-06-01 12:30:00,2.3922083333333335,2.397374310917734
2026-06-01 12:32:00,2.394173913043478,2.397626609769021
2026-06-01 12:34:00,2.3904583333333336,2.3975628363695103
2026-06-01 12:36:00,2.3840833333333333,2.398866084720965
2026-06-01 12:38:00,2.3896666666666664,2.389835351447136
2026-06-01 12:40:00,2.385291666666666,2.3910834743998275
2026-06-01 12:42:00,2.38675,2.391278302877786
2026-06-01 12:44:00,2.3848749999999996,2.3919359818795467
2026-06-01 12:46:00,2.385291666666667,2.393179349810371
2026-06-01 12:48:00,2.3824583333333336,2.394130515421888
2026-06-01 12:50:00,2.390333333333334,2.3944008688270753
2026-06-01 12:52:00,2.3889166666666664,2.395043275727429
2026-06-01 12:54:00,2.3901666666666666,2.397523491919903
2026-06-01 12:56:00,2.3875416666666665,2.3992126006018055
2026-06-01 12:58:00,2.3908333333333336,2.3989241249324733
2026-06-01 13:00:00,2.3898333333333333,2.398665934361354
2026-06-01 13:02:00,2.3871249999999997,2.3980029586962712
2026-06-01 13:04:00,2.3878333333333326,2.3974582627700496
2026-06-01 13:06:00,2.3857500000000003,2.39740542218294
2026-06-01 13:08:00,2.3867083333333334,2.393940001442289
2026-06-01 13:10:00,2.3885416666666672,2.3955889034606663
2026-06-01 13:12:00,2.388,2.3961453501199865
2026-06-01 13:14:00,2.3820434782608695,2.396329374983644
2026-06-01 13:16:00,2.3897500000000003,2.39642440096221
2026-06-01 13:18:00,2.3877500000000005,2.396491148331158
2026-06-01 13:20:00,2.388,2.3965485695886297
2026-06-01 13:22:00,2.386791666666667,2.396631252206878
2026-06-01 13:24:00,2.3950833333333335,2.3967666512730723
2026-06-01 13:26:00,2.3912083333333336,2.3969660774788624
2026-06-01 13:28:00,2.393041666666667,2.397221339762289
2026-06-01 13:30:00,2.384708333333333,2.3975024607519924
2026-06-01 13:32:00,2.3964166666666675,2.397740746999616
2026-06-01 13:34:00,2.38825,2.39767402321551
2026-06-01 13:36:00,2.3904583333333336,2.4007918944484934
2026-06-01 13:38:00,2.386625,2.3911373134900797
2026-06-01 13:40:00,2.3895000000000004,2.3934419717418614
2026-06-01 13:42:00,2.3913333333333333,2.393155304173158
2026-06-01 13:44:00,2.3886666666666665,2.3931746827754017
2026-06-01 13:46:00,2.386875,2.3937784468568952
2026-06-01 13:48:00,2.391291666666666,2.3947784706652073
2026-06-01 13:50:00,2.3930416666666674,2.395320200362962
2026-06-01 13:52:00,2.386125,2.395857713259171
2026-06-01 13:54:00,2.4031249999999993,2.398482438956239
2026-06-01 13:56:00,2.385478260869565,2.400108602124811
2026-06-01 13:58:00,2.3875416666666665,2.399589594183447
2026-06-01 14:00:00,2.3818750000000004,2.3993680949351894
2026-06-01 14:02:00,2.37975,2.3988240008728563
2026-06-01 14:04:00,2.3865416666666666,2.398383273752348
2026-06-01 14:06:00,2.382375,2.399918360671521
2026-06-01 14:08:00,2.3833333333333324,2.3950895955968123
2026-06-01 14:10:00,2.3865000000000003,2.396760518954294
2026-06-01 14:12:00,2.3865833333333337,2.3971517765054884
2026-06-01 14:14:00,2.3848333333333334,2.397229542494623
2026-06-01 14:16:00,2.3876250000000003,2.397268511431107
2026-06-01 14:18:00,2.385291666666667,2.3973178395924695
2026-06-01 14:20:00,2.3865,2.397377028918403
2026-06-01 14:22:00,2.385500000000001,2.3974527341515746
2026-06-01 14:24:00,2.3842499999999998,2.3975579539662135
2026-06-01 14:26:00,2.383375,2.397703071425883
2026-06-01 14:28:00,2.389333333333333,2.3978872564660203
2026-06-01 14:30:00,2.3869166666666666,2.398091886950241
2026-06-01 14:32:00,2.3856666666666664,2.3982562514596513
2026-06-01 14:34:00,2.3884166666666666,2.398116833837008
2026-06-01 14:36:00,2.3836666666666666,2.4025334885430483
2026-06-01 14:38:00,2.388826086956522,2.3932312351744263
2026-06-01 14:40:00,2.387166666666667,2.395166572885869
2026-06-01 14:42:00,2.3870833333333334,2.394798207893656
2026-06-01 14:44:00,2.3881666666666668,2.3946718414940813
2026-06-01 14:46:00,2.3867500000000006,2.3954552370402586
2026-06-01 14:48:00,2.388583333333333,2.3968095642136222
2026-06-01 14:50:00,2.3842083333333335,2.397598871267495
2026-06-01 14:52:00,2.3831666666666673,2.3982432397754923
2026-06-01 14:54:00,2.3855,2.400917168311526
2026-06-01 14:56:00,2.385291666666667,2.401475692597951
2026-06-01 14:58:00,2.3844166666666666,2.400869861504581
2026-06-01 15:00:00,2.38775,2.4010641974543963
2026-06-01 15:02:00,2.384041666666667,2.400623052127206
2026-06-01 15:04:00,2.386791666666667,2.4002569160847846
2026-06-01 15:06:00,2.3858333333333337,2.4028296299998355
2026-06-01 15:08:00,2.3854166666666665,2.396981421411902
2026-06-01 15:10:00,2.387791666666667,2.398407037297761
2026-06-01 15:12:00,2.3869166666666675,2.398447394894627
2026-06-01 15:14:00,2.3873333333333338,2.398342424171479
2026-06-01 15:16:00,2.388541666666667,2.3982874556702964
2026-06-01 15:18:00,2.384791666666667,2.3982824665147104
2026-06-01 15:20:00,2.3901250000000007,2.3983070100190464
2026-06-01 15:22:00,2.3869565217391306,2.398356900858313
2026-06-01 15:24:00,2.3852083333333334,2.398435151171414
2026-06-01 15:26:00,2.3813750000000002,2.398549938956339
2026-06-01 15:28:00,2.385875,2.398700391627703
2026-06-01 15:30:00,2.3853750000000002,2.3988685747052987
2026-06-01 15:32:00,2.384375,2.3989908389746217
2026-06-01 15:34:00,2.387625,2.39878707307237
2026-06-01 15:36:00,2.3917083333333333,2.404967776711711
2026-06-01 15:38:00,2.386416666666667,2.3960128857783256
2026-06-01 15:40:00,2.3879583333333336,2.3968492280985654
2026-06-01 15:42:00,2.387541666666667,2.396250465840991
2026-06-01 15:44:00,2.3858749999999995,2.3959749456594115
2026-06-01 15:46:00,2.3868333333333336,2.397080115177085
2026-06-01 15:48:00,2.387375,2.39864100780781
2026-06-01 15:50:00,2.3892916666666673,2.3994011811777325
2026-06-01 15:52:00,2.383333333333333,2.40004475747487
2026-06-01 15:54:00,2.3902499999999995,2.403014859267256
2026-06-01 15:56:00,2.3889166666666664,2.4029888868109515
2026-06-01 15:58:00,2.3904583333333336,2.4024977654535187
2026-06-01 16:00:00,2.3875416666666665,2.405058646284502
2026-06-01 16:02:00,2.3891666666666667,2.4056479048915578
2026-06-01 16:04:00,2.390166666666667,2.4060402711645397
2026-06-01 16:06:00,2.3877826086956526,2.4113731913781695
2026-06-01 16:08:00,2.3925833333333335,2.4031166086114304
2026-06-01 16:10:00,2.394125,2.4026777465013542
2026-06-01 16:12:00,2.3837083333333333,2.40180376081773
2026-06-01 16:14:00,2.388083333333333,2.4013786335295704
2026-06-01 16:16:00,2.3918333333333335,2.4011987360993237
2026-06-01 16:18:00,2.3967916666666667,2.401152240645039
2026-06-01 16:20:00,2.3930000000000002,2.4011982132729566
2026-06-01 16:22:00,2.3935,2.4013615295145967
2026-06-01 16:24:00,2.394625,2.4017152033639317
2026-06-01 16:26:00,2.389791666666666,2.402349365055976
2026-06-01 16:28:00,2.391791666666667,2.4033148553846124
2026-06-01 16:30:00,2.393583333333334,2.4045096811995745
2026-06-01 16:32:00,2.3970833333333337,2.4056024629749464
2026-06-01 16:34:00,2.3928333333333334,2.4060611216597936
2026-06-01 16:36:00,2.395041666666667,2.4118423472618447
2026-06-01 16:38:00,2.3944583333333336,2.4022920463189044
2026-06-01 16:40:00,2.3939999999999997,2.400704215024238
2026-06-01 16:42:00,2.397791666666666,2.3993576334400384
2026-06-01 16:44:00,2.4090416666666665,2.3994641345349255
2026-06-01 16:46:00,2.400791666666667,2.4014356509376173
2026-06-01 16:48:00,3.886529411764706,2.4025624029903234
2026-06-01 16:50:00,1.86075,2.403016750515699
2026-06-01 16:52:00,1.8599999999999999,2.4053980146432807
2026-06-01 16:54:00,1.877,2.4093031214316483
2026-06-01 16:56:00,1.8599999999999999,2.40948486385871
2026-06-01 16:58:00,1.84,2.409621349130675
2026-06-01 17:00:00,1.8075,2.4139568096136244
2026-06-01 17:02:00,1.79675,2.4148461127111713
2026-06-01 17:04:00,1.7830000000000001,2.415213912920607
2026-06-01 17:06:00,1.75275,2.424389697112648
2026-06-01 17:08:00,1.7240000000000002,2.4322235369605503
2026-06-01 17:10:00,2.112,2.4350602329968307
2026-06-01 17:12:00,2.11525,2.4347952346046546
2026-06-01 17:14:00,2.0962500000000004,2.434268773638839
2026-06-01 17:16:00,2.14025,2.4339250881749956
2026-06-01 17:18:00,2.149,2.4337663531072398
2026-06-01 17:20:00,2.119,2.433704127824826
2026-06-01 17:22:00,2.1590000000000003,2.4336796797150777
2026-06-01 17:24:00,2.07325,2.4336619969604625
2026-06-01 17:26:00,2.1315,2.4336289748143476
2026-06-01 17:28:00,2.12075,2.4336045881700583
2026-06-01 17:30:00,2.10525,2.433745756585026
2026-06-01 17:32:00,2.11775,2.433994441756418
2026-06-01 17:34:00,2.1115,2.433382192795714
2026-06-01 17:36:00,2.1072499999999996,2.3740668733081494
2026-06-01 17:38:00,2.1109999999999998,2.413523991772497
2026-06-01 17:40:00,2.1174999999999997,2.400148068899827
2026-06-01 17:42:00,1.738,2.396235016221227
2026-06-01 17:44:00,1.63375,2.39719024298958
2026-06-01 17:46:00,1.637,2.3954522245733783
2026-06-01 17:48:00,1.6219999999999999,2.392913681725596
2026-06-01 17:50:00,1.89475,2.392419575017212
2026-06-01 17:52:00,2.0875,2.4007268895468177
2026-06-01 17:54:00,2.0875,2.4303127656953043
2026-06-01 17:56:00,2.0700000000000003,2.4345246875485613
2026-06-01 17:58:00,2.0745,2.4342498860348685
2026-06-01 18:00:00,2.07875,2.4286472083145214
2026-06-01 18:02:00,2.08375,2.429526093118957
2026-06-01 18:04:00,2.07225,2.429469601768127
2026-06-01 18:06:00,2.0730000000000004,2.309284091979955
2026-06-01 18:08:00,2.0687499999999996,2.340859532129041
2026-06-01 18:10:00,2.06725,2.3743754659515965
2026-06-01 18:12:00,2.0635,2.3905934283733066
2026-06-01 18:14:00,2.0637499999999998,2.395306336056079
2026-06-01 18:16:00,2.0614999999999997,2.397254592711777
2026-06-01 18:18:00,2.0635,2.3996026822644567
2026-06-01 18:20:00,2.0835,2.4021538013711603
2026-06-01 18:22:00,2.06825,2.4044606495137955
2026-06-01 18:24:00,2.0534999999999997,2.406395353815886
2026-06-01 18:26:00,2.0547500000000003,2.407999911891074
2026-06-01 18:28:00,2.069,2.409330549498869
2026-06-01 18:30:00,2.04675,2.41040497936708
2026-06-01 18:32:00,2.045,2.4111342460790137
2026-06-01 18:34:00,2.04225,2.411244617335542
2026-06-01 18:36:00,2.04825,2.3219708152211327
2026-06-01 18:38:00,2.03225,2.3891446186978844
2026-06-01 18:40:00,2.0397499999999997,2.3828398355608225
2026-06-01 18:42:00,2.03725,2.377600902735434
2026-06-01 18:44:00,2.0305,2.3780949016122888
2026-06-01 18:46:00,2.03275,2.3799118566876274
2026-06-01 18:48:00,2.0374999999999996,2.3834523388782785
2026-06-01 18:50:00,2.04175,2.389093603965258
2026-06-01 18:52:00,2.03925,2.402660158767245
2026-06-01 18:54:00,2.04875,2.4222490311589224
2026-06-01 18:56:00,2.05175,2.421163313302045
2026-06-01 18:58:00,2.0467500000000003,2.4209155450428224
2026-06-01 19:00:00,2.0435000000000003,2.420447397310727
2026-06-01 19:02:00,2.03975,2.420870220875278
2026-06-01 19:04:00,2.0415,2.4210218234737155
2026-06-01 19:06:00,2.0483,2.29955780309703
2026-06-01 19:08:00,2.040791666666667,2.309894806596586
2026-06-01 19:10:00,2.0392083333333333,2.322892856479529
2026-06-01 19:12:00,2.040333333333333,2.3386011067778743
2026-06-01 19:14:00,2.0415833333333335,2.364999729295001
2026-06-01 19:16:00,2.0387083333333336,2.38438042582837
2026-06-01 19:18:00,2.035958333333333,2.393496393685769
2026-06-01 19:20:00,2.036333333333333,2.3983417947920613
2026-06-01 19:22:00,2.0404166666666663,2.3989907800700196
2026-06-01 19:24:00,2.0389166666666663,2.397889863220138
2026-06-01 19:26:00,2.0420416666666665,2.3985574202402624
2026-06-01 19:28:00,2.036666666666667,2.400248920865946
2026-06-01 19:30:00,2.037583333333333,2.402044236872299
2026-06-01 19:32:00,2.0402083333333336,2.4035704955482347
2026-06-01 19:34:00,2.041,2.40480867350319
2026-06-01 19:36:00,2.0414583333333334,2.3253803128781123
2026-06-01 19:38:00,2.044375,2.37586937814195
2026-06-01 19:40:00,2.039083333333333,2.37766130168363
2026-06-01 19:42:00,2.042043478260869,2.373117733680551
2026-06-01 19:44:00,2.038,2.370849904430258
2026-06-01 19:46:00,2.0380833333333332,2.3689642861872215
2026-06-01 19:48:00,2.0369999999999995,2.3692032992217906
2026-06-01 19:50:00,2.0366250000000004,2.3733878972183304
2026-06-01 19:52:00,2.040708333333334,2.3887948850963325
2026-06-01 19:54:00,2.0435833333333333,2.414999283908017
2026-06-01 19:56:00,2.0404999999999998,2.413428680733364
2026-06-01 19:58:00,2.039625,2.4132843808107265
2026-06-01 20:00:00,2.0407083333333333,2.4139150273730694
2026-06-01 20:02:00,2.0400833333333326,2.414413236042
2026-06-01 20:04:00,2.0464166666666666,2.414701742625077
2026-06-01 20:06:00,2.0434999999999994,2.2975832194586348
2026-06-01 20:08:00,2.0444583333333335,2.3038204175921675
2026-06-01 20:10:00,2.039916666666666,2.312717572441744
2026-06-01 20:12:00,2.045375,2.323443362050902
2026-06-01 20:14:00,2.0442499999999995,2.344042035167039
2026-06-01 20:16:00,2.0403913043478257,2.3692884241122325
2026-06-01 20:18:00,2.045666666666667,2.382906306139657
2026-06-01 20:20:00,2.035624999999999,2.390237080408728
2026-06-01 20:22:00,2.0366666666666666,2.3952869407972024
2026-06-01 20:24:00,2.0353333333333334,2.398763957973159
2026-06-01 20:26:00,2.0351249999999994,2.399190432834537
2026-06-01 20:28:00,2.0365416666666665,2.3969797727576387
2026-06-01 20:30:00,2.0356666666666663,2.396807359125959
2026-06-01 20:32:00,2.039166666666666,2.398088196916876
2026-06-01 20:34:00,2.031041666666667,2.399877585604126
2026-06-01 20:36:00,2.0310416666666664,2.320663735154866
2026-06-01 20:38:00,2.0320416666666667,2.365906546166325
2026-06-01 20:40:00,2.0372500000000002,2.372805583751581
2026-06-01 20:42:00,2.0320416666666663,2.3717627010070093
2026-06-01 20:44:00,2.036458333333333,2.3709969150623933
2026-06-01 20:46:00,2.043458333333333,2.36857758606383
2026-06-01 20:48:00,2.0396249999999996,2.366526971661423
2026-06-01 20:50:00,2.0356956521739136,2.368018057996326
2026-06-01 20:52:00,2.030041666666667,2.382234837027319
2026-06-01 20:54:00,2.0356666666666667,2.4114927419990515
2026-06-01 20:56:00,2.0335416666666664,2.4101557527136457
2026-06-01 20:58:00,2.0314166666666664,2.4101899863357756
2026-06-01 21:00:00,2.0352083333333333,2.411153224075029
2026-06-01 21:02:00,2.034458333333333,2.411724777209995
2026-06-01 21:04:00,2.0324166666666668,2.412056580931289
2026-06-01 21:06:00,2.0350416666666664,2.2953260625564385
2026-06-01 21:08:00,2.037333333333333,2.298244253380867
2026-06-01 21:10:00,2.038333333333333,2.304305614788609
2026-06-01 21:12:00,2.0403333333333333,2.313720025105678
2026-06-01 21:14:00,2.0402083333333336,2.332937792224574
2026-06-01 21:16:00,2.0392916666666667,2.358974143062951
2026-06-01 21:18:00,2.04575,2.374759415561425
2026-06-01 21:20:00,2.0345833333333334,2.3831833000135596
2026-06-01 21:22:00,1.993125,2.389165200035544
2026-06-01 21:24:00,1.997958333333333,2.3937894810325533
2026-06-01 21:26:00,1.995541666666666,2.3980416245879734
2026-06-01 21:28:00,1.9937499999999995,2.4007985622239767
2026-06-01 21:30:00,1.9987391304347828,2.3996918891536128
2026-06-01 21:32:00,1.9970833333333335,2.396678866734619
2026-06-01 21:34:00,2.0204166666666667,2.396264044997254
2026-06-01 21:36:00,2.02225,2.3151400991825417
2026-06-01 21:38:00,2.0164166666666667,2.355943743080301
2026-06-01 21:40:00,2.0074583333333336,2.3645277943580174
2026-06-01 21:42:00,1.9831250000000002,2.367230146174515
2026-06-01 21:44:00,1.9741666666666668,2.370438026976375
2026-06-01 21:46:00,1.9860416666666671,2.3706015982700155
2026-06-01 21:48:00,1.9802499999999996,2.3688583278605053
2026-06-01 21:50:00,1.989166666666667,2.3686807056901236
2026-06-01 21:52:00,1.9898333333333333,2.3808142821865266
2026-06-01 21:54:00,1.9800000000000004,2.411031377453581
2026-06-01 21:56:00,1.9845833333333331,2.4092033465331357
2026-06-01 21:58:00,1.9824166666666667,2.4093886673395177
2026-06-01 22:00:00,1.9879166666666668,2.409679478355093
2026-06-01 22:02:00,1.9887916666666665,2.410187905610541
2026-06-01 22:04:00,1.9882916666666663,2.410503521587662
2026-06-01 22:06:00,2.031833333333334,2.2888404821179797
2026-06-01 22:08:00,2.0847916666666664,2.289204985606829
2026-06-01 22:10:00,2.089083333333333,2.2964372368905486
2026-06-01 22:12:00,2.0851304347826085,2.3151712295915994
2026-06-01 22:14:00,2.0877500000000007,2.338692040635615
2026-06-01 22:16:00,2.0875,2.3547228651916554
2026-06-01 22:18:00,2.084,2.3651741434593894
2026-06-01 22:20:00,2.0814166666666662,2.3735690677720727
2026-06-01 22:22:00,2.081125,2.3803433337357194
2026-06-01 22:24:00,2.081041666666667,2.3857395469486917
2026-06-01 22:26:00,2.075541666666666,2.3905763501081
2026-06-01 22:28:00,2.0848333333333327,2.3941743375062146
2026-06-01 22:30:00,2.0822499999999997,2.3961039204623846
2026-06-01 22:32:00,2.0873333333333335,2.3952217662791675
2026-06-01 22:34:00,2.0874583333333336,2.3922428455342346
2026-06-01 22:36:00,2.083791666666667,2.323034095599008
2026-06-01 22:38:00,2.04525,2.350479530133902
2026-06-01 22:40:00,1.9688333333333337,2.3541723983536276
2026-06-01 22:42:00,1.9484583333333336,2.358475185776496
2026-06-01 22:44:00,1.9527083333333337,2.3634719928608336
2026-06-01 22:46:00,1.9493043478260867,2.3678320865982583
2026-06-01 22:48:00,1.956333333333334,2.371591477013081
2026-06-01 22:50:00,1.956625,2.376813551551967
2026-06-01 22:52:00,1.9470416666666663,2.3909169343288843
2026-06-01 22:54:00,1.9476666666666673,2.419315076239163
2026-06-01 22:56:00,1.9439166666666665,2.411949296906224
2026-06-01 22:58:00,1.9510416666666661,2.4115407206076953
2026-06-01 23:00:00,1.9469166666666669,2.4098545755312464
2026-06-01 23:02:00,1.950583333333334,2.4106604306716113
2026-06-01 23:04:00,1.953125,2.411419612159472
2026-06-01 23:06:00,1.948833333333333,2.290775378477831
2026-06-01 23:08:00,1.9589583333333336,2.300080116626745
2026-06-01 23:10:00,1.9651666666666667,2.309714687489132
2026-06-01 23:12:00,1.9711249999999998,2.3179042512543067
2026-06-01 23:14:00,1.9690416666666666,2.326703852107973
2026-06-01 23:16:00,1.9723750000000002,2.335855512871994
2026-06-01 23:18:00,1.969875,2.344956092780196
2026-06-01 23:20:00,1.9788333333333334,2.3535132931220057
2026-06-01 23:22:00,1.9851666666666665,2.361275304192424
2026-06-01 23:24:00,1.9764166666666665,2.368229438576373
2026-06-01 23:26:00,1.9776521739130437,2.37358800761617
2026-06-01 23:28:00,1.9844090909090908,2.377430229329285
2026-06-01 23:30:00,1.9859545454545455,2.3804860496354774
2026-06-01 23:32:00,1.9872916666666665,2.382585321750798
2026-06-01 23:34:00,1.9839166666666668,2.381747405032077
2026-06-01 23:36:00,1.9802499999999998,2.2961628124973674
2026-06-01 23:38:00,1.9834999999999996,2.321046994831481
2026-06-01 23:40:00,1.9897916666666664,2.3251823248341417
2026-06-01 23:42:00,1.9855416666666663,2.3306878511468234
2026-06-01 23:44:00,1.9844583333333332,2.337735448801038
2026-06-01 23:46:00,1.9906666666666661,2.344248026002774
2026-06-01 23:48:00,1.9805833333333336,2.350228163497269
2026-06-01 23:50:00,1.9847083333333335,2.3578243862975863
2026-06-01 23:52:00,1.9826666666666666,2.3781529696847485
2026-06-01 23:54:00,1.9884583333333332,2.4260903284516866
2026-06-01 23:56:00,1.9861250000000001,2.4144411201436444
2026-06-01 23:58:00,1.9837916666666666,2.4086709581308443
2026-06-02 00:00:00,1.9879999999999995,2.401398169782259
2026-06-02 00:02:00,1.9768749999999997,2.4035875868857746
2026-06-02 00:04:00,1.979916666666666,2.4059636655632404
2026-06-02 00:06:00,1.9800833333333332,2.2815373816191675
2026-06-02 00:08:00,1.9835416666666663,2.2718136939417093
2026-06-02 00:10:00,1.9773750000000003,2.267507672453926
2026-06-02 00:12:00,1.9779130434782604,2.2669410345173704
2026-06-02 00:14:00,1.9818333333333331,2.2689705324343965
2026-06-02 00:16:00,1.9802499999999998,2.2737441203057087
2026-06-02 00:18:00,1.9749166666666669,2.2806768859368933
2026-06-02 00:20:00,1.976875,2.2881848092449824
2026-06-02 00:22:00,1.976791666666667,2.294854276543026
2026-06-02 00:24:00,1.9768333333333334,2.300553434860037
2026-06-02 00:26:00,1.9779166666666663,2.3059202935742027
2026-06-02 00:28:00,1.9760416666666665,2.3117004229889604
2026-06-02 00:30:00,1.969666666666667,2.318632493876568
2026-06-02 00:32:00,1.954416666666667,2.327829150280909
2026-06-02 00:34:00,1.952416666666667,2.340849187912229
2026-06-02 00:36:00,2.074125,2.2793192422215576
2026-06-02 00:38:00,2.0712083333333333,2.2872914635515
2026-06-02 00:40:00,2.0735,2.2953664721792104
2026-06-02 00:42:00,2.072083333333334,2.3011038610001124
2026-06-02 00:44:00,2.0725416666666665,2.308428953422335
2026-06-02 00:46:00,2.050458333333333,2.315190789952586
2026-06-02 00:48:00,1.9774166666666666,2.3212637546181987
2026-06-02 00:50:00,1.9932499999999997,2.328111710352484
2026-06-02 00:52:00,2.011782608695652,2.345162614164992
2026-06-02 00:54:00,2.034166666666667,2.41490864093497
2026-06-02 00:56:00,2.0348750000000004,2.421305163884078
2026-06-02 00:58:00,2.0163749999999996,2.40650725139355
2026-06-02 01:00:00,2.0078750000000003,2.3903038059515884
2026-06-02 01:02:00,2.014208333333334,2.3906852649274164
2026-06-02 01:04:00,2.0029583333333334,2.3926852483322127
2026-06-02 01:06:00,2.000291666666666,2.2763157719780107
2026-06-02 01:08:00,1.9993333333333332,2.2654369393648737
2026-06-02 01:10:00,1.9957916666666662,2.2611367704340393
2026-06-02 01:12:00,1.9776249999999997,2.2593676652281345
2026-06-02 01:14:00,1.9191250000000002,2.258743766893231
2026-06-02 01:16:00,1.898583333333333,2.2589016861092763
2026-06-02 01:18:00,1.8967500000000002,2.259731011933089
2026-06-02 01:20:00,1.890958333333333,2.261360398447877
2026-06-02 01:22:00,1.8960416666666668,2.264160718544812
2026-06-02 01:24:00,1.9554583333333335,2.2685244347457862
2026-06-02 01:26:00,2.012583333333333,2.274338493987152
2026-06-02 01:28:00,2.015,2.2807575275486998
2026-06-02 01:30:00,2.0065000000000004,2.2870082384144195
2026-06-02 01:32:00,1.9655833333333337,2.2931957147348627
2026-06-02 01:34:00,1.9407083333333335,2.3003946023649795
2026-06-02 01:36:00,1.9409565217391305,2.279690990203754
2026-06-02 01:38:00,1.8536250000000003,2.2702187688939643
2026-06-02 01:40:00,1.859625,2.274684657168201
2026-06-02 01:42:00,1.8612499999999998,2.2794671403312114
2026-06-02 01:44:00,1.8600833333333335,2.2861058599941773
2026-06-02 01:46:00,1.854041666666667,2.292960499866975
2026-06-02 01:48:00,1.8520416666666664,2.299182258788704
2026-06-02 01:50:00,1.8765000000000007,2.305855773844006
2026-06-02 01:52:00,1.8861249999999998,2.319927350860456
2026-06-02 01:54:00,1.8792499999999999,2.374822583163148
2026-06-02 01:56:00,1.8799583333333336,2.408025592365463
2026-06-02 01:58:00,1.8779166666666665,2.409682766656066
2026-06-02 02:00:00,1.8732500000000003,2.399177583905523
2026-06-02 02:02:00,1.858291666666667,2.3949743622931168
2026-06-02 02:04:00,1.8319999999999999,2.393196121602615
2026-06-02 02:06:00,1.81475,2.292148338888172
2026-06-02 02:08:00,1.8389166666666668,2.3062236219544334
2026-06-02 02:10:00,1.832625,2.311565068367347
2026-06-02 02:12:00,1.832526315789474,2.314114357898733
2026-06-02 02:14:00,1.8219166666666666,2.316061956999048
2026-06-02 02:16:00,1.8299166666666666,2.318407738293577
2026-06-02 02:18:00,1.8241250000000002,2.3213395888941295
2026-06-02 02:20:00,1.8039166666666666,2.3247061113940615
2026-06-02 02:22:00,1.6237083333333333,2.3284140203859502
2026-06-02 02:24:00,1.6277083333333333,2.332351040881661
2026-06-02 02:26:00,1.6280000000000003,2.336421203924872
2026-06-02 02:28:00,1.6322500000000002,2.340699417356115
2026-06-02 02:30:00,1.6377916666666668,2.3453988685017584
2026-06-02 02:32:00,1.6424166666666666,2.350636156170358
2026-06-02 02:34:00,1.6406666666666665,2.3564692308112662
2026-06-02 02:36:00,1.6299583333333334,2.252321260024228
2026-06-02 02:38:00,1.6282916666666667,2.248898036105584
2026-06-02 02:40:00,1.6302499999999995,2.2460250652828533
2026-06-02 02:42:00,1.629125,2.243992419458606
2026-06-02 02:44:00,1.6174999999999997,2.239488271376209
2026-06-02 02:46:00,1.5996666666666666,2.2390433480635283
2026-06-02 02:48:00,1.5892608695652175,2.242891949662817
2026-06-02 02:50:00,1.6844999999999999,2.253052879638405
2026-06-02 02:52:00,2.3964166666666666,2.2712247688379277
2026-06-02 02:54:00,2.387541666666667,2.3146985978107772
2026-06-02 02:56:00,2.380125,2.348339336089201
2026-06-02 02:58:00,2.369958333333333,2.354751394054419
2026-06-02 03:00:00,2.3718749999999997,2.3514785444689243
2026-06-02 03:02:00,2.361791666666666,2.3513726586815014
2026-06-02 03:04:00,2.365416666666667,2.3508677317882083
2026-06-02 03:06:00,2.3619166666666667,2.404170863050497
2026-06-02 03:08:00,2.356708333333333,2.4030885394595765
2026-06-02 03:10:00,2.3637083333333337,2.402203927604101
2026-06-02 03:12:00,2.360958333333333,2.4016373918983858
2026-06-02 03:14:00,2.3590000000000004,2.40146063782395
2026-06-02 03:16:00,2.3701250000000003,2.4017396791425836
2026-06-02 03:18:00,2.362833333333333,2.4025621664546133
2026-06-02 03:20:00,2.3634999999999997,2.403935914753043
2026-06-02 03:22:00,2.3601666666666667,2.405714696804781
2026-06-02 03:24:00,2.3555,2.4076704449247375
2026-06-02 03:26:00,2.355583333333333,2.409527967366005
2026-06-02 03:28:00,2.3503750000000005,2.410993708913427
2026-06-02 03:30:00,2.3520000000000003,2.411846790613763
2026-06-02 03:32:00,2.3535833333333334,2.4124567285262293
2026-06-02 03:34:00,2.343875,2.4135647206817685
2026-06-02 03:36:00,2.3435,2.420946544609452
2026-06-02 03:38:00,2.350791666666667,2.4106607422176047
2026-06-02 03:40:00,2.352,2.4089790718037727
2026-06-02 03:42:00,2.348208333333333,2.408178917368908
2026-06-02 03:44:00,2.3516666666666666,2.407873828620592
2026-06-02 03:46:00,2.342666666666667,2.407658299430336
2026-06-02 03:48:00,2.348708333333334,2.4075649534444987
2026-06-02 03:50:00,2.3511666666666664,2.407905441309888
2026-06-02 03:52:00,2.35225,2.4100177675869183
2026-06-02 03:54:00,2.346791666666667,2.412624688869316
2026-06-02 03:56:00,2.352666666666667,2.413543892586744
2026-06-02 03:58:00,2.3571666666666666,2.413798668798732
2026-06-02 04:00:00,2.3481666666666667,2.4131592166636686
2026-06-02 04:02:00,2.3408750000000005,2.4131253355052715
2026-06-02 04:04:00,2.3435,2.4131124460045212
2026-06-02 04:06:00,2.346208333333333,2.4204377176251346
2026-06-02 04:08:00,2.3418750000000004,2.4145206005655453
2026-06-02 04:10:00,2.347791666666667,2.4140942243984105
2026-06-02 04:12:00,2.345173913043479,2.4139181666202765
2026-06-02 04:14:00,2.3457916666666665,2.4139375671556724
2026-06-02 04:16:00,2.350083333333333,2.4140001929334822
2026-06-02 04:18:00,2.3495833333333334,2.4140811019947424
2026-06-02 04:20:00,2.3516666666666666,2.414169704554788
2026-06-02 04:22:00,2.341375,2.414251840848614
2026-06-02 04:24:00,2.3469583333333333,2.414317884474099
2026-06-02 04:26:00,2.3404166666666675,2.414377493511064
2026-06-02 04:28:00,2.344208333333333,2.4144550283484385
2026-06-02 04:30:00,2.3482916666666678,2.4145823930141543
2026-06-02 04:32:00,2.3480416666666666,2.414780474848964
2026-06-02 04:34:00,2.269791666666667,2.414855558803182
2026-06-02 04:36:00,2.252416666666667,2.4191729771123702
2026-06-02 04:38:00,2.251958333333333,2.409943785389294
2026-06-02 04:40:00,2.2506249999999994,2.408234082674215
2026-06-02 04:42:00,2.2523750000000002,2.4075544844228736
2026-06-02 04:44:00,2.245333333333333,2.4073050463195154
2026-06-02 04:46:00,2.246875,2.407128497510031
2026-06-02 04:48:00,2.2432916666666665,2.4070359067117133
2026-06-02 04:50:00,2.246826086956522,2.4073452719634147
2026-06-02 04:52:00,2.2467499999999996,2.409418828191887
2026-06-02 04:54:00,2.2355,2.4122204432341086
2026-06-02 04:56:00,2.2377499999999997,2.413045351640074
2026-06-02 04:58:00,2.237541666666667,2.413399616051996
2026-06-02 05:00:00,2.2374166666666664,2.412880670492707
2026-06-02 05:02:00,2.1069999999999998,2.4128662525700633
2026-06-02 05:04:00,2.0423749999999994,2.412877776211987
2026-06-02 05:06:00,2.0280833333333335,2.30787689881811
2026-06-02 05:08:00,2.0245833333333327,2.315998858572587
2026-06-02 05:10:00,2.022666666666667,2.330743792446648
2026-06-02 05:12:00,2.019416666666667,2.340889862179684
2026-06-02 05:14:00,2.022125,2.346460775346648
2026-06-02 05:16:00,2.0182916666666664,2.35077609143264
2026-06-02 05:18:00,2.017916666666667,2.3555693906279456
2026-06-02 05:20:00,2.0099999999999993,2.361593799726495
2026-06-02 05:22:00,2.0095833333333335,2.3692439968109245
2026-06-02 05:24:00,2.0103750000000002,2.3779979231580417
2026-06-02 05:26:00,2.0020416666666665,2.3861987476178763
2026-06-02 05:28:00,2.001791666666666,2.392573224202724
2026-06-02 05:30:00,1.996458333333334,2.397426051944228
2026-06-02 05:32:00,1.9897391304347827,2.4021267728372635
2026-06-02 05:34:00,2.0014583333333333,2.407040310377077
2026-06-02 05:36:00,1.9996666666666663,2.2827151345738743
2026-06-02 05:38:00,2.0054166666666666,2.2754172749772175
2026-06-02 05:40:00,2.021083333333333,2.282622430248519
2026-06-02 05:42:00,2.007541666666666,2.2859335413588098
2026-06-02 05:44:00,2.005833333333333,2.283388506750112
2026-06-02 05:46:00,1.9961249999999995,2.2779457714222584
2026-06-02 05:48:00,1.9734166666666662,2.2743802354320213
2026-06-02 05:50:00,1.9713333333333338,2.2748609155077593
2026-06-02 05:52:00,1.9617916666666668,2.283476804723931
2026-06-02 05:54:00,1.9583333333333333,2.3151832925964038
2026-06-02 05:56:00,1.9574166666666668,2.3419101375398834
2026-06-02 05:58:00,1.9568750000000001,2.3542075722583355
2026-06-02 06:00:00,1.958583333333334,2.36064618597997
2026-06-02 06:02:00,1.9476249999999997,2.3647366138312558
2026-06-02 06:04:00,1.956291666666667,2.3704040887408278
2026-06-02 06:06:00,1.9443333333333335,2.284031547186201
2026-06-02 06:08:00,1.9292083333333336,2.2870409624695807
2026-06-02 06:10:00,1.9368750000000006,2.29343141038606
2026-06-02 06:12:00,1.9333749999999998,2.2987119953940613
2026-06-02 06:14:00,1.9252173913043475,2.30441116819647
2026-06-02 06:16:00,1.9241666666666666,2.3110172343639355
2026-06-02 06:18:00,1.9267083333333332,2.3186572518184785
2026-06-02 06:20:00,1.926958333333333,2.327714945486708
2026-06-02 06:22:00,1.920583333333333,2.33794901592929
2026-06-02 06:24:00,1.9231250000000004,2.3484893314963946
2026-06-02 06:26:00,1.9198749999999993,2.358635814396767
2026-06-02 06:28:00,1.9225416666666664,2.36812037447862
2026-06-02 06:30:00,1.91325,2.373725908450382
2026-06-02 06:32:00,1.9085000000000003,2.3759688100488914
2026-06-02 06:34:00,1.9108333333333327,2.378797339338167
2026-06-02 06:36:00,1.907416666666667,2.3143120916494357
2026-06-02 06:38:00,1.90675,2.2690320772089505
2026-06-02 06:40:00,1.9084166666666667,2.2582301760949592
2026-06-02 06:42:00,1.9094166666666663,2.247168339591019
2026-06-02 06:44:00,1.9063333333333337,2.2379204567598343
2026-06-02 06:46:00,1.907541666666667,2.230012016343853
2026-06-02 06:48:00,1.9024999999999999,2.2279352337476848
2026-06-02 06:50:00,1.9022083333333333,2.2368651001392665
2026-06-02 06:52:00,1.8976250000000003,2.2492054071759973
2026-06-02 06:54:00,1.972458333333333,2.2825386988624023
2026-06-02 06:56:00,1.9837499999999997,2.318539020601299
2026-06-02 06:58:00,1.9863043478260871,2.35105852378107
2026-06-02 07:00:00,1.9822916666666666,2.373361707341704
2026-06-02 07:02:00,1.9689166666666669,2.380962852402038
2026-06-02 07:04:00,1.95875,2.387623557567432
2026-06-02 07:06:00,1.9582083333333333,2.2477082793871594
2026-06-02 07:08:00,1.957291666666667,2.2485307096858853
2026-06-02 07:10:00,1.9554999999999998,2.265843013198821
2026-06-02 07:12:00,1.955916666666667,2.286504733878626
2026-06-02 07:14:00,1.9554583333333337,2.3034002696695404
2026-06-02 07:16:00,1.9559166666666667,2.3148960832683723
2026-06-02 07:18:00,1.9554999999999998,2.323530753823599
2026-06-02 07:20:00,1.9533333333333331,2.3309631993640276
2026-06-02 07:22:00,1.9556666666666667,2.3340367218902327
2026-06-02 07:24:00,1.9480416666666667,2.332163296978298
2026-06-02 07:26:00,1.9502500000000005,2.3314275927804857
2026-06-02 07:28:00,1.9502083333333335,2.333358053544669
2026-06-02 07:30:00,1.9475833333333339,2.336643959236511
2026-06-02 07:32:00,1.9509583333333336,2.340247716922577
2026-06-02 07:34:00,1.9449583333333338,2.3435628966252944
2026-06-02 07:36:00,1.9492173913043482,2.266473548432645
2026-06-02 07:38:00,1.9523333333333335,2.228069200020008
2026-06-02 07:40:00,1.9431666666666665,2.2272469618314474
2026-06-02 07:42:00,1.9466250000000003,2.2285021272552226
2026-06-02 07:44:00,1.9432916666666669,2.236530142534744
2026-06-02 07:46:00,1.9415833333333337,2.2425568332304353
2026-06-02 07:48:00,1.9374583333333328,2.2458130651198425
2026-06-02 07:50:00,1.940666666666667,2.2482926354466413
2026-06-02 07:52:00,1.9420416666666664,2.252329267727512
2026-06-02 07:54:00,1.936875,2.280777237065634
2026-06-02 07:56:00,1.938791666666667,2.315315319923547
2026-06-02 07:58:00,1.937833333333333,2.3463902297061856
2026-06-02 08:00:00,1.9383749999999997,2.3560515532325805
2026-06-02 08:02:00,1.9269583333333327,2.3460799397685195
2026-06-02 08:04:00,1.9129166666666666,2.3483819961222867
2026-06-02 08:06:00,1.9204999999999999,2.3080868693945797
2026-06-02 08:08:00,1.9197083333333333,2.318470664051971
2026-06-02 08:10:00,1.9186249999999998,2.340729559712112
2026-06-02 08:12:00,1.9207083333333337,2.357116986060226
2026-06-02 08:14:00,1.919625,2.363672156548318
2026-06-02 08:16:00,1.9200833333333331,2.366287317126086
2026-06-02 08:18:00,1.9197499999999996,2.3654738263482096
2026-06-02 08:20:00,1.9202173913043479,2.363241668703569
2026-06-02 08:22:00,1.9192916666666664,2.361039017470012
2026-06-02 08:24:00,1.9674166666666661,2.3597242182320146
2026-06-02 08:26:00,2.103291666666667,2.359859732825632
2026-06-02 08:28:00,2.098583333333333,2.35975166972064
2026-06-02 08:30:00,2.097208333333333,2.3622029004154945
2026-06-02 08:32:00,2.0952916666666668,2.3661019825631433
2026-06-02 08:34:00,2.0930000000000004,2.371215527189297
2026-06-02 08:36:00,2.0947083333333336,2.282405405738223
2026-06-02 08:38:00,2.0918749999999995,2.2710992314710476
2026-06-02 08:40:00,2.091958333333333,2.2640723204709645
2026-06-02 08:42:00,2.0905,2.2558132710881127
2026-06-02 08:44:00,2.095125,2.2504424018997553
2026-06-02 08:46:00,2.0889166666666665,2.2477439948027014
2026-06-02 08:48:00,2.0898750000000006,2.246434672330303
2026-06-02 08:50:00,2.084166666666667,2.2458448217771227
2026-06-02 08:52:00,2.0827916666666666,2.247910224455331
2026-06-02 08:54:00,2.0828695652173916,2.2682306003350616
2026-06-02 08:56:00,2.0859583333333336,2.288882044706475
2026-06-02 08:58:00,2.076,2.3048249313225084
2026-06-02 09:00:00,2.0732916666666665,2.3227551792739276
2026-06-02 09:02:00,2.072166666666667,2.331692890606708
2026-06-02 09:04:00,2.0732500000000003,2.3372216307909763
2026-06-02 09:06:00,2.072333333333333,2.2624520918699327
2026-06-02 09:08:00,2.0709166666666667,2.2505736447485996
2026-06-02 09:10:00,2.0702083333333334,2.248921364320701
2026-06-02 09:12:00,2.0680833333333335,2.2498621415760134
2026-06-02 09:14:00,2.0692500000000007,2.251832960083049
2026-06-02 09:16:00,2.0642083333333328,2.2545214408166063
2026-06-02 09:18:00,2.037541666666667,2.2578455195576206
2026-06-02 09:20:00,2.012958333333333,2.2616962691293696
2026-06-02 09:22:00,2.0091666666666668,2.2659288233661394
2026-06-02 09:24:00,2.0075,2.2704104829338907
2026-06-02 09:26:00,2.003739130434783,2.2752683995230596
2026-06-02 09:28:00,1.9900000000000002,2.281349508106059
2026-06-02 09:30:00,1.9844999999999997,2.2869735464806658
2026-06-02 09:32:00,1.9702083333333336,2.2898392204491573
2026-06-02 09:34:00,1.9269999999999998,2.29271083423847
2026-06-02 09:36:00,1.90025,2.259703681737408
2026-06-02 09:38:00,1.8909166666666664,2.264482780504292
2026-06-02 09:40:00,1.8815,2.270197502135312
2026-06-02 09:42:00,1.8668333333333331,2.267630770162131
2026-06-02 09:44:00,1.847625,2.2631575448206407
2026-06-02 09:46:00,1.8411250000000006,2.260209298422703
2026-06-02 09:48:00,1.835625,2.258666011381655
2026-06-02 09:50:00,1.831416666666667,2.258135472629989
2026-06-02 09:52:00,1.8244583333333335,2.260912785385692
2026-06-02 09:54:00,1.816666666666667,2.2788128184122267
2026-06-02 09:56:00,1.8153750000000002,2.2969558520293614
2026-06-02 09:58:00,1.8125833333333332,2.310032813451908
2026-06-02 10:00:00,1.8104583333333337,2.324971820423801
2026-06-02 10:02:00,1.8034166666666662,2.3291471337505048
2026-06-02 10:04:00,1.8010416666666667,2.3332640456407487
2026-06-02 10:06:00,1.7949583333333334,2.3048003313501195
2026-06-02 10:08:00,1.7904583333333333,2.3139857057635123
2026-06-02 10:10:00,1.7901249999999997,2.327713838195168
2026-06-02 10:12:00,1.7867916666666666,2.3340008609111766
2026-06-02 10:14:00,1.7861739130434786,2.3330308169087774
2026-06-02 10:16:00,1.7847499999999998,2.330893965581733
2026-06-02 10:18:00,1.7797916666666664,2.3302617043942506
2026-06-02 10:20:00,1.782125,2.330940040866906
2026-06-02 10:22:00,1.7717916666666664,2.3323031039149793
2026-06-02 10:24:00,1.7698333333333336,2.3339451705683407
2026-06-02 10:26:00,1.7712916666666667,2.335726211701636
2026-06-02 10:28:00,1.772625,2.3377123419068764
2026-06-02 10:30:00,1.7727083333333333,2.340249225868697
2026-06-02 10:32:00,1.7685833333333332,2.344187609953325
2026-06-02 10:34:00,1.7636666666666667,2.3502429368705653
2026-06-02 10:36:00,1.7676249999999998,2.35610939165447
2026-06-02 10:38:00,1.7634166666666669,2.236210246686959
2026-06-02 10:40:00,1.7690000000000003,2.2734990328803524
2026-06-02 10:42:00,1.7675833333333333,2.274285744130687
2026-06-02 10:44:00,1.7684166666666667,2.269780807965142
2026-06-02 10:46:00,1.765875,2.266295812902769
2026-06-02 10:48:00,1.7666666666666673,2.265022370586399
2026-06-02 10:50:00,1.766125,2.2668522021001025
2026-06-02 10:52:00,1.7646249999999997,2.273623494935915
2026-06-02 10:54:00,1.7692500000000004,2.2942585414155108
2026-06-02 10:56:00,1.7661739130434786,2.3087957349997392
2026-06-02 10:58:00,1.767083333333333,2.3143950493697605
2026-06-02 11:00:00,1.7672916666666663,2.3201624122888163
2026-06-02 11:02:00,1.7659583333333335,2.3215623253851048
2026-06-02 11:04:00,1.7698333333333336,2.3224344366224967
2026-06-02 11:06:00,1.7700416666666665,2.3304247107589107
2026-06-02 11:08:00,1.7722916666666668,2.3396428281610486
2026-06-02 11:10:00,1.7675416666666666,2.3545643726597603
2026-06-02 11:12:00,1.7679583333333333,2.3661552002924235
2026-06-02 11:14:00,1.7655416666666672,2.371109707232503
2026-06-02 11:16:00,1.7664999999999997,2.3725704887674364
2026-06-02 11:18:00,1.765875,2.3725861520991294
2026-06-02 11:20:00,1.7610833333333333,2.3709760176839256
2026-06-02 11:22:00,1.7671250000000007,2.3663014871527963
2026-06-02 11:24:00,1.7640416666666667,2.3587201979455914
2026-06-02 11:26:00,1.7650833333333333,2.3511634455738273
2026-06-02 11:28:00,1.7673333333333334,2.346468319347363
2026-06-02 11:30:00,1.7621666666666664,2.344545222718417
2026-06-02 11:32:00,1.7621666666666667,2.3455210044637735
2026-06-02 11:34:00,1.7583749999999998,2.3515751695945237
2026-06-02 11:36:00,1.7558749999999999,2.182730212660261
2026-06-02 11:38:00,1.7542500000000005,2.2233338114471186
2026-06-02 11:40:00,1.7617391304347831,2.2513447583225714
2026-06-02 11:42:00,1.7577916666666662,2.248604749414434
2026-06-02 11:44:00,1.758416666666667,2.2436334978886823
2026-06-02 11:46:00,1.7408333333333335,2.2418602895751394
2026-06-02 11:48:00,1.7371666666666667,2.240999610349984
2026-06-02 11:50:00,1.744,2.238749798408811
2026-06-02 11:52:00,1.7404166666666665,2.2385324227919154
2026-06-02 11:54:00,1.7418333333333333,2.241022424052103
2026-06-02 11:56:00,1.74,2.236990730385845
2026-06-02 11:58:00,1.745208333333333,2.2345024091557035
2026-06-02 12:00:00,1.7357083333333332,2.231875441476674
2026-06-02 12:02:00,1.7398333333333333,2.231205186603317
2026-06-02 12:04:00,1.7364166666666667,2.231187786482604
2026-06-02 12:06:00,1.7366666666666666,1.8857921129447608
2026-06-02 12:08:00,1.7331666666666665,1.910788019279184
2026-06-02 12:10:00,1.733,1.9190419124617901
2026-06-02 12:12:00,1.727541666666667,1.9182656920908934
2026-06-02 12:14:00,1.7289166666666664,1.9182364915543266
2026-06-02 12:16:00,1.7232083333333332,1.919444578855146
2026-06-02 12:18:00,1.728416666666667,1.9204816337648445
2026-06-02 12:20:00,1.7244166666666665,1.922228311211274
2026-06-02 12:22:00,1.7154999999999998,1.9260369617031459
2026-06-02 12:24:00,1.7189166666666666,1.9305652237287014
2026-06-02 12:26:00,1.7169583333333331,1.9331895462640762
2026-06-02 12:28:00,1.721791666666667,1.9353202402778382
2026-06-02 12:30:00,1.7170000000000003,1.9380833003655447
2026-06-02 12:32:00,1.7152916666666664,1.9406527948709018
2026-06-02 12:34:00,1.7187083333333335,1.9418725949946773
2026-06-02 12:36:00,1.7185,1.8867365611740383
2026-06-02 12:38:00,1.7132916666666669,1.9457748633550425
2026-06-02 12:40:00,1.726478260869565,1.9522188611655484
2026-06-02 12:42:00,1.7148750000000004,1.9581890311583834
2026-06-02 12:44:00,1.716916666666667,1.9551524065847887
2026-06-02 12:46:00,1.7238333333333333,1.9552765805234285
2026-06-02 12:48:00,1.7136250000000004,1.9672895846741842
2026-06-02 12:50:00,1.7210416666666672,2.2309196292127287
2026-06-02 12:52:00,1.7119166666666663,2.232989803170366
2026-06-02 12:54:00,1.7143333333333335,2.232600335602155
2026-06-02 12:56:00,1.714791666666667,2.228214339288332
2026-06-02 12:58:00,1.72075,2.225703397197338
2026-06-02 13:00:00,1.7224166666666665,2.2199040390126674
2026-06-02 13:02:00,1.7204999999999995,2.219578196066789
2026-06-02 13:04:00,1.7185000000000004,2.220566967307897
2026-06-02 13:06:00,1.7202916666666666,1.868459514614709
2026-06-02 13:08:00,1.7175000000000002,1.9030926329037157
2026-06-02 13:10:00,1.7166956521739134,1.9174524393188344
2026-06-02 13:12:00,1.7182916666666666,1.9195134698347478
2026-06-02 13:14:00,1.7124999999999997,1.9170756263168154
2026-06-02 13:16:00,1.7187083333333335,1.916378277765411
2026-06-02 13:18:00,1.714625,1.9197412179937425
2026-06-02 13:20:00,1.7149583333333334,1.9245744394785067
2026-06-02 13:22:00,1.7186249999999996,1.9271219654986556
2026-06-02 13:24:00,1.7199999999999998,1.9274444606439665
2026-06-02 13:26:00,1.7177499999999999,1.9266989314718648
2026-06-02 13:28:00,1.7156249999999995,1.9253129613313271
2026-06-02 13:30:00,1.7195416666666665,1.9235686320367895
2026-06-02 13:32:00,1.7188333333333332,1.9216810932114505
2026-06-02 13:34:00,1.717625,1.9202210702182856
2026-06-02 13:36:00,1.7169583333333334,1.8775612880904546
2026-06-02 13:38:00,1.7160833333333334,1.9499658982398165
2026-06-02 13:40:00,1.7189130434782611,1.9532607127429995
2026-06-02 13:42:00,1.7133333333333336,1.9600570043045789
2026-06-02 13:44:00,1.7166250000000003,1.9571083791115975
2026-06-02 13:46:00,1.7089583333333336,1.9685513603480966
2026-06-02 13:48:00,1.7203333333333333,2.234313221374746
2026-06-02 13:50:00,1.7122916666666672,2.234176777507341
2026-06-02 13:52:00,1.7128750000000001,2.235434465908677
2026-06-02 13:54:00,1.7106666666666666,2.233115476814699
2026-06-02 13:56:00,1.7107916666666665,2.224513662536712
2026-06-02 13:58:00,1.7111249999999998,2.2203190262296912
2026-06-02 14:00:00,1.7122916666666665,2.2143023067064096
2026-06-02 14:02:00,1.7073333333333336,2.2142163299825883
2026-06-02 14:04:00,1.7081250000000001,2.2147564007217673
2026-06-02 14:06:00,1.7132499999999997,1.8616874260493703
2026-06-02 14:08:00,1.7079583333333337,1.8923062633762089
2026-06-02 14:10:00,1.7136956521739126,1.909608254948482
2026-06-02 14:12:00,1.7143749999999998,1.9146505587407219
2026-06-02 14:14:00,1.706875,1.9128603725266569
2026-06-02 14:16:00,1.7122083333333329,1.9130713862751407
2026-06-02 14:18:00,1.7076250000000004,1.917728278489145
2026-06-02 14:20:00,1.71,1.9202559307915334
2026-06-02 14:22:00,1.7065833333333336,1.9213855003168272
2026-06-02 14:24:00,1.7084999999999997,1.9224212622044075
2026-06-02 14:26:00,1.7072500000000002,1.924053091521861
2026-06-02 14:28:00,1.6843750000000004,1.9267775001619023
2026-06-02 14:30:00,1.6578333333333335,1.9298503212283882
2026-06-02 14:32:00,1.6635416666666665,1.9312487001710799
2026-06-02 14:34:00,1.6613749999999996,1.9293391075207345
2026-06-02 14:36:00,1.6614166666666668,1.858576363152491
2026-06-02 14:38:00,1.6655416666666663,1.9356351329445776
2026-06-02 14:40:00,1.6622173913043479,1.9576646759695397
2026-06-02 14:42:00,1.671375,1.958131490288222
2026-06-02 14:44:00,1.6664166666666669,1.9555199146676465
2026-06-02 14:46:00,1.669125,1.9574113220968652
2026-06-02 14:48:00,1.6669583333333333,2.235242094675868
2026-06-02 14:50:00,1.66925,2.234649452311721
2026-06-02 14:52:00,1.670791666666667,2.2356829191928433
2026-06-02 14:54:00,1.6671666666666665,2.2327159371434226
2026-06-02 14:56:00,1.67225,2.2191498204594478
2026-06-02 14:58:00,1.6744999999999999,2.216106257736266
2026-06-02 15:00:00,1.6704583333333327,2.2129613968527044
2026-06-02 15:02:00,1.6726249999999998,2.213425020494639
2026-06-02 15:04:00,1.666875,2.21396917250584
2026-06-02 15:06:00,1.6661666666666666,1.8404172797597718
2026-06-02 15:08:00,1.6679166666666665,1.8574051175454505
2026-06-02 15:10:00,1.665,1.880444061969042
2026-06-02 15:12:00,1.6636250000000006,1.8967584184087876
2026-06-02 15:14:00,1.669625,1.9073447328725874
2026-06-02 15:16:00,1.6656666666666666,1.9120913115639278
2026-06-02 15:18:00,1.6684166666666664,1.915622221506824
2026-06-02 15:20:00,1.6666249999999998,1.9188911968797724
2026-06-02 15:22:00,1.6706249999999996,1.9245702430212968
2026-06-02 15:24:00,1.6624999999999999,1.9316378098002494
2026-06-02 15:26:00,1.6619166666666665,1.9363386590052936
2026-06-02 15:28:00,1.6720416666666666,1.937935873743677
2026-06-02 15:30:00,1.6736249999999997,1.9371851529679271
2026-06-02 15:32:00,1.6684999999999999,1.9343903644453568
2026-06-02 15:34:00,1.664875,1.9288152722968814
2026-06-02 15:36:00,1.67,1.8170708557787436
2026-06-02 15:38:00,1.665333333333333,1.92175763493627
2026-06-02 15:40:00,1.663916666666667,1.9435227544866711
2026-06-02 15:42:00,1.6570869565217394,1.9530074343559929
2026-06-02 15:44:00,1.654625,1.9563869963933076
2026-06-02 15:46:00,1.660375,2.2321660626260336
2026-06-02 15:48:00,1.6607916666666667,2.2340008977207266
2026-06-02 15:50:00,1.6507083333333334,2.2338996558281896
2026-06-02 15:52:00,1.6249583333333335,2.23573844691373
2026-06-02 15:54:00,1.627375,2.231621499826111
2026-06-02 15:56:00,1.6298750000000002,2.215089495396747
2026-06-02 15:58:00,1.6265416666666663,2.2105732038837385
2026-06-02 16:00:00,1.6255416666666669,2.2031943008632977
2026-06-02 16:02:00,1.6244583333333331,2.202985603014496
2026-06-02 16:04:00,1.639875,2.202928893245059
2026-06-02 16:06:00,1.6304166666666668,1.7908196797476772
2026-06-02 16:08:00,1.6311250000000002,1.8305636968955001
2026-06-02 16:10:00,1.6419583333333334,1.838426641941081
2026-06-02 16:12:00,1.623458333333333,1.834404471315267
2026-06-02 16:14:00,1.6327083333333328,1.8360756080029257
2026-06-02 16:16:00,1.631916666666667,1.8462508379512592
2026-06-02 16:18:00,1.6331666666666669,1.8601548688711025
2026-06-02 16:20:00,1.6315833333333334,1.877450354589757
2026-06-02 16:22:00,1.6327916666666669,1.8957523648036498
2026-06-02 16:24:00,1.63175,1.9055446082240801
2026-06-02 16:26:00,1.6332083333333332,1.90941557274833
2026-06-02 16:28:00,1.6294583333333332,1.9113911686941591
2026-06-02 16:30:00,1.6351250000000002,1.9130036717089176
2026-06-02 16:32:00,1.63525,1.9123455815936827
2026-06-02 16:34:00,1.6375833333333336,1.906150271613401
2026-06-02 16:36:00,1.6376956521739128,1.7885844997341673
2026-06-02 16:38:00,1.6425,1.8649549922401358
2026-06-02 16:40:00,1.6401666666666668,1.9031694793326577
2026-06-02 16:42:00,1.6359583333333336,2.107867062282026
2026-06-02 16:44:00,1.6490416666666663,2.2602163766880987
2026-06-02 16:46:00,1.6392499999999997,2.2327707405827906
2026-06-02 16:48:00,1.6376666666666662,2.2272719585251592
2026-06-02 16:50:00,1.641375,2.2260467376479385
2026-06-02 16:52:00,1.6425,2.2284661792476945
2026-06-02 16:54:00,1.6403333333333336,2.2189485152646307
2026-06-02 16:56:00,1.6419999999999997,2.2042631577906167
2026-06-02 16:58:00,1.6431250000000002,2.185097143513108
2026-06-02 17:00:00,1.6408749999999994,2.0945292583256916
2026-06-02 17:02:00,1.6410416666666665,2.0769726691738377
2026-06-02 17:04:00,1.6381249999999996,2.0703561961071166
2026-06-02 17:06:00,1.6421666666666666,1.776536863337138
2026-06-02 17:08:00,1.6425833333333333,1.8034892910001872
2026-06-02 17:10:00,1.644291666666667,1.7978903406251707
2026-06-02 17:12:00,1.6383333333333336,1.7921271633400138
2026-06-02 17:14:00,1.6430833333333335,1.791966917278253
2026-06-02 17:16:00,1.6397083333333338,1.794148336338002
2026-06-02 17:18:00,1.6402916666666671,1.7953132534787488
2026-06-02 17:20:00,1.6431666666666664,1.7949731043012485
2026-06-02 17:22:00,1.6410416666666663,1.7939668907712287
2026-06-02 17:24:00,1.6358749999999997,1.7928654126309262
2026-06-02 17:26:00,1.634125,1.7922301763868784
2026-06-02 17:28:00,1.63525,1.7921010796817476
2026-06-02 17:30:00,1.6210416666666665,1.7918103156957998
2026-06-02 17:32:00,1.6180869565217393,1.79020007768921
2026-06-02 17:34:00,1.6163333333333334,1.7863215866127125
2026-06-02 17:36:00,1.6087083333333334,1.7811042766982086
2026-06-02 17:38:00,1.6087916666666668,1.8445145374548058
2026-06-02 17:40:00,1.609875,1.8644555171722992
2026-06-02 17:42:00,1.610875,1.8929760037603474
2026-06-02 17:44:00,1.6083333333333332,1.9317434136668747
2026-06-02 17:46:00,1.5946250000000004,1.9631858850792987
2026-06-02 17:48:00,1.586666666666667,1.97170327978072
2026-06-02 17:50:00,1.5824583333333333,2.1744636565983666
2026-06-02 17:52:00,1.5918333333333337,2.1714063037748743
2026-06-02 17:54:00,1.5799583333333331,2.109666055799527
2026-06-02 17:56:00,1.5769583333333335,2.05693295951348
2026-06-02 17:58:00,1.5830416666666667,2.0391416912702285
2026-06-02 18:00:00,1.574625,2.0121398390682894
2026-06-02 18:02:00,1.5807916666666666,2.0104611868110998
2026-06-02 18:04:00,1.5795416666666666,2.008567528752017
2026-06-02 18:06:00,1.5817500000000004,1.7340188156369365
2026-06-02 18:08:00,1.5807916666666666,1.7697629487957185
2026-06-02 18:10:00,1.5766250000000002,1.7972113997900798
2026-06-02 18:12:00,1.5837391304347823,1.8000052281053927
2026-06-02 18:14:00,1.583375,1.7914305084638937
2026-06-02 18:16:00,1.5875000000000001,1.7880226389199865
2026-06-02 18:18:00,1.5827083333333336,1.7885466205342362
2026-06-02 18:20:00,1.5785833333333332,1.790890985910834
2026-06-02 18:22:00,1.5798749999999997,1.7943778254703098
2026-06-02 18:24:00,1.5789583333333335,1.7982385518040382
2026-06-02 18:26:00,1.5766249999999997,1.8012336985476833
2026-06-02 18:28:00,1.582583333333333,1.803197951093175
2026-06-02 18:30:00,1.6360000000000001,1.804253913136007
2026-06-02 18:32:00,1.6148749999999998,1.8038719993139152
2026-06-02 18:34:00,1.6087916666666666,1.8021845621305592
2026-06-02 18:36:00,1.6010416666666665,1.7651011053128922
2026-06-02 18:38:00,1.5987500000000001,1.8636696125809666
2026-06-02 18:40:00,1.5917500000000002,1.881268526619494
2026-06-02 18:42:00,1.5695000000000003,1.8743158010838794
2026-06-02 18:44:00,1.5735000000000003,1.8634113707189104
2026-06-02 18:46:00,1.5735000000000001,1.8745360514401912
2026-06-02 18:48:00,1.5722499999999997,1.878363499455141
2026-06-02 18:50:00,1.5771666666666666,1.8777398491230284
2026-06-02 18:52:00,1.5751739130434783,1.8702447426851978
2026-06-02 18:54:00,1.5685416666666663,1.8354349345775256
2026-06-02 18:56:00,1.6603750000000002,1.8187515018576303
2026-06-02 18:58:00,1.856166666666667,1.8178975447847612
2026-06-02 19:00:00,1.850583333333333,1.8179570050580565
2026-06-02 19:02:00,1.8403333333333338,1.8213445138017983
2026-06-02 19:04:00,1.833375,1.8238490579556297
2026-06-02 19:06:00,1.8257083333333333,1.9784686966000335
2026-06-02 19:08:00,1.8244583333333333,1.9929955804750237
2026-06-02 19:10:00,1.824041666666667,1.9963762314550373
2026-06-02 19:12:00,1.823333333333334,1.9981156405523397
2026-06-02 19:14:00,1.8138750000000001,2.0000528621238898
2026-06-02 19:16:00,1.8163333333333334,2.003688390474884
2026-06-02 19:18:00,1.8168749999999998,2.007558534648016
2026-06-02 19:20:00,1.8129583333333334,2.0108472752619413
2026-06-02 19:22:00,1.8104166666666668,2.013318294185975
2026-06-02 19:24:00,1.8075833333333335,2.0149967288409614
2026-06-02 19:26:00,1.810208333333333,2.016319186667021
2026-06-02 19:28:00,1.8109565217391306,2.0173795088430246
2026-06-02 19:30:00,1.8027083333333331,2.0180022879483204
2026-06-02 19:32:00,1.806166666666667,2.0173536880373186
2026-06-02 19:34:00,1.8083333333333333,2.015634960330596
2026-06-02 19:36:00,1.813208333333333,1.855849680707865
2026-06-02 19:38:00,1.8097499999999995,1.9219535204952258
2026-06-02 19:40:00,1.8135833333333335,1.934896248752182
2026-06-02 19:42:00,1.808708333333333,1.9425183210399912
2026-06-02 19:44:00,1.8133749999999997,1.9470779654989807
2026-06-02 19:46:00,1.8141666666666667,1.9504619348878562
2026-06-02 19:48:00,1.806,1.9556217246666445
2026-06-02 19:50:00,1.8120833333333337,1.9605621827756068
2026-06-02 19:52:00,1.8105416666666665,1.9537539152559233
2026-06-02 19:54:00,1.8127500000000003,1.8941332175152725
2026-06-02 19:56:00,1.805,1.871642231055954
2026-06-02 19:58:00,1.8163333333333334,1.868752471587466
2026-06-02 20:00:00,1.8081249999999998,1.8701299538384557
2026-06-02 20:02:00,1.812083333333333,1.8713192857567746
2026-06-02 20:04:00,1.8090000000000004,1.8723121536046177
2026-06-02 20:06:00,1.8066666666666666,1.8302552299187382
2026-06-02 20:08:00,1.8128260869565218,1.8255357708013353
2026-06-02 20:10:00,1.8119166666666666,1.8350272110804846
2026-06-02 20:12:00,1.8127499999999996,1.8396979283464479
2026-06-02 20:14:00,1.8159166666666666,1.8436475440853186
2026-06-02 20:16:00,1.8127916666666666,1.847258128983687
2026-06-02 20:18:00,1.8142083333333332,1.8503509769655377
2026-06-02 20:20:00,1.8084999999999998,1.852948328737828
2026-06-02 20:22:00,1.807791666666666,1.855273403853195
2026-06-02 20:24:00,1.8102500000000001,1.8575767348203138
2026-06-02 20:26:00,1.8127916666666666,1.8599939338263392
2026-06-02 20:28:00,1.8064999999999998,1.8624968446151344
2026-06-02 20:30:00,1.8107916666666668,1.8646887764343414
2026-06-02 20:32:00,1.8095416666666664,1.8656345640098333
2026-06-02 20:34:00,1.8105,1.8648801400368298
2026-06-02 20:36:00,1.8056666666666665,1.8463976662126511
2026-06-02 20:38:00,1.8034583333333332,2.070977986788904
2026-06-02 20:40:00,1.8097916666666667,2.0882870535919222
2026-06-02 20:42:00,1.8090416666666662,2.1025480392603635
2026-06-02 20:44:00,1.801333333333333,2.1115276158005445
2026-06-02 20:46:00,1.8059166666666666,2.119204711991604
2026-06-02 20:48:00,1.809041666666667,2.1284136916619096
2026-06-02 20:50:00,1.8032500000000002,2.1358936200239502
2026-06-02 20:52:00,1.809086956521739,2.130107676439967
2026-06-02 20:54:00,1.8039166666666668,1.9004749039238442
2026-06-02 20:56:00,1.8050833333333334,1.8748351656930475
2026-06-02 20:58:00,1.8012083333333333,1.8716408068188362
2026-06-02 21:00:00,1.7994583333333332,1.8739075148240658
2026-06-02 21:02:00,1.800166666666667,1.8752947447443518
2026-06-02 21:04:00,1.7999583333333329,1.8765852077389498
2026-06-02 21:06:00,1.8082916666666664,1.8304819913935821
2026-06-02 21:08:00,1.8036249999999996,1.8244191474352056
2026-06-02 21:10:00,1.8054583333333338,1.8343648435327045
2026-06-02 21:12:00,1.803625,1.8408891025846306
2026-06-02 21:14:00,1.79925,1.8450698640356498
2026-06-02 21:16:00,1.8036249999999996,1.8486671188233574
2026-06-02 21:18:00,1.7999166666666666,1.8518891836568452
2026-06-02 21:20:00,1.7945416666666667,1.8549507637166158
2026-06-02 21:22:00,1.7972500000000002,1.8579419481317825
2026-06-02 21:24:00,1.7991666666666666,1.8607808857941401
2026-06-02 21:26:00,1.8003333333333333,1.8634342385588683
2026-06-02 21:28:00,1.8015,1.8659554269436307
2026-06-02 21:30:00,1.799875,1.8681637128426778
2026-06-02 21:32:00,1.7997499999999997,1.8693344324596606
2026-06-02 21:34:00,1.8001666666666665,1.8693079453703068
2026-06-02 21:36:00,1.793173913043478,1.8450633258356008
2026-06-02 21:38:00,1.8047083333333331,1.919534699718587
2026-06-02 21:40:00,1.795,1.93642221631648
2026-06-02 21:42:00,1.797375,1.9545395876528857
2026-06-02 21:44:00,1.7961666666666665,1.965655763348462
2026-06-02 21:46:00,1.7995833333333333,1.9760434406462828
2026-06-02 21:48:00,1.7949166666666663,1.9872519709320111
2026-06-02 21:50:00,1.7932083333333333,1.9936569628492702
2026-06-02 21:52:00,1.7969583333333334,1.985905614429488
2026-06-02 21:54:00,1.7905416666666667,1.9035916578293466
2026-06-02 21:56:00,1.7921250000000002,1.87258462255159
2026-06-02 21:58:00,1.7884166666666665,1.8672090297613566
2026-06-02 22:00:00,1.7916250000000007,1.8701012643750627
2026-06-02 22:02:00,1.7915,1.8714774113517865
2026-06-02 22:04:00,1.7942500000000001,1.8730637180463308
2026-06-02 22:06:00,1.7889166666666665,1.8334296683775735
2026-06-02 22:08:00,1.79275,1.8283900733798528
2026-06-02 22:10:00,1.7902916666666668,1.8370189790371765
2026-06-02 22:12:00,1.787375,1.8427964888874615
2026-06-02 22:14:00,1.785,1.8464780485179568
2026-06-02 22:16:00,1.778791666666666,1.8493125694056565
2026-06-02 22:18:00,1.7860000000000003,1.8518766634717858
2026-06-02 22:20:00,1.7869999999999997,1.85452447768075
2026-06-02 22:22:00,1.7832916666666663,1.857120433781263
2026-06-02 22:24:00,1.7840833333333332,1.8593961623375415
2026-06-02 22:26:00,1.790916666666666,1.8612507959943383
2026-06-02 22:28:00,1.790695652173913,1.8626551702606393
2026-06-02 22:30:00,1.7866666666666668,1.863459641857209
2026-06-02 22:32:00,1.785375,1.863268271960836
2026-06-02 22:34:00,1.7788750000000002,1.8627601196828063
2026-06-02 22:36:00,1.789125,1.8552780670441051
2026-06-02 22:38:00,1.7900000000000007,1.922444263726633
2026-06-02 22:40:00,1.7875416666666661,1.9446603135989968
2026-06-02 22:42:00,1.7882916666666662,1.9730716131917985
2026-06-02 22:44:00,1.7855416666666664,1.9879041617454773
2026-06-02 22:46:00,1.7825416666666667,1.9933813835637244
2026-06-02 22:48:00,1.7864583333333337,1.9963115004556016
2026-06-02 22:50:00,1.7905833333333334,1.9986544097591525
2026-06-02 22:52:00,1.784041666666667,1.9962767178641385
2026-06-02 22:54:00,1.788541666666667,1.9152447213219594
2026-06-02 22:56:00,1.7849583333333328,1.8770737671748459
2026-06-02 22:58:00,1.7871249999999996,1.8701126195899036
2026-06-02 23:00:00,1.7837083333333332,1.8748422272316718
2026-06-02 23:02:00,1.7877916666666664,1.8762748868888286
2026-06-02 23:04:00,1.788083333333333,1.8784970375172663
2026-06-02 23:06:00,1.7830833333333336,1.836114032868694
2026-06-02 23:08:00,1.7867500000000003,1.8365305810328474
2026-06-02 23:10:00,1.784041666666666,1.8426820506080457
2026-06-02 23:12:00,1.7880833333333335,1.8484427580208775
2026-06-02 23:14:00,1.7936249999999996,1.8522905672625984
2026-06-02 23:16:00,1.792083333333333,1.8547084100998525
2026-06-02 23:18:00,1.7872916666666667,1.856605634296493
2026-06-02 23:20:00,1.7906250000000001,1.8581700384946662
2026-06-02 23:22:00,1.7922083333333336,1.8593721370114813
2026-06-02 23:24:00,1.7993478260869562,1.8602831826788018
2026-06-02 23:26:00,1.7907499999999994,1.8609557414971587
2026-06-02 23:28:00,1.7907499999999998,1.861363672562384
2026-06-02 23:30:00,1.7769583333333332,1.8612961867541589
2026-06-02 23:32:00,1.7725833333333327,1.8602540764826583
2026-06-02 23:34:00,1.7772916666666667,1.8590071687491254
2026-06-02 23:36:00,1.782958333333333,1.8598280080628522
2026-06-02 23:38:00,1.774708333333333,1.9177547802103703
2026-06-02 23:40:00,1.7792500000000004,1.9497838248101211
2026-06-02 23:42:00,1.77525,1.982146992370477
2026-06-02 23:44:00,1.7785416666666667,1.9913758094576237
2026-06-02 23:46:00,1.7659999999999998,1.9947864270997524
2026-06-02 23:48:00,1.7658749999999996,1.996827428536619
2026-06-02 23:50:00,1.76575,1.9992441387806072
2026-06-02 23:52:00,1.762583333333333,2.000333696840672
2026-06-02 23:54:00,1.7694583333333334,1.930246190930105
2026-06-02 23:56:00,1.7712500000000002,1.8851288869104648
2026-06-02 23:58:00,1.7698333333333334,1.8761418377890313
2026-06-03 00:00:00,1.7719166666666666,1.8844706232724682
2026-06-03 00:02:00,1.7690833333333336,1.88597524445675
2026-06-03 00:04:00,1.7695833333333333,1.8889079398392137
2026-06-03 00:06:00,1.7715416666666666,1.8478171898079403
2026-06-03 00:08:00,1.7693333333333332,1.8547724401165417
2026-06-03 00:10:00,1.773208333333333,1.8589697553444138
2026-06-03 00:12:00,1.7741739130434782,1.8645873167136473
2026-06-03 00:14:00,1.7711666666666668,1.8679433476456213
2026-06-03 00:16:00,1.7764166666666668,1.8700411858864086
2026-06-03 00:18:00,1.775125,1.8713649234365177
2026-06-03 00:20:00,1.7701250000000002,1.8723111232304401
2026-06-03 00:22:00,1.768416666666667,1.873033123578871
2026-06-03 00:24:00,1.7713750000000001,1.8736068644229071
2026-06-03 00:26:00,1.7701666666666667,1.8740041779197902
2026-06-03 00:28:00,1.77175,1.8740888611199091
2026-06-03 00:30:00,1.7653333333333332,1.873485806031675
2026-06-03 00:32:00,1.766791666666667,1.8714614168531056
2026-06-03 00:34:00,1.759625,1.869436845479409
2026-06-03 00:36:00,1.7549166666666667,1.871338006991972
2026-06-03 00:38:00,1.758,1.9181610357956393
2026-06-03 00:40:00,1.7560416666666665,1.9404743833704456
2026-06-03 00:42:00,1.7521250000000002,1.9627412850726988
2026-06-03 00:44:00,1.7461250000000001,1.9751459986064264
2026-06-03 00:46:00,1.7430416666666664,1.981896003538437
2026-06-03 00:48:00,1.7428333333333335,1.98524958397048
2026-06-03 00:50:00,1.7453478260869562,1.9885033473822173
2026-06-03 00:52:00,1.7439583333333333,1.9935750920897783
2026-06-03 00:54:00,1.742916666666667,1.9467673465858781
2026-06-03 00:56:00,1.7362916666666663,1.8939892803734701
2026-06-03 00:58:00,1.7305416666666664,1.887034837431396
2026-06-03 01:00:00,1.7277083333333332,1.892992099163514
2026-06-03 01:02:00,1.7248750000000002,1.8909100388977986
2026-06-03 01:04:00,1.7253333333333332,1.8906079644028024
2026-06-03 01:06:00,1.7353750000000001,1.8631258230078551
2026-06-03 01:08:00,1.7439583333333333,1.8717591474772812
2026-06-03 01:10:00,1.7413750000000003,1.8701336099919883
2026-06-03 01:12:00,1.7457083333333336,1.8760625794625954
2026-06-03 01:14:00,1.7337916666666662,1.879733253818958
2026-06-03 01:16:00,1.7133333333333338,1.8817826333472925
2026-06-03 01:18:00,1.7045833333333336,1.882852755656234
2026-06-03 01:20:00,1.7080434782608698,1.8839620771489667
2026-06-03 01:22:00,1.7007500000000002,1.8852241167269714
2026-06-03 01:24:00,1.689166666666667,1.8865352515739415
2026-06-03 01:26:00,1.6792499999999997,1.8877610853364652
2026-06-03 01:28:00,1.6603333333333332,1.8887486977016292
2026-06-03 01:30:00,1.6532916666666664,1.889128540629613
2026-06-03 01:32:00,1.646958333333334,1.887938251499049
2026-06-03 01:34:00,1.6370833333333337,1.8862764179687581
2026-06-03 01:36:00,1.6206666666666667,1.8575991615055534
2026-06-03 01:38:00,1.5842083333333334,1.905558599096916
2026-06-03 01:40:00,1.5799999999999998,1.9280876099201785
2026-06-03 01:42:00,1.5700833333333335,1.9394262898533354
2026-06-03 01:44:00,1.654625,1.9440521349243929
2026-06-03 01:46:00,1.7246666666666666,1.9453704399882255
2026-06-03 01:48:00,1.7254166666666666,1.945236076175111
2026-06-03 01:50:00,1.7192083333333328,1.9454239783798102
2026-06-03 01:52:00,1.7222916666666663,1.943453589303054
2026-06-03 01:54:00,1.7197826086956522,1.9158279339755682
2026-06-03 01:56:00,1.7176250000000006,1.8866074717920907
2026-06-03 01:58:00,1.7151250000000005,1.8859290418775185
2026-06-03 02:00:00,1.718125,1.8916343120965518
2026-06-03 02:02:00,1.7259166666666665,1.894418037410109
2026-06-03 02:04:00,1.7226249999999999,1.8956017548284203
2026-06-03 02:06:00,1.717666666666667,1.8669298034204986
2026-06-03 02:08:00,1.7231250000000005,1.885402049972378
2026-06-03 02:10:00,1.719541666666667,1.880429229246298
2026-06-03 02:12:00,1.7169166666666664,1.8804082143466663
2026-06-03 02:14:00,1.7185416666666669,1.884579109525799
2026-06-03 02:16:00,1.7164166666666665,1.8863083783174657
2026-06-03 02:18:00,1.7146666666666668,1.8873030516464553
2026-06-03 02:20:00,1.7172916666666669,1.8881529212923038
2026-06-03 02:22:00,1.715416666666667,1.8891352676479305
2026-06-03 02:24:00,1.7179130434782608,1.8901534768559511
2026-06-03 02:26:00,1.7194583333333338,1.891151289608178
2026-06-03 02:28:00,1.7178750000000003,1.8920523091433419
2026-06-03 02:30:00,1.7217916666666662,1.8926091648620755
2026-06-03 02:32:00,1.7130833333333335,1.8920703093074618
2026-06-03 02:34:00,1.7177500000000003,1.8910364111917302
2026-06-03 02:36:00,1.7155416666666665,1.8850471496388341
2026-06-03 02:38:00,1.7158749999999998,1.9140275936469067
2026-06-03 02:40:00,1.7130833333333335,1.9215073088777335
2026-06-03 02:42:00,1.7143333333333335,1.9296508851778018
2026-06-03 02:44:00,1.7096666666666671,1.939572568186138
2026-06-03 02:46:00,1.7071250000000002,1.9474543306046
2026-06-03 02:48:00,1.690458333333333,1.951590453544168
2026-06-03 02:50:00,1.6937916666666666,1.9586211510484168
2026-06-03 02:52:00,1.694652173913044,1.97191308759313
2026-06-03 02:54:00,1.6781666666666666,1.9616206951740582
2026-06-03 02:56:00,1.6650416666666665,1.916719828850601
2026-06-03 02:58:00,1.6647083333333332,1.9110988188900757
2026-06-03 03:00:00,1.6667499999999997,1.9101062268683904
2026-06-03 03:02:00,1.6624999999999999,1.9090097068495155
2026-06-03 03:04:00,1.6633750000000003,1.906727845522738
2026-06-03 03:06:00,1.6687083333333332,1.8563952289103656
2026-06-03 03:08:00,1.6669166666666666,1.8843825312627402
2026-06-03 03:10:00,1.66425,1.8874472275131788
2026-06-03 03:12:00,1.6691666666666665,1.890137502720399
2026-06-03 03:14:00,1.6689583333333333,1.8952647977967054
2026-06-03 03:16:00,1.6564583333333331,1.897582586822521
2026-06-03 03:18:00,1.6521666666666668,1.8984584723298326
2026-06-03 03:20:00,1.6540833333333333,1.8990714971821185
2026-06-03 03:22:00,1.6538333333333328,1.8995869214543168
2026-06-03 03:24:00,1.641916666666667,1.9000286793594197
2026-06-03 03:26:00,1.6477500000000003,1.9004388179590312
2026-06-03 03:28:00,1.6337391304347824,1.9008426678097892
2026-06-03 03:30:00,1.6267916666666666,1.901163465343474
2026-06-03 03:32:00,1.6227083333333334,1.900976974187603
2026-06-03 03:34:00,1.619791666666667,1.9001067857669192
2026-06-03 03:36:00,1.6260833333333335,1.8403249562576824
2026-06-03 03:38:00,1.6226666666666665,1.9170785646304636
2026-06-03 03:40:00,1.6159583333333334,1.9270493586062276
2026-06-03 03:42:00,1.596541666666667,1.933572234883597
2026-06-03 03:44:00,1.5795416666666668,1.936718037841355
2026-06-03 03:46:00,1.5811666666666666,1.9371084294527077
2026-06-03 03:48:00,1.5849166666666672,1.9370852448418359
2026-06-03 03:50:00,1.57875,1.9377707268533308
2026-06-03 03:52:00,1.582291666666667,1.9370889083910303
2026-06-03 03:54:00,1.5765416666666667,1.9080047769552082
2026-06-03 03:56:00,1.5697083333333337,1.888913398721608
2026-06-03 03:58:00,1.575666666666667,1.8885618118575027
2026-06-03 04:00:00,1.5781250000000002,1.888440913349312
2026-06-03 04:02:00,1.5718333333333339,1.8899629329133172
2026-06-03 04:04:00,1.5726250000000002,1.8904203129548958
2026-06-03 04:06:00,1.5737083333333333,1.7292831974879606
2026-06-03 04:08:00,1.5607391304347826,1.8076977288148213
2026-06-03 04:10:00,1.6053750000000002,1.8451977050255401
2026-06-03 04:12:00,1.6274999999999997,1.8567297233789444
2026-06-03 04:14:00,1.6019583333333334,1.856080769545828
2026-06-03 04:16:00,1.58525,1.8647328885090075
2026-06-03 04:18:00,1.6992083333333337,1.877296572219134
2026-06-03 04:20:00,1.702,1.8844441669979533
2026-06-03 04:22:00,1.6830416666666663,1.887177096153161
2026-06-03 04:24:00,1.6824166666666667,1.8880733597685562
2026-06-03 04:26:00,1.6774583333333337,1.8883974154894365
2026-06-03 04:28:00,1.6720833333333331,1.8885373068952387
2026-06-03 04:30:00,1.6755000000000002,1.8884067377523963
2026-06-03 04:32:00,1.6674999999999998,1.887445463236242
2026-06-03 04:34:00,1.6688260869565215,1.8858811523760104
2026-06-03 04:36:00,1.6685416666666664,1.8377139536627123
2026-06-03 04:38:00,1.6649583333333335,1.9028550452261188
2026-06-03 04:40:00,1.664208333333333,1.9158726592854092
2026-06-03 04:42:00,1.6742083333333329,1.925038738307768
2026-06-03 04:44:00,1.6702499999999996,1.9298090772059597
2026-06-03 04:46:00,1.670375,1.9326743232235253
2026-06-03 04:48:00,1.664208333333333,1.9357826334518062
2026-06-03 04:50:00,1.6642916666666663,1.9403850654003296
2026-06-03 04:52:00,1.6591666666666665,1.9469130739358742
2026-06-03 04:54:00,1.6544166666666664,1.9310880618046262
2026-06-03 04:56:00,1.6592083333333332,1.9057425309773146
2026-06-03 04:58:00,1.659791666666667,1.904007423519695
2026-06-03 05:00:00,1.6479999999999995,1.902288205126788
2026-06-03 05:02:00,1.6443333333333332,1.9044438298467818
2026-06-03 05:04:00,1.6428333333333336,1.9067393628859541
2026-06-03 05:06:00,1.6443333333333332,1.8027236494936818
2026-06-03 05:08:00,1.6419166666666662,1.8453566118308402
2026-06-03 05:10:00,1.6354166666666667,1.8679552866324018
2026-06-03 05:12:00,1.6367391304347827,1.8812059501893301
2026-06-03 05:14:00,1.6351666666666669,1.8882837890824444
2026-06-03 05:16:00,1.63275,1.8901929899641543
2026-06-03 05:18:00,1.6299999999999997,1.8903478081639011
2026-06-03 05:20:00,1.628916666666667,1.8902359550497327
2026-06-03 05:22:00,1.6256666666666666,1.8900427662687926
2026-06-03 05:24:00,1.63025,1.889794414249419
2026-06-03 05:26:00,1.6254999999999997,1.8894797242740686
2026-06-03 05:28:00,1.621791666666666,1.8890218627204116
2026-06-03 05:30:00,1.6189166666666663,1.8881002083445892
2026-06-03 05:32:00,1.6163749999999995,1.8855907958903746
2026-06-03 05:34:00,1.614208333333333,1.8804928916163328
2026-06-03 05:36:00,1.6105833333333335,1.7762987468500901
2026-06-03 05:38:00,1.6052499999999998,1.863050351032494
2026-06-03 05:40:00,1.6043749999999999,1.8956042100534765
2026-06-03 05:42:00,1.598375,1.9210573851521318
2026-06-03 05:44:00,1.6000000000000003,1.9297903211548546
2026-06-03 05:46:00,1.6019583333333332,1.932169511990165
2026-06-03 05:48:00,1.6009583333333335,1.9329465914305322
2026-06-03 05:50:00,1.5989166666666668,1.9349212554295039
2026-06-03 05:52:00,1.5972916666666668,1.9387124874759187
2026-06-03 05:54:00,1.600083333333333,1.9087577855710465
2026-06-03 05:56:00,1.6037083333333333,1.8851540856791185
2026-06-03 05:58:00,1.6039999999999999,1.8847946912820146
2026-06-03 06:00:00,1.6035416666666664,1.8790724385496176
2026-06-03 06:02:00,1.5982173913043483,1.8795102277632116
2026-06-03 06:04:00,1.596916666666667,1.880324946676045
2026-06-03 06:06:00,1.6025833333333332,1.6921117253731428
2026-06-03 06:08:00,1.6029166666666665,1.734760669775882
2026-06-03 06:10:00,1.60875,1.7733291086239131
2026-06-03 06:12:00,1.6005833333333335,1.811213698113796
2026-06-03 06:14:00,1.5944166666666666,1.8443102542522631
2026-06-03 06:16:00,1.6064583333333333,1.8642618404876072
2026-06-03 06:18:00,1.6027083333333334,1.8709667441349702
2026-06-03 06:20:00,1.6021250000000002,1.8719572982044688
2026-06-03 06:22:00,1.6043750000000003,1.8721648557663872
2026-06-03 06:24:00,1.609125,1.8723266658022615
2026-06-03 06:26:00,1.6096249999999996,1.8722730070187652
2026-06-03 06:28:00,1.6097083333333329,1.8718449198152893
2026-06-03 06:30:00,1.6145833333333328,1.870714952558971
2026-06-03 06:32:00,1.60525,1.8679918578610368
2026-06-03 06:34:00,1.6090416666666665,1.8645631364795874
2026-06-03 06:36:00,1.6043750000000003,1.715263158052559
2026-06-03 06:38:00,1.6074583333333334,1.7792025736232693
2026-06-03 06:40:00,1.6053750000000004,1.8149955946858252
2026-06-03 06:42:00,1.606791666666667,1.8814020080061498
2026-06-03 06:44:00,1.6062500000000004,1.9184006304493575
2026-06-03 06:46:00,1.6076250000000003,1.931374880281617
2026-06-03 06:48:00,1.6077083333333333,1.9363980339512148
2026-06-03 06:50:00,1.606625,1.9402763911902683
2026-06-03 06:52:00,1.6113043478260873,1.9455205393699753
2026-06-03 06:54:00,1.6157083333333333,1.9210280224650012
2026-06-03 06:56:00,1.6140416666666668,1.8879479143884366
2026-06-03 06:58:00,1.618458333333333,1.8884934854813205
2026-06-03 07:00:00,1.6098333333333332,1.8793090936549504
2026-06-03 07:02:00,1.6155000000000002,1.8740902096415784
2026-06-03 07:04:00,1.6208750000000005,1.8735261010037019
2026-06-03 07:06:00,1.6183333333333334,1.7036257058982744
2026-06-03 07:08:00,1.6215833333333334,1.739478151512068
2026-06-03 07:10:00,1.6132083333333334,1.7637939688480653
2026-06-03 07:12:00,1.6145833333333333,1.7848353191387856
2026-06-03 07:14:00,1.613041666666667,1.8074862515347463
2026-06-03 07:16:00,1.6152083333333334,1.8269366325418726
2026-06-03 07:18:00,1.6191250000000001,1.8351015067850192
2026-06-03 07:20:00,1.6162916666666665,1.8385398859265645
2026-06-03 07:22:00,1.6117083333333333,1.8408421391995464
2026-06-03 07:24:00,1.6214166666666667,1.8419657714949722
2026-06-03 07:26:00,1.6188333333333336,1.8417610020630792
2026-06-03 07:28:00,1.617208333333333,1.8403782449598367
2026-06-03 07:30:00,1.5434999999999999,1.8372760435308817
2026-06-03 07:32:00,2.6488750000000003,1.8308552135681866
2026-06-03 07:34:00,2.7855217391304343,1.8209781850545599
2026-06-03 07:36:00,2.335083333333333,1.8534138732111896
2026-06-03 07:38:00,2.650625,1.8618544646056776
2026-06-03 07:40:00,2.6582500000000002,1.9039089143337777
2026-06-03 07:42:00,2.648875,1.926272318829893
2026-06-03 07:44:00,2.6789166666666664,1.9245035563067212
2026-06-03 07:46:00,2.5160416666666667,1.9259631331816334
2026-06-03 07:48:00,2.6817083333333334,1.9294447478771903
2026-06-03 07:50:00,2.6777083333333334,1.9316842255930264
2026-06-03 07:52:00,1.3960833333333331,1.9332988122811894
2026-06-03 07:54:00,0.7772083333333333,1.9175531004736053
2026-06-03 07:56:00,0.8445217391304347,1.8810612274856102
2026-06-03 07:58:00,1.5647916666666666,1.870723829709388
2026-06-03 08:00:00,2.6973749999999996,1.8985007706593375
2026-06-03 08:02:00,2.684125,1.9097660491828474
2026-06-03 08:04:00,2.6976250000000004,1.9168286760572426
2026-06-03 08:06:00,2.6737083333333334,2.28508834398274
2026-06-03 08:08:00,2.677166666666667,2.288232533613604
2026-06-03 08:10:00,2.67675,2.2971856088037703
2026-06-03 08:12:00,2.6837500000000003,2.311619303501713
2026-06-03 08:14:00,2.68225,2.322386654030239
2026-06-03 08:16:00,2.690041666666666,2.3291776487583578
2026-06-03 08:18:00,2.685833333333333,2.333115852832233
2026-06-03 08:20:00,2.685,2.335267861975871
2026-06-03 08:22:00,2.6880833333333336,2.3390169223529496
2026-06-03 08:24:00,2.6962499999999996,2.348609945504484
2026-06-03 08:26:00,2.693208333333333,2.360997236371124
2026-06-03 08:28:00,2.694875,2.3701008602056084
2026-06-03 08:30:00,2.6867916666666662,2.374673406542492
2026-06-03 08:32:00,2.687208333333333,2.3764361883595155
2026-06-03 08:34:00,2.6907916666666662,2.375472129309589
2026-06-03 08:36:00,2.691166666666667,2.409473718917993
2026-06-03 08:38:00,2.6907916666666662,2.3991239412612573
2026-06-03 08:40:00,2.692,2.3979213200759117
2026-06-03 08:42:00,2.6954583333333333,2.400167440775906
2026-06-03 08:44:00,2.694782608695652,2.402483104160116
2026-06-03 08:46:00,2.686291666666666,2.403069217117005
2026-06-03 08:48:00,2.6835833333333334,2.4032517015029002
2026-06-03 08:50:00,2.6781666666666673,2.4038965014490485
2026-06-03 08:52:00,2.6782500000000002,2.407212571651506
2026-06-03 08:54:00,2.681374999999999,2.409977040969759
2026-06-03 08:56:00,2.683083333333333,2.410911146224533
2026-06-03 08:58:00,2.6797916666666666,2.4108991981840946
2026-06-03 09:00:00,2.6805833333333333,2.409151191678209
2026-06-03 09:02:00,2.6814583333333335,2.4081435225902763
2026-06-03 09:04:00,2.6841250000000003,2.407260466648669
2026-06-03 09:06:00,2.6835,2.4028259076338645
2026-06-03 09:08:00,2.6895833333333337,2.399178439095971
2026-06-03 09:10:00,2.690375000000001,2.4007091401842375
2026-06-03 09:12:00,2.687791666666667,2.4016822206889303
2026-06-03 09:14:00,2.7432916666666665,2.40268113734501
2026-06-03 09:16:00,2.7235833333333335,2.4036453122995223
2026-06-03 09:18:00,2.7251250000000002,2.4042619154992613
2026-06-03 09:20:00,2.7211250000000002,2.4045780636901135
2026-06-03 09:22:00,2.7223333333333333,2.404740248759483
2026-06-03 09:24:00,2.7271249999999996,2.404830007416977
2026-06-03 09:26:00,2.7261666666666664,2.404887916740978
2026-06-03 09:28:00,2.7160434782608696,2.4049329941600095
2026-06-03 09:30:00,2.716125,2.404970854987479
2026-06-03 09:32:00,2.716625,2.40497709795588
2026-06-03 09:34:00,2.718166666666667,2.4047782882209088
2026-06-03 09:36:00,2.7209583333333325,2.4039591925273607
2026-06-03 09:38:00,2.7179583333333333,2.3935436937585575
2026-06-03 09:40:00,2.714958333333333,2.3927359795148915
2026-06-03 09:42:00,2.7122083333333333,2.3972443649359754
2026-06-03 09:44:00,2.716583333333333,2.4009030088321386
2026-06-03 09:46:00,2.7157083333333336,2.4018902564281546
2026-06-03 09:48:00,2.71625,2.4023716777022726
2026-06-03 09:50:00,2.712375,2.4031094872308167
2026-06-03 09:52:00,2.7154583333333338,2.4062267915848174
2026-06-03 09:54:00,2.7152500000000006,2.4078955356013383
2026-06-03 09:56:00,2.7142083333333336,2.4074923399918067
2026-06-03 09:58:00,2.7119166666666668,2.406890783693124
2026-06-03 10:00:00,2.7101666666666673,2.405914583526865
2026-06-03 10:02:00,2.7125416666666666,2.4051632548261717
2026-06-03 10:04:00,2.715375,2.404536398027589
2026-06-03 10:06:00,2.710791666666667,2.4016417132588908
2026-06-03 10:08:00,2.7148333333333334,2.398090403612639
2026-06-03 10:10:00,2.7125000000000004,2.3992911762410887
2026-06-03 10:12:00,2.708869565217392,2.4003094556174105
2026-06-03 10:14:00,2.707333333333333,2.4010103441668655
2026-06-03 10:16:00,2.7082083333333333,2.402075109773242
2026-06-03 10:18:00,2.711166666666667,2.4029018470398498
2026-06-03 10:20:00,2.708166666666667,2.40336126948818
2026-06-03 10:22:00,2.7009166666666666,2.4036008404871074
2026-06-03 10:24:00,2.6952083333333334,2.4037290303054526
2026-06-03 10:26:00,2.6959999999999997,2.4038027964471222
2026-06-03 10:28:00,2.7074166666666666,2.403851312875478
2026-06-03 10:30:00,2.705666666666667,2.4038827064216246
2026-06-03 10:32:00,2.7050416666666663,2.4038683715698275
2026-06-03 10:34:00,2.704083333333333,2.4036262389247964
2026-06-03 10:36:00,2.705375,2.403278467676985
2026-06-03 10:38:00,2.700666666666668,2.3929188548129066
2026-06-03 10:40:00,2.7002916666666668,2.392517889466297
2026-06-03 10:42:00,2.700416666666667,2.3957219428098586
2026-06-03 10:44:00,2.6993333333333336,2.399055930376859
2026-06-03 10:46:00,2.696875,2.4005395830651803
2026-06-03 10:48:00,2.6942083333333335,2.4015537558501348
2026-06-03 10:50:00,2.7002916666666663,2.4027126398461442
2026-06-03 10:52:00,2.693,2.4053175768301283
2026-06-03 10:54:00,2.700875,2.4062848409277118
2026-06-03 10:56:00,2.70325,2.4057893507859296
2026-06-03 10:58:00,2.705217391304348,2.4053248582012587
2026-06-03 11:00:00,2.6985833333333336,2.4045284299437455
2026-06-03 11:02:00,2.6954583333333333,2.4037277728972652
2026-06-03 11:04:00,2.692500000000001,2.4031159564867424
2026-06-03 11:06:00,2.692666666666667,2.4014087514735225
2026-06-03 11:08:00,2.700041666666667,2.397731257731161
2026-06-03 11:10:00,2.699,2.398650826221889
2026-06-03 11:12:00,2.6967916666666665,2.3996382069768423
2026-06-03 11:14:00,2.6945416666666664,2.40012771040987
2026-06-03 11:16:00,2.6972916666666666,2.4007862384346184
2026-06-03 11:18:00,2.6931666666666665,2.401690465424152
2026-06-03 11:20:00,2.6960416666666664,2.4023084591744723
2026-06-03 11:22:00,2.697041666666667,2.402652018141346
2026-06-03 11:24:00,2.6951666666666667,2.4028354304948585
2026-06-03 11:26:00,2.6947083333333333,2.4029314283322774
2026-06-03 11:28:00,2.6914166666666666,2.4029786097837187
2026-06-03 11:30:00,2.6979583333333337,2.402988106876316
2026-06-03 11:32:00,2.6928333333333327,2.402925068746463
2026-06-03 11:34:00,2.6940833333333334,2.4025770596805485
2026-06-03 11:36:00,2.6949583333333336,2.403303984371536
2026-06-03 11:38:00,2.6886666666666668,2.392996662412756
2026-06-03 11:40:00,2.6917916666666666,2.3930718825008146
2026-06-03 11:42:00,2.698826086956522,2.394469862181459
2026-06-03 11:44:00,2.6958749999999996,2.3968689113789843
2026-06-03 11:46:00,2.692500000000001,2.3979728196295684
2026-06-03 11:48:00,2.7010416666666672,2.3985772514918455
2026-06-03 11:50:00,2.695625,2.399433783258348
2026-06-03 11:52:00,2.68825,2.400780070407044
2026-06-03 11:54:00,2.686833333333333,2.403784579696441
2026-06-03 11:56:00,2.6865000000000006,2.4045959206268352
2026-06-03 11:58:00,2.6874583333333333,2.404436588984903
2026-06-03 12:00:00,2.686458333333333,2.4038512242583834
2026-06-03 12:02:00,2.6846666666666668,2.4030004635321625
2026-06-03 12:04:00,2.692041666666667,2.4023853979745544
2026-06-03 12:06:00,2.6893749999999996,2.402598952039514
2026-06-03 12:08:00,2.6875416666666667,2.3981283308995174
2026-06-03 12:10:00,2.686166666666667,2.3986692438918604
2026-06-03 12:12:00,2.692375,2.3994363034728394
2026-06-03 12:14:00,2.685,2.399973686608006
2026-06-03 12:16:00,2.6855833333333337,2.4001222777680726
2026-06-03 12:18:00,2.688166666666666,2.4005507044266694
2026-06-03 12:20:00,2.6836250000000006,2.401281087057728
2026-06-03 12:22:00,2.6843750000000006,2.4018525431837103
2026-06-03 12:24:00,2.680958333333333,2.402199348392667
2026-06-03 12:26:00,2.68625,2.402394333079059
2026-06-03 12:28:00,2.687826086956522,2.4024915132441453
2026-06-03 12:30:00,2.6875416666666667,2.402510225407705
2026-06-03 12:32:00,2.6864166666666662,2.4024120727672935
2026-06-03 12:34:00,2.6865833333333335,2.401934473958668
2026-06-03 12:36:00,2.6856250000000004,2.404962876597613
2026-06-03 12:38:00,2.68775,2.3937133558952315
2026-06-03 12:40:00,2.6883749999999993,2.394916283480997
2026-06-03 12:42:00,2.6845833333333338,2.394903796035368
2026-06-03 12:44:00,2.683083333333333,2.396200826150622
2026-06-03 12:46:00,2.682208333333333,2.397329799396902
2026-06-03 12:48:00,2.684416666666666,2.3976512037016473
2026-06-03 12:50:00,2.681708333333333,2.3978886822638454
2026-06-03 12:52:00,2.6806666666666668,2.3989077511259898
2026-06-03 12:54:00,2.6820833333333334,2.4021787755239736
2026-06-03 12:56:00,2.6948333333333334,2.403882766547315
2026-06-03 12:58:00,2.690583333333334,2.4037396143151377
2026-06-03 13:00:00,2.6907083333333337,2.4036205915865776
2026-06-03 13:02:00,2.685916666666667,2.40306634243613
2026-06-03 13:04:00,2.688916666666667,2.402659713767823
2026-06-03 13:06:00,2.6839166666666667,2.4047796560179813
2026-06-03 13:08:00,2.687958333333333,2.3991660589407013
2026-06-03 13:10:00,2.6946666666666665,2.3995397424572316
2026-06-03 13:12:00,2.6962083333333333,2.4000981442291134
2026-06-03 13:14:00,2.6958695652173916,2.400544340719037
2026-06-03 13:16:00,2.6854583333333335,2.4005239208419087
2026-06-03 13:18:00,2.686291666666667,2.4005165042463474
2026-06-03 13:20:00,2.6840000000000006,2.4008725731426033
2026-06-03 13:22:00,2.6874583333333333,2.4015024887500056
2026-06-03 13:24:00,2.685708333333334,2.402038173883106
2026-06-03 13:26:00,2.6838333333333337,2.402388999219793
2026-06-03 13:28:00,2.6904583333333325,2.402593141093959
2026-06-03 13:30:00,2.6847083333333335,2.402676290785345
2026-06-03 13:32:00,2.687958333333333,2.4025991289784008
2026-06-03 13:34:00,2.687416666666667,2.402064084417146
2026-06-03 13:36:00,2.689375,2.4073864615538136
2026-06-03 13:38:00,2.684125,2.395774822024679
2026-06-03 13:40:00,2.6854999999999998,2.39718265362947
2026-06-03 13:42:00,2.6899999999999995,2.396686666387582
2026-06-03 13:44:00,2.690541666666667,2.3969853328899253
2026-06-03 13:46:00,2.6915416666666663,2.3983190775567076
2026-06-03 13:48:00,2.6946666666666665,2.3990389157380196
2026-06-03 13:50:00,2.6944166666666667,2.3993149388599813
2026-06-03 13:52:00,2.689458333333334,2.400139935370819
2026-06-03 13:54:00,2.689666666666667,2.4032973937191047
2026-06-03 13:56:00,2.6879166666666663,2.4044655427732455
2026-06-03 13:58:00,2.691416666666667,2.4042757832911663
2026-06-03 14:00:00,2.6896086956521743,2.404471617321048
2026-06-03 14:02:00,2.6885,2.4041382297881473
2026-06-03 14:04:00,2.6867499999999995,2.403820871618282
2026-06-03 14:06:00,2.690416666666667,2.406817157160526
2026-06-03 14:08:00,2.687583333333334,2.400434959972643
2026-06-03 14:10:00,2.688833333333333,2.4008342273111447
2026-06-03 14:12:00,2.6934166666666663,2.4012694850494345
2026-06-03 14:14:00,2.6916666666666664,2.4014796177913085
2026-06-03 14:16:00,2.6937499999999996,2.401248804380619
2026-06-03 14:18:00,2.6901250000000005,2.401003175780344
2026-06-03 14:20:00,2.692291666666666,2.4010715711475763
2026-06-03 14:22:00,2.6937916666666673,2.401558276181921
2026-06-03 14:24:00,2.6929999999999996,2.4021642816615887
2026-06-03 14:26:00,2.6920833333333327,2.4026355255917853
2026-06-03 14:28:00,2.6919583333333335,2.402943764427468
2026-06-03 14:30:00,2.690125,2.4031076774201163
2026-06-03 14:32:00,2.6856250000000004,2.4030878612394253
2026-06-03 14:34:00,2.6885833333333333,2.4025694043345203
2026-06-03 14:36:00,2.689625,2.40941901702024
2026-06-03 14:38:00,2.6863333333333332,2.3986576382359175
2026-06-03 14:40:00,2.6932916666666666,2.3992127907265424
2026-06-03 14:42:00,2.6944347826086954,2.398585496446402
2026-06-03 14:44:00,2.6811666666666656,2.3983545553749908
2026-06-03 14:46:00,2.684333333333333,2.3996018666743497
2026-06-03 14:48:00,2.696,2.4004659563085253
2026-06-03 14:50:00,2.6988750000000006,2.400787804349237
2026-06-03 14:52:00,2.69275,2.4015919198164433
2026-06-03 14:54:00,2.6930833333333335,2.404818868304973
2026-06-03 14:56:00,2.69675,2.4053039671677694
2026-06-03 14:58:00,2.6947500000000004,2.4051268248919895
2026-06-03 15:00:00,2.7007499999999998,2.4058261719105425
2026-06-03 15:02:00,2.685916666666667,2.4057974186530213
2026-06-03 15:04:00,2.683125,2.405655674483025
2026-06-03 15:06:00,2.6842916666666667,2.409079749352366
2026-06-03 15:08:00,2.6944999999999997,2.402102703713176
2026-06-03 15:10:00,2.692291666666667,2.4024890539997132
2026-06-03 15:12:00,2.6967499999999998,2.4027181550731616
2026-06-03 15:14:00,2.698416666666667,2.4027183232577394
2026-06-03 15:16:00,2.6977916666666673,2.402341015265412
2026-06-03 15:18:00,2.6936249999999995,2.4018668905084772
2026-06-03 15:20:00,2.690291666666667,2.40171729704228
2026-06-03 15:22:00,2.6906250000000003,2.4020348046609357
2026-06-03 15:24:00,2.6950000000000003,2.402629950892087
2026-06-03 15:26:00,2.690166666666667,2.4031790434979334
2026-06-03 15:28:00,2.687913043478261,2.403575146852742
2026-06-03 15:30:00,2.6953333333333336,2.4038155934219434
2026-06-03 15:32:00,2.3565,2.403586487030492
2026-06-03 15:34:00,2.1131249999999997,2.4071065709670973
2026-06-03 15:36:00,2.1167083333333334,2.309284516751069
2026-06-03 15:38:00,2.1088333333333336,2.278587442816269
2026-06-03 15:40:00,2.1162916666666662,2.2691067362012545
2026-06-03 15:42:00,2.1169583333333333,2.265258541089419
2026-06-03 15:44:00,2.1154583333333337,2.261440116434777
2026-06-03 15:46:00,2.1141249999999996,2.2592232997006754
2026-06-03 15:48:00,2.1123333333333334,2.2577765758765556
2026-06-03 15:50:00,2.1178333333333326,2.259879412455427
2026-06-03 15:52:00,2.1141666666666663,2.267735699770425
2026-06-03 15:54:00,2.11225,2.278086772113059
2026-06-03 15:56:00,2.114125,2.2786319501287537
2026-06-03 15:58:00,2.1165,2.275087765279024
2026-06-03 16:00:00,2.117375,2.2730375358100106
2026-06-03 16:02:00,2.113291666666666,2.2720165221758015
2026-06-03 16:04:00,2.119291666666667,2.2711264830497777
2026-06-03 16:06:00,2.1168750000000003,2.232225121326472
2026-06-03 16:08:00,2.114208333333333,2.246436822480136
2026-06-03 16:10:00,2.12,2.2441716163624053
2026-06-03 16:12:00,2.1199130434782605,2.2365887710867285
2026-06-03 16:14:00,2.123041666666667,2.223759185409414
2026-06-03 16:16:00,2.1166666666666667,2.22312449228489
2026-06-03 16:18:00,2.119083333333333,2.2304094692620287
2026-06-03 16:20:00,2.123,2.2378861482012185
2026-06-03 16:22:00,2.111875,2.243107265585722
2026-06-03 16:24:00,2.1143750000000003,2.247140007110212
2026-06-03 16:26:00,2.1237083333333335,2.2503577100213197
2026-06-03 16:28:00,2.1211249999999997,2.2517562840531813
2026-06-03 16:30:00,2.1164166666666664,2.251920539586008
2026-06-03 16:32:00,2.115041666666667,2.251316794128765
2026-06-03 16:34:00,2.1113333333333335,2.249386205454379
2026-06-03 16:36:00,2.126,2.2392244880331362
2026-06-03 16:38:00,2.1209999999999996,2.244362682064749
2026-06-03 16:40:00,2.122,2.246181210221176
2026-06-03 16:42:00,2.1327916666666664,2.2440740680468765
2026-06-03 16:44:00,2.1313333333333335,2.2424435701764462
2026-06-03 16:46:00,2.1245416666666674,2.241503317173976
2026-06-03 16:48:00,2.129791666666667,2.2406490844855322
2026-06-03 16:50:00,2.1303749999999995,2.2403623847474425
2026-06-03 16:52:00,2.1282500000000004,2.24164068217341
2026-06-03 16:54:00,2.1261249999999996,2.243789742941465
2026-06-03 16:56:00,2.121166666666667,2.244341153991155
2026-06-03 16:58:00,2.1284347826086956,2.243854051317338
2026-06-03 17:00:00,2.1281250000000003,2.242179439313395
2026-06-03 17:02:00,2.1250833333333334,2.2410833353779367
2026-06-03 17:04:00,2.1281666666666674,2.240307561239986
2026-06-03 17:06:00,2.12025,2.2243476783776064
2026-06-03 17:08:00,2.123708333333333,2.224961645817186
2026-06-03 17:10:00,2.1301666666666663,2.2213053298156993
2026-06-03 17:12:00,2.128458333333334,2.21874187765164
2026-06-03 17:14:00,2.1239166666666667,2.217800562617471
2026-06-03 17:16:00,2.128625,2.2196246476290082
2026-06-03 17:18:00,2.1270000000000002,2.2221092018915476
2026-06-03 17:20:00,2.124625,2.2233515282005647
2026-06-03 17:22:00,2.1281666666666665,2.2230980200239623
2026-06-03 17:24:00,2.127625,2.2235798361145416
2026-06-03 17:26:00,2.1261666666666668,2.2251839999620255
2026-06-03 17:28:00,2.12775,2.2262502982216588
2026-06-03 17:30:00,2.1285833333333337,2.2266548074381434
2026-06-03 17:32:00,2.1229166666666663,2.226138346871112
2026-06-03 17:34:00,2.127958333333333,2.2235233232651717
2026-06-03 17:36:00,2.126625,2.1952946109506852
2026-06-03 17:38:00,2.12825,2.2007105132299944
2026-06-03 17:40:00,2.128958333333333,2.208081471099714
2026-06-03 17:42:00,2.126782608695652,2.208588166999101
2026-06-03 17:44:00,2.128,2.2073490066013837
2026-06-03 17:46:00,2.1282083333333333,2.205550502828859
2026-06-03 17:48:00,2.1280416666666673,2.204392136004598
2026-06-03 17:50:00,2.130916666666667,2.2051423141690476
2026-06-03 17:52:00,2.1235000000000004,2.2073095641130425
2026-06-03 17:54:00,2.120875,2.208048603422429
2026-06-03 17:56:00,2.125208333333333,2.2077844387849495
2026-06-03 17:58:00,2.1298750000000006,2.2074193699931284
2026-06-03 18:00:00,2.1256666666666666,2.2019915000748758
2026-06-03 18:02:00,2.1311666666666667,2.2023409938370238
2026-06-03 18:04:00,2.1256250000000003,2.2029521221917867
2026-06-03 18:06:00,2.1233750000000002,2.200946213950512
2026-06-03 18:08:00,2.123541666666667,2.2003291320335943
2026-06-03 18:10:00,2.12575,2.200137834017209
2026-06-03 18:12:00,2.126,2.201171487551422
2026-06-03 18:14:00,2.1218333333333335,2.2021618275129926
2026-06-03 18:16:00,2.124166666666666,2.203363455295692
2026-06-03 18:18:00,2.12625,2.2039156704860465
2026-06-03 18:20:00,2.1260416666666666,2.2027780651331366
2026-06-03 18:22:00,2.1250416666666663,2.201885503507528
2026-06-03 18:24:00,2.123869565217391,2.202226015535028
2026-06-03 18:26:00,2.1222500000000006,2.2028162616762446
2026-06-03 18:28:00,2.1195,2.2033356392354326
2026-06-03 18:30:00,2.125375,2.2036109151999623
2026-06-03 18:32:00,2.12625,2.203176896964802
2026-06-03 18:34:00,2.119416666666667,2.2008431310499867
2026-06-03 18:36:00,2.119458333333333,2.192086957384496
2026-06-03 18:38:00,2.1285,2.1940386744851947
2026-06-03 18:40:00,2.121583333333334,2.199098446444482
2026-06-03 18:42:00,2.1210833333333334,2.201483668779552
2026-06-03 18:44:00,2.1212916666666666,2.2020001007011425
2026-06-03 18:46:00,2.1223750000000003,2.201177958278487
2026-06-03 18:48:00,2.1268749999999996,2.199374756241391
2026-06-03 18:50:00,2.1169999999999995,2.1967430501120364
2026-06-03 18:52:00,2.1242083333333337,2.1937263818653165
2026-06-03 18:54:00,2.125541666666667,2.1948544799639755
2026-06-03 18:56:00,2.126833333333334,2.1980980729523085
2026-06-03 18:58:00,2.123583333333333,2.1990887380459476
2026-06-03 19:00:00,2.125625,2.1966214748150135
2026-06-03 19:02:00,2.1254166666666667,2.1963109287234768
2026-06-03 19:04:00,2.118666666666667,2.196430468742398
2026-06-03 19:06:00,2.1194347826086957,2.1967267409833537
2026-06-03 19:08:00,2.122833333333333,2.195620746008691
2026-06-03 19:10:00,2.1243333333333334,2.1954622127356176
2026-06-03 19:12:00,2.12525,2.196083163982602
2026-06-03 19:14:00,2.12175,2.1968098106357483
2026-06-03 19:16:00,2.1145833333333335,2.1973886122363435
2026-06-03 19:18:00,2.1242916666666667,2.197240220096938
2026-06-03 19:20:00,2.125625,2.1968920903617586
2026-06-03 19:22:00,2.1222499999999997,2.1968094785086074
2026-06-03 19:24:00,2.120916666666667,2.196831707494727
2026-06-03 19:26:00,2.126875,2.196917277035676
2026-06-03 19:28:00,2.123666666666667,2.196999740048745
2026-06-03 19:30:00,2.121541666666667,2.1969268707587033
2026-06-03 19:32:00,2.121958333333333,2.196376488862385
2026-06-03 19:34:00,2.119041666666667,2.194503053168445
2026-06-03 19:36:00,2.12325,2.184081654101544
2026-06-03 19:38:00,2.1192499999999996,2.1843294572629985
2026-06-03 19:40:00,2.119375,2.187402680153199
2026-06-03 19:42:00,2.122124999999999,2.189412985350731
2026-06-03 19:44:00,2.1242083333333337,2.190650525827138
2026-06-03 19:46:00,2.124416666666667,2.19105884318899
2026-06-03 19:48:00,2.1281250000000003,2.1910600576660255
2026-06-03 19:50:00,2.129375,2.190911960380862
2026-06-03 19:52:00,2.1250434782608694,2.1907021742852697
2026-06-03 19:54:00,2.1207500000000006,2.1911202660523728
2026-06-03 19:56:00,2.125,2.1929091745173555
2026-06-03 19:58:00,2.1302499999999998,2.194081759817216
2026-06-03 20:00:00,2.130666666666667,2.195391387428374
2026-06-03 20:02:00,2.1279999999999997,2.195338637309884
2026-06-03 20:04:00,2.1235416666666667,2.195391506539289
2026-06-03 20:06:00,2.1283333333333334,2.196458535450628
2026-06-03 20:08:00,2.1225,2.196355633467996
2026-06-03 20:10:00,2.131166666666666,2.1956208459820745
2026-06-03 20:12:00,2.1257916666666667,2.195667018723301
2026-06-03 20:14:00,2.1312083333333334,2.1957563641736715
2026-06-03 20:16:00,2.1300833333333338,2.195706493838967
2026-06-03 20:18:00,2.1229999999999998,2.1955509386131906
2026-06-03 20:20:00,2.1269166666666663,2.195546413220108
2026-06-03 20:22:00,2.1280416666666664,2.1957103299942364
2026-06-03 20:24:00,2.132708333333333,2.1959499527506616
2026-06-03 20:26:00,2.1316666666666664,2.196192939531121
2026-06-03 20:28:00,2.1337499999999996,2.1963751655542003
2026-06-03 20:30:00,2.137833333333334,2.1964163920742634
2026-06-03 20:32:00,2.1348749999999996,2.196071044552323
2026-06-03 20:34:00,2.1287083333333334,2.1946368820675253
2026-06-03 20:36:00,2.1336521739130436,2.1859401717450355
2026-06-03 20:38:00,2.132875,2.187456026370589
2026-06-03 20:40:00,2.1361666666666665,2.1894803162337277
2026-06-03 20:42:00,2.1375833333333336,2.191095329352301
2026-06-03 20:44:00,2.133041666666667,2.192219610794513
2026-06-03 20:46:00,2.1369583333333333,2.192659483521424
2026-06-03 20:48:00,2.129166666666667,2.1926770805840956
2026-06-03 20:50:00,2.1325416666666666,2.1924622205212017
2026-06-03 20:52:00,2.126791666666667,2.1921328739026418
2026-06-03 20:54:00,2.1313333333333335,2.1926812686014197
2026-06-03 20:56:00,2.1311666666666667,2.1944779432642876
2026-06-03 20:58:00,2.1298333333333335,2.1954801869852547
2026-06-03 21:00:00,2.129125,2.1968670344718415
2026-06-03 21:02:00,2.133375,2.1970139085181937
2026-06-03 21:04:00,2.130875,2.19726544749566
2026-06-03 21:06:00,2.1882916666666667,2.197632692519258
2026-06-03 21:08:00,2.142791666666667,2.1977691348396937
2026-06-03 21:10:00,2.1154166666666665,2.1972976183475765
2026-06-03 21:12:00,2.111333333333333,2.19754941489666
2026-06-03 21:14:00,2.120791666666667,2.1979291335049127
2026-06-03 21:16:00,2.118166666666667,2.1982694141608343
2026-06-03 21:18:00,2.134208333333333,2.1984145292737103
2026-06-03 21:20:00,2.130434782608695,2.19840289324784
2026-06-03 21:22:00,2.1339166666666665,2.19838110577319
2026-06-03 21:24:00,2.136999999999999,2.198400440391671
2026-06-03 21:26:00,2.1417916666666668,2.1984488142581213
2026-06-03 21:28:00,2.1276666666666664,2.1984982516237332
2026-06-03 21:30:00,2.13875,2.1984602119505388
2026-06-03 21:32:00,2.1331666666666673,2.1980898201846415
2026-06-03 21:34:00,2.1286666666666663,2.19676415513251
2026-06-03 21:36:00,2.13125,2.187724933855664
2026-06-03 21:38:00,2.132166666666667,2.1904730267043973
2026-06-03 21:40:00,2.131291666666667,2.1917456877205788
2026-06-03 21:42:00,2.132083333333333,2.192859911359132
2026-06-03 21:44:00,2.131249999999999,2.1937613275067998
2026-06-03 21:46:00,2.1335,2.194177994533943
2026-06-03 21:48:00,2.1352916666666664,2.194195034856136
2026-06-03 21:50:00,2.1339166666666665,2.1939182569755253
2026-06-03 21:52:00,2.14225,2.1934972209024264
2026-06-03 21:54:00,2.1412083333333336,2.1946325342766055
2026-06-03 21:56:00,2.1317500000000003,2.1967813760233073
2026-06-03 21:58:00,2.1315416666666667,2.1976193661656627
2026-06-03 22:00:00,2.1376250000000003,2.1983324742654498
2026-06-03 22:02:00,2.1440869565217393,2.1989489923937935
2026-06-03 22:04:00,2.1464166666666666,2.1993916736611157
2026-06-03 22:06:00,2.1418333333333335,2.197258725816828
2026-06-03 22:08:00,2.1376250000000003,2.1983303630926097
2026-06-03 22:10:00,2.138208333333333,2.1984260705243255
2026-06-03 22:12:00,2.1334166666666667,2.1988916292157628
2026-06-03 22:14:00,2.1324166666666673,2.199428824006039
2026-06-03 22:16:00,2.1348749999999996,2.199963149315392
2026-06-03 22:18:00,2.1351250000000004,2.2003856085158646
2026-06-03 22:20:00,2.133833333333334,2.200611884972591
2026-06-03 22:22:00,2.134125,2.2006691363814004
2026-06-03 22:24:00,2.13725,2.2006378627600496
2026-06-03 22:26:00,2.1333333333333333,2.2005729850028386
2026-06-03 22:28:00,2.1333333333333333,2.2004876343597237
2026-06-03 22:30:00,2.1337916666666668,2.2003311301996824
2026-06-03 22:32:00,2.1442916666666663,2.19989965359816
2026-06-03 22:34:00,2.1320416666666664,2.198658780775504
2026-06-03 22:36:00,2.12675,2.1889575683812748
2026-06-03 22:38:00,2.1388333333333343,2.191924705853067
2026-06-03 22:40:00,2.1376666666666666,2.193132228730865
2026-06-03 22:42:00,2.1357916666666665,2.1942794951499414
2026-06-03 22:44:00,2.134521739130435,2.1951907649604747
2026-06-03 22:46:00,2.13425,2.1956712983650837
2026-06-03 22:48:00,2.1443333333333334,2.195730088817266
2026-06-03 22:50:00,2.1355,2.1954259214044916
2026-06-03 22:52:00,2.140916666666667,2.1949086175405697
2026-06-03 22:54:00,2.130208333333334,2.1965121273918715
2026-06-03 22:56:00,2.134958333333334,2.1990889103280495
2026-06-03 22:58:00,2.134333333333333,2.19993555267318
2026-06-03 23:00:00,2.1374583333333335,2.198739005217316
2026-06-03 23:02:00,2.14125,2.1994201786580567
2026-06-03 23:04:00,2.1355416666666662,2.1996849256055016
2026-06-03 23:06:00,2.143291666666667,2.1937781055124588
2026-06-03 23:08:00,2.1305416666666663,2.1963445896918077
2026-06-03 23:10:00,2.1400833333333336,2.1973526789114635
2026-06-03 23:12:00,2.1325833333333337,2.1980928505069324
2026-06-03 23:14:00,2.1354166666666665,2.1986133137193633
2026-06-03 23:16:00,2.1397083333333335,2.199054359602912
2026-06-03 23:18:00,2.1376666666666666,2.199434665103025
2026-06-03 23:20:00,2.1376666666666666,2.1996975195136197
2026-06-03 23:22:00,2.134958333333334,2.199829228297993
2026-06-03 23:24:00,2.137791666666667,2.199865938778813
2026-06-03 23:26:00,2.1363333333333334,2.1998469726169247
2026-06-03 23:28:00,2.1393913043478263,2.1997907627743714
2026-06-03 23:30:00,2.135666666666667,2.199665991156676
2026-06-03 23:32:00,2.139333333333334,2.1993140461249854
2026-06-03 23:34:00,2.1441250000000003,2.1982866663744383
2026-06-03 23:36:00,2.1377083333333338,2.189860126187741
2026-06-03 23:38:00,2.133625,2.191170585841454
2026-06-03 23:40:00,2.134750000000001,2.1932265651070706
2026-06-03 23:42:00,2.1345,2.194643159685909
2026-06-03 23:44:00,2.1382499999999998,2.1953697776009062
2026-06-03 23:46:00,2.1390833333333337,2.1956521799716846
2026-06-03 23:48:00,2.1339166666666665,2.1957578570872345
2026-06-03 23:50:00,2.1349166666666664,2.19578695228458
2026-06-03 23:52:00,2.1380000000000003,2.1956873384952607
2026-06-03 23:54:00,2.1391666666666667,2.1969896676272502
2026-06-03 23:56:00,2.1390833333333332,2.1995776438714145
2026-06-03 23:58:00,2.1375000000000006,2.2003498683475518
2026-06-04 00:00:00,2.1411666666666673,2.195023042214022
2026-06-04 00:02:00,2.138875,2.195144043350297
2026-06-04 00:04:00,2.134833333333334,2.1950076009113446
2026-06-04 00:06:00,2.1370000000000005,2.1870961915683673
2026-06-04 00:08:00,2.1318750000000004,2.189188842268424
2026-06-04 00:10:00,2.138416666666667,2.189551710446111
2026-06-04 00:12:00,2.1413478260869567,2.189464859652354
2026-06-04 00:14:00,2.133375,2.189528944583058
2026-06-04 00:16:00,2.1398750000000004,2.189967477891647
2026-06-04 00:18:00,2.1395000000000004,2.1907261629856825
2026-06-04 00:20:00,2.140833333333333,2.1915613063667667
2026-06-04 00:22:00,2.139,2.1922634447313296
2026-06-04 00:24:00,2.136916666666667,2.1927419732383164
2026-06-04 00:26:00,2.140875,2.1929906683365634
2026-06-04 00:28:00,2.1366666666666667,2.1930387039057524
2026-06-04 00:30:00,2.133083333333333,2.192889085423837
2026-06-04 00:32:00,2.13775,2.1924258350481676
2026-06-04 00:34:00,2.138875,2.1913013397999106
2026-06-04 00:36:00,2.1413333333333333,2.1835242615364376
2026-06-04 00:38:00,2.138875,2.1836833940732
2026-06-04 00:40:00,2.1407083333333334,2.184294306865222
2026-06-04 00:42:00,2.137375,2.1843840299353667
2026-06-04 00:44:00,2.141125,2.18406287306679
2026-06-04 00:46:00,2.139416666666667,2.183690837557808
2026-06-04 00:48:00,2.1437499999999994,2.183644945250121
2026-06-04 00:50:00,2.1372916666666666,2.1841395632464335
2026-06-04 00:52:00,2.138791666666666,2.185674308063299
2026-06-04 00:54:00,2.1479166666666667,2.1895936300118333
2026-06-04 00:56:00,2.1348333333333334,2.1915749868121583
2026-06-04 00:58:00,2.14,2.192199000736362
2026-06-04 01:00:00,2.1436666666666664,2.1840987290331846
2026-06-04 01:02:00,2.1402916666666667,2.1845667315195523
2026-06-04 01:04:00,2.1374166666666663,2.1844796840982874
2026-06-04 01:06:00,2.1412500000000003,2.177261337504073
2026-06-04 01:08:00,2.141875,2.178738309181614
2026-06-04 01:10:00,2.1418333333333335,2.1786022471419466
2026-06-04 01:12:00,2.140708333333333,2.178189501461151
2026-06-04 01:14:00,2.1389583333333335,2.178132412410264
2026-06-04 01:16:00,2.1350416666666674,2.178074714243395
2026-06-04 01:18:00,2.139208333333334,2.177729346775754
2026-06-04 01:20:00,2.1405833333333333,2.1771175614324476
2026-06-04 01:22:00,2.1414166666666663,2.1763929106078
2026-06-04 01:24:00,2.142708333333333,2.1756892885112564
2026-06-04 01:26:00,2.1485,2.1750693826839345
2026-06-04 01:28:00,2.1407083333333334,2.1745261093630024
2026-06-04 01:30:00,2.140125,2.173977703631886
2026-06-04 01:32:00,2.142666666666666,2.173215863795545
2026-06-04 01:34:00,2.1387083333333337,2.1718601889170004
2026-06-04 01:36:00,2.1413750000000005,2.17421686746322
2026-06-04 01:38:00,2.142875,2.1719583811541545
2026-06-04 01:40:00,2.143416666666666,2.17061596144934
2026-06-04 01:42:00,2.13795652173913,2.169531311524631
2026-06-04 01:44:00,2.1428750000000005,2.1689662668877454
2026-06-04 01:46:00,2.140541666666666,2.168757281141954
2026-06-04 01:48:00,2.137625,2.168883016394172
2026-06-04 01:50:00,2.145,2.1695557540304327
2026-06-04 01:52:00,2.138458333333334,2.171666011084219
2026-06-04 01:54:00,2.1393750000000007,2.1766527956786863
2026-06-04 01:56:00,2.1405,2.1778930177729885
2026-06-04 01:58:00,2.137,2.178003784660214
2026-06-04 02:00:00,2.1415833333333336,2.1719825899949203
2026-06-04 02:02:00,2.146083333333333,2.1722069091841956
2026-06-04 02:04:00,2.1461249999999996,2.171992084980572
2026-06-04 02:06:00,2.141875,2.1702896694387595
2026-06-04 02:08:00,2.142041666666667,2.172848328917592
2026-06-04 02:10:00,2.1442916666666667,2.1734746526056052
2026-06-04 02:12:00,2.1475833333333334,2.1732403925460333
2026-06-04 02:14:00,2.1496250000000003,2.1726280822133117
2026-06-04 02:16:00,2.1505833333333326,2.172091834561556
2026-06-04 02:18:00,2.1488333333333336,2.1715473295316725
2026-06-04 02:20:00,2.1494583333333326,2.170865822776309
2026-06-04 02:22:00,2.1493333333333333,2.1700628452173354
2026-06-04 02:24:00,2.1528333333333336,2.169226031898853
2026-06-04 02:26:00,2.153260869565217,2.1684365830448673
2026-06-04 02:28:00,2.1485416666666666,2.1677344795459472
2026-06-04 02:30:00,2.1414999999999997,2.1670960987455947
2026-06-04 02:32:00,2.14675,2.1663825845719966
2026-06-04 02:34:00,2.142041666666667,2.1653457393036764
2026-06-04 02:36:00,2.144625,2.1671678829383483
2026-06-04 02:38:00,2.145583333333333,2.1660649149838136
2026-06-04 02:40:00,2.145583333333333,2.165779219284735
2026-06-04 02:42:00,2.1482916666666667,2.165069041272595
2026-06-04 02:44:00,2.1525000000000003,2.1636610144335933
2026-06-04 02:46:00,2.1521250000000003,2.1622606509448885
2026-06-04 02:48:00,2.1497083333333338,2.1615579345782727
2026-06-04 02:50:00,2.1493333333333333,2.161955792867304
2026-06-04 02:52:00,2.1519166666666663,2.164370321942404
2026-06-04 02:54:00,2.1543333333333323,2.1703573908760028
2026-06-04 02:56:00,2.150041666666666,2.1716756815366804
2026-06-04 02:58:00,2.1503749999999995,2.1716843810382795
2026-06-04 03:00:00,2.1539999999999995,2.1706730828100347
2026-06-04 03:02:00,2.150208333333334,2.171025039005073
2026-06-04 03:04:00,2.14975,2.171027940657258
2026-06-04 03:06:00,2.1525833333333333,2.1690571549372577
2026-06-04 03:08:00,2.152666666666667,2.172816007770091
2026-06-04 03:10:00,2.15204347826087,2.173860244233157
2026-06-04 03:12:00,2.1553749999999994,2.173308102556989
2026-06-04 03:14:00,2.144958333333333,2.172708621831142
2026-06-04 03:16:00,2.1522916666666667,2.172423865632267
2026-06-04 03:18:00,2.1494166666666668,2.172198990805969
2026-06-04 03:20:00,2.150041666666666,2.1717729652820923
2026-06-04 03:22:00,2.151791666666666,2.1710731102988046
2026-06-04 03:24:00,2.1502083333333335,2.170189900546227
2026-06-04 03:26:00,2.149125,2.1692650525362605
2026-06-04 03:28:00,2.153291666666666,2.168421192849274
2026-06-04 03:30:00,2.149291666666666,2.1677247061639355
2026-06-04 03:32:00,2.1547083333333332,2.167143021451769
2026-06-04 03:34:00,2.1502499999999998,2.166611581091586
2026-06-04 03:36:00,2.1513750000000003,2.1652293446785453
2026-06-04 03:38:00,2.1523333333333325,2.166443059700287
2026-06-04 03:40:00,2.1506666666666665,2.1669644138149624
2026-06-04 03:42:00,2.1505833333333335,2.1656384988024833
2026-06-04 03:44:00,2.1434166666666665,2.1636241647805203
2026-06-04 03:46:00,2.144833333333333,2.161902399792234
2026-06-04 03:48:00,2.1520416666666664,2.1610579659728493
2026-06-04 03:50:00,2.1492083333333336,2.1613990261652845
2026-06-04 03:52:00,2.1528260869565217,2.163718517633593
2026-06-04 03:54:00,2.15075,2.169809674037105
2026-06-04 03:56:00,2.1506250000000002,2.1714277273699008
2026-06-04 03:58:00,2.152875,2.1715479847307844
2026-06-04 04:00:00,2.152583333333333,2.173507534715015
2026-06-04 04:02:00,2.1497083333333333,2.1740008439929532
2026-06-04 04:04:00,2.1504999999999996,2.174193751582134
2026-06-04 04:06:00,2.15025,2.1708603331162175
2026-06-04 04:08:00,2.1494166666666668,2.175413530223482
2026-06-04 04:10:00,2.1476666666666673,2.1767019141119586
2026-06-04 04:12:00,2.150541666666667,2.1763349788791624
2026-06-04 04:14:00,2.1497499999999996,2.1760847568784953
2026-06-04 04:16:00,2.148708333333333,2.1762735211252986
2026-06-04 04:18:00,2.146124999999999,2.1766077479640167
2026-06-04 04:20:00,2.1490000000000005,2.1766854710013246
2026-06-04 04:22:00,2.1527499999999997,2.1763178697344956
2026-06-04 04:24:00,2.1500000000000004,2.1755605958877364
2026-06-04 04:26:00,2.1501500000000004,2.1745886026315544
2026-06-04 04:28:00,2.149291666666667,2.173598004392604
2026-06-04 04:30:00,2.149291666666666,2.172747615018211
2026-06-04 04:32:00,2.148625,2.1721095505783916
2026-06-04 04:34:00,2.15004347826087,2.1717439479914136
2026-06-04 04:36:00,2.1510833333333332,2.1655789780554735
2026-06-04 04:38:00,2.148166666666666,2.1685303258224735
2026-06-04 04:40:00,2.150125,2.169730691233029
2026-06-04 04:42:00,2.1535,2.1685222206798294
2026-06-04 04:44:00,2.1490416666666667,2.1665879794745426
2026-06-04 04:46:00,2.147208333333333,2.164798371826801
2026-06-04 04:48:00,2.1470000000000002,2.1637621087302636
2026-06-04 04:50:00,2.1490416666666667,2.163813793370503
2026-06-04 04:52:00,2.1464736842105263,2.165691495323924
2026-06-04 04:54:00,2.1478333333333337,2.1713492469568716
2026-06-04 04:56:00,2.1497500000000005,2.1732734211673437
2026-06-04 04:58:00,2.1514583333333337,2.173683301203401
2026-06-04 05:00:00,2.1522083333333333,2.176676247361474
2026-06-04 05:02:00,2.151041666666667,2.1772109901465893
2026-06-04 05:04:00,2.1483333333333334,2.177588106025393
2026-06-04 05:06:00,2.149833333333333,2.1731977981184407
2026-06-04 05:08:00,2.155583333333333,2.178043344591601
2026-06-04 05:10:00,2.146083333333333,2.1795637962362053
2026-06-04 05:12:00,2.153695652173913,2.1797191042763813
2026-06-04 05:14:00,2.1507199999999993,2.180105670040937
2026-06-04 05:16:00,2.1499565217391305,2.181089140460582
2026-06-04 05:18:00,2.152666666666667,2.182320205163702
2026-06-04 05:20:00,2.1492500000000003,2.1832518691415457
2026-06-04 05:22:00,2.149,2.183583727490669
2026-06-04 05:24:00,2.154333333333333,2.183318189532864
2026-06-04 05:26:00,2.1488333333333336,2.1826408102549717
2026-06-04 05:28:00,2.15275,2.1817747742866245
2026-06-04 05:30:00,2.147208333333333,2.180922560316911
2026-06-04 05:32:00,2.15475,2.1802113036659505
2026-06-04 05:34:00,2.156333333333333,2.179726694417378
2026-06-04 05:36:00,2.153375,2.1669799276976502
2026-06-04 05:38:00,2.155958333333333,2.1707581216388094
2026-06-04 05:40:00,2.1488749999999994,2.173179153781552
2026-06-04 05:42:00,2.1565,2.1729816738853467
2026-06-04 05:44:00,2.153625,2.1716656725969106
2026-06-04 05:46:00,2.160958333333333,2.170059865107887
2026-06-04 05:48:00,2.1503333333333337,2.168824205906511
2026-06-04 05:50:00,2.1530416666666667,2.1684262391257088
2026-06-04 05:52:00,2.1470000000000002,2.1696825384522973
2026-06-04 05:54:00,2.150375,2.1744356983705426
2026-06-04 05:56:00,2.1521304347826082,2.1763381293013846
2026-06-04 05:58:00,2.15175,2.176889303112043
2026-06-04 06:00:00,2.1551666666666667,2.1793539022529593
2026-06-04 06:02:00,2.1537894736842103,2.1799596961627663
2026-06-04 06:04:00,2.153708333333333,2.180655400381604
2026-06-04 06:06:00,2.1553333333333335,2.174556120124841
2026-06-04 06:08:00,2.1512499999999997,2.1787302318050568
2026-06-04 06:10:00,2.152708333333333,2.1804907509923486
2026-06-04 06:12:00,2.153166666666667,2.1815863439616914
2026-06-04 06:14:00,2.153291666666667,2.1828706128995727
2026-06-04 06:16:00,2.158958333333333,2.1846372757694437
2026-06-04 06:18:00,2.152083333333333,2.1863648000099367
2026-06-04 06:20:00,2.1516666666666673,2.18747751626458
2026-06-04 06:22:00,2.15225,2.187819044211852
2026-06-04 06:24:00,2.1553333333333335,2.18752444627907
2026-06-04 06:26:00,2.1574999999999993,2.1868348448721284
2026-06-04 06:28:00,2.1617916666666663,2.185981608199495
2026-06-04 06:30:00,2.162333333333333,2.1851418130360427
2026-06-04 06:32:00,2.1618749999999998,2.184391043973161
2026-06-04 06:34:00,2.1612916666666666,2.1836924861175824
2026-06-04 06:36:00,2.159368421052632,2.167950090646679
2026-06-04 06:38:00,2.16021052631579,2.169743036897129
2026-06-04 06:40:00,2.1625416666666673,2.1736213233433537
2026-06-04 06:42:00,2.162625,2.1754536244819485
2026-06-04 06:44:00,2.1601666666666666,2.17589077892503
2026-06-04 06:46:00,2.1567499999999997,2.1755308318990476
2026-06-04 06:48:00,2.157166666666667,2.175031024537069
2026-06-04 06:50:00,2.155583333333333,2.17498024640189
2026-06-04 06:52:00,2.154083333333333,2.176223375538183
2026-06-04 06:54:00,2.158958333333333,2.179870654210231
2026-06-04 06:56:00,2.161583333333333,2.1816769630089157
2026-06-04 06:58:00,2.159125,2.1825853921056177
2026-06-04 07:00:00,2.1565833333333324,2.1860199989093756
2026-06-04 07:02:00,2.158458333333333,2.187424751758707
2026-06-04 07:04:00,2.1598333333333333,2.188965233132455
2026-06-04 07:06:00,2.161000000000001,2.177218146679527
2026-06-04 07:08:00,2.16075,2.180695470378175
2026-06-04 07:10:00,2.1616666666666666,2.1836476829432274
2026-06-04 07:12:00,2.160333333333333,2.185290678362539
2026-06-04 07:14:00,2.1633333333333336,2.1863500622645224
2026-06-04 07:16:00,2.1630416666666665,2.187138996314745
2026-06-04 07:18:00,2.1666086956521737,2.188078505097013
2026-06-04 07:20:00,2.165666666666666,2.189182041460029
2026-06-04 07:22:00,2.1645833333333337,2.1899331970014293
2026-06-04 07:24:00,2.1625833333333326,2.1900801716024048
2026-06-04 07:26:00,2.1606666666666663,2.1895554915684596
2026-06-04 07:28:00,2.161666666666666,2.188303649964655
2026-06-04 07:30:00,2.167333333333333,2.186472914992346
2026-06-04 07:32:00,2.1664583333333325,2.184594156924331
2026-06-04 07:34:00,2.1628333333333325,2.182914430456439
2026-06-04 07:36:00,2.1662916666666665,2.1758535190280077
2026-06-04 07:38:00,2.167708333333333,2.172490059575349
2026-06-04 07:40:00,2.1676249999999997,2.1776948147553945
2026-06-04 07:42:00,2.169375,2.181107271054808
2026-06-04 07:44:00,2.1692499999999995,2.1823738448663175
2026-06-04 07:46:00,2.1686249999999996,2.182264836843636
2026-06-04 07:48:00,2.1676666666666664,2.1816542373909273
2026-06-04 07:50:00,2.1678749999999996,2.181469706922946
2026-06-04 07:52:00,2.168249999999999,2.1824315245997936
2026-06-04 07:54:00,2.1642500000000005,2.1847656340334596
2026-06-04 07:56:00,2.1674782608695655,2.1859231351191393
2026-06-04 07:58:00,2.1690416666666663,2.186566134355414
2026-06-04 08:00:00,2.166208333333332,2.197063414195483
2026-06-04 08:02:00,2.169375,2.1993378338826077
2026-06-04 08:04:00,2.1677499999999994,2.202061266717529
2026-06-04 08:06:00,2.1654166666666668,2.1857257469973375
2026-06-04 08:08:00,2.1646249999999996,2.1965298188516513
2026-06-04 08:10:00,2.161958333333333,2.201452227914009
2026-06-04 08:12:00,2.1629166666666673,2.2044861626477745
2026-06-04 08:14:00,2.163833333333333,2.2055179458712177
2026-06-04 08:16:00,2.1715416666666663,2.205852828187056
2026-06-04 08:18:00,2.1642916666666667,2.206604465329872
2026-06-04 08:20:00,2.1727916666666665,2.207578416814385
2026-06-04 08:22:00,2.1675833333333334,2.2084194021671313
2026-06-04 08:24:00,2.164541666666667,2.208957811283229
2026-06-04 08:26:00,2.1590416666666665,2.20916402476184
2026-06-04 08:28:00,2.1646666666666667,2.2091066545021576
2026-06-04 08:30:00,2.1636249999999997,2.2089215439124947
2026-06-04 08:32:00,2.1672499999999997,2.208670934728931
2026-06-04 08:34:00,2.1627499999999995,2.2082182066234184
2026-06-04 08:36:00,2.1675416666666667,2.1901982364302186
2026-06-04 08:38:00,2.1617391304347824,2.1932241760138345
2026-06-04 08:40:00,2.166625,2.196911175510276
2026-06-04 08:42:00,2.174708333333333,2.1992858013357655
2026-06-04 08:44:00,2.159208333333333,2.199792906395655
2026-06-04 08:46:00,2.1612083333333336,2.1980306752553505
2026-06-04 08:48:00,2.1629166666666664,2.196262555069704
2026-06-04 08:50:00,2.1573333333333333,2.1957837315347697
2026-06-04 08:52:00,2.1590000000000003,2.197038597998653
2026-06-04 08:54:00,2.1556666666666664,2.2015384029247467
2026-06-04 08:56:00,2.1538333333333326,2.20479115917564
2026-06-04 08:58:00,2.1609166666666666,2.206638881742979
2026-06-04 09:00:00,2.1591249999999995,2.2098694900711564
2026-06-04 09:02:00,2.1596249999999997,2.211169889913921
2026-06-04 09:04:00,2.157083333333333,2.2123530964806912
2026-06-04 09:06:00,2.156125,2.1823011401977253
2026-06-04 09:08:00,2.1573333333333333,2.1938548812042953
2026-06-04 09:10:00,2.1595,2.198335868961863
2026-06-04 09:12:00,2.1543749999999995,2.200686657668587
2026-06-04 09:14:00,2.1616249999999995,2.201354834986231
2026-06-04 09:16:00,2.1567916666666664,2.2022274018258337
2026-06-04 09:18:00,2.159043478260869,2.203959733752862
2026-06-04 09:20:00,2.1587083333333332,2.2056905537817317
2026-06-04 09:22:00,2.1597500000000003,2.206918764691856
2026-06-04 09:24:00,2.1592083333333334,2.207638525438354
2026-06-04 09:26:00,2.159958333333333,2.2079793470770825
2026-06-04 09:28:00,2.1599999999999997,2.2080687884269583
2026-06-04 09:30:00,2.154083333333333,2.208024828323041
2026-06-04 09:32:00,2.1554999999999995,2.207894516826227
2026-06-04 09:34:00,2.1600416666666664,2.2075160509675458
2026-06-04 09:36:00,2.1585,2.184121464297983
2026-06-04 09:38:00,2.1612916666666666,2.186896136515687
2026-06-04 09:40:00,2.153958333333333,2.1910179668912693
2026-06-04 09:42:00,2.1589999999999994,2.193186231326391
2026-06-04 09:44:00,2.154666666666666,2.193202289954847
2026-06-04 09:46:00,2.1597500000000003,2.1908204087566894
2026-06-04 09:48:00,2.1575416666666665,2.1883048470759703
2026-06-04 09:50:00,2.156875,2.187214381467751
2026-06-04 09:52:00,2.159333333333333,2.1887179004847255
2026-06-04 09:54:00,2.1555416666666667,2.1954845767162654
2026-06-04 09:56:00,2.154916666666667,2.199927956059596
2026-06-04 09:58:00,2.157652173913043,2.202601297766977
2026-06-04 10:00:00,2.15625,2.2040910383355508
2026-06-04 10:02:00,2.154125,2.205005445085679
2026-06-04 10:04:00,2.1556666666666664,2.2057055140471897
2026-06-04 10:06:00,2.1548333333333334,2.17752625808187
2026-06-04 10:08:00,2.1551249999999995,2.1864307825776446
2026-06-04 10:10:00,2.156333333333333,2.1882714983728975
2026-06-04 10:12:00,2.1550416666666665,2.189021222588886
2026-06-04 10:14:00,2.15375,2.1886642402123653
2026-06-04 10:16:00,2.1554166666666665,2.1888275553687837
2026-06-04 10:18:00,2.155583333333333,2.1915129665273265
2026-06-04 10:20:00,2.156041666666667,2.195081451247292
2026-06-04 10:22:00,2.1522916666666663,2.1984753635049934
2026-06-04 10:24:00,2.152416666666667,2.2012835449294297
2026-06-04 10:26:00,2.156041666666667,2.2034050567911896
2026-06-04 10:28:00,2.1523750000000006,2.205010712725274
2026-06-04 10:30:00,2.154875,2.2062778574580473
2026-06-04 10:32:00,2.155625,2.20724005715519
2026-06-04 10:34:00,2.158083333333333,2.207583364519266
2026-06-04 10:36:00,2.1614999999999998,2.1884530166206013
2026-06-04 10:38:00,2.159260869565217,2.186388886316668
2026-06-04 10:40:00,2.156166666666667,2.1888878196771127
2026-06-04 10:42:00,2.1527500000000006,2.1894833141637524
2026-06-04 10:44:00,2.1515833333333334,2.187880104112191
2026-06-04 10:46:00,2.1590416666666665,2.184763294507212
2026-06-04 10:48:00,2.15425,2.181745071614789
2026-06-04 10:50:00,2.153708333333334,2.1801130296475004
2026-06-04 10:52:00,2.1568750000000003,2.181417794348901
2026-06-04 10:54:00,2.150666666666667,2.189330909967002
2026-06-04 10:56:00,2.1577499999999996,2.1933221007808092
2026-06-04 10:58:00,2.154833333333333,2.1950074678942375
2026-06-04 11:00:00,2.1519166666666663,2.200317933885226
2026-06-04 11:02:00,2.1509166666666664,2.201353507628093
2026-06-04 11:04:00,2.1583333333333337,2.2021143667185883
2026-06-04 11:06:00,2.1570416666666667,2.181434440547824
2026-06-04 11:08:00,2.1512499999999997,2.1887163215029473
2026-06-04 11:10:00,2.156625,2.1883177837304784
2026-06-04 11:12:00,2.154833333333334,2.1876110916295888
2026-06-04 11:14:00,2.15375,2.187596649081172
2026-06-04 11:16:00,2.153208333333333,2.188686624973942
2026-06-04 11:18:00,2.1507083333333328,2.1921686856080687
2026-06-04 11:20:00,2.156217391304348,2.1972492227512856
2026-06-04 11:22:00,2.1530833333333326,2.202176025483403
2026-06-04 11:24:00,2.1452500000000003,2.205751821673255
2026-06-04 11:26:00,2.1471666666666667,2.2081331951004874
2026-06-04 11:28:00,2.1567916666666664,2.209757397419151
2026-06-04 11:30:00,2.149749999999999,2.2109369714755074
2026-06-04 11:32:00,2.156541666666667,2.2117209374756386
2026-06-04 11:34:00,2.1511250000000004,2.21163441774128
2026-06-04 11:36:00,2.151041666666666,2.1987410781232355
2026-06-04 11:38:00,2.156333333333333,2.1956884979705498
2026-06-04 11:40:00,2.151541666666667,2.197605545836714
2026-06-04 11:42:00,2.15525,2.1976474735766107
2026-06-04 11:44:00,2.150958333333333,2.195326204754787
2026-06-04 11:46:00,2.15525,2.191484842916016
2026-06-04 11:48:00,2.153166666666667,2.188059691325158
2026-06-04 11:50:00,2.1568750000000003,2.186101855914217
2026-06-04 11:52:00,2.1559166666666667,2.187092280140922
2026-06-04 11:54:00,2.1557083333333327,2.195639621450823
2026-06-04 11:56:00,2.148458333333333,2.199269749289432
2026-06-04 11:58:00,2.156,2.200043662219134
2026-06-04 12:00:00,2.154208333333333,2.2066350676893554
2026-06-04 12:02:00,2.1497391304347824,2.20699867618594
2026-06-04 12:04:00,2.1517500000000003,2.2074548669209992
2026-06-04 12:06:00,2.1532499999999994,2.1904300202433005
2026-06-04 12:08:00,2.1519166666666667,2.1969570941838814
2026-06-04 12:10:00,2.1510000000000002,2.1950315807526266
2026-06-04 12:12:00,2.1465,2.193048364790313
2026-06-04 12:14:00,2.1483749999999997,2.192531976565478
2026-06-04 12:16:00,2.1490416666666667,2.194555281052021
2026-06-04 12:18:00,2.1483333333333334,2.199253318364832
2026-06-04 12:20:00,2.1510416666666665,2.204814592461484
2026-06-04 12:22:00,2.1425,2.2087891058788016
2026-06-04 12:24:00,2.1420416666666666,2.2112198831942473
2026-06-04 12:26:00,2.1447083333333334,2.212637749896012
2026-06-04 12:28:00,2.143125,2.213452327763944
2026-06-04 12:30:00,2.14025,2.213793747573042
2026-06-04 12:32:00,2.1435,2.213526423283126
2026-06-04 12:34:00,2.147583333333334,2.2119341916093758
2026-06-04 12:36:00,2.1380416666666675,2.2040910295488727
2026-06-04 12:38:00,2.1450833333333335,2.2022718931762917
2026-06-04 12:40:00,2.1447916666666664,2.203809576981489
2026-06-04 12:42:00,2.146583333333334,2.20371495634767
2026-06-04 12:44:00,2.141666666666666,2.201511806161297
2026-06-04 12:46:00,2.14604347826087,2.197915440783842
2026-06-04 12:48:00,2.142166666666667,2.195205606392684
2026-06-04 12:50:00,2.1461249999999996,2.194239565084297
2026-06-04 12:52:00,2.139416666666667,2.1955917831970924
2026-06-04 12:54:00,2.143208333333334,2.2034390699823523
2026-06-04 12:56:00,2.140375,2.2062354218425866
2026-06-04 12:58:00,2.1452499999999994,2.20658634501945
2026-06-04 13:00:00,2.1395000000000004,2.2103944733644094
2026-06-04 13:02:00,2.141,2.210141571824024
2026-06-04 13:04:00,2.1434999999999995,2.2101374549109734
2026-06-04 13:06:00,2.1420416666666675,2.1972372518299714
2026-06-04 13:08:00,2.134791666666666,2.2019631578913343
2026-06-04 13:10:00,2.1402916666666667,2.199694541442114
2026-06-04 13:12:00,2.138666666666667,2.1970991830844957
2026-06-04 13:14:00,2.140708333333333,2.196456137136235
2026-06-04 13:16:00,2.1410000000000005,2.1997334678235667
2026-06-04 13:18:00,2.1387500000000004,2.20511282249299
2026-06-04 13:20:00,2.1419166666666665,2.2098906341517774
2026-06-04 13:22:00,2.1451250000000006,2.212891124076612
2026-06-04 13:24:00,2.143416666666667,2.2143636334552608
2026-06-04 13:26:00,2.1399166666666667,2.214895112639929
2026-06-04 13:28:00,2.138782608695652,2.2148767955919832
2026-06-04 13:30:00,2.1410000000000005,2.214540443703329
2026-06-04 13:32:00,2.1386666666666665,2.213770152376024
2026-06-04 13:34:00,2.1414166666666667,2.211535912784185
2026-06-04 13:36:00,2.1396250000000006,2.2061821057044493
2026-06-04 13:38:00,2.1357500000000003,2.2072490234800695
2026-06-04 13:40:00,2.1381666666666668,2.2080822436597405
2026-06-04 13:42:00,2.1374583333333335,2.2077699390275973
2026-06-04 13:44:00,2.1385416666666663,2.2056578849160045
2026-06-04 13:46:00,2.138666666666666,2.2023660549040285
2026-06-04 13:48:00,2.137166666666667,2.2003431689939013
2026-06-04 13:50:00,2.13625,2.2004940866022435
2026-06-04 13:52:00,2.1359583333333334,2.2022744578879463
2026-06-04 13:54:00,2.1357916666666674,2.208911963833055
2026-06-04 13:56:00,2.135791666666667,2.2107594763132132
2026-06-04 13:58:00,2.135916666666667,2.2107007644978482
2026-06-04 14:00:00,2.1357916666666665,2.212615507570827
2026-06-04 14:02:00,2.1362916666666663,2.21250020524069
2026-06-04 14:04:00,2.1323333333333334,2.2124933656328754
2026-06-04 14:06:00,2.1315833333333334,2.2016960945431334
2026-06-04 14:08:00,2.130875,2.2048124069079322
2026-06-04 14:10:00,2.1340833333333338,2.202612343342599
2026-06-04 14:12:00,2.134217391304348,2.199984733800472
2026-06-04 14:14:00,2.132875,2.1995004821926054
2026-06-04 14:16:00,2.136708333333334,2.203474496708627
2026-06-04 14:18:00,2.140041666666667,2.208672775122787
2026-06-04 14:20:00,2.134333333333333,2.212760916102845
2026-06-04 14:22:00,2.1357500000000003,2.2148495216415616
2026-06-04 14:24:00,2.133583333333333,2.215470317731755
2026-06-04 14:26:00,2.134208333333333,2.2154701399312104
2026-06-04 14:28:00,2.134916666666667,2.2154158307266516
2026-06-04 14:30:00,2.1335,2.215378716292934
2026-06-04 14:32:00,2.1351666666666667,2.214996655146003
2026-06-04 14:34:00,2.1327499999999997,2.2129166026329092
2026-06-04 14:36:00,2.1329583333333333,2.207115769125136
2026-06-04 14:38:00,2.129625,2.2101514693928483
2026-06-04 14:40:00,2.132125,2.2106471365206595
2026-06-04 14:42:00,2.132625,2.2100926365739184
2026-06-04 14:44:00,2.131958333333333,2.208048912826189
2026-06-04 14:46:00,2.13475,2.2050254588738585
2026-06-04 14:48:00,2.13025,2.203441400689264
2026-06-04 14:50:00,2.132166666666667,2.204301041303415
2026-06-04 14:52:00,2.1340833333333333,2.2063556101433415
2026-06-04 14:54:00,2.131478260869565,2.2120917630675834
2026-06-04 14:56:00,2.1311249999999995,2.213434799275088
2026-06-04 14:58:00,2.131666666666667,2.213068430901735
2026-06-04 15:00:00,2.12675,2.2138337853453907
2026-06-04 15:02:00,2.1307500000000004,2.213849822830752
2026-06-04 15:04:00,2.1317916666666665,2.2139204206809446
2026-06-04 15:06:00,2.1273333333333335,2.2043173521922297
2026-06-04 15:08:00,2.1198333333333332,2.206308117386141
2026-06-04 15:10:00,2.127625,2.204103315940128
2026-06-04 15:12:00,2.1292916666666666,2.2015671553399594
2026-06-04 15:14:00,2.126625,2.2012643995643115
2026-06-04 15:16:00,2.1221666666666663,2.205425035134996
2026-06-04 15:18:00,2.1257499999999996,2.2103506345550534
2026-06-04 15:20:00,2.128791666666667,2.213831333416886
2026-06-04 15:22:00,2.1277083333333335,2.2152261294415263
2026-06-04 15:24:00,2.125875,2.2153288600220833
2026-06-04 15:26:00,2.1262083333333335,2.215219698484348
2026-06-04 15:28:00,2.1272083333333334,2.2154201333508334
2026-06-04 15:30:00,2.126041666666667,2.215648832957196
2026-06-04 15:32:00,2.127666666666667,2.2154574456088816
2026-06-04 15:34:00,2.128541666666667,2.213476253871265
2026-06-04 15:36:00,2.128086956521739,2.207268883392565
2026-06-04 15:38:00,2.124,2.211068799616001
2026-06-04 15:40:00,2.12175,2.2117690523783327
2026-06-04 15:42:00,2.1259166666666665,2.21105315147759
2026-06-04 15:44:00,2.1206250000000004,2.2091200074134822
2026-06-04 15:46:00,2.129125,2.206379385773893
2026-06-04 15:48:00,2.1262916666666665,2.2050548358714464
2026-06-04 15:50:00,2.1297083333333338,2.2062976630281077
2026-06-04 15:52:00,2.13175,2.2085902801813466
2026-06-04 15:54:00,2.129416666666667,2.2136332521455104
2026-06-04 15:56:00,2.1282083333333333,2.214684782699766
2026-06-04 15:58:00,2.1274583333333337,2.214140023144687
2026-06-04 16:00:00,2.1257083333333338,2.214071611067141
2026-06-04 16:02:00,2.128041666666667,2.2139242547066718
2026-06-04 16:04:00,2.1297083333333333,2.2138529534400946
2026-06-04 16:06:00,2.131833333333334,2.2051483838029764
2026-06-04 16:08:00,2.126583333333333,2.205829871963028
2026-06-04 16:10:00,2.1209166666666666,2.203117125088985
2026-06-04 16:12:00,2.127375,2.200862201425186
2026-06-04 16:14:00,2.1290833333333334,2.201836588856657
2026-06-04 16:16:00,2.135913043478261,2.2062414814627003
2026-06-04 16:18:00,2.127,2.2106628483381194
2026-06-04 16:20:00,2.12525,2.2132934120357164
2026-06-04 16:22:00,2.128083333333333,2.2138954493748475
2026-06-04 16:24:00,2.128875,2.213439607280549
2026-06-04 16:26:00,2.1356250000000006,2.2133419399584677
2026-06-04 16:28:00,2.139208333333334,2.213733320066178
2026-06-04 16:30:00,2.137083333333334,2.214217869020741
2026-06-04 16:32:00,2.1303750000000004,2.2141549892413606
2026-06-04 16:34:00,2.1314999999999995,2.212006861086868
2026-06-04 16:36:00,2.123583333333334,2.206561116337828
2026-06-04 16:38:00,2.115291666666667,2.2104439512226497
2026-06-04 16:40:00,2.1206666666666663,2.2122366373219284
2026-06-04 16:42:00,2.121208333333333,2.211504883424259
2026-06-04 16:44:00,2.124541666666667,2.2097609786751495
2026-06-04 16:46:00,2.122583333333333,2.207418552937368
2026-06-04 16:48:00,2.1277916666666665,2.206208874167065
2026-06-04 16:50:00,2.1254583333333334,2.207506088984154
2026-06-04 16:52:00,2.1350416666666665,2.210031717705255
2026-06-04 16:54:00,2.1338,2.2141649105662826
2026-06-04 16:56:00,2.1486666666666667,2.21474042343531
2026-06-04 16:58:00,2.1482,2.2139475146221357
2026-06-04 17:00:00,2.142916666666667,2.211774304825948
2026-06-04 17:02:00,2.143666666666667,2.2108085692971455
2026-06-04 17:04:00,2.1428750000000005,2.2103501449113425
2026-06-04 17:06:00,2.1450833333333335,2.205182119981864
2026-06-04 17:08:00,2.151375,2.2034560015545073
2026-06-04 17:10:00,2.140125,2.2012628249044406
2026-06-04 17:12:00,2.1415833333333336,2.2011769982414267
2026-06-04 17:14:00,2.1533999999999995,2.2028575352125643
2026-06-04 17:16:00,2.1533999999999995,2.2062297030230082
2026-06-04 17:18:00,2.1533999999999995,2.2088000028317167
2026-06-04 17:20:00,2.157666666666666,2.2089961053796623
2026-06-04 17:22:00,2.147333333333333,2.2071457856391516
2026-06-04 17:24:00,2.1447083333333334,2.2066845798771113
2026-06-04 17:26:00,2.1465833333333326,2.2076751097349896
2026-06-04 17:28:00,2.1480833333333327,2.208619291513579
2026-06-04 17:30:00,2.149166666666667,2.2090791834876726
2026-06-04 17:32:00,2.143125,2.208632222157118
2026-06-04 17:34:00,2.138130434782609,2.206109709696657
2026-06-04 17:36:00,2.1495,2.1982296706241256
2026-06-04 17:38:00,2.142333333333333,2.2034843293515194
2026-06-04 17:40:00,2.1484166666666664,2.210255269119099
2026-06-04 17:42:00,2.144083333333333,2.2106389828499053
2026-06-04 17:44:00,2.1506666666666665,2.2093458945842337
2026-06-04 17:46:00,2.149791666666667,2.2074759088708698
2026-06-04 17:48:00,2.1446666666666663,2.2061417107213184
2026-06-04 17:50:00,2.1479166666666667,2.206560245621906
2026-06-04 17:52:00,2.1461250000000005,2.208366214152943
2026-06-04 17:54:00,2.1497916666666668,2.2089389878524304
2026-06-04 17:56:00,2.1450416666666667,2.208819990538914
2026-06-04 17:58:00,2.144125,2.2085119183602
2026-06-04 18:00:00,2.1502083333333335,2.203261979438354
2026-06-04 18:02:00,2.1492083333333336,2.2036469018036966
2026-06-04 18:04:00,2.1497083333333333,2.2042047306802925
2026-06-04 18:06:00,2.150708333333333,2.203441937306707
2026-06-04 18:08:00,2.143583333333333,2.203332520759335
2026-06-04 18:10:00,2.148958333333333,2.2030271028929747
2026-06-04 18:12:00,2.14775,2.203720906200048
2026-06-04 18:14:00,2.145608695652174,2.2043509204353873
2026-06-04 18:16:00,2.1448750000000003,2.2052383253754004
2026-06-04 18:18:00,2.1499166666666665,2.20580971141381
2026-06-04 18:20:00,2.1560833333333336,2.2050370815047513
2026-06-04 18:22:00,2.159333333333333,2.2040307194933804
2026-06-04 18:24:00,2.1457083333333338,2.204141412185088
2026-06-04 18:26:00,2.1586666666666674,2.2046301731162488
2026-06-04 18:28:00,2.153791666666667,2.2050940877057545
2026-06-04 18:30:00,2.1512083333333334,2.2053258023414104
2026-06-04 18:32:00,2.1595,2.204875433880783
2026-06-04 18:34:00,2.1454166666666667,2.2025807294782562
2026-06-04 18:36:00,2.1724583333333336,2.1950203491345204
2026-06-04 18:38:00,2.1735416666666674,2.1978076637212727
2026-06-04 18:40:00,2.181958333333333,2.2022254721411065
2026-06-04 18:42:00,2.1712916666666664,2.204293311318802
2026-06-04 18:44:00,2.1754166666666666,2.204732755790967
2026-06-04 18:46:00,2.153041666666667,2.203895916849236
2026-06-04 18:48:00,2.1490416666666663,2.202120053461814
2026-06-04 18:50:00,2.1490833333333335,2.199561469374227
2026-06-04 18:52:00,2.1558333333333333,2.196579238300966
2026-06-04 18:54:00,2.1842916666666663,2.1974871904598845
2026-06-04 18:56:00,2.2006521739130434,2.2006465423886565
2026-06-04 18:58:00,2.19225,2.2016516707299116
2026-06-04 19:00:00,2.21375,2.1991060643778844
2026-06-04 19:02:00,2.1951250000000004,2.1987037887395267
2026-06-04 19:04:00,2.192,2.1986849802531294
2026-06-04 19:06:00,2.1727916666666665,2.2045252682868854
2026-06-04 19:08:00,2.1845,2.20512795284536
2026-06-04 19:10:00,2.1715,2.205301288033151
2026-06-04 19:12:00,2.1739166666666665,2.2056696297250866
2026-06-04 19:14:00,2.1767083333333335,2.205982570158378
2026-06-04 19:16:00,2.17125,2.206300610956943
2026-06-04 19:18:00,2.1613333333333333,2.206312386851654
2026-06-04 19:20:00,2.167958333333334,2.2058760481264286
2026-06-04 19:22:00,2.1934166666666663,2.205471326271635
2026-06-04 19:24:00,2.2056666666666667,2.2051938777479507
2026-06-04 19:26:00,2.220708333333333,2.2049633880035513
2026-06-04 19:28:00,2.2376666666666667,2.204775079479475
2026-06-04 19:30:00,2.2299166666666665,2.204563163350598
2026-06-04 19:32:00,2.27575,2.2040281819792717
2026-06-04 19:34:00,2.3281249999999996,2.2023908898864937
2026-06-04 19:36:00,2.343434782608696,2.2142629492901853
2026-06-04 19:38:00,2.3100416666666668,2.2166984612021694
2026-06-04 19:40:00,2.30375,2.216621290999817
2026-06-04 19:42:00,2.2444583333333328,2.2163790711381206
2026-06-04 19:44:00,2.234875,2.2163298627916936
2026-06-04 19:46:00,2.2069583333333336,2.216092376358221
2026-06-04 19:48:00,2.1883333333333335,2.2156853714462232
2026-06-04 19:50:00,2.2198333333333333,2.21512949442766
2026-06-04 19:52:00,2.187625,2.214442791905784
2026-06-04 19:54:00,2.2045833333333333,2.214949095961974
2026-06-04 19:56:00,2.1806249999999996,2.2167664660293434
2026-06-04 19:58:00,2.181458333333333,2.217433769435252
2026-06-04 20:00:00,2.180958333333333,2.2179640024752114
2026-06-04 20:02:00,2.1966250000000005,2.2176389373949
2026-06-04 20:04:00,2.2146250000000003,2.217595566899115
2026-06-04 20:06:00,2.176416666666667,2.217912723211171
2026-06-04 20:08:00,2.1830416666666665,2.2190034868765194
2026-06-04 20:10:00,2.1797083333333336,2.219142032592121
2026-06-04 20:12:00,2.1774166666666672,2.219527072811679
2026-06-04 20:14:00,2.1687499999999997,2.2199303702727646
2026-06-04 20:16:00,2.223391304347826,2.2202567736592123
2026-06-04 20:18:00,2.1774583333333335,2.22042478497217
2026-06-04 20:20:00,2.1638333333333333,2.2204713267538945
2026-06-04 20:22:00,2.1805416666666666,2.220498694603223
2026-06-04 20:24:00,2.16975,2.2205761667573922
2026-06-04 20:26:00,2.168583333333333,2.2207791932217074
2026-06-04 20:28:00,2.194,2.221128134519035
2026-06-04 20:30:00,2.1986250000000003,2.2214168019498564
2026-06-04 20:32:00,2.244291666666667,2.221500704349491
2026-06-04 20:34:00,2.2597083333333337,2.2208399343125316
2026-06-04 20:36:00,2.2688333333333337,2.2119918318730196
2026-06-04 20:38:00,2.2712916666666665,2.2180631884086472
2026-06-04 20:40:00,2.282583333333334,2.2191057614138767
2026-06-04 20:42:00,2.2929999999999997,2.219457811863885
2026-06-04 20:44:00,2.2903749999999996,2.2197274192175844
2026-06-04 20:46:00,2.2664999999999997,2.2195955289782967
2026-06-04 20:48:00,2.2410000000000005,2.219171625993496
2026-06-04 20:50:00,2.2615416666666666,2.2185089998218874
2026-06-04 20:52:00,2.2576666666666663,2.2176560103997605
2026-06-04 20:54:00,2.277782608695652,2.2181150625522403
2026-06-04 20:56:00,2.2996250000000007,2.2200626612387353
2026-06-04 20:58:00,2.2376666666666667,2.2208020514641986
2026-06-04 21:00:00,2.2482083333333334,2.221424677976019
2026-06-04 21:02:00,2.2423333333333333,2.221268409093791
2026-06-04 21:04:00,2.2636250000000007,2.2214275197269213
2026-06-04 21:06:00,2.2620416666666663,2.2322474513430284
2026-06-04 21:08:00,2.25325,2.231867614069471
2026-06-04 21:10:00,2.278583333333333,2.2308111934979302
2026-06-04 21:12:00,2.258458333333333,2.2311109224899988
2026-06-04 21:14:00,2.270708333333333,2.2314932499343847
2026-06-04 21:16:00,2.2824166666666668,2.2318960777984094
2026-06-04 21:18:00,2.296208333333333,2.23215759360215
2026-06-04 21:20:00,2.1870833333333333,2.2322027880912403
2026-06-04 21:22:00,2.19225,2.232049564930524
2026-06-04 21:24:00,2.186625,2.231777849930986
2026-06-04 21:26:00,2.2158749999999996,2.2314554847566765
2026-06-04 21:28:00,2.20175,2.2311162999995564
2026-06-04 21:30:00,2.19625,2.2307387654301776
2026-06-04 21:32:00,2.177416666666667,2.2301739227653132
2026-06-04 21:34:00,2.198695652173913,2.2289411179640926
2026-06-04 21:36:00,2.2022083333333335,2.224800549721365
2026-06-04 21:38:00,2.2007499999999998,2.2254525521301938
2026-06-04 21:40:00,2.2227083333333333,2.2270092131644885
2026-06-04 21:42:00,2.1992499999999997,2.2280916891386915
2026-06-04 21:44:00,2.2359999999999998,2.228510119365623
2026-06-04 21:46:00,2.2049583333333334,2.228420982876393
2026-06-04 21:48:00,2.192958333333334,2.227845130433974
2026-06-04 21:50:00,2.2380416666666663,2.22686406246283
2026-06-04 21:52:00,2.224291666666667,2.2255209264227993
2026-06-04 21:54:00,2.2101250000000006,2.225881706700923
2026-06-04 21:56:00,2.1875416666666667,2.2282380890846785
2026-06-04 21:58:00,2.19525,2.229102612953555
2026-06-04 22:00:00,2.2282916666666663,2.2297740521112543
2026-06-04 22:02:00,2.223708333333333,2.230117686602969
2026-06-04 22:04:00,2.2345,2.2303614040688267
2026-06-04 22:06:00,2.21925,2.225756423540909
2026-06-04 22:08:00,2.2300833333333334,2.226170953791111
2026-06-04 22:10:00,2.2372083333333332,2.2264127465986854
2026-06-04 22:12:00,2.236217391304348,2.2271297166675823
2026-06-04 22:14:00,2.2792083333333335,2.22777541451106
2026-06-04 22:16:00,2.2668333333333335,2.228303217796339
2026-06-04 22:18:00,2.2691666666666674,2.228671436540441
2026-06-04 22:20:00,2.279458333333333,2.2288538468575694
2026-06-04 22:22:00,2.2550416666666666,2.2288760144486286
2026-06-04 22:24:00,2.2356666666666674,2.2287950724312418
2026-06-04 22:26:00,2.2411250000000003,2.2286611441720923
2026-06-04 22:28:00,2.2269583333333336,2.228496555497486
2026-06-04 22:30:00,2.233916666666667,2.228273166199344
2026-06-04 22:32:00,2.2447500000000002,2.2278451472814953
2026-06-04 22:34:00,2.2535833333333337,2.2267539458500885
2026-06-04 22:36:00,2.238166666666667,2.2196084310596955
2026-06-04 22:38:00,2.246875,2.2219291647659376
2026-06-04 22:40:00,2.2279166666666668,2.223121778239536
2026-06-04 22:42:00,2.2084166666666665,2.2239572900039164
2026-06-04 22:44:00,2.2271666666666667,2.2241520492433375
2026-06-04 22:46:00,2.2285833333333334,2.2239647063014987
2026-06-04 22:48:00,2.1984583333333334,2.223534324747189
2026-06-04 22:50:00,2.2268695652173913,2.222862954254985
2026-06-04 22:52:00,2.2299166666666665,2.2218822814358212
2026-06-04 22:54:00,2.2326666666666664,2.2224513664402856
2026-06-04 22:56:00,2.2293333333333334,2.2245216067298856
2026-06-04 22:58:00,2.2370000000000005,2.225143691611928
2026-06-04 23:00:00,2.249791666666667,2.2236043738064515
2026-06-04 23:02:00,2.227875,2.2236005037817352
2026-06-04 23:04:00,2.216208333333333,2.223539933012113
2026-06-04 23:06:00,2.2191250000000005,2.2182830779801823
2026-06-04 23:08:00,2.221458333333334,2.2201585313433907
2026-06-04 23:10:00,2.1969583333333333,2.220887430495372
2026-06-04 23:12:00,2.214416666666667,2.2215012309100457
2026-06-04 23:14:00,2.212416666666667,2.2219919965400803
2026-06-04 23:16:00,2.2202083333333333,2.22245163968906
2026-06-04 23:18:00,2.2063333333333337,2.2228406566324077
2026-06-04 23:20:00,2.2651250000000003,2.223087157721844
2026-06-04 23:22:00,2.2327083333333335,2.2231860636318337
2026-06-04 23:24:00,2.208666666666667,2.2231745581799873
2026-06-04 23:26:00,2.2557500000000004,2.2230994965810877
2026-06-04 23:28:00,2.2271304347826084,2.2229867749025467
2026-06-04 23:30:00,2.238083333333333,2.2228168373296837
2026-06-04 23:32:00,2.247333333333333,2.2224670067195613
2026-06-04 23:34:00,2.232791666666667,2.221571355506099
2026-06-04 23:36:00,2.207333333333333,2.2175557961173737
2026-06-04 23:38:00,2.1978333333333335,2.2193635312826965
2026-06-04 23:40:00,2.202666666666667,2.2208018118372714
2026-06-04 23:42:00,2.199791666666667,2.2215111406944192
2026-06-04 23:44:00,2.1953750000000003,2.2215816674644895
2026-06-04 23:46:00,2.2034166666666666,2.2213611403089635
2026-06-04 23:48:00,2.1915,2.2210736917227183
2026-06-04 23:50:00,2.2008750000000004,2.2207734685243152
2026-06-04 23:52:00,2.1992499999999997,2.2204533856982804
2026-06-04 23:54:00,2.1830833333333337,2.2211536473101345
2026-06-04 23:56:00,2.186916666666667,2.2229647458196737
2026-06-04 23:58:00,2.2067916666666663,2.223550972726093
2026-06-05 00:00:00,2.2282500000000005,2.219706814807893
2026-06-05 00:02:00,2.19625,2.2196196098047554
2026-06-05 00:04:00,2.2151666666666663,2.2194883359804285
2026-06-05 00:06:00,2.202913043478261,2.207172854345294
2026-06-05 00:08:00,2.212166666666666,2.210532704187541
2026-06-05 00:10:00,2.2239583333333335,2.211337231850261
2026-06-05 00:12:00,2.189,2.2114927221977188
2026-06-05 00:14:00,2.1852499999999995,2.211678549643973
2026-06-05 00:16:00,2.201708333333334,2.212101388732364
2026-06-05 00:18:00,2.201208333333333,2.212692598974442
2026-06-05 00:20:00,2.178083333333333,2.2132709492103526
2026-06-05 00:22:00,2.209125,2.2137141754151775
2026-06-05 00:24:00,2.2207500000000002,2.213994262605802
2026-06-05 00:26:00,2.225333333333334,2.214137386467203
2026-06-05 00:28:00,2.1830416666666665,2.214181492286614
2026-06-05 00:30:00,2.183375,2.2141351188939327
2026-06-05 00:32:00,2.1825416666666664,2.213917486589479
2026-06-05 00:34:00,2.1950833333333333,2.2132612548512696
2026-06-05 00:36:00,2.1856666666666666,2.203604602368607
2026-06-05 00:38:00,2.216208333333333,2.20643189542597
2026-06-05 00:40:00,2.240458333333333,2.2075114482180105
2026-06-05 00:42:00,2.1941249999999997,2.2076539581510386
2026-06-05 00:44:00,2.1912173913043476,2.2072997197402935
2026-06-05 00:46:00,2.1901250000000005,2.206794886835084
2026-06-05 00:48:00,2.200708333333333,2.2063965721457715
2026-06-05 00:50:00,2.1776250000000004,2.2062004012564937
2026-06-05 00:52:00,2.2063333333333337,2.2064549025027165
2026-06-05 00:54:00,2.19525,2.2084249056952
2026-06-05 00:56:00,2.1860416666666667,2.2099085763254838
2026-06-05 00:58:00,2.1902500000000003,2.210289525896484
2026-06-05 01:00:00,2.2066666666666666,2.2048364614685436
2026-06-05 01:02:00,2.2185416666666664,2.204368486148355
2026-06-05 01:04:00,2.1740833333333334,2.203827774452629
2026-06-05 01:06:00,2.16575,2.19218288609566
2026-06-05 01:08:00,2.191125,2.1956249330635886
2026-06-05 01:10:00,2.1809583333333333,2.1954233285582276
2026-06-05 01:12:00,2.1564583333333336,2.1944357281099878
2026-06-05 01:14:00,2.163625,2.1938459410752693
2026-06-05 01:16:00,2.1647083333333335,2.1938908111289868
2026-06-05 01:18:00,2.164708333333334,2.1942410903036285
2026-06-05 01:20:00,2.1534999999999997,2.1945048943262058
2026-06-05 01:22:00,2.1520416666666664,2.1945335368589114
2026-06-05 01:24:00,2.1858750000000002,2.1943819328192893
2026-06-05 01:26:00,2.1798260869565214,2.19416546028194
2026-06-05 01:28:00,2.1744166666666667,2.193975945441093
2026-06-05 01:30:00,2.16375,2.1938412685172697
2026-06-05 01:32:00,2.186,2.1936684604160503
2026-06-05 01:34:00,2.1887083333333335,2.193162767815857
2026-06-05 01:36:00,2.188083333333333,2.1877984775905244
2026-06-05 01:38:00,2.1515416666666662,2.187472902068999
2026-06-05 01:40:00,2.176041666666667,2.186074742545553
2026-06-05 01:42:00,2.151583333333333,2.184235263848276
2026-06-05 01:44:00,2.1327083333333334,2.1827516960678053
2026-06-05 01:46:00,2.2178749999999994,2.1819915606854647
2026-06-05 01:48:00,2.452375,2.1819796819094126
2026-06-05 01:50:00,2.419625,2.182594695629411
2026-06-05 01:52:00,2.3794166666666663,2.1843878619423878
2026-06-05 01:54:00,2.38725,2.1888669167325876
2026-06-05 01:56:00,2.3997083333333333,2.1904147814436987
2026-06-05 01:58:00,2.347333333333333,2.190611226289692
2026-06-05 02:00:00,2.2994583333333334,2.186054960408509
2026-06-05 02:02:00,2.293041666666667,2.186017035210448
2026-06-05 02:04:00,2.286391304347826,2.185583237212697
2026-06-05 02:06:00,2.258083333333333,2.2350945971044793
2026-06-05 02:08:00,2.2552083333333335,2.2259007333731726
2026-06-05 02:10:00,2.2144999999999997,2.225242752888816
2026-06-05 02:12:00,2.2140416666666667,2.226953678275784
2026-06-05 02:14:00,2.1840833333333336,2.229160468512411
2026-06-05 02:16:00,2.198916666666667,2.23137555862231
2026-06-05 02:18:00,2.198208333333333,2.2334649709132313
2026-06-05 02:20:00,2.1946666666666665,2.2352326544451495
2026-06-05 02:22:00,2.187208333333333,2.2365643282722836
2026-06-05 02:24:00,2.197833333333333,2.237479709675841
2026-06-05 02:26:00,2.1814999999999998,2.2380776537258056
2026-06-05 02:28:00,2.1670000000000003,2.238473950399002
2026-06-05 02:30:00,2.135125,2.238767298322062
2026-06-05 02:32:00,2.1617083333333333,2.2390037497393718
2026-06-05 02:34:00,2.1751666666666662,2.2390874726702323
2026-06-05 02:36:00,2.1780416666666667,2.20760419008053
2026-06-05 02:38:00,2.1705000000000005,2.212762365959791
2026-06-05 02:40:00,2.1482499999999995,2.2146832427542193
2026-06-05 02:42:00,2.1359565217391308,2.21527358714827
2026-06-05 02:44:00,2.134708333333333,2.215117257608352
2026-06-05 02:46:00,2.163583333333333,2.2143945010348887
2026-06-05 02:48:00,2.175625,2.2132136686021466
2026-06-05 02:50:00,2.1626666666666665,2.211975418867636
2026-06-05 02:52:00,2.1560833333333336,2.2118147179588363
2026-06-05 02:54:00,2.134333333333333,2.215509821222834
2026-06-05 02:56:00,2.120666666666667,2.2168897499503095
2026-06-05 02:58:00,2.1290416666666667,2.2167307255229893
2026-06-05 03:00:00,2.1278333333333337,2.2155844036373615
2026-06-05 03:02:00,2.145333333333333,2.2154781998990236
2026-06-05 03:04:00,2.146875,2.2149532782609835
2026-06-05 03:06:00,2.1454583333333335,2.195883384810241
2026-06-05 03:08:00,2.1481666666666666,2.204023228831499
2026-06-05 03:10:00,2.141666666666667,2.2080255597626337
2026-06-05 03:12:00,2.14675,2.2112191368752354
2026-06-05 03:14:00,2.14425,2.2131207293992157
2026-06-05 03:16:00,2.1428333333333334,2.2145059554596216
2026-06-05 03:18:00,2.1473333333333335,2.215717932262121
2026-06-05 03:20:00,2.1405217391304348,2.2167234091392043
2026-06-05 03:22:00,2.1436250000000006,2.2174331110164043
2026-06-05 03:24:00,2.141083333333334,2.2178684440763927
2026-06-05 03:26:00,2.136833333333333,2.218116903628871
2026-06-05 03:28:00,2.1367083333333334,2.2182728016209277
2026-06-05 03:30:00,2.1322916666666667,2.2184047930162025
2026-06-05 03:32:00,2.1337083333333333,2.2185109245367776
2026-06-05 03:34:00,2.1270833333333337,2.218457423100385
2026-06-05 03:36:00,2.129208333333334,2.1716102752393533
2026-06-05 03:38:00,2.1283333333333334,2.1745312673263055
2026-06-05 03:40:00,2.128083333333333,2.1752762380851873
2026-06-05 03:42:00,2.128041666666667,2.1742157035360887
2026-06-05 03:44:00,2.1295416666666664,2.172268697235612
2026-06-05 03:46:00,2.124916666666667,2.170412041320523
2026-06-05 03:48:00,2.130125,2.169345829082258
2026-06-05 03:50:00,2.1267916666666666,2.169506008462873
2026-06-05 03:52:00,2.126041666666667,2.1717836706330638
2026-06-05 03:54:00,2.1279583333333334,2.1781263023241846
2026-06-05 03:56:00,2.2913333333333337,2.1801872236500754
2026-06-05 03:58:00,2.2840434782608696,2.1805024004141003
2026-06-05 04:00:00,2.1778333333333335,2.182472882064104
2026-06-05 04:02:00,2.1419166666666665,2.183163333683853
2026-06-05 04:04:00,2.1463749999999995,2.1835490439993785
2026-06-05 04:06:00,2.147208333333334,2.1785055426661444
2026-06-05 04:08:00,2.1435416666666667,2.1830158406239555
2026-06-05 04:10:00,2.1609166666666666,2.184669982282543
2026-06-05 04:12:00,2.1598333333333337,2.1849653967789053
2026-06-05 04:14:00,2.1530416666666663,2.1851166321374347
2026-06-05 04:16:00,2.150291666666667,2.1855602730814883
2026-06-05 04:18:00,2.1494999999999997,2.186026272480036
2026-06-05 04:20:00,2.1537916666666668,2.186182432378553
2026-06-05 04:22:00,2.153541666666667,2.1858839230818967
2026-06-05 04:24:00,2.151333333333334,2.1852062526478333
2026-06-05 04:26:00,2.154833333333334,2.1843288244252936
2026-06-05 04:28:00,2.153333333333333,2.1834439504169842
2026-06-05 04:30:00,2.1605,2.1827065214540653
2026-06-05 04:32:00,2.1510416666666674,2.1821843099503844
2026-06-05 04:34:00,2.1475416666666667,2.181896816107348
2026-06-05 04:36:00,2.1534999999999997,2.1742152007570152
2026-06-05 04:38:00,2.154782608695652,2.1768141379478982
2026-06-05 04:40:00,2.152166666666666,2.178123377561645
2026-06-05 04:42:00,2.153375,2.1772481207244483
2026-06-05 04:44:00,2.1540416666666666,2.175396431955329
2026-06-05 04:46:00,2.1475833333333334,2.1734590510591385
2026-06-05 04:48:00,2.149458333333333,2.1721216626288227
2026-06-05 04:50:00,2.144125,2.171818882455374
2026-06-05 04:52:00,2.150125,2.17332188751161
2026-06-05 04:54:00,2.1495416666666665,2.1786763172305843
2026-06-05 04:56:00,2.151166666666667,2.180705584487126
2026-06-05 04:58:00,2.146916666666667,2.1811380997180736
2026-06-05 05:00:00,2.1433750000000003,2.1838653294270607
2026-06-05 05:02:00,2.144625,2.184432213348228
2026-06-05 05:04:00,2.1480833333333336,2.1848578755362507
2026-06-05 05:06:00,2.1458749999999998,2.1788900943637923
2026-06-05 05:08:00,2.1460416666666666,2.18361336818222
2026-06-05 05:10:00,2.146875,2.185129248916093
2026-06-05 05:12:00,2.1447083333333334,2.1854501456090434
2026-06-05 05:14:00,2.1485416666666666,2.185930913075842
2026-06-05 05:16:00,2.145166666666667,2.1869454574062597
2026-06-05 05:18:00,2.1483913043478267,2.188148623976749
2026-06-05 05:20:00,2.1484166666666664,2.1890463045024746
2026-06-05 05:22:00,2.148083333333333,2.189380209674997
2026-06-05 05:24:00,2.1514166666666665,2.189170019356029
2026-06-05 05:26:00,2.1489583333333333,2.1886000136050785
2026-06-05 05:28:00,2.1463750000000004,2.1878836646801747
2026-06-05 05:30:00,2.147958333333334,2.1872104007630044
2026-06-05 05:32:00,2.14575,2.186690081361769
2026-06-05 05:34:00,2.1465416666666672,2.1863645762049844
2026-06-05 05:36:00,2.1455,2.1698487638238007
2026-06-05 05:38:00,2.1472083333333334,2.173688741098211
2026-06-05 05:40:00,2.1465416666666672,2.1760207415330175
2026-06-05 05:42:00,2.145625,2.175878096881318
2026-06-05 05:44:00,2.147,2.174559904701046
2026-06-05 05:46:00,2.14725,2.17289751435436
2026-06-05 05:48:00,2.141625,2.171549966452361
2026-06-05 05:50:00,2.1422916666666674,2.1710098026639173
2026-06-05 05:52:00,2.1503333333333337,2.172119548432739
2026-06-05 05:54:00,2.1574999999999998,2.176749417935617
2026-06-05 05:56:00,2.1573043478260874,2.178651211419253
2026-06-05 05:58:00,2.154125,2.179193644599095
2026-06-05 06:00:00,2.14875,2.1815794642787245
2026-06-05 06:02:00,2.141916666666667,2.1822024069871526
2026-06-05 06:04:00,2.148,2.182919000745349
2026-06-05 06:06:00,2.145541666666667,2.175790583318321
2026-06-05 06:08:00,2.1504583333333334,2.1800872434640723
2026-06-05 06:10:00,2.152166666666667,2.181882799703313
2026-06-05 06:12:00,2.1527083333333334,2.1830576107826993
2026-06-05 06:14:00,2.148083333333334,2.184396840143436
2026-06-05 06:16:00,2.153166666666667,2.1861936811554394
2026-06-05 06:18:00,2.1447083333333334,2.187950849364605
2026-06-05 06:20:00,2.146708333333333,2.1890979644686257
2026-06-05 06:22:00,2.149791666666667,2.189476116034787
2026-06-05 06:24:00,2.1532083333333336,2.189222919772691
2026-06-05 06:26:00,2.152541666666667,2.1885828086943944
2026-06-05 06:28:00,2.1523333333333334,2.187789609813281
2026-06-05 06:30:00,2.151958333333334,2.187021800457063
2026-06-05 06:32:00,2.1517916666666665,2.1863545505804733
2026-06-05 06:34:00,2.149869565217391,2.1857432294966603
2026-06-05 06:36:00,2.1497500000000005,2.170129490911238
2026-06-05 06:38:00,2.1516666666666664,2.1723321849145187
2026-06-05 06:40:00,2.1507500000000004,2.176041186471747
2026-06-05 06:42:00,2.152125,2.1777302499232483
2026-06-05 06:44:00,2.1529999999999996,2.1780522118449452
2026-06-05 06:46:00,2.153125,2.177593521758891
2026-06-05 06:48:00,2.1546250000000007,2.1770131410521034
2026-06-05 06:50:00,2.1534166666666668,2.1768869571714116
2026-06-05 06:52:00,2.155208333333333,2.178035489895034
2026-06-05 06:54:00,2.151958333333334,2.1815726543988356
2026-06-05 06:56:00,2.154583333333333,2.1833439598599504
2026-06-05 06:58:00,2.1566666666666667,2.184238712178742
2026-06-05 07:00:00,2.1551666666666667,2.1873803917397097
2026-06-05 07:02:00,2.1525833333333337,2.188663269614313
2026-06-05 07:04:00,2.1542083333333326,2.1900893407080306
2026-06-05 07:06:00,2.1532083333333336,2.177948938901168
2026-06-05 07:08:00,2.1534999999999997,2.1816369748509175
2026-06-05 07:10:00,2.1554583333333333,2.1846844637132765
2026-06-05 07:12:00,2.1549166666666664,2.1863320697185418
2026-06-05 07:14:00,2.157782608695652,2.1872991595078495
2026-06-05 07:16:00,2.1624583333333334,2.187962282174342
2026-06-05 07:18:00,2.160583333333333,2.1887976545000987
2026-06-05 07:20:00,2.1572499999999994,2.1898493636589134
2026-06-05 07:22:00,2.158041666666666,2.1906143426386455
2026-06-05 07:24:00,2.1586666666666665,2.1908801709188106
2026-06-05 07:26:00,2.1610416666666667,2.1906650593028636
2026-06-05 07:28:00,2.1592916666666664,2.1899699327895767
2026-06-05 07:30:00,2.1602916666666663,2.1887144059483408
2026-06-05 07:32:00,2.1611249999999997,2.1869415077409444
2026-06-05 07:34:00,2.1599999999999997,2.1849012049335235
2026-06-05 07:36:00,2.1638749999999995,2.178763211417145
2026-06-05 07:38:00,2.1610833333333335,2.1765503241132484
2026-06-05 07:40:00,2.1610416666666663,2.1809188557042014
2026-06-05 07:42:00,2.1630833333333332,2.183799073459875
2026-06-05 07:44:00,2.1618333333333326,2.184796606357024
2026-06-05 07:46:00,2.1622916666666665,2.1845248127099954
2026-06-05 07:48:00,2.162166666666667,2.183772852138532
2026-06-05 07:50:00,2.16225,2.183445781824774
2026-06-05 07:52:00,2.1663043478260873,2.1842573146174256
2026-06-05 07:54:00,2.164416666666666,2.1864783058479396
2026-06-05 07:56:00,2.1610833333333335,2.1876516007236626
2026-06-05 07:58:00,2.1621666666666663,2.1882947693449295
2026-06-05 08:00:00,2.15975,2.19831617321449
2026-06-05 08:02:00,2.161208333333333,2.2005847345656924
2026-06-05 08:04:00,2.1607500000000006,2.2032066146368896
2026-06-05 08:06:00,2.1615833333333336,2.1874986634012052
2026-06-05 08:08:00,2.160541666666667,2.197779427113435
2026-06-05 08:10:00,2.1590416666666665,2.202482801758932
2026-06-05 08:12:00,2.1584999999999996,2.2054571733225754
2026-06-05 08:14:00,2.1686666666666667,2.2064834587581026
2026-06-05 08:16:00,2.1621249999999996,2.206803437316292
2026-06-05 08:18:00,2.156791666666666,2.207477423178942
2026-06-05 08:20:00,2.158333333333333,2.2083515882795735
2026-06-05 08:22:00,2.1628333333333334,2.2091098997753837
2026-06-05 08:24:00,2.1609583333333333,2.2095953706955918
2026-06-05 08:26:00,2.162,2.2097745715741635
2026-06-05 08:28:00,2.1632916666666664,2.209714641817888
2026-06-05 08:30:00,2.162625,2.209546677675551
2026-06-05 08:32:00,2.1625416666666664,2.2093266680163257
2026-06-05 08:34:00,2.1637391304347826,2.2089187665227166
2026-06-05 08:36:00,2.1628749999999997,2.193111424894602
2026-06-05 08:38:00,2.1586666666666665,2.196113005945674
2026-06-05 08:40:00,2.1623750000000004,2.1993096486120916
2026-06-05 08:42:00,2.1603333333333334,2.201462331199754
2026-06-05 08:44:00,2.16,2.201897003486674
2026-06-05 08:46:00,2.1613333333333338,2.2001568196884813
2026-06-05 08:48:00,2.1606666666666667,2.19839943858736
2026-06-05 08:50:00,2.1584583333333334,2.1979170058822555
2026-06-05 08:52:00,2.158583333333333,2.199064013226846
2026-06-05 08:54:00,2.1538749999999998,2.203269031878314
2026-06-05 08:56:00,2.1587500000000004,2.2063246677881314
2026-06-05 08:58:00,2.1621666666666672,2.208018723792952
2026-06-05 09:00:00,2.1566250000000005,2.211098257667315
2026-06-05 09:02:00,2.1627916666666667,2.2122523387868913
2026-06-05 09:04:00,2.1569583333333333,2.213323937878898
2026-06-05 09:06:00,2.1567083333333334,2.185653114840416
2026-06-05 09:08:00,2.157458333333333,2.196324837507203
2026-06-05 09:10:00,2.1504999999999996,2.200167020866766
2026-06-05 09:12:00,2.1579583333333336,2.2021515785443544
2026-06-05 09:14:00,2.153130434782608,2.202680264453949
2026-06-05 09:16:00,2.1575833333333327,2.203494294976238
2026-06-05 09:18:00,2.154375,2.205146038606105
2026-06-05 09:20:00,2.156916666666666,2.2067397405680387
2026-06-05 09:22:00,2.143166666666667,2.2078167733706167
2026-06-05 09:24:00,2.1475000000000004,2.2084160598976696
2026-06-05 09:26:00,2.1496666666666666,2.208673667834061
2026-06-05 09:28:00,2.144833333333333,2.208712230527036
2026-06-05 09:30:00,2.1414583333333335,2.208644347673443
2026-06-05 09:32:00,2.1423333333333328,2.2085097894085655
2026-06-05 09:34:00,2.1435833333333334,2.208142370101171
2026-06-05 09:36:00,2.1449583333333337,2.18556047948985
2026-06-05 09:38:00,2.143291666666667,2.1887021273790763
2026-06-05 09:40:00,2.1437500000000003,2.192646577269307
2026-06-05 09:42:00,2.1410000000000005,2.194734127533127
2026-06-05 09:44:00,2.1421666666666663,2.194726384521806
2026-06-05 09:46:00,2.1422083333333335,2.1923499274092038
2026-06-05 09:48:00,2.1428333333333334,2.1898627235502914
2026-06-05 09:50:00,2.1458333333333335,2.1887997334266815
2026-06-05 09:52:00,2.1448260869565217,2.1902353371912815
2026-06-05 09:54:00,2.1441666666666666,2.19675401950261
2026-06-05 09:56:00,2.1445833333333333,2.201062169193461
2026-06-05 09:58:00,2.1441666666666666,2.203633307963064
2026-06-05 10:00:00,2.145916666666667,2.205078293559391
2026-06-05 10:02:00,2.1438333333333337,2.205915924503572
2026-06-05 10:04:00,2.14625,2.2065439378849327
2026-06-05 10:06:00,2.1439166666666676,2.178628200237624
2026-06-05 10:08:00,2.1424583333333334,2.187279615839952
2026-06-05 10:10:00,2.1421666666666668,2.1888661472753763
2026-06-05 10:12:00,2.1415,2.1894888967700847
2026-06-05 10:14:00,2.143708333333333,2.189113596730453
2026-06-05 10:16:00,2.1437500000000003,2.189322658831653
2026-06-05 10:18:00,2.141083333333334,2.192045542180987
2026-06-05 10:20:00,2.142875,2.1955873752903314
2026-06-05 10:22:00,2.147791666666666,2.198914464460007
2026-06-05 10:24:00,2.1430000000000002,2.201663385113604
2026-06-05 10:26:00,2.1473333333333335,2.203739665539167
2026-06-05 10:28:00,2.1433333333333335,2.2052984266970523
2026-06-05 10:30:00,2.149333333333333,2.206492776637858
2026-06-05 10:32:00,2.145347826086957,2.207328552044704
2026-06-05 10:34:00,2.14775,2.2074917532070133
2026-06-05 10:36:00,2.141416666666667,2.1892583812528725
2026-06-05 10:38:00,2.1405833333333333,2.1874714104167237
2026-06-05 10:40:00,2.14,2.18988396722542
2026-06-05 10:42:00,2.14525,2.1903499302573346
2026-06-05 10:44:00,2.146791666666666,2.1886459286661895
2026-06-05 10:46:00,2.141166666666667,2.1854511824475287
2026-06-05 10:48:00,2.143125,2.182398671665807
2026-06-05 10:50:00,2.1487083333333334,2.180750351828001
2026-06-05 10:52:00,2.143375,2.182012594830636
2026-06-05 10:54:00,2.1448333333333336,2.189825010712562
2026-06-05 10:56:00,2.1449166666666666,2.1937639299724907
2026-06-05 10:58:00,2.1472916666666664,2.1954112353822453
2026-06-05 11:00:00,2.1485833333333333,2.200640051645368
2026-06-05 11:02:00,2.1470416666666665,2.2016457246316703
2026-06-05 11:04:00,2.144875,2.2023903280123895
2026-06-05 11:06:00,2.147708333333333,2.1821710929972027
2026-06-05 11:08:00,2.147375,2.1893175404605962
2026-06-05 11:10:00,2.1498260869565216,2.1887439834475027
2026-06-05 11:12:00,2.142833333333333,2.1879668396402705
2026-06-05 11:14:00,2.14375,2.1879379542214603
2026-06-05 11:16:00,2.1449166666666666,2.1890529644279573
2026-06-05 11:18:00,2.1456249999999994,2.192590618225639
2026-06-05 11:20:00,2.1449166666666666,2.1976690821393374
2026-06-05 11:22:00,2.1430833333333332,2.20255574569728
2026-06-05 11:24:00,2.1450416666666663,2.20609736416589
2026-06-05 11:26:00,2.141666666666667,2.208445765426027
2026-06-05 11:28:00,2.140416666666667,2.210015862625017
2026-06-05 11:30:00,2.1459583333333336,2.211078928323127
2026-06-05 11:32:00,2.1480833333333336,2.211635524650852
2026-06-05 11:34:00,2.1433750000000003,2.211244590453588
2026-06-05 11:36:00,2.1482916666666663,2.1994554441516567
2026-06-05 11:38:00,2.146458333333333,2.1965820808767775
2026-06-05 11:40:00,2.147875,2.1984970565818625
2026-06-05 11:42:00,2.1462916666666665,2.1984385395521064
2026-06-05 11:44:00,2.147875,2.1960371594992427
2026-06-05 11:46:00,2.148791666666667,2.1921291464359975
2026-06-05 11:48:00,2.1479583333333334,2.1886671448794743
2026-06-05 11:50:00,2.148086956521739,2.1866960171631304
2026-06-05 11:52:00,2.14575,2.1876467559082116
2026-06-05 11:54:00,2.1421666666666668,2.196091590435721
2026-06-05 11:56:00,2.1476666666666664,2.1996809523630834
2026-06-05 11:58:00,2.1450416666666667,2.200430092493061
2026-06-05 12:00:00,2.143375,2.206932482906351
2026-06-05 12:02:00,2.145666666666667,2.207261630005155
2026-06-05 12:04:00,2.1489583333333333,2.2076944321101664
2026-06-05 12:06:00,2.1485833333333337,2.1914619006542773
2026-06-05 12:08:00,2.1422083333333335,2.1977405439351494
2026-06-05 12:10:00,2.1443749999999997,2.1956272272910278
2026-06-05 12:12:00,2.1455,2.193566718201616
2026-06-05 12:14:00,2.1489999999999996,2.1930511940246626
2026-06-05 12:16:00,2.1450416666666667,2.1951259217284163
2026-06-05 12:18:00,2.1467083333333328,2.1998345621559867
2026-06-05 12:20:00,2.1459999999999995,2.205301477684488
2026-06-05 12:22:00,2.150166666666667,2.2092167959111757
2026-06-05 12:24:00,2.1476666666666664,2.211624283245685
2026-06-05 12:26:00,2.1469583333333335,2.213031370822505
2026-06-05 12:28:00,2.1477083333333336,2.213834732160039
2026-06-05 12:30:00,2.147791666666666,2.2141489947414463
2026-06-05 12:32:00,2.1490434782608694,2.213817452099037
2026-06-05 12:34:00,2.1439166666666662,2.212116998899656
2026-06-05 12:36:00,2.1471666666666667,2.2049731107056036
2026-06-05 12:38:00,2.1445833333333337,2.203366001351777
2026-06-05 12:40:00,2.134,2.204995306644959
2026-06-05 12:42:00,2.1362083333333337,2.2048185207690043
2026-06-05 12:44:00,2.122458333333333,2.202553942714428
2026-06-05 12:46:00,2.1231250000000004,2.1989048872764396
2026-06-05 12:48:00,2.1246666666666667,2.196142447923102
2026-06-05 12:50:00,2.1285416666666666,2.1951586210780367
2026-06-05 12:52:00,2.122541666666667,2.1964475140374553
2026-06-05 12:54:00,2.1223333333333327,2.2041134456433786
2026-06-05 12:56:00,2.121875,2.2068460203077627
2026-06-05 12:58:00,2.1229999999999998,2.2071665815478343
2026-06-05 13:00:00,2.12275,2.2108672783699865
2026-06-05 13:02:00,2.122916666666667,2.210578172194092
2026-06-05 13:04:00,2.1222083333333335,2.2105453207595005
2026-06-05 13:06:00,2.1249999999999996,2.197615623037364
2026-06-05 13:08:00,2.1263333333333327,2.2022872502164903
2026-06-05 13:10:00,2.1248260869565216,2.1999541577603328
2026-06-05 13:12:00,2.1406666666666667,2.197388042621052
2026-06-05 13:14:00,2.1519583333333334,2.1968214929528855
2026-06-05 13:16:00,2.142958333333333,2.200153222368018
2026-06-05 13:18:00,2.1440000000000006,2.205574514777628
2026-06-05 13:20:00,2.1437916666666665,2.210365761153491
2026-06-05 13:22:00,2.1482083333333337,2.2133722376689535
2026-06-05 13:24:00,2.1406249999999996,2.2148567493274682
2026-06-05 13:26:00,2.142708333333334,2.215411502616976
2026-06-05 13:28:00,2.145541666666667,2.2154380615021236
2026-06-05 13:30:00,2.1406666666666667,2.2151293573827733
2026-06-05 13:32:00,2.1449166666666666,2.2143741073973144
2026-06-05 13:34:00,2.1435000000000004,2.2121123172468553
2026-06-05 13:36:00,2.1428333333333334,2.2070813624177883
2026-06-05 13:38:00,2.1457916666666663,2.2079787838029867
2026-06-05 13:40:00,2.145083333333334,2.2089447688678683
2026-06-05 13:42:00,2.1437083333333335,2.208565237731329
2026-06-05 13:44:00,2.1436666666666673,2.206407009560635
2026-06-05 13:46:00,2.1441250000000007,2.2030837937876706
2026-06-05 13:48:00,2.140083333333333,2.2010040855120208
2026-06-05 13:50:00,2.1412173913043473,2.2011332446497613
2026-06-05 13:52:00,2.145291666666667,2.2028727879976464
2026-06-05 13:54:00,2.1477083333333336,2.2093961578633436
2026-06-05 13:56:00,2.1478333333333333,2.2112144990287312
2026-06-05 13:58:00,2.147791666666666,2.211136598289515
2026-06-05 14:00:00,2.148125,2.2129956284284424
2026-06-05 14:02:00,2.1471250000000004,2.212861145177307
2026-06-05 14:04:00,2.1460416666666666,2.2128402552769244
2026-06-05 14:06:00,2.144416666666667,2.203755061317257
2026-06-05 14:08:00,2.141541666666667,2.2065726738226523
2026-06-05 14:10:00,2.1462083333333335,2.203948479299227
2026-06-05 14:12:00,2.143583333333333,2.201058796392186
2026-06-05 14:14:00,2.142708333333333,2.200608629611841
2026-06-05 14:16:00,2.142958333333334,2.204614836568841
2026-06-05 14:18:00,2.1465416666666672,2.209592140821045
2026-06-05 14:20:00,2.1454583333333335,2.2134722075348394
2026-06-05 14:22:00,2.1484166666666664,2.215493951049528
2026-06-05 14:24:00,2.131166666666667,2.2161028720136606
2026-06-05 14:26:00,2.135875,2.2161054388354335
2026-06-05 14:28:00,2.1332608695652175,2.216053128507715
2026-06-05 14:30:00,2.14,2.2159883423094278
2026-06-05 14:32:00,2.133375,2.2155481405096
2026-06-05 14:34:00,2.135083333333333,2.213449622601238
2026-06-05 14:36:00,2.1385833333333335,2.2084817888334047
2026-06-05 14:38:00,2.131875,2.2111121724731935
2026-06-05 14:40:00,2.1335416666666664,2.21186386384091
2026-06-05 14:42:00,2.1312500000000005,2.21125284857153
2026-06-05 14:44:00,2.129958333333333,2.2091631928412867
2026-06-05 14:46:00,2.137375,2.2060932658680277
2026-06-05 14:48:00,2.133833333333334,2.204371895983238
2026-06-05 14:50:00,2.129375,2.205139240105555
2026-06-05 14:52:00,2.1369583333333337,2.2071179343628358
2026-06-05 14:54:00,2.1322916666666667,2.2126906452016746
2026-06-05 14:56:00,2.130291666666667,2.2140098191156166
2026-06-05 14:58:00,2.135291666666667,2.213624241504287
2026-06-05 15:00:00,2.137083333333334,2.21433221478517
2026-06-05 15:02:00,2.1311249999999995,2.2143199621941516
2026-06-05 15:04:00,2.1387499999999995,2.214369444807888
2026-06-05 15:06:00,2.1411666666666664,2.206275116388416
2026-06-05 15:08:00,2.1397826086956515,2.208049126409954
2026-06-05 15:10:00,2.135,2.2053965857909743
2026-06-05 15:12:00,2.132,2.202589219049259
2026-06-05 15:14:00,2.1352083333333334,2.2023876565991447
2026-06-05 15:16:00,2.137791666666667,2.206579816732618
2026-06-05 15:18:00,2.134333333333333,2.2112742988602547
2026-06-05 15:20:00,2.136125,2.2145882248446167
2026-06-05 15:22:00,2.1352499999999996,2.2159452846240195
2026-06-05 15:24:00,2.135083333333333,2.2160533749989906
2026-06-05 15:26:00,2.134416666666666,2.2159462509849353
2026-06-05 15:28:00,2.138208333333334,2.2161438244866267
2026-06-05 15:30:00,2.1316666666666664,2.216354074581798
2026-06-05 15:32:00,2.136416666666667,2.216135419866051
2026-06-05 15:34:00,2.1282083333333333,2.2141869762444295
