Timestamp,Actual_Electrode_V,TFT_Prediction_V
2026-05-30 17:50:00,2.4204166666666667,2.2317814864759407
2026-05-30 17:52:00,2.4134583333333333,2.2314770827343926
2026-05-30 17:54:00,2.408708333333333,2.230852802367759
2026-05-30 17:56:00,2.411958333333333,2.22987503765683
2026-05-30 17:58:00,2.4089130434782606,2.2288145586416332
2026-05-30 18:00:00,2.4096249999999992,2.2274770418195144
2026-05-30 18:02:00,2.41325,2.2271341388684314
2026-05-30 18:04:00,2.4127083333333332,2.2269994357564173
2026-05-30 18:06:00,2.407375,2.2270897726395047
2026-05-30 18:08:00,2.4116249999999995,2.227393982385025
2026-05-30 18:10:00,2.412875,2.2278466738611953
2026-05-30 18:12:00,2.414125,2.228355388910663
2026-05-30 18:14:00,2.4055416666666667,2.228861037354791
2026-05-30 18:16:00,2.4145833333333333,2.229483743491251
2026-05-30 18:18:00,2.408791666666667,2.230444814968462
2026-05-30 18:20:00,2.4232499999999995,2.2300717096417024
2026-05-30 18:22:00,2.419541666666666,2.2316681192996257
2026-05-30 18:24:00,2.4125416666666664,2.2325241068516903
2026-05-30 18:26:00,2.4090833333333337,2.232775334556866
2026-05-30 18:28:00,2.4060416666666664,2.23289880246202
2026-05-30 18:30:00,2.406083333333333,2.2334375581545305
2026-05-30 18:32:00,2.4097083333333336,2.234573532312592
2026-05-30 18:34:00,2.409041666666667,2.235910706326388
2026-05-30 18:36:00,2.4166666666666674,2.2369436897792934
2026-05-30 18:38:00,2.4315217391304347,2.237419439779632
2026-05-30 18:40:00,2.431291666666667,2.2374070813616447
2026-05-30 18:42:00,2.4294999999999995,2.2373059040219014
2026-05-30 18:44:00,2.425291666666667,2.237564965536572
2026-05-30 18:46:00,2.43025,2.2382625025113647
2026-05-30 18:48:00,2.425708333333333,2.2391317558001154
2026-05-30 18:50:00,2.4035000000000006,2.2322454328962325
2026-05-30 18:52:00,2.4161666666666672,2.2322750708136154
2026-05-30 18:54:00,2.406000000000001,2.2317298408255186
2026-05-30 18:56:00,2.4067916666666673,2.2308413417213115
2026-05-30 18:58:00,2.4109166666666666,2.229842722937668
2026-05-30 19:00:00,2.4230833333333335,2.2292148414853856
2026-05-30 19:02:00,2.423,2.228973484426312
2026-05-30 19:04:00,2.4269230769230767,2.229229882618014
2026-05-30 19:06:00,2.432583333333334,2.229934180699834
2026-05-30 19:08:00,2.431708333333334,2.2307697461749836
2026-05-30 19:10:00,2.4205833333333335,2.231415223722607
2026-05-30 19:12:00,2.4174583333333337,2.2317396408683448
2026-05-30 19:14:00,2.409416666666667,2.2318045033688683
2026-05-30 19:16:00,2.411875,2.231869890299627
2026-05-30 19:18:00,2.411000000000001,2.232245819164343
2026-05-30 19:20:00,2.414916666666667,2.2326623895269027
2026-05-30 19:22:00,2.4057500000000003,2.234439903219115
2026-05-30 19:24:00,2.4096666666666664,2.2351399361072826
2026-05-30 19:26:00,2.407458333333334,2.2354458110815894
2026-05-30 19:28:00,2.4068750000000003,2.236062089802761
2026-05-30 19:30:00,2.4093333333333335,2.2370770551035477
2026-05-30 19:32:00,2.4086666666666665,2.238144311460428
2026-05-30 19:34:00,2.4096250000000006,2.238978286235875
2026-05-30 19:36:00,2.408333333333334,2.2394127333483604
2026-05-30 19:38:00,2.4056666666666664,2.2393848683538113
2026-05-30 19:40:00,2.4020416666666664,2.2389925674080735
2026-05-30 19:42:00,2.410791666666667,2.238580835453468
2026-05-30 19:44:00,2.4075000000000006,2.2385273341554206
2026-05-30 19:46:00,2.4057500000000007,2.2388684299184343
2026-05-30 19:48:00,2.4124166666666667,2.239330083284561
2026-05-30 19:50:00,2.4094583333333337,2.2338339329178156
2026-05-30 19:52:00,2.408750000000001,2.234099388973955
2026-05-30 19:54:00,2.40325,2.233442123882566
2026-05-30 19:56:00,2.4129583333333335,2.232484617108619
2026-05-30 19:58:00,2.408375000000001,2.23151968351285
2026-05-30 20:00:00,2.4066521739130438,2.2311613621638777
2026-05-30 20:02:00,2.41325,2.2312623303789225
2026-05-30 20:04:00,2.4053750000000007,2.2318066491859962
2026-05-30 20:06:00,2.4068750000000003,2.2324513316733663
2026-05-30 20:08:00,2.408,2.232923848958533
2026-05-30 20:10:00,2.4085,2.2331076977941313
2026-05-30 20:12:00,2.413583333333334,2.233022749641558
2026-05-30 20:14:00,2.414166666666666,2.2327811468880814
2026-05-30 20:16:00,2.4053750000000007,2.2326279035281535
2026-05-30 20:18:00,2.4112916666666666,2.2328314022141593
2026-05-30 20:20:00,2.4161249999999996,2.2338843682189387
2026-05-30 20:22:00,2.4105416666666666,2.235545219597505
2026-05-30 20:24:00,2.4097083333333336,2.2360688117453216
2026-05-30 20:26:00,2.4135833333333334,2.2365081651369114
2026-05-30 20:28:00,2.417583333333333,2.2373300690138285
2026-05-30 20:30:00,2.41375,2.238200587027773
2026-05-30 20:32:00,2.4121249999999996,2.238908366955407
2026-05-30 20:34:00,2.406708333333334,2.2393752746829936
2026-05-30 20:36:00,2.411458333333334,2.2395399781077066
2026-05-30 20:38:00,2.411666666666667,2.2393447357135647
2026-05-30 20:40:00,2.409913043478261,2.2388542589313194
2026-05-30 20:42:00,2.415083333333333,2.2383690625382036
2026-05-30 20:44:00,2.4164583333333334,2.2382254503062273
2026-05-30 20:46:00,2.4079583333333336,2.2384348797414773
2026-05-30 20:48:00,2.4120000000000004,2.2387227695836507
2026-05-30 20:50:00,2.402333333333334,2.2349062373139934
2026-05-30 20:52:00,2.411208333333333,2.2352007125905375
2026-05-30 20:54:00,2.4062083333333333,2.2344247790850598
2026-05-30 20:56:00,2.4093750000000003,2.2334269040997894
2026-05-30 20:58:00,2.4081250000000005,2.2325750277416008
2026-05-30 21:00:00,2.4062916666666667,2.232283513071343
2026-05-30 21:02:00,2.401499999999999,2.232441351366195
2026-05-30 21:04:00,2.4077083333333333,2.232782480467838
2026-05-30 21:06:00,2.4110416666666663,2.2330684791434594
2026-05-30 21:08:00,2.4164583333333334,2.233183776350717
2026-05-30 21:10:00,2.408958333333334,2.233089270709449
2026-05-30 21:12:00,2.4144166666666664,2.2328114830132573
2026-05-30 21:14:00,2.407833333333333,2.232438403071953
2026-05-30 21:16:00,2.4092083333333334,2.2321883904751125
2026-05-30 21:18:00,2.4100416666666664,2.232305150851526
2026-05-30 21:20:00,2.408304347826087,2.234743662670116
2026-05-30 21:22:00,2.4077083333333333,2.236199382680644
2026-05-30 21:24:00,2.4034583333333335,2.23658240337281
2026-05-30 21:26:00,2.4083749999999995,2.2371391477870475
2026-05-30 21:28:00,2.416499999999999,2.2379129976247043
2026-05-30 21:30:00,2.4168749999999997,2.238522130288782
2026-05-30 21:32:00,2.4116666666666666,2.2389411080609243
2026-05-30 21:34:00,2.4086666666666665,2.239186645780857
2026-05-30 21:36:00,2.4078333333333335,2.239220429311833
2026-05-30 21:38:00,2.4035,2.238964691585586
2026-05-30 21:40:00,2.4019583333333334,2.2384563519230385
2026-05-30 21:42:00,2.39875,2.23796287969835
2026-05-30 21:44:00,2.4051250000000004,2.2377889969860636
2026-05-30 21:46:00,2.4055416666666667,2.237929855733222
2026-05-30 21:48:00,2.403208333333333,2.2381153443545214
2026-05-30 21:50:00,2.4119999999999995,2.235614522258155
2026-05-30 21:52:00,2.4022083333333333,2.235846806424611
2026-05-30 21:54:00,2.4157083333333333,2.2349753305859914
2026-05-30 21:56:00,2.408791666666667,2.2339939831743294
2026-05-30 21:58:00,2.410541666666667,2.2333252009771822
2026-05-30 22:00:00,2.410478260869566,2.2328920645862107
2026-05-30 22:02:00,2.4112916666666666,2.232894094027705
2026-05-30 22:04:00,2.412833333333333,2.232936421525033
2026-05-30 22:06:00,2.4109166666666666,2.232939362836921
2026-05-30 22:08:00,2.4062916666666667,2.232848338589843
2026-05-30 22:10:00,2.407458333333333,2.232624176822572
2026-05-30 22:12:00,2.4071249999999997,2.2322664440112363
2026-05-30 22:14:00,2.4070416666666667,2.2318429032449307
2026-05-30 22:16:00,2.399625,2.231558627556871
2026-05-30 22:18:00,2.406041666666667,2.2316343463726245
2026-05-30 22:20:00,2.4067916666666664,2.2349972535362905
2026-05-30 22:22:00,2.4088333333333334,2.2362555879303643
2026-05-30 22:24:00,2.4095416666666667,2.236562267478648
2026-05-30 22:26:00,2.405583333333334,2.2371716124926677
2026-05-30 22:28:00,2.407666666666667,2.237781485578579
2026-05-30 22:30:00,2.403458333333333,2.238149582928482
2026-05-30 22:32:00,2.415333333333333,2.238362495161966
2026-05-30 22:34:00,2.410458333333334,2.238478960257507
2026-05-30 22:36:00,2.4149999999999996,2.238454590678478
2026-05-30 22:38:00,2.4120434782608693,2.2381910411080854
2026-05-30 22:40:00,2.4092083333333334,2.237704124922395
2026-05-30 22:42:00,2.4143333333333334,2.237232761945238
2026-05-30 22:44:00,2.4038749999999998,2.237053926093407
2026-05-30 22:46:00,2.4057083333333336,2.2371559867761563
2026-05-30 22:48:00,2.409791666666666,2.2372747581929926
2026-05-30 22:50:00,2.4026666666666663,2.235813102700168
2026-05-30 22:52:00,2.4015416666666662,2.2359279450092813
2026-05-30 22:54:00,2.412916666666666,2.235006684252474
2026-05-30 22:56:00,2.412333333333333,2.2341107553423263
2026-05-30 22:58:00,2.408374999999999,2.2336236372739835
2026-05-30 23:00:00,2.4077916666666663,2.2329270492726656
2026-05-30 23:02:00,2.400833333333333,2.232693633218855
2026-05-30 23:04:00,2.4081249999999996,2.2324853523825516
2026-05-30 23:06:00,2.426416666666666,2.2323220796726284
2026-05-30 23:08:00,2.4166666666666665,2.2321402406955655
2026-05-30 23:10:00,2.426833333333333,2.231871404539787
2026-05-30 23:12:00,2.4219166666666663,2.2314906123386895
2026-05-30 23:14:00,2.4210833333333333,2.2310640947404097
2026-05-30 23:16:00,2.421583333333334,2.2307831374845097
2026-05-30 23:18:00,2.4213478260869565,2.2308423198839398
2026-05-30 23:20:00,2.4221666666666666,2.234731631652136
2026-05-30 23:22:00,2.4270000000000005,2.2358003595702574
2026-05-30 23:24:00,2.4189583333333333,2.2360776149947776
2026-05-30 23:26:00,2.425,2.23667141839225
2026-05-30 23:28:00,2.4169583333333327,2.2371025938530362
2026-05-30 23:30:00,2.4125,2.2372907853458583
2026-05-30 23:32:00,2.421416666666667,2.237373519782733
2026-05-30 23:34:00,2.4292499999999997,2.2374262629696076
2026-05-30 23:36:00,2.4167916666666662,2.237387183757911
2026-05-30 23:38:00,2.421416666666667,2.237141235532155
2026-05-30 23:40:00,2.413458333333334,2.2366880087450944
2026-05-30 23:42:00,2.4255,2.236243874756875
2026-05-30 23:44:00,2.421,2.2360664064668607
2026-05-30 23:46:00,2.4209166666666673,2.236140794227728
2026-05-30 23:48:00,2.4157083333333333,2.236211051898511
2026-05-30 23:50:00,2.416041666666667,2.2354565768196215
2026-05-30 23:52:00,2.422875,2.23541791513552
2026-05-30 23:54:00,2.423250000000001,2.234504458643547
2026-05-30 23:56:00,2.4240416666666667,2.2337300112019873
2026-05-30 23:58:00,2.4167391304347823,2.2333543149828463
2026-05-31 00:00:00,2.424375,2.23244611363556
2026-05-31 00:02:00,2.4180833333333336,2.232018772157125
2026-05-31 00:04:00,2.4269999999999996,2.23165625276827
2026-05-31 00:06:00,2.4212916666666664,2.231428027479838
2026-05-31 00:08:00,2.4204166666666667,2.231230277630715
2026-05-31 00:10:00,2.4154166666666668,2.230960635765835
2026-05-31 00:12:00,2.4261666666666666,2.230594203661169
2026-05-31 00:14:00,2.4186250000000005,2.230199492948262
2026-05-31 00:16:00,2.416666666666667,2.2299423273791197
2026-05-31 00:18:00,2.4217083333333336,2.229999774409402
2026-05-31 00:20:00,2.41825,2.2339450577850153
2026-05-31 00:22:00,2.4163750000000004,2.2348794944781414
2026-05-31 00:24:00,2.4107083333333335,2.235188198208629
2026-05-31 00:26:00,2.416416666666666,2.2357616123604873
2026-05-31 00:28:00,2.4144583333333327,2.236082689314059
2026-05-31 00:30:00,2.4195,2.236181481737293
2026-05-31 00:32:00,2.4177916666666666,2.236213622218423
2026-05-31 00:34:00,2.4094166666666665,2.2362565536865584
2026-05-31 00:36:00,2.4062083333333333,2.236228922976117
2026-05-31 00:38:00,2.411,2.2360041130847854
2026-05-31 00:40:00,2.415782608695652,2.23557286545994
2026-05-31 00:42:00,2.410458333333333,2.2351401460713114
2026-05-31 00:44:00,2.4178333333333333,2.234954037848602
2026-05-31 00:46:00,2.4132916666666664,2.2349991646148815
2026-05-31 00:48:00,2.4184999999999994,2.2350247125114056
2026-05-31 00:50:00,2.4099166666666667,2.2346307943985724
2026-05-31 00:52:00,2.4130000000000007,2.234470373111482
2026-05-31 00:54:00,2.4172083333333334,2.2336150183290626
2026-05-31 00:56:00,2.419333333333333,2.2329469162073567
2026-05-31 00:58:00,2.4090833333333337,2.2326071796828417
2026-05-31 01:00:00,2.4110416666666667,2.2316656122576446
2026-05-31 01:02:00,2.4178333333333333,2.2311482215107796
2026-05-31 01:04:00,2.414875,2.230733911753841
2026-05-31 01:06:00,2.420291666666667,2.2305026767805014
2026-05-31 01:08:00,2.4170416666666665,2.230324744843097
2026-05-31 01:10:00,2.417708333333333,2.2300798886471673
2026-05-31 01:12:00,2.4147083333333335,2.2297603834858393
2026-05-31 01:14:00,2.4190416666666663,2.2294141527261147
2026-05-31 01:16:00,2.42025,2.229187221208603
2026-05-31 01:18:00,2.414166666666666,2.2292570995150207
2026-05-31 01:20:00,2.416708333333333,2.232930725783722
2026-05-31 01:22:00,2.4200434782608693,2.23380400099195
2026-05-31 01:24:00,2.4103749999999997,2.23420048089675
2026-05-31 01:26:00,2.4133750000000007,2.234804195485895
2026-05-31 01:28:00,2.4075416666666665,2.2351204543875283
2026-05-31 01:30:00,2.4201666666666664,2.2352187157460417
2026-05-31 01:32:00,2.4132083333333334,2.2352681627906605
2026-05-31 01:34:00,2.4179999999999997,2.2353386546997127
2026-05-31 01:36:00,2.4179583333333325,2.2353335925956395
2026-05-31 01:38:00,2.4219583333333325,2.2351189160866567
2026-05-31 01:40:00,2.4136666666666664,2.234684317938474
2026-05-31 01:42:00,2.417125,2.234237688382337
2026-05-31 01:44:00,2.4160833333333334,2.234026159091045
2026-05-31 01:46:00,2.420625,2.234029006512019
2026-05-31 01:48:00,2.4125,2.2339988377900473
2026-05-31 01:50:00,2.413333333333334,2.2335849998063337
2026-05-31 01:52:00,2.4157083333333333,2.2333590036084328
2026-05-31 01:54:00,2.415875,2.232580233213067
2026-05-31 01:56:00,2.4129166666666664,2.2319650011225662
2026-05-31 01:58:00,2.4135416666666667,2.2316148174452914
2026-05-31 02:00:00,2.4166956521739134,2.2307826068135492
2026-05-31 02:02:00,2.414875,2.2302790263403414
2026-05-31 02:04:00,2.4170000000000003,2.229889469573824
2026-05-31 02:06:00,2.41825,2.229681621358421
2026-05-31 02:08:00,2.4105000000000003,2.2295352129699606
2026-05-31 02:10:00,2.4138750000000004,2.2293364987273327
2026-05-31 02:12:00,2.4128333333333334,2.229072267399512
2026-05-31 02:14:00,2.414833333333333,2.2287651774491692
2026-05-31 02:16:00,2.413875,2.2285637153333844
2026-05-31 02:18:00,2.4107083333333335,2.2286557353698146
2026-05-31 02:20:00,2.4178749999999996,2.231745675285707
2026-05-31 02:22:00,2.416,2.232684119524092
2026-05-31 02:24:00,2.4131666666666667,2.233220401425604
2026-05-31 02:26:00,2.4179166666666663,2.2339224280590897
2026-05-31 02:28:00,2.4114583333333335,2.2343361034173204
2026-05-31 02:30:00,2.415833333333333,2.2345118694395856
2026-05-31 02:32:00,2.4103333333333334,2.2346289959449814
2026-05-31 02:34:00,2.4147083333333335,2.2347505403857397
2026-05-31 02:36:00,2.4164166666666667,2.234771398286264
2026-05-31 02:38:00,2.4114999999999998,2.2345553749245357
2026-05-31 02:40:00,2.4144782608695654,2.234101691846399
2026-05-31 02:42:00,2.411,2.2336286286369353
2026-05-31 02:44:00,2.4139130434782614,2.2333803545142317
2026-05-31 02:46:00,2.4155199999999994,2.233329346272395
2026-05-31 02:48:00,2.411125,2.2332372939823144
2026-05-31 02:50:00,2.416958333333334,2.2325398068953937
2026-05-31 02:52:00,2.4174583333333333,2.232304650312205
2026-05-31 02:54:00,2.4177083333333336,2.231604772504802
2026-05-31 02:56:00,2.4103749999999997,2.2309885533587925
2026-05-31 02:58:00,2.4160416666666666,2.230609592273241
2026-05-31 03:00:00,2.416,2.229893410198047
2026-05-31 03:02:00,2.414791666666667,2.22947439413079
2026-05-31 03:04:00,2.413958333333333,2.2291574547377855
2026-05-31 03:06:00,2.41425,2.2289876104592343
2026-05-31 03:08:00,2.4155833333333336,2.228882778284272
2026-05-31 03:10:00,2.420083333333333,2.2287376351404116
2026-05-31 03:12:00,2.4163749999999995,2.2285140236099013
2026-05-31 03:14:00,2.4188333333333327,2.228230048696524
2026-05-31 03:16:00,2.4110833333333335,2.2280485603677542
2026-05-31 03:18:00,2.4130869565217385,2.2281709612754224
2026-05-31 03:20:00,2.411,2.23049373581648
2026-05-31 03:22:00,2.4185000000000003,2.2316237450507668
2026-05-31 03:24:00,2.4168749999999997,2.2323160427675295
2026-05-31 03:26:00,2.413,2.2331578469790085
2026-05-31 03:28:00,2.415125,2.233747458509003
2026-05-31 03:30:00,2.4139999999999997,2.234065388597625
2026-05-31 03:32:00,2.416375,2.2342867478336603
2026-05-31 03:34:00,2.4150833333333326,2.2344739502240496
2026-05-31 03:36:00,2.4169583333333335,2.234521569319961
2026-05-31 03:38:00,2.4175833333333334,2.234299652854951
2026-05-31 03:40:00,2.4147916666666664,2.23382218109425
2026-05-31 03:42:00,2.4124999999999996,2.2333142828785024
2026-05-31 03:44:00,2.413666666666667,2.2330186849970284
2026-05-31 03:46:00,2.4110833333333335,2.232910119587701
2026-05-31 03:48:00,2.4148749999999994,2.2327638867508672
2026-05-31 03:50:00,2.4130000000000003,2.2314877770040797
2026-05-31 03:52:00,2.4091249999999995,2.2312975986191232
2026-05-31 03:54:00,2.4154166666666668,2.2306863387187232
2026-05-31 03:56:00,2.4131666666666667,2.2300263700743344
2026-05-31 03:58:00,2.4102173913043474,2.2295848617599643
2026-05-31 04:00:00,2.411333333333333,2.2289452519649355
2026-05-31 04:02:00,2.4140416666666664,2.228653406920186
2026-05-31 04:04:00,2.4212083333333334,2.228452222555169
2026-05-31 04:06:00,2.419583333333333,2.22835446904521
2026-05-31 04:08:00,2.412625,2.2283067742381233
2026-05-31 04:10:00,2.4093333333333335,2.2282113074671694
2026-05-31 04:12:00,2.4155,2.2280129166217773
2026-05-31 04:14:00,2.414166666666667,2.2277390380170146
2026-05-31 04:16:00,2.4149583333333333,2.227570627494497
2026-05-31 04:18:00,2.4155833333333327,2.227725857163661
2026-05-31 04:20:00,2.4109583333333338,2.229182512006427
2026-05-31 04:22:00,2.4125,2.230586964849955
2026-05-31 04:24:00,2.416666666666667,2.2314157571789304
2026-05-31 04:26:00,2.4140416666666664,2.2323749385071268
2026-05-31 04:28:00,2.4096666666666664,2.233197988452086
2026-05-31 04:30:00,2.4184166666666664,2.233726850129922
2026-05-31 04:32:00,2.4138333333333333,2.2340937363183206
2026-05-31 04:34:00,2.4103333333333326,2.2343642943470496
2026-05-31 04:36:00,2.411913043478261,2.2344449775279513
2026-05-31 04:38:00,2.413541666666667,2.2342200381659447
2026-05-31 04:40:00,2.4148333333333336,2.2337174492966305
2026-05-31 04:42:00,2.410375,2.2331707999505532
2026-05-31 04:44:00,2.411291666666666,2.2328300738698372
2026-05-31 04:46:00,2.4157499999999996,2.2326786565759726
2026-05-31 04:48:00,2.4064583333333327,2.2325006800488096
2026-05-31 04:50:00,2.4077499999999996,2.230414010797744
2026-05-31 04:52:00,2.4125416666666664,2.230314885760405
2026-05-31 04:54:00,2.414916666666666,2.229812091633865
2026-05-31 04:56:00,2.408791666666666,2.2290948393696746
2026-05-31 04:58:00,2.4082083333333335,2.2285155290804517
2026-05-31 05:00:00,2.4074999999999998,2.227923739231445
2026-05-31 05:02:00,2.4081249999999996,2.227756096001868
2026-05-31 05:04:00,2.4129166666666664,2.2277248370166474
2026-05-31 05:06:00,2.4135416666666663,2.2277689652317303
2026-05-31 05:08:00,2.4105833333333337,2.227825291380697
2026-05-31 05:10:00,2.4129166666666664,2.227799506030052
2026-05-31 05:12:00,2.4138333333333333,2.2276339167762016
2026-05-31 05:14:00,2.4140434782608695,2.2273711358359853
2026-05-31 05:16:00,2.4143749999999997,2.2272144516652506
2026-05-31 05:18:00,2.406125,2.2274056082852414
2026-05-31 05:20:00,2.4116666666666666,2.2279516658086087
2026-05-31 05:22:00,2.411916666666666,2.2296719347870626
2026-05-31 05:24:00,2.4095416666666662,2.230645852254929
2026-05-31 05:26:00,2.4070416666666667,2.2315977151316204
2026-05-31 05:28:00,2.411666666666666,2.232663417225446
2026-05-31 05:30:00,2.409916666666667,2.233500379712887
2026-05-31 05:32:00,2.414291666666666,2.2340932835528298
2026-05-31 05:34:00,2.408916666666667,2.2344915943421535
2026-05-31 05:36:00,2.414291666666666,2.234626670888358
2026-05-31 05:38:00,2.408708333333333,2.234406076614271
2026-05-31 05:40:00,2.4115833333333323,2.233877400048325
2026-05-31 05:42:00,2.408958333333333,2.2332955497732154
2026-05-31 05:44:00,2.411916666666667,2.232927724126146
2026-05-31 05:46:00,2.4099166666666663,2.2327636532153017
2026-05-31 05:48:00,2.4098749999999995,2.23258519325315
2026-05-31 05:50:00,2.4119166666666665,2.2293900691309307
2026-05-31 05:52:00,2.4126956521739125,2.2294052371231072
2026-05-31 05:54:00,2.4107916666666664,2.2290308898456104
2026-05-31 05:56:00,2.407666666666666,2.2282885450095464
2026-05-31 05:58:00,2.413875,2.2275000197683616
2026-05-31 06:00:00,2.401333333333333,2.2269568165747917
2026-05-31 06:02:00,2.4097500000000003,2.226746250491482
2026-05-31 06:04:00,2.4043749999999995,2.226881432592748
2026-05-31 06:06:00,2.404291666666666,2.2271663393242793
2026-05-31 06:08:00,2.4140416666666664,2.2274442964613113
2026-05-31 06:10:00,2.4114583333333335,2.2275840902434045
2026-05-31 06:12:00,2.4096250000000006,2.2275263776660057
2026-05-31 06:14:00,2.4122083333333326,2.227326266047853
2026-05-31 06:16:00,2.406875,2.2272147971682066
2026-05-31 06:18:00,2.4075,2.2274674771988665
2026-05-31 06:20:00,2.4064166666666664,2.227192524901584
2026-05-31 06:22:00,2.406208333333333,2.229174148019557
2026-05-31 06:24:00,2.4110416666666667,2.2303542634850517
2026-05-31 06:26:00,2.4065416666666666,2.2311093423383213
2026-05-31 06:28:00,2.408875,2.232150446203688
2026-05-31 06:30:00,2.411749999999999,2.2333330112806604
2026-05-31 06:32:00,2.4121666666666663,2.234313309753863
2026-05-31 06:34:00,2.4095217391304344,2.2349771464697374
2026-05-31 06:36:00,2.4082083333333326,2.235251635067617
2026-05-31 06:38:00,2.4062083333333337,2.2350777888697664
2026-05-31 06:40:00,2.40625,2.2345411913155977
2026-05-31 06:42:00,2.4083333333333328,2.233943813425453
2026-05-31 06:44:00,2.408083333333333,2.2335878513980725
2026-05-31 06:46:00,2.4124583333333334,2.2334677185271605
2026-05-31 06:48:00,2.4128749999999997,2.233349153424549
2026-05-31 06:50:00,2.4052083333333325,2.228614764331044
2026-05-31 06:52:00,2.4042083333333335,2.2287232590193673
2026-05-31 06:54:00,2.4051666666666662,2.2284880398723783
2026-05-31 06:56:00,2.406333333333333,2.2277676180863026
2026-05-31 06:58:00,2.406458333333333,2.226810714640324
2026-05-31 07:00:00,2.4078749999999993,2.226389868018289
2026-05-31 07:02:00,2.405625,2.225736294492553
2026-05-31 07:04:00,2.4091249999999995,2.2257096855933476
2026-05-31 07:06:00,2.4127083333333323,2.2261147370533214
2026-05-31 07:08:00,2.404291666666666,2.226680481266514
2026-05-31 07:10:00,2.406166666666666,2.2271486471715525
2026-05-31 07:12:00,2.403043478260869,2.2274084854366647
2026-05-31 07:14:00,2.414708333333334,2.2274838456211756
2026-05-31 07:16:00,2.40875,2.22760340075836
2026-05-31 07:18:00,2.4175416666666663,2.228071633313108
2026-05-31 07:20:00,2.406166666666666,2.2273691479341644
2026-05-31 07:22:00,2.4138333333333333,2.229407162743607
2026-05-31 07:24:00,2.4196666666666666,2.230801626302794
2026-05-31 07:26:00,2.4108750000000003,2.231483714372972
2026-05-31 07:28:00,2.412416666666667,2.2320434913730565
2026-05-31 07:30:00,2.4200000000000004,2.232957066197305
2026-05-31 07:32:00,2.416541666666667,2.2341560252459467
2026-05-31 07:34:00,2.414541666666667,2.2352404527339336
2026-05-31 07:36:00,2.4133333333333336,2.235881970899834
2026-05-31 07:38:00,2.4114583333333335,2.2359437950655896
2026-05-31 07:40:00,2.409708333333333,2.2355324979611875
2026-05-31 07:42:00,2.4079166666666674,2.235020080212287
2026-05-31 07:44:00,2.4049583333333335,2.2347815667963222
2026-05-31 07:46:00,2.400958333333333,2.2348410202505145
2026-05-31 07:48:00,2.4060833333333336,2.234949597819551
2026-05-31 07:50:00,2.407608695652174,2.2283757743312282
2026-05-31 07:52:00,2.4077499999999996,2.2284866405685007
2026-05-31 07:54:00,2.410708333333333,2.228374726885363
2026-05-31 07:56:00,2.408833333333334,2.2276928328064227
2026-05-31 07:58:00,2.4062916666666663,2.2266956731829586
2026-05-31 08:00:00,2.413375,2.226452927127844
2026-05-31 08:02:00,2.4095416666666667,2.225409172637485
2026-05-31 08:04:00,2.4095833333333334,2.224956258153424
2026-05-31 08:06:00,2.4138333333333337,2.225012717553971
2026-05-31 08:08:00,2.4054166666666665,2.225395365009324
2026-05-31 08:10:00,2.4149166666666666,2.2258506728253784
2026-05-31 08:12:00,2.4064166666666664,2.226269086100799
2026-05-31 08:14:00,2.412375,2.226660862898892
2026-05-31 08:16:00,2.4052916666666664,2.2272082401588236
2026-05-31 08:18:00,2.4099999999999997,2.228175169989874
2026-05-31 08:20:00,2.4049166666666664,2.2282946874066236
2026-05-31 08:22:00,2.402916666666667,2.2302641034933046
2026-05-31 08:24:00,2.3967916666666667,2.23179366249899
2026-05-31 08:26:00,2.3986666666666667,2.232512962493487
2026-05-31 08:28:00,2.4079130434782607,2.232921497890073
2026-05-31 08:30:00,2.4121249999999996,2.2333528071185733
2026-05-31 08:32:00,2.4082500000000002,2.2339474997738726
2026-05-31 08:34:00,2.4040000000000004,2.2346831543128145
2026-05-31 08:36:00,2.4074999999999993,2.2353182618828433
2026-05-31 08:38:00,2.4047916666666667,2.235564710962559
2026-05-31 08:40:00,2.4101250000000003,2.2353839360631103
2026-05-31 08:42:00,2.4065833333333333,2.235104754642368
2026-05-31 08:44:00,2.4046666666666665,2.2351366393105443
2026-05-31 08:46:00,2.4090833333333337,2.235556561048843
2026-05-31 08:48:00,2.406375,2.2361464595718568
2026-05-31 08:50:00,2.4024583333333336,2.228529916430516
2026-05-31 08:52:00,2.40475,2.228551712018913
2026-05-31 08:54:00,2.4019583333333334,2.228521948269946
2026-05-31 08:56:00,2.40075,2.227897946343142
2026-05-31 08:58:00,2.398791666666667,2.226929440340029
2026-05-31 09:00:00,2.4019583333333334,2.2264521776266495
2026-05-31 09:02:00,2.401333333333333,2.2253923788650325
2026-05-31 09:04:00,2.3997916666666668,2.224875484669031
2026-05-31 09:06:00,2.403708333333334,2.2248006206071422
2026-05-31 09:08:00,2.394391304347826,2.224971277712672
2026-05-31 09:10:00,2.4058749999999995,2.225152312154439
2026-05-31 09:12:00,2.4015,2.2252828449841418
2026-05-31 09:14:00,2.3920000000000003,2.2254380768295072
2026-05-31 09:16:00,2.4002916666666665,2.2258775477135244
2026-05-31 09:18:00,2.3980416666666664,2.226908671417516
2026-05-31 09:20:00,2.396999999999999,2.2292283464892155
2026-05-31 09:22:00,2.3992499999999994,2.231094934591154
2026-05-31 09:24:00,2.3992916666666666,2.2326200727134515
2026-05-31 09:26:00,2.3979166666666667,2.233316424886289
2026-05-31 09:28:00,2.395375,2.2336837551283577
2026-05-31 09:30:00,2.397,2.234034908396859
2026-05-31 09:32:00,2.3973750000000003,2.2343828718238594
2026-05-31 09:34:00,2.397958333333334,2.234651423776347
2026-05-31 09:36:00,2.39625,2.234740914562398
2026-05-31 09:38:00,2.396583333333334,2.234547113388514
2026-05-31 09:40:00,2.396833333333334,2.2341055524977644
2026-05-31 09:42:00,2.3962916666666665,2.2337361143747354
2026-05-31 09:44:00,2.3938333333333337,2.233824569944548
2026-05-31 09:46:00,2.3947500000000006,2.234429907733241
2026-05-31 09:48:00,2.3966521739130435,2.2353332404082464
2026-05-31 09:50:00,2.400416666666667,2.2289574983835365
2026-05-31 09:52:00,2.397708333333333,2.228760283555041
2026-05-31 09:54:00,2.397375,2.2286799984710273
2026-05-31 09:56:00,2.392916666666667,2.228076212230917
2026-05-31 09:58:00,2.393916666666667,2.22713280213448
2026-05-31 10:00:00,2.395541666666667,2.2262315831594295
2026-05-31 10:02:00,2.3921666666666668,2.2252370775509
2026-05-31 10:04:00,2.3946250000000004,2.2247885052536476
2026-05-31 10:06:00,2.394625,2.2247842480256814
2026-05-31 10:08:00,2.391,2.2249761636431256
2026-05-31 10:10:00,2.397291666666667,2.2251219523088315
2026-05-31 10:12:00,2.397,2.2251477173904246
2026-05-31 10:14:00,2.392083333333334,2.225120102159729
2026-05-31 10:16:00,2.3930000000000002,2.2253244984865255
2026-05-31 10:18:00,2.391833333333333,2.2261245896496678
2026-05-31 10:20:00,2.3928333333333334,2.2298435737006597
2026-05-31 10:22:00,2.391541666666667,2.2315299828076753
2026-05-31 10:24:00,2.3958749999999998,2.2329229690732664
2026-05-31 10:26:00,2.3935416666666667,2.233527757783855
2026-05-31 10:28:00,2.3978260869565213,2.2338352589386776
2026-05-31 10:30:00,2.392375,2.234183993499356
2026-05-31 10:32:00,2.3936666666666673,2.2345182873447462
2026-05-31 10:34:00,2.3905833333333333,2.2346786915375265
2026-05-31 10:36:00,2.392625,2.2345299997650017
2026-05-31 10:38:00,2.393125,2.233999821451395
2026-05-31 10:40:00,2.3965416666666663,2.233197649345354
2026-05-31 10:42:00,2.3928333333333325,2.2325094959208194
2026-05-31 10:44:00,2.390333333333333,2.2323649018280824
2026-05-31 10:46:00,2.389625,2.2328422466728655
2026-05-31 10:48:00,2.387416666666666,2.2337059036387457
2026-05-31 10:50:00,2.3939999999999997,2.22958376551361
2026-05-31 10:52:00,2.392541666666667,2.229100498974641
2026-05-31 10:54:00,2.3881666666666663,2.22886188309122
2026-05-31 10:56:00,2.395708333333333,2.2282001646130953
2026-05-31 10:58:00,2.3899166666666662,2.2272416554720778
2026-05-31 11:00:00,2.3935833333333334,2.2262038772221007
2026-05-31 11:02:00,2.3923333333333336,2.225320274321229
2026-05-31 11:04:00,2.3898333333333333,2.2250035623898032
2026-05-31 11:06:00,2.3956666666666666,2.2251377073872294
2026-05-31 11:08:00,2.3937391304347826,2.225408720479974
2026-05-31 11:10:00,2.386666666666667,2.225581732026425
2026-05-31 11:12:00,2.3822499999999995,2.2255744777213327
2026-05-31 11:14:00,2.39,2.2254508836195943
2026-05-31 11:16:00,2.3900416666666673,2.2255036666600363
2026-05-31 11:18:00,2.3883333333333336,2.226076771446459
2026-05-31 11:20:00,2.3897083333333335,2.230262472725253
2026-05-31 11:22:00,2.3912083333333336,2.2315722652360424
2026-05-31 11:24:00,2.3926250000000002,2.2326984326812496
2026-05-31 11:26:00,2.3876666666666666,2.233101480037151
2026-05-31 11:28:00,2.3893333333333335,2.2332929817078515
2026-05-31 11:30:00,2.3898333333333333,2.2336620678316788
2026-05-31 11:32:00,2.388708333333333,2.234087714448607
2026-05-31 11:34:00,2.3856666666666664,2.2343087619764956
2026-05-31 11:36:00,2.385625,2.234137671992793
2026-05-31 11:38:00,2.3876666666666666,2.2334919452557194
2026-05-31 11:40:00,2.3924166666666666,2.2325002869837407
2026-05-31 11:42:00,2.391333333333333,2.2315803715123814
2026-05-31 11:44:00,2.3917083333333333,2.2312025843243135
2026-05-31 11:46:00,2.3937391304347826,2.2314856902663585
2026-05-31 11:48:00,2.395958333333334,2.232216805817469
2026-05-31 11:50:00,2.394458333333333,2.2303515015735726
2026-05-31 11:52:00,2.388666666666666,2.2296188456467205
2026-05-31 11:54:00,2.3977916666666665,2.229186687573847
2026-05-31 11:56:00,2.3899166666666667,2.228407201619602
2026-05-31 11:58:00,2.391291666666667,2.227414958231344
2026-05-31 12:00:00,2.3956250000000003,2.2267398923813104
2026-05-31 12:02:00,2.3942499999999995,2.22608815844191
2026-05-31 12:04:00,2.387916666666667,2.225982546770743
2026-05-31 12:06:00,2.3910416666666663,2.226266930687284
2026-05-31 12:08:00,2.391083333333333,2.226598744253237
2026-05-31 12:10:00,2.390791666666667,2.2267551685216267
2026-05-31 12:12:00,2.395708333333333,2.2266623874097125
2026-05-31 12:14:00,2.3870416666666663,2.226409989800492
2026-05-31 12:16:00,2.3930416666666665,2.2263147629642477
2026-05-31 12:18:00,2.390166666666667,2.226687324336453
2026-05-31 12:20:00,2.3897083333333327,2.2306775346066985
2026-05-31 12:22:00,2.394625,2.2315385710408226
2026-05-31 12:24:00,2.388521739130434,2.232293516980278
2026-05-31 12:26:00,2.391083333333334,2.2323520897732343
2026-05-31 12:28:00,2.3902500000000004,2.232318552340392
2026-05-31 12:30:00,2.3920833333333333,2.2326735265910562
2026-05-31 12:32:00,2.386875,2.23327744156887
2026-05-31 12:34:00,2.3919583333333327,2.2337013648941375
2026-05-31 12:36:00,2.3859166666666667,2.2336616618492786
2026-05-31 12:38:00,2.3930416666666665,2.2330591993480606
2026-05-31 12:40:00,2.3866249999999996,2.2320210161380483
2026-05-31 12:42:00,2.392166666666666,2.231000598930014
2026-05-31 12:44:00,2.387833333333333,2.2305112782720675
2026-05-31 12:46:00,2.3905416666666666,2.230700205376311
2026-05-31 12:48:00,2.3922916666666665,2.231351691927801
2026-05-31 12:50:00,2.39425,2.2311295911621047
2026-05-31 12:52:00,2.394916666666666,2.230294089011583
2026-05-31 12:54:00,2.3855,2.229722280675719
2026-05-31 12:56:00,2.392041666666666,2.2288411559560335
2026-05-31 12:58:00,2.389458333333333,2.2278597398491256
2026-05-31 13:00:00,2.391333333333333,2.227699018493631
2026-05-31 13:02:00,2.395608695652174,2.227303740658375
2026-05-31 13:04:00,2.3891666666666667,2.2273758244701156
2026-05-31 13:06:00,2.3911666666666664,2.2277268693732
2026-05-31 13:08:00,2.38775,2.2280543841636042
2026-05-31 13:10:00,2.3895416666666667,2.228150028995755
2026-05-31 13:12:00,2.395208333333333,2.227951471684142
2026-05-31 13:14:00,2.3915833333333336,2.227563545074825
2026-05-31 13:16:00,2.3921666666666663,2.227297599247969
2026-05-31 13:18:00,2.3974583333333332,2.2274595494598195
2026-05-31 13:20:00,2.394041666666667,2.230923745407797
2026-05-31 13:22:00,2.38925,2.231499735039321
2026-05-31 13:24:00,2.3890833333333332,2.2319270564345897
2026-05-31 13:26:00,2.389,2.2316216662055
2026-05-31 13:28:00,2.3920833333333333,2.2312845267748043
2026-05-31 13:30:00,2.3898749999999995,2.2315174162146496
2026-05-31 13:32:00,2.3945416666666666,2.2322990839090386
2026-05-31 13:34:00,2.388708333333333,2.2330286570121736
2026-05-31 13:36:00,2.391625,2.2332534919561837
2026-05-31 13:38:00,2.3929583333333335,2.2328209231871594
2026-05-31 13:40:00,2.3832173913043477,2.2318597575910117
2026-05-31 13:42:00,2.393708333333334,2.23084768158361
2026-05-31 13:44:00,2.390708333333333,2.2303575981688986
2026-05-31 13:46:00,2.392166666666666,2.230564417729285
2026-05-31 13:48:00,2.392,2.231238998567623
2026-05-31 13:50:00,2.3939166666666667,2.2318820757877336
2026-05-31 13:52:00,2.393333333333333,2.2310875102466903
2026-05-31 13:54:00,2.395708333333333,2.2304653828164107
2026-05-31 13:56:00,2.38775,2.229554760729397
2026-05-31 13:58:00,2.392875,2.2286180251476586
2026-05-31 14:00:00,2.3987916666666664,2.2285606095898367
2026-05-31 14:02:00,2.3812916666666673,2.2282916059307416
2026-05-31 14:04:00,2.3886249999999998,2.2284288798235226
2026-05-31 14:06:00,2.393208333333333,2.2287704823069885
2026-05-31 14:08:00,2.3835,2.2290565305516026
2026-05-31 14:10:00,2.3887083333333337,2.2290879645616295
2026-05-31 14:12:00,2.3913750000000005,2.2288065148850076
2026-05-31 14:14:00,2.383291666666666,2.2283175372615065
2026-05-31 14:16:00,2.3906666666666667,2.2279227428442083
2026-05-31 14:18:00,2.3937500000000003,2.227932163235686
2026-05-31 14:20:00,2.3928260869565214,2.230935316479749
2026-05-31 14:22:00,2.388,2.231394888968105
2026-05-31 14:24:00,2.3945000000000003,2.2316579768005176
2026-05-31 14:26:00,2.395916666666666,2.23116716452624
2026-05-31 14:28:00,2.3970833333333332,2.2306301478924015
2026-05-31 14:30:00,2.3934166666666665,2.2307059994179386
2026-05-31 14:32:00,2.3874583333333335,2.231546476300265
2026-05-31 14:34:00,2.396625,2.2325101519145134
2026-05-31 14:36:00,2.3905833333333337,2.2329998042380317
2026-05-31 14:38:00,2.38425,2.2328060524464157
2026-05-31 14:40:00,2.392916666666667,2.232035668861303
2026-05-31 14:42:00,2.3897916666666665,2.2311601865875845
2026-05-31 14:44:00,2.3922916666666665,2.2307890042893397
2026-05-31 14:46:00,2.3925000000000005,2.231135022041421
2026-05-31 14:48:00,2.3907083333333343,2.2319572357233612
2026-05-31 14:50:00,2.3903750000000006,2.232375104408286
2026-05-31 14:52:00,2.3868750000000003,2.231722141048424
2026-05-31 14:54:00,2.396416666666667,2.231117256913218
2026-05-31 14:56:00,2.388913043478261,2.230209335145793
2026-05-31 14:58:00,2.39275,2.229280462736469
2026-05-31 15:00:00,2.38975,2.228678472581109
2026-05-31 15:02:00,2.3864583333333336,2.2284256263310143
2026-05-31 15:04:00,2.38975,2.228551934525532
2026-05-31 15:06:00,2.3925,2.2288497886103893
2026-05-31 15:08:00,2.391833333333334,2.2290893855854335
2026-05-31 15:10:00,2.3924583333333334,2.2290838807663795
2026-05-31 15:12:00,2.3934583333333337,2.2287774652178736
2026-05-31 15:14:00,2.3850000000000007,2.2282677734519747
2026-05-31 15:16:00,2.3914166666666667,2.2278725944764646
2026-05-31 15:18:00,2.3890833333333332,2.227908928645103
2026-05-31 15:20:00,2.3905833333333333,2.2307199867027143
2026-05-31 15:22:00,2.3905416666666666,2.23119666002766
2026-05-31 15:24:00,2.3917499999999996,2.231504487006743
2026-05-31 15:26:00,2.3900833333333336,2.231061404524149
2026-05-31 15:28:00,2.390041666666667,2.230528875699475
2026-05-31 15:30:00,2.390416666666667,2.2305167534040384
2026-05-31 15:32:00,2.3923750000000004,2.2312722545597907
2026-05-31 15:34:00,2.3916956521739134,2.232270765553023
2026-05-31 15:36:00,2.3912083333333336,2.2328897467265287
2026-05-31 15:38:00,2.389,2.2328826774616495
2026-05-31 15:40:00,2.392458333333334,2.2323423162025606
2026-05-31 15:42:00,2.390916666666667,2.2317144851113913
2026-05-31 15:44:00,2.3899166666666667,2.2315860198913136
2026-05-31 15:46:00,2.388708333333333,2.2321605821443633
2026-05-31 15:48:00,2.3927500000000004,2.2332032347006674
2026-05-31 15:50:00,2.3904583333333336,2.2324366654308383
2026-05-31 15:52:00,2.388541666666667,2.2319112930692935
2026-05-31 15:54:00,2.3885,2.231315943511576
2026-05-31 15:56:00,2.3887916666666666,2.230387990038436
2026-05-31 15:58:00,2.387166666666667,2.2294263827154834
2026-05-31 16:00:00,2.3878333333333335,2.2279845604776156
2026-05-31 16:02:00,2.3906249999999996,2.2277122916837784
2026-05-31 16:04:00,2.3857916666666665,2.2277794025834035
2026-05-31 16:06:00,2.386625,2.2280003325132336
2026-05-31 16:08:00,2.389041666666667,2.228187444682881
2026-05-31 16:10:00,2.3867499999999997,2.2281852498548393
2026-05-31 16:12:00,2.3887500000000004,2.2279494500734116
2026-05-31 16:14:00,2.3868695652173915,2.227573381636336
2026-05-31 16:16:00,2.387166666666667,2.227374348960994
2026-05-31 16:18:00,2.3849583333333335,2.2277167727964753
2026-05-31 16:20:00,2.3883333333333336,2.2305378746222924
2026-05-31 16:22:00,2.3859583333333334,2.23124942874321
2026-05-31 16:24:00,2.3822083333333333,2.231839507588969
2026-05-31 16:26:00,2.382833333333333,2.23169112442897
2026-05-31 16:28:00,2.3877083333333338,2.231381651187431
2026-05-31 16:30:00,2.3845000000000005,2.2313873474879196
2026-05-31 16:32:00,2.387750000000001,2.2319588595531417
2026-05-31 16:34:00,2.3830833333333334,2.2328159897885267
2026-05-31 16:36:00,2.3863333333333334,2.233489794133998
2026-05-31 16:38:00,2.3844583333333342,2.2337355555827654
2026-05-31 16:40:00,2.385166666666666,2.2336053968743688
2026-05-31 16:42:00,2.3835,2.233497275103949
2026-05-31 16:44:00,2.383458333333333,2.2339328290168674
2026-05-31 16:46:00,2.389416666666667,2.2350531604019443
2026-05-31 16:48:00,2.3833750000000005,2.236611592517278
2026-05-31 16:50:00,2.385083333333333,2.232259876990359
2026-05-31 16:52:00,2.3843750000000004,2.231814438659978
2026-05-31 16:54:00,2.3806086956521737,2.2311989035407325
2026-05-31 16:56:00,2.384916666666667,2.2302154782354573
2026-05-31 16:58:00,2.3819999999999997,2.229193483289466
2026-05-31 17:00:00,2.3845416666666672,2.2273737786969297
2026-05-31 17:02:00,2.3813333333333335,2.227126339850339
2026-05-31 17:04:00,2.3826666666666667,2.227142308735681
2026-05-31 17:06:00,2.38225,2.227309016904086
2026-05-31 17:08:00,2.386625,2.2275278590572003
2026-05-31 17:10:00,2.385833333333333,2.2277170958640995
2026-05-31 17:12:00,2.3814583333333332,2.2278632377767176
2026-05-31 17:14:00,2.3797916666666663,2.2280418911068365
2026-05-31 17:16:00,2.38125,2.228503780607229
2026-05-31 17:18:00,2.37625,2.2295546917687523
2026-05-31 17:20:00,2.3770416666666665,2.230767330259485
2026-05-31 17:22:00,2.3820416666666664,2.231997305945775
2026-05-31 17:24:00,2.3803750000000004,2.23287897449524
2026-05-31 17:26:00,2.377166666666666,2.233058588342969
2026-05-31 17:28:00,2.378166666666667,2.2329909017690364
2026-05-31 17:30:00,2.384916666666666,2.2331064264486367
2026-05-31 17:32:00,2.376875,2.233752652764612
2026-05-31 17:34:00,2.378086956521739,2.234894963971813
2026-05-31 17:36:00,2.3829999999999996,2.236096425300811
2026-05-31 17:38:00,2.378791666666667,2.2369223770545883
2026-05-31 17:40:00,2.382875,2.237278564558898
2026-05-31 17:42:00,2.3822083333333333,2.237522138129949
2026-05-31 17:44:00,2.380916666666667,2.2381481813001822
2026-05-31 17:46:00,2.3789166666666666,2.239288048503501
2026-05-31 17:48:00,2.376333333333333,2.240694941011514
2026-05-31 17:50:00,2.3792916666666666,2.2322526144866264
2026-05-31 17:52:00,2.380125,2.2320143081461072
2026-05-31 17:54:00,2.3788750000000003,2.2314068399331264
2026-05-31 17:56:00,2.3822916666666667,2.2304123684069337
2026-05-31 17:58:00,2.3763333333333336,2.22934945982917
2026-05-31 18:00:00,2.381,2.2281368716305967
2026-05-31 18:02:00,2.3800833333333333,2.22795941139206
2026-05-31 18:04:00,2.381333333333333,2.2280749993432383
2026-05-31 18:06:00,2.372833333333333,2.228527515986571
2026-05-31 18:08:00,2.371958333333333,2.229253977624683
2026-05-31 18:10:00,2.3733333333333335,2.230068959214888
2026-05-31 18:12:00,2.3709166666666666,2.2307943158158334
2026-05-31 18:14:00,2.3773478260869565,2.2313702841959087
2026-05-31 18:16:00,2.381708333333333,2.231971197996715
2026-05-31 18:18:00,2.3774166666666665,2.232874275987919
2026-05-31 18:20:00,2.3736666666666664,2.2316256325998665
2026-05-31 18:22:00,2.379375,2.2333336875041274
2026-05-31 18:24:00,2.3805,2.2342316995354077
2026-05-31 18:26:00,2.3804166666666666,2.234511583568689
2026-05-31 18:28:00,2.3770000000000002,2.2347565054074283
2026-05-31 18:30:00,2.3794166666666663,2.235479284159315
2026-05-31 18:32:00,2.388125,2.236701086869004
2026-05-31 18:34:00,2.382916666666667,2.2379993496582773
2026-05-31 18:36:00,2.37975,2.2389243477478895
2026-05-31 18:38:00,2.3898333333333333,2.2392705247067513
2026-05-31 18:40:00,2.3818333333333332,2.239131259985705
2026-05-31 18:42:00,2.3859583333333334,2.2389108549511
2026-05-31 18:44:00,2.3837500000000005,2.2390561995691582
2026-05-31 18:46:00,2.384,2.239644455251034
2026-05-31 18:48:00,2.379,2.240407990868177
2026-05-31 18:50:00,2.385086956521739,2.2328821769019727
2026-05-31 18:52:00,2.379416666666667,2.2329677075868886
2026-05-31 18:54:00,2.377708333333333,2.232364312128858
2026-05-31 18:56:00,2.3822500000000004,2.2314208848100097
2026-05-31 18:58:00,2.380833333333334,2.230413754101484
2026-05-31 19:00:00,2.388958333333334,2.229815295107712
2026-05-31 19:02:00,2.3834583333333335,2.229755808544359
2026-05-31 19:04:00,2.3861666666666665,2.2302120827080256
2026-05-31 19:06:00,2.3785416666666666,2.231037446330663
2026-05-31 19:08:00,2.386,2.2318985166095757
2026-05-31 19:10:00,2.3833749999999996,2.232521059905226
2026-05-31 19:12:00,2.3841666666666668,2.2328202534738977
2026-05-31 19:14:00,2.3820833333333336,2.23287870575203
2026-05-31 19:16:00,2.384541666666667,2.2329591013438135
2026-05-31 19:18:00,2.3827499999999997,2.233363635816707
2026-05-31 19:20:00,2.3883750000000004,2.2328557146072714
2026-05-31 19:22:00,2.381375,2.234635945327357
2026-05-31 19:24:00,2.3828333333333336,2.2353376865709884
2026-05-31 19:26:00,2.380625,2.2356791973225025
2026-05-31 19:28:00,2.386416666666667,2.236347772608402
2026-05-31 19:30:00,2.380695652173913,2.2373689076504464
2026-05-31 19:32:00,2.3815416666666667,2.238413685366096
2026-05-31 19:34:00,2.383166666666667,2.2392244009638516
2026-05-31 19:36:00,2.38275,2.2396374802388266
2026-05-31 19:38:00,2.3840833333333338,2.2395896065847336
2026-05-31 19:40:00,2.3949583333333337,2.239178550950814
2026-05-31 19:42:00,2.3973750000000003,2.2387490315930414
2026-05-31 19:44:00,2.3822083333333333,2.238678675123504
2026-05-31 19:46:00,2.382125,2.2390039720865915
2026-05-31 19:48:00,2.3877083333333333,2.2394503439490556
2026-05-31 19:50:00,2.3877083333333338,2.233955445198796
2026-05-31 19:52:00,2.3854583333333332,2.2342275014515027
2026-05-31 19:54:00,2.399125,2.2335418001480916
2026-05-31 19:56:00,2.403208333333333,2.2325760202111122
2026-05-31 19:58:00,2.393625,2.231638005991054
2026-05-31 20:00:00,2.39625,2.231339033989409
2026-05-31 20:02:00,2.3962083333333335,2.231496554929837
2026-05-31 20:04:00,2.3989583333333337,2.232047340339823
2026-05-31 20:06:00,2.3997500000000005,2.232662717780621
2026-05-31 20:08:00,2.3922173913043485,2.233099953007527
2026-05-31 20:10:00,2.403708333333334,2.2332571874678497
2026-05-31 20:12:00,2.4004583333333334,2.2331568114073317
2026-05-31 20:14:00,2.397458333333334,2.232908969108634
2026-05-31 20:16:00,2.39975,2.2327560300516645
2026-05-31 20:18:00,2.400041666666667,2.232963831983902
2026-05-31 20:20:00,2.406083333333333,2.234032515426014
2026-05-31 20:22:00,2.4014166666666665,2.2356885003312654
2026-05-31 20:24:00,2.399958333333333,2.2362102813063114
2026-05-31 20:26:00,2.399083333333333,2.236689391052194
2026-05-31 20:28:00,2.3978333333333333,2.2375319005656182
2026-05-31 20:30:00,2.4060833333333336,2.238387310188867
2026-05-31 20:32:00,2.402041666666667,2.2390770008127334
2026-05-31 20:34:00,2.4001250000000005,2.2395303835314713
2026-05-31 20:36:00,2.3947083333333334,2.2396835991481803
2026-05-31 20:38:00,2.408,2.2394783216642
2026-05-31 20:40:00,2.4056666666666673,2.2389788605390186
2026-05-31 20:42:00,2.3996250000000003,2.2384853090758168
2026-05-31 20:44:00,2.40175,2.2383338761032476
2026-05-31 20:46:00,2.399958333333333,2.2385361823106904
2026-05-31 20:48:00,2.4124347826086954,2.238817533117524
2026-05-31 20:50:00,2.4035833333333336,2.234997788235426
2026-05-31 20:52:00,2.413,2.2353096201071545
2026-05-31 20:54:00,2.410333333333334,2.2345112763789
2026-05-31 20:56:00,2.419666666666666,2.2335177195351767
2026-05-31 20:58:00,2.4292499999999997,2.2327152103173007
2026-05-31 21:00:00,2.4238750000000002,2.2324794060399875
2026-05-31 21:02:00,2.4183749999999997,2.2326535031011225
2026-05-31 21:04:00,2.406833333333333,2.232967766997937
2026-05-31 21:06:00,2.411083333333333,2.2332181518379026
2026-05-31 21:08:00,2.4055416666666667,2.2333070486184634
2026-05-31 21:10:00,2.4056249999999992,2.2331977841284987
2026-05-31 21:12:00,2.408208333333333,2.2329143558620563
2026-05-31 21:14:00,2.4079166666666674,2.232541868412742
2026-05-31 21:16:00,2.4055416666666662,2.2322965939103634
2026-05-31 21:18:00,2.4158333333333335,2.23242038608935
2026-05-31 21:20:00,2.4124166666666667,2.2348504699409104
2026-05-31 21:22:00,2.4105416666666666,2.236317831443656
2026-05-31 21:24:00,2.4124583333333334,2.236714528265372
2026-05-31 21:26:00,2.402173913043478,2.2373125402020992
2026-05-31 21:28:00,2.4240833333333325,2.2380899969632124
2026-05-31 21:30:00,2.4254999999999995,2.238682782096826
2026-05-31 21:32:00,2.4285833333333335,2.239089549605996
2026-05-31 21:34:00,2.4263749999999997,2.2393257354168528
2026-05-31 21:36:00,2.4233749999999996,2.2393511237959784
2026-05-31 21:38:00,2.42325,2.2390878033113757
2026-05-31 21:40:00,2.418791666666667,2.2385724040410415
2026-05-31 21:42:00,2.4265416666666666,2.2380722057427933
2026-05-31 21:44:00,2.423125,2.237892062591331
2026-05-31 21:46:00,2.425041666666667,2.2380273495735308
2026-05-31 21:48:00,2.4257916666666666,2.2382078382480515
2026-05-31 21:50:00,2.4248333333333334,2.235711116868701
2026-05-31 21:52:00,2.424124999999999,2.2359573775615305
2026-05-31 21:54:00,2.4187916666666665,2.2350671051575346
2026-05-31 21:56:00,2.4231666666666665,2.234102848597734
2026-05-31 21:58:00,2.423,2.2334912095423496
2026-05-31 22:00:00,2.4204583333333334,2.2330881469381114
2026-05-31 22:02:00,2.4234999999999998,2.233076593838209
2026-05-31 22:04:00,2.4218749999999996,2.23308494883514
2026-05-31 22:06:00,2.4246521739130436,2.233059680542677
2026-05-31 22:08:00,2.4259166666666663,2.2329520353069054
2026-05-31 22:10:00,2.4247916666666667,2.2327206463140703
2026-05-31 22:12:00,2.4213333333333336,2.2323620216369657
2026-05-31 22:14:00,2.4242500000000002,2.2319417538736763
2026-05-31 22:16:00,2.4229583333333333,2.231663582047417
2026-05-31 22:18:00,2.420291666666667,2.2317468918667127
2026-05-31 22:20:00,2.422958333333333,2.2351171046003517
2026-05-31 22:22:00,2.4221249999999994,2.2363829963302972
2026-05-31 22:24:00,2.4265833333333338,2.2367068160014805
2026-05-31 22:26:00,2.4229583333333333,2.237344679632982
2026-05-31 22:28:00,2.4187083333333335,2.2379475157456015
2026-05-31 22:30:00,2.424874999999999,2.2383016986181508
2026-05-31 22:32:00,2.427291666666666,2.2385058265671787
2026-05-31 22:34:00,2.4203333333333332,2.2386150279212926
2026-05-31 22:36:00,2.4203333333333332,2.2385841502534083
2026-05-31 22:38:00,2.4225833333333333,2.2383146634549544
2026-05-31 22:40:00,2.4235416666666665,2.237822055934325
2026-05-31 22:42:00,2.422791666666667,2.237345150924486
2026-05-31 22:44:00,2.4219999999999997,2.2371611490473056
2026-05-31 22:46:00,2.4296956521739124,2.2372586809848567
2026-05-31 22:48:00,2.4196666666666666,2.237373433581549
2026-05-31 22:50:00,2.4263333333333335,2.235887710145651
2026-05-31 22:52:00,2.4251666666666662,2.236013962271603
2026-05-31 22:54:00,2.4244999999999997,2.235080640343854
2026-05-31 22:56:00,2.4257916666666666,2.2342126560250435
2026-05-31 22:58:00,2.4239166666666665,2.2337741602066647
2026-05-31 23:00:00,2.423291666666667,2.233083966892104
2026-05-31 23:02:00,2.424416666666666,2.232826715407623
2026-05-31 23:04:00,2.4254583333333337,2.2325904749584695
2026-05-31 23:06:00,2.424333333333333,2.2324086759422865
2026-05-31 23:08:00,2.4233749999999996,2.2322175396400965
2026-05-31 23:10:00,2.424166666666666,2.2319457308178747
2026-05-31 23:12:00,2.4268749999999994,2.231565976667002
2026-05-31 23:14:00,2.422458333333333,2.231143182167731
2026-05-31 23:16:00,2.423458333333333,2.23086786536998
2026-05-31 23:18:00,2.4239166666666665,2.2309337051969487
2026-05-31 23:20:00,2.4272499999999995,2.234806854952632
2026-05-31 23:22:00,2.4225833333333333,2.2358871000896356
2026-05-31 23:24:00,2.4262916666666667,2.2361858923259117
2026-05-31 23:26:00,2.423739130434783,2.2367979541328844
2026-05-31 23:28:00,2.4231249999999998,2.2372210644038732
2026-05-31 23:30:00,2.424916666666666,2.2374006733518366
2026-05-31 23:32:00,2.4226249999999996,2.2374781063725746
2026-05-31 23:34:00,2.4074166666666668,2.237526075615153
2026-05-31 23:36:00,2.4027499999999997,2.2374826948327766
2026-05-31 23:38:00,2.406166666666667,2.2372327280452673
2026-05-31 23:40:00,2.4047916666666667,2.236775506275471
2026-05-31 23:42:00,2.4070000000000005,2.2363273916895796
2026-05-31 23:44:00,2.4076249999999995,2.236146230249962
2026-05-31 23:46:00,2.409833333333333,2.236217444997844
2026-05-31 23:48:00,2.410583333333333,2.2362849566525855
2026-05-31 23:50:00,2.4086666666666665,2.2355122470369357
2026-05-31 23:52:00,2.410833333333333,2.235486823005944
2026-05-31 23:54:00,2.4067916666666664,2.2345675416237967
2026-05-31 23:56:00,2.4102083333333333,2.2338256087391675
2026-05-31 23:58:00,2.407666666666666,2.233486140717451
2026-06-01 00:00:00,2.4102916666666663,2.232573147365529
2026-06-01 00:02:00,2.408458333333333,2.2321225307897388
2026-06-01 00:04:00,2.410173913043479,2.2317395331440544
2026-06-01 00:06:00,2.4092500000000006,2.2314996549649457
2026-06-01 00:08:00,2.411791666666667,2.231297044371165
2026-06-01 00:10:00,2.404208333333333,2.2310268982439796
2026-06-01 00:12:00,2.4127500000000004,2.2306627734003803
2026-06-01 00:14:00,2.4079166666666665,2.230272400954305
2026-06-01 00:16:00,2.407166666666667,2.2300211086823967
2026-06-01 00:18:00,2.4094166666666665,2.2300852250037946
2026-06-01 00:20:00,2.415,2.2340269440902367
2026-06-01 00:22:00,2.4116249999999995,2.2349704832370008
2026-06-01 00:24:00,2.403375,2.235300319986688
2026-06-01 00:26:00,2.4092916666666664,2.235885750257446
2026-06-01 00:28:00,2.410999999999999,2.2361995478496417
2026-06-01 00:30:00,2.411916666666667,2.2362926496975217
2026-06-01 00:32:00,2.413791666666667,2.236320803482277
2026-06-01 00:34:00,2.4152083333333327,2.2363600449470575
2026-06-01 00:36:00,2.415416666666666,2.236329097409092
2026-06-01 00:38:00,2.4109166666666666,2.23610104883744
2026-06-01 00:40:00,2.413125,2.235666334640852
2026-06-01 00:42:00,2.4047916666666667,2.2352298823840435
2026-06-01 00:44:00,2.406086956521739,2.235040091203123
2026-06-01 00:46:00,2.4062916666666667,2.2350819409611873
2026-06-01 00:48:00,2.4063749999999993,2.2351046368105654
2026-06-01 00:50:00,2.41475,2.234680025311534
2026-06-01 00:52:00,2.4030000000000005,2.2345302340109368
2026-06-01 00:54:00,2.4022916666666663,2.233671018207453
2026-06-01 00:56:00,2.403208333333333,2.233034786723653
2026-06-01 00:58:00,2.404875,2.2327224599193243
2026-06-01 01:00:00,2.4056666666666673,2.231772386369108
2026-06-01 01:02:00,2.4077083333333333,2.231234432831647
2026-06-01 01:04:00,2.4062499999999996,2.2308045707216606
2026-06-01 01:06:00,2.4062083333333333,2.2305653513616757
2026-06-01 01:08:00,2.415083333333333,2.2303847337879006
2026-06-01 01:10:00,2.4098333333333333,2.230140502086453
2026-06-01 01:12:00,2.417791666666666,2.2298238685436136
2026-06-01 01:14:00,2.4209583333333335,2.2294822286462814
2026-06-01 01:16:00,2.4242083333333326,2.2292612213629206
2026-06-01 01:18:00,2.4229583333333333,2.229337719142207
2026-06-01 01:20:00,2.4183043478260866,2.2329844512669794
2026-06-01 01:22:00,2.4102083333333333,2.2338703479653317
2026-06-01 01:24:00,2.4079166666666665,2.2342907281561333
2026-06-01 01:26:00,2.4129166666666664,2.234906557749492
2026-06-01 01:28:00,2.42175,2.2352187012114895
2026-06-01 01:30:00,2.419958333333333,2.2353140512422365
2026-06-01 01:32:00,2.407291666666667,2.2353609494487063
2026-06-01 01:34:00,2.4112916666666666,2.2354289091048014
2026-06-01 01:36:00,2.407291666666667,2.235421490838703
2026-06-01 01:38:00,2.4036666666666666,2.23520436235889
2026-06-01 01:40:00,2.4071666666666665,2.234766880103293
2026-06-01 01:42:00,2.409666666666667,2.234316908233566
2026-06-01 01:44:00,2.4161249999999996,2.2341020224841865
2026-06-01 01:46:00,2.4111666666666665,2.2341019280986956
2026-06-01 01:48:00,2.406708333333333,2.2340691978239047
2026-06-01 01:50:00,2.4082499999999993,2.233626362765192
2026-06-01 01:52:00,2.408416666666667,2.233414530302325
2026-06-01 01:54:00,2.409291666666666,2.232635596156051
2026-06-01 01:56:00,2.4078749999999993,2.2320530698521535
2026-06-01 01:58:00,2.4077499999999996,2.2317284533137562
2026-06-01 02:00:00,2.408347826086956,2.230887330058559
2026-06-01 02:02:00,2.4065833333333333,2.2303647305163232
2026-06-01 02:04:00,2.411208333333333,2.2299617205987685
2026-06-01 02:06:00,2.4070416666666667,2.229747503286827
2026-06-01 02:08:00,2.409499999999999,2.229599607312935
2026-06-01 02:10:00,2.407083333333333,2.2294024733237245
2026-06-01 02:12:00,2.405583333333333,2.229142084148739
2026-06-01 02:14:00,2.407458333333333,2.228840641563958
2026-06-01 02:16:00,2.408625,2.228646296345357
2026-06-01 02:18:00,2.4084999999999996,2.2287462196562817
2026-06-01 02:20:00,2.4096250000000006,2.2318098447674695
2026-06-01 02:22:00,2.4131666666666662,2.23276127574507
2026-06-01 02:24:00,2.410291666666667,2.2333224641950444
2026-06-01 02:26:00,2.4093333333333327,2.2340379232584895
2026-06-01 02:28:00,2.409666666666667,2.2344493669092804
2026-06-01 02:30:00,2.4237083333333334,2.2346230184575826
2026-06-01 02:32:00,2.408041666666666,2.23473798576311
2026-06-01 02:34:00,2.408333333333333,2.234857419148184
2026-06-01 02:36:00,2.4069583333333333,2.234876174570928
2026-06-01 02:38:00,2.406434782608695,2.2346575555715558
2026-06-01 02:40:00,2.4059166666666663,2.234200253992725
2026-06-01 02:42:00,2.4218333333333333,2.2337226618575494
2026-06-01 02:44:00,2.4222083333333333,2.2334696979944106
2026-06-01 02:46:00,2.4194166666666663,2.233414415567711
2026-06-01 02:48:00,2.4194166666666663,2.233318476752767
2026-06-01 02:50:00,2.407458333333333,2.232559412944862
2026-06-01 02:52:00,2.4070416666666663,2.2323397121386432
2026-06-01 02:54:00,2.4072916666666666,2.231641092802984
2026-06-01 02:56:00,2.4066666666666667,2.2310545247336377
2026-06-01 02:58:00,2.4071249999999993,2.2307011970821042
2026-06-01 03:00:00,2.402208333333333,2.2299795297099987
2026-06-01 03:02:00,2.407708333333334,2.22954461529766
2026-06-01 03:04:00,2.4061250000000003,2.2292160788775326
2026-06-01 03:06:00,2.4103749999999997,2.229040799163289
2026-06-01 03:08:00,2.4035833333333336,2.22893493515576
2026-06-01 03:10:00,2.4044583333333334,2.228791648729184
2026-06-01 03:12:00,2.4122916666666665,2.2285721091054445
2026-06-01 03:14:00,2.4076666666666666,2.2282939724506123
2026-06-01 03:16:00,2.404086956521739,2.2281198204283243
2026-06-01 03:18:00,2.406,2.228250405455857
2026-06-01 03:20:00,2.406041666666666,2.230551502934444
2026-06-01 03:22:00,2.4127916666666667,2.2316853455259227
2026-06-01 03:24:00,2.406291666666666,2.232396588246534
2026-06-01 03:26:00,2.4058333333333333,2.2332526066467646
2026-06-01 03:28:00,2.4053333333333335,2.2338417521985816
2026-06-01 03:30:00,2.4055416666666667,2.2341582143563294
2026-06-01 03:32:00,2.4110416666666663,2.2343779117573734
2026-06-01 03:34:00,2.4125416666666664,2.234563479590366
2026-06-01 03:36:00,2.4027499999999993,2.2346093548122052
2026-06-01 03:38:00,2.411708333333333,2.234384926148407
2026-06-01 03:40:00,2.4223749999999997,2.2339036515579416
2026-06-01 03:42:00,2.4201666666666664,2.2333909476707694
2026-06-01 03:44:00,2.418041666666667,2.233090350240088
2026-06-01 03:46:00,2.4191249999999993,2.2329771442360715
2026-06-01 03:48:00,2.424583333333333,2.23282661318608
2026-06-01 03:50:00,2.422125,2.2314935448737057
2026-06-01 03:52:00,2.4234166666666668,2.2313187660942604
2026-06-01 03:54:00,2.4263478260869573,2.2307068286683083
2026-06-01 03:56:00,2.4251250000000004,2.230070980037426
2026-06-01 03:58:00,2.419291666666666,2.2296577306023893
2026-06-01 04:00:00,2.4035000000000006,2.2290195526844316
2026-06-01 04:02:00,2.406916666666667,2.2287155938771677
2026-06-01 04:04:00,2.4075,2.2285039258603048
2026-06-01 04:06:00,2.4059583333333334,2.2284008385360914
2026-06-01 04:08:00,2.4047083333333332,2.228352028688082
2026-06-01 04:10:00,2.4049166666666664,2.2282584835312496
2026-06-01 04:12:00,2.405791666666666,2.2280643541083704
2026-06-01 04:14:00,2.401666666666667,2.227796625619564
2026-06-01 04:16:00,2.4072916666666666,2.227636051860759
2026-06-01 04:18:00,2.4141250000000007,2.227800147180768
2026-06-01 04:20:00,2.4125,2.229221136628723
2026-06-01 04:22:00,2.4064166666666664,2.2306309191588465
2026-06-01 04:24:00,2.4022499999999996,2.231479391991142
2026-06-01 04:26:00,2.404791666666667,2.232461158975294
2026-06-01 04:28:00,2.4058333333333333,2.233288230933331
2026-06-01 04:30:00,2.40725,2.233816888235516
2026-06-01 04:32:00,2.4158749999999998,2.234182582977725
2026-06-01 04:34:00,2.403375,2.2344516141139157
2026-06-01 04:36:00,2.4131304347826084,2.2345303617916983
2026-06-01 04:38:00,2.405958333333334,2.2343023336727916
2026-06-01 04:40:00,2.4017083333333336,2.2337950587409847
2026-06-01 04:42:00,2.4034583333333335,2.233242570521316
2026-06-01 04:44:00,2.4095416666666667,2.232895757460435
2026-06-01 04:46:00,2.3982916666666663,2.23273866007971
2026-06-01 04:48:00,2.397583333333333,2.232555433852344
2026-06-01 04:50:00,2.398875,2.2304102344235
2026-06-01 04:52:00,2.3997083333333338,2.230325328023884
2026-06-01 04:54:00,2.4057500000000003,2.2298190183854887
2026-06-01 04:56:00,2.403375,2.2291199569559272
2026-06-01 04:58:00,2.404166666666667,2.2285743862140666
2026-06-01 05:00:00,2.407875,2.2279961691779153
2026-06-01 05:02:00,2.4067083333333334,2.2278216871844654
2026-06-01 05:04:00,2.4012083333333334,2.2277798038838945
2026-06-01 05:06:00,2.4033333333333338,2.2278167792944976
2026-06-01 05:08:00,2.4098333333333337,2.2278703781006874
2026-06-01 05:10:00,2.4112500000000003,2.227845609190209
2026-06-01 05:12:00,2.4104166666666664,2.227684040341496
2026-06-01 05:14:00,2.4119166666666665,2.227427768884309
2026-06-01 05:16:00,2.4139166666666667,2.2272798459805005
2026-06-01 05:18:00,2.4104999999999994,2.2274812770647783
2026-06-01 05:20:00,2.4013478260869565,2.2279896485276396
2026-06-01 05:22:00,2.4058749999999995,2.229715106902082
2026-06-01 05:24:00,2.4057083333333336,2.23070298092242
2026-06-01 05:26:00,2.407083333333333,2.2316842338753555
2026-06-01 05:28:00,2.404291666666667,2.23275972282744
2026-06-01 05:30:00,2.400291666666667,2.233595919663602
2026-06-01 05:32:00,2.3987916666666673,2.234186163793449
2026-06-01 05:34:00,2.4026666666666663,2.234581621483307
2026-06-01 05:36:00,2.402416666666667,2.2347135058369836
2026-06-01 05:38:00,2.390875,2.234488454849055
2026-06-01 05:40:00,2.3935833333333334,2.233953505591968
2026-06-01 05:42:00,2.3954583333333335,2.2333640207564764
2026-06-01 05:44:00,2.3967916666666667,2.2329882193915505
2026-06-01 05:46:00,2.3943333333333334,2.2328166735495962
2026-06-01 05:48:00,2.3989999999999996,2.232631443785898
2026-06-01 05:50:00,2.3990416666666667,2.2293713483248565
2026-06-01 05:52:00,2.396041666666666,2.2294023230512288
2026-06-01 05:54:00,2.398333333333334,2.229024707529161
2026-06-01 05:56:00,2.3997916666666668,2.2282920117994567
2026-06-01 05:58:00,2.4003333333333337,2.2275344395657615
2026-06-01 06:00:00,2.396291666666667,2.2270194965342047
2026-06-01 06:02:00,2.399304347826087,2.226817098525427
2026-06-01 06:04:00,2.4011249999999995,2.226948101384967
2026-06-01 06:06:00,2.404833333333333,2.227225487321299
2026-06-01 06:08:00,2.401416666666667,2.2274976108623954
2026-06-01 06:10:00,2.401083333333333,2.227634917999849
2026-06-01 06:12:00,2.4040833333333333,2.2275782372096593
2026-06-01 06:14:00,2.3994583333333335,2.227382393418703
2026-06-01 06:16:00,2.4058749999999995,2.227278236150495
2026-06-01 06:18:00,2.399291666666667,2.227540585946376
2026-06-01 06:20:00,2.405083333333333,2.2272225826268675
2026-06-01 06:22:00,2.394458333333333,2.2292078885381508
2026-06-01 06:24:00,2.40225,2.230395099676003
2026-06-01 06:26:00,2.3985416666666675,2.231176078479503
2026-06-01 06:28:00,2.4005416666666664,2.2322416327676415
2026-06-01 06:30:00,2.397416666666666,2.2334295915421216
2026-06-01 06:32:00,2.4034583333333335,2.2344060832161294
2026-06-01 06:34:00,2.4007916666666667,2.2350640918665086
2026-06-01 06:36:00,2.398041666666667,2.2353325707795983
2026-06-01 06:38:00,2.399833333333333,2.235152082114019
2026-06-01 06:40:00,2.401375,2.234607581752654
2026-06-01 06:42:00,2.4037083333333324,2.234001334494246
2026-06-01 06:44:00,2.4008260869565214,2.233636488722292
2026-06-01 06:46:00,2.398916666666666,2.2335082034383666
2026-06-01 06:48:00,2.3997499999999996,2.233382376348377
2026-06-01 06:50:00,2.3989583333333333,2.2285930079940743
2026-06-01 06:52:00,2.400208333333333,2.2287171222389683
2026-06-01 06:54:00,2.401875,2.2284787003682283
2026-06-01 06:56:00,2.399999999999999,2.227760685368489
2026-06-01 06:58:00,2.40075,2.2268207659509245
2026-06-01 07:00:00,2.4049583333333326,2.226425242165551
2026-06-01 07:02:00,2.4041666666666663,2.225794499541585
2026-06-01 07:04:00,2.401708333333333,2.225784866458121
2026-06-01 07:06:00,2.4027916666666664,2.2261982907190214
2026-06-01 07:08:00,2.3997916666666668,2.2267653022817653
2026-06-01 07:10:00,2.4050000000000007,2.2272309595232302
2026-06-01 07:12:00,2.4170416666666665,2.227487677727278
2026-06-01 07:14:00,2.401333333333334,2.2275612681061383
2026-06-01 07:16:00,2.40525,2.2276815284831155
2026-06-01 07:18:00,2.4015833333333334,2.228153125092529
2026-06-01 07:20:00,2.401958333333333,2.227391340385206
2026-06-01 07:22:00,2.4036249999999995,2.2294284282185486
2026-06-01 07:24:00,2.4080833333333334,2.2308281169003403
2026-06-01 07:26:00,2.401333333333333,2.231521672611421
2026-06-01 07:28:00,2.4081739130434783,2.2321029819408613
2026-06-01 07:30:00,2.4118749999999998,2.2330423796101537
2026-06-01 07:32:00,2.4103333333333326,2.234253996760686
2026-06-01 07:34:00,2.4102916666666667,2.2353362743117935
2026-06-01 07:36:00,2.406958333333333,2.235968626466163
2026-06-01 07:38:00,2.408,2.2360194520720658
2026-06-01 07:40:00,2.4040833333333333,2.2355970296592482
2026-06-01 07:42:00,2.3989583333333333,2.23507388018473
2026-06-01 07:44:00,2.408125,2.2348255211858548
2026-06-01 07:46:00,2.4082916666666665,2.234876294629573
2026-06-01 07:48:00,2.407541666666667,2.2349772627386484
2026-06-01 07:50:00,2.4086250000000002,2.228355128990197
2026-06-01 07:52:00,2.4043750000000004,2.228478271604606
2026-06-01 07:54:00,2.4044166666666658,2.2283633069872555
2026-06-01 07:56:00,2.4047083333333332,2.227682190311034
2026-06-01 07:58:00,2.4102499999999996,2.2266938278824546
2026-06-01 08:00:00,2.412291666666667,2.226460733978712
2026-06-01 08:02:00,2.404458333333333,2.22542811598585
2026-06-01 08:04:00,2.4085416666666664,2.224991665547321
2026-06-01 08:06:00,2.40525,2.225069353506825
2026-06-01 08:08:00,2.4072500000000003,2.225474459788515
2026-06-01 08:10:00,2.4007391304347827,2.2259495263904867
2026-06-01 08:12:00,2.4040416666666666,2.2263829414887035
2026-06-01 08:14:00,2.407916666666666,2.2267847055189063
2026-06-01 08:16:00,2.40525,2.22733784189997
2026-06-01 08:18:00,2.4075,2.2283074153240294
2026-06-01 08:20:00,2.405958333333333,2.2283221526749952
2026-06-01 08:22:00,2.408166666666666,2.2302829467437424
2026-06-01 08:24:00,2.405791666666666,2.231813393306126
2026-06-01 08:26:00,2.4009583333333335,2.232538473742046
2026-06-01 08:28:00,2.401375,2.232954085150786
2026-06-01 08:30:00,2.4059166666666667,2.2333987361846774
2026-06-01 08:32:00,2.4020833333333336,2.2340168337124857
2026-06-01 08:34:00,2.4028333333333336,2.2347761185992274
2026-06-01 08:36:00,2.403,2.235423316812764
2026-06-01 08:38:00,2.408833333333333,2.2356685532595524
2026-06-01 08:40:00,2.4049166666666664,2.2354783706756227
2026-06-01 08:42:00,2.406541666666667,2.2351868789713074
2026-06-01 08:44:00,2.4050000000000002,2.235206648577213
2026-06-01 08:46:00,2.406416666666667,2.235615715493297
2026-06-01 08:48:00,2.404333333333333,2.236195935857578
2026-06-01 08:50:00,2.4071666666666665,2.228526246886123
2026-06-01 08:52:00,2.406304347826087,2.228551642842349
2026-06-01 08:54:00,2.404375,2.2285141654757123
2026-06-01 08:56:00,2.407625,2.2278886116002656
2026-06-01 08:58:00,2.4058750000000004,2.22692623853527
2026-06-01 09:00:00,2.406541666666667,2.2264519741874262
2026-06-01 09:02:00,2.40025,2.22539339615575
2026-06-01 09:04:00,2.406,2.2248800237162087
2026-06-01 09:06:00,2.4050833333333337,2.2248137387697504
2026-06-01 09:08:00,2.40475,2.22499852634281
2026-06-01 09:10:00,2.4017916666666665,2.225198401584098
2026-06-01 09:12:00,2.3987499999999997,2.2253510845180986
2026-06-01 09:14:00,2.4,2.2255304375638945
2026-06-01 09:16:00,2.4022916666666667,2.2259952646706247
2026-06-01 09:18:00,2.4028750000000003,2.2270521649360338
2026-06-01 09:20:00,2.4018333333333337,2.229296765753697
2026-06-01 09:22:00,2.3988750000000003,2.2311465729447684
2026-06-01 09:24:00,2.400208333333334,2.2326618335195674
2026-06-01 09:26:00,2.397958333333333,2.2333556720504566
2026-06-01 09:28:00,2.4047916666666667,2.2337223205169177
2026-06-01 09:30:00,2.402458333333334,2.2340756796642736
2026-06-01 09:32:00,2.4019583333333334,2.2344324662393067
2026-06-01 09:34:00,2.3992083333333327,2.234716682043569
2026-06-01 09:36:00,2.4067826086956523,2.234825856650548
2026-06-01 09:38:00,2.4014583333333333,2.2346496161784004
2026-06-01 09:40:00,2.4024583333333336,2.234218810968355
2026-06-01 09:42:00,2.4028750000000003,2.2338532571117047
2026-06-01 09:44:00,2.4075833333333336,2.2339412859406806
2026-06-01 09:46:00,2.3973333333333327,2.2345440266125407
2026-06-01 09:48:00,2.3980833333333336,2.2354436343341115
2026-06-01 09:50:00,2.399083333333334,2.2289713888650766
2026-06-01 09:52:00,2.3985416666666666,2.228768135072766
2026-06-01 09:54:00,2.4014583333333333,2.228675333898104
2026-06-01 09:56:00,2.3985833333333333,2.228067438518806
2026-06-01 09:58:00,2.4334166666666666,2.227127165953417
2026-06-01 10:00:00,2.411875,2.226227281437942
2026-06-01 10:02:00,2.3996666666666666,2.2252302588051807
2026-06-01 10:04:00,2.395541666666666,2.2247801165498493
2026-06-01 10:06:00,2.3972916666666673,2.224777132894333
2026-06-01 10:08:00,2.3972916666666673,2.224973437507137
2026-06-01 10:10:00,2.3986666666666667,2.2251267627708864
2026-06-01 10:12:00,2.3954999999999997,2.225163236758113
2026-06-01 10:14:00,2.3967916666666667,2.2251492591439215
2026-06-01 10:16:00,2.396708333333333,2.225369908852967
2026-06-01 10:18:00,2.404826086956522,2.226188851315903
2026-06-01 10:20:00,2.3949583333333337,2.2298969913962092
2026-06-01 10:22:00,2.398,2.2315716700130777
2026-06-01 10:24:00,2.397208333333334,2.2329534222197305
2026-06-01 10:26:00,2.397125000000001,2.2335532786584373
2026-06-01 10:28:00,2.3965000000000005,2.2338571507382334
2026-06-01 10:30:00,2.3975833333333334,2.2342051302013943
2026-06-01 10:32:00,2.397625,2.234543870571789
2026-06-01 10:34:00,2.396375,2.2347114766826994
2026-06-01 10:36:00,2.399458333333334,2.234572261918553
2026-06-01 10:38:00,2.3925833333333335,2.234053823036258
2026-06-01 10:40:00,2.395166666666667,2.2332641027082842
2026-06-01 10:42:00,2.3980416666666673,2.2325876922555596
2026-06-01 10:44:00,2.3987916666666664,2.2324541079011513
2026-06-01 10:46:00,2.394458333333334,2.2329418615027476
2026-06-01 10:48:00,2.3951249999999993,2.233814637633125
2026-06-01 10:50:00,2.3913749999999996,2.2296065010851156
2026-06-01 10:52:00,2.3932083333333325,2.2291133834366756
2026-06-01 10:54:00,2.3939166666666662,2.2288589834331787
2026-06-01 10:56:00,2.3924999999999996,2.228190724002939
2026-06-01 10:58:00,2.395375,2.2272329738751586
2026-06-01 11:00:00,2.394,2.226196169461525
2026-06-01 11:02:00,2.3965217391304345,2.2253078850099928
2026-06-01 11:04:00,2.395,2.2249872514008717
2026-06-01 11:06:00,2.390125,2.225119669772404
2026-06-01 11:08:00,2.397708333333334,2.225391145879102
2026-06-01 11:10:00,2.3865833333333333,2.22556679411742
2026-06-01 11:12:00,2.3906250000000004,2.2255644681839333
2026-06-01 11:14:00,2.3848750000000005,2.2254481298677566
2026-06-01 11:16:00,2.3984166666666664,2.2255101253236744
2026-06-01 11:18:00,2.3868750000000003,2.226093588948256
2026-06-01 11:20:00,2.3945000000000003,2.2303556216960665
2026-06-01 11:22:00,2.3968333333333334,2.231641132971055
2026-06-01 11:24:00,2.39925,2.2327476494507255
2026-06-01 11:26:00,2.3952499999999994,2.23313811011437
2026-06-01 11:28:00,2.3950833333333335,2.23331894986196
2026-06-01 11:30:00,2.396833333333333,2.2336814858323852
2026-06-01 11:32:00,2.3938750000000004,2.2341086625764737
2026-06-01 11:34:00,2.3913749999999996,2.2343343212952647
2026-06-01 11:36:00,2.399,2.2341677966412554
2026-06-01 11:38:00,2.3980833333333327,2.2335272583609527
2026-06-01 11:40:00,2.393541666666666,2.23254225638404
2026-06-01 11:42:00,2.396875,2.2316306262475525
2026-06-01 11:44:00,2.393833333333333,2.2312632372482395
2026-06-01 11:46:00,2.3980434782608695,2.2315593579429494
2026-06-01 11:48:00,2.390333333333333,2.23230545895079
2026-06-01 11:50:00,2.3907916666666664,2.2303880479897
2026-06-01 11:52:00,2.3921666666666663,2.22964343977497
2026-06-01 11:54:00,2.387958333333333,2.229191506808335
2026-06-01 11:56:00,2.390333333333334,2.2284014719236414
2026-06-01 11:58:00,2.395458333333333,2.227406119406321
2026-06-01 12:00:00,2.3911666666666664,2.226730309720047
2026-06-01 12:02:00,2.3994166666666663,2.226071114672107
2026-06-01 12:04:00,2.3935833333333334,2.2259592864070155
2026-06-01 12:06:00,2.396333333333333,2.22623987180764
2026-06-01 12:08:00,2.3903749999999997,2.226570380329297
2026-06-01 12:10:00,2.397416666666666,2.2267279258490413
2026-06-01 12:12:00,2.390625,2.2266385744139185
2026-06-01 12:14:00,2.389208333333334,2.226391604295026
2026-06-01 12:16:00,2.3904999999999994,2.2263031422127635
2026-06-01 12:18:00,2.386333333333333,2.2266830238932527
2026-06-01 12:20:00,2.3923749999999995,2.2307335159969806
2026-06-01 12:22:00,2.3945416666666666,2.23158469088888
2026-06-01 12:24:00,2.390166666666667,2.2323256007870693
2026-06-01 12:26:00,2.3868749999999994,2.232373436253518
2026-06-01 12:28:00,2.386833333333333,2.232327499255564
2026-06-01 12:30:00,2.3922083333333335,2.2326715194525555
2026-06-01 12:32:00,2.394173913043478,2.2332764008811843
2026-06-01 12:34:00,2.3904583333333336,2.233707860237562
2026-06-01 12:36:00,2.3840833333333333,2.233674511531243
2026-06-01 12:38:00,2.3896666666666664,2.233076475083767
2026-06-01 12:40:00,2.385291666666666,2.2320425269522906
2026-06-01 12:42:00,2.38675,2.231027214506715
2026-06-01 12:44:00,2.3848749999999996,2.230544941484056
2026-06-01 12:46:00,2.385291666666667,2.230744320935474
2026-06-01 12:48:00,2.3824583333333336,2.2314105727391853
2026-06-01 12:50:00,2.390333333333334,2.2312108613250454
2026-06-01 12:52:00,2.3889166666666664,2.2303547301187896
2026-06-01 12:54:00,2.3901666666666666,2.2297524558136237
2026-06-01 12:56:00,2.3875416666666665,2.228852513552692
2026-06-01 12:58:00,2.3908333333333336,2.227861409147528
2026-06-01 13:00:00,2.3898333333333333,2.227696727538874
2026-06-01 13:02:00,2.3871249999999997,2.2272908272273795
2026-06-01 13:04:00,2.3878333333333326,2.2273543250025014
2026-06-01 13:06:00,2.3857500000000003,2.22769989667311
2026-06-01 13:08:00,2.3867083333333334,2.228025203210251
2026-06-01 13:10:00,2.3885416666666672,2.2281214904493454
2026-06-01 13:12:00,2.388,2.2279258375524273
2026-06-01 13:14:00,2.3820434782608695,2.2275423610201144
2026-06-01 13:16:00,2.3897500000000003,2.227281739424216
2026-06-01 13:18:00,2.3877500000000005,2.2274489162202946
2026-06-01 13:20:00,2.388,2.23103536039981
2026-06-01 13:22:00,2.386791666666667,2.231592068932626
2026-06-01 13:24:00,2.3950833333333335,2.2319947395623623
2026-06-01 13:26:00,2.3912083333333336,2.231669321418393
2026-06-01 13:28:00,2.393041666666667,2.2313096479217793
2026-06-01 13:30:00,2.384708333333333,2.2315176516914637
2026-06-01 13:32:00,2.3964166666666675,2.2322907387293998
2026-06-01 13:34:00,2.38825,2.2330275524416883
2026-06-01 13:36:00,2.3904583333333336,2.2332613556622496
2026-06-01 13:38:00,2.386625,2.2328345802976024
2026-06-01 13:40:00,2.3895000000000004,2.231877114536592
2026-06-01 13:42:00,2.3913333333333333,2.230868295252109
2026-06-01 13:44:00,2.3886666666666665,2.2303823238222105
2026-06-01 13:46:00,2.386875,2.2305958662383536
2026-06-01 13:48:00,2.391291666666666,2.231281605600633
2026-06-01 13:50:00,2.3930416666666674,2.2319575110581464
2026-06-01 13:52:00,2.386125,2.2311487527942293
2026-06-01 13:54:00,2.4031249999999993,2.230496989754784
2026-06-01 13:56:00,2.385478260869565,2.229566235579742
2026-06-01 13:58:00,2.3875416666666665,2.2286170060199297
2026-06-01 14:00:00,2.3818750000000004,2.2285543849590437
2026-06-01 14:02:00,2.37975,2.228274767509025
2026-06-01 14:04:00,2.3865416666666666,2.228404439223458
2026-06-01 14:06:00,2.382375,2.2287418292604517
2026-06-01 14:08:00,2.3833333333333324,2.229026938943289
2026-06-01 14:10:00,2.3865000000000003,2.229060031503758
2026-06-01 14:12:00,2.3865833333333337,2.2287821114859487
2026-06-01 14:14:00,2.3848333333333334,2.2282978277949352
2026-06-01 14:16:00,2.3876250000000003,2.227908370339562
2026-06-01 14:18:00,2.385291666666667,2.2279226616141163
2026-06-01 14:20:00,2.3865,2.2310388295317685
2026-06-01 14:22:00,2.385500000000001,2.2314843699272786
2026-06-01 14:24:00,2.3842499999999998,2.231721955192657
2026-06-01 14:26:00,2.383375,2.2312109518997487
2026-06-01 14:28:00,2.389333333333333,2.2306500086304473
2026-06-01 14:30:00,2.3869166666666666,2.230694162703274
2026-06-01 14:32:00,2.3856666666666664,2.231516577170788
2026-06-01 14:34:00,2.3884166666666666,2.2324851329979696
2026-06-01 14:36:00,2.3836666666666666,2.2329863208941405
2026-06-01 14:38:00,2.388826086956522,2.232801757168323
2026-06-01 14:40:00,2.387166666666667,2.23203793051206
2026-06-01 14:42:00,2.3870833333333334,2.2311677394302056
2026-06-01 14:44:00,2.3881666666666668,2.2308021999969174
2026-06-01 14:46:00,2.3867500000000006,2.231156009345898
2026-06-01 14:48:00,2.388583333333333,2.2319898918212973
2026-06-01 14:50:00,2.3842083333333335,2.2324636486297087
2026-06-01 14:52:00,2.3831666666666673,2.23179880646881
2026-06-01 14:54:00,2.3855,2.231160642044127
2026-06-01 14:56:00,2.385291666666667,2.230229870691223
2026-06-01 14:58:00,2.3844166666666666,2.2292866641379936
2026-06-01 15:00:00,2.38775,2.2286826408842986
2026-06-01 15:02:00,2.384041666666667,2.228420473292461
2026-06-01 15:04:00,2.386791666666667,2.2285413269994394
2026-06-01 15:06:00,2.3858333333333337,2.2288369633037597
2026-06-01 15:08:00,2.3854166666666665,2.2290772675036132
2026-06-01 15:10:00,2.387791666666667,2.2290749344779814
2026-06-01 15:12:00,2.3869166666666675,2.228773746851091
2026-06-01 15:14:00,2.3873333333333338,2.228270916640876
2026-06-01 15:16:00,2.388541666666667,2.2278839097503096
2026-06-01 15:18:00,2.384791666666667,2.227929350102606
2026-06-01 15:20:00,2.3901250000000007,2.2307985289844394
2026-06-01 15:22:00,2.3869565217391306,2.2312668221830063
2026-06-01 15:24:00,2.3852083333333334,2.2315553805972974
2026-06-01 15:26:00,2.3813750000000002,2.231097949196717
2026-06-01 15:28:00,2.385875,2.2305478673329593
2026-06-01 15:30:00,2.3853750000000002,2.230509367865392
2026-06-01 15:32:00,2.384375,2.231246149301159
2026-06-01 15:34:00,2.387625,2.232248255201602
2026-06-01 15:36:00,2.3917083333333333,2.232881557636454
2026-06-01 15:38:00,2.386416666666667,2.2328894594056057
2026-06-01 15:40:00,2.3879583333333336,2.2323631333970475
2026-06-01 15:42:00,2.387541666666667,2.2317491080882417
2026-06-01 15:44:00,2.3858749999999995,2.2316355591326844
2026-06-01 15:46:00,2.3868333333333336,2.2322276661765983
2026-06-01 15:48:00,2.387375,2.233291552331547
2026-06-01 15:50:00,2.3892916666666673,2.2325401827038207
2026-06-01 15:52:00,2.383333333333333,2.232002208243021
2026-06-01 15:54:00,2.3902499999999995,2.2313731469805886
2026-06-01 15:56:00,2.3889166666666664,2.2304225503554287
2026-06-01 15:58:00,2.3904583333333336,2.2294478517280103
2026-06-01 16:00:00,2.3875416666666665,2.228010067772357
2026-06-01 16:02:00,2.3891666666666667,2.227732136619009
2026-06-01 16:04:00,2.390166666666667,2.227797471029035
2026-06-01 16:06:00,2.3877826086956526,2.2280195493554653
2026-06-01 16:08:00,2.3925833333333335,2.2282110308539145
2026-06-01 16:10:00,2.394125,2.2282170930990084
2026-06-01 16:12:00,2.3837083333333333,2.2279938537140094
2026-06-01 16:14:00,2.388083333333333,2.227634616380949
2026-06-01 16:16:00,2.3918333333333335,2.227456407842235
2026-06-01 16:18:00,2.3967916666666667,2.227823672560794
2026-06-01 16:20:00,2.3930000000000002,2.230612121604141
2026-06-01 16:22:00,2.3935,2.231315594609763
2026-06-01 16:24:00,2.394625,2.2318941863858948
2026-06-01 16:26:00,2.389791666666666,2.2317366770691143
2026-06-01 16:28:00,2.391791666666667,2.231417587374694
2026-06-01 16:30:00,2.393583333333334,2.2314091185271945
2026-06-01 16:32:00,2.3970833333333337,2.2319718525182064
2026-06-01 16:34:00,2.3928333333333334,2.232839279435395
2026-06-01 16:36:00,2.395041666666667,2.233538164504386
2026-06-01 16:38:00,2.3944583333333336,2.2338130843517425
2026-06-01 16:40:00,2.3939999999999997,2.233709995129511
2026-06-01 16:42:00,2.397791666666666,2.2336248848432003
2026-06-01 16:44:00,2.4090416666666665,2.234080350074608
2026-06-01 16:46:00,2.400791666666667,2.2352184169872347
2026-06-01 16:48:00,3.886529411764706,2.2365240171385814
2026-06-01 16:50:00,1.86075,2.232926739711345
2026-06-01 16:52:00,1.8599999999999999,2.235936100249581
2026-06-01 16:54:00,1.877,2.2349788038622487
2026-06-01 16:56:00,1.8599999999999999,2.2336794237622573
2026-06-01 16:58:00,1.84,2.232400918432992
2026-06-01 17:00:00,1.8075,2.2301452221140106
2026-06-01 17:02:00,1.79675,2.2297256532832788
2026-06-01 17:04:00,1.7830000000000001,2.229529362169836
2026-06-01 17:06:00,1.75275,2.2294745616536407
2026-06-01 17:08:00,1.7240000000000002,2.2294858338790893
2026-06-01 17:10:00,2.112,2.22949232008894
2026-06-01 17:12:00,2.11525,2.2294816692470487
2026-06-01 17:14:00,2.0962500000000004,2.229528266240028
2026-06-01 17:16:00,2.14025,2.2298865700247914
2026-06-01 17:18:00,2.149,2.230874327057519
2026-06-01 17:20:00,2.119,2.232007232090798
2026-06-01 17:22:00,2.1590000000000003,2.2332503128771974
2026-06-01 17:24:00,2.07325,2.23423391514268
2026-06-01 17:26:00,2.1315,2.234592756689198
2026-06-01 17:28:00,2.12075,2.234751062021859
2026-06-01 17:30:00,2.10525,2.2350806352355996
2026-06-01 17:32:00,2.11775,2.2359005766945086
2026-06-01 17:34:00,2.1115,2.2372452152032367
2026-06-01 17:36:00,2.1072499999999996,2.2386817004142503
2026-06-01 17:38:00,2.1109999999999998,2.2397439320391404
2026-06-01 17:40:00,2.1174999999999997,2.240321304756064
2026-06-01 17:42:00,1.738,2.2407675813335017
2026-06-01 17:44:00,1.63375,2.2415636929606944
2026-06-01 17:46:00,1.637,2.242808423730318
2026-06-01 17:48:00,1.6219999999999999,2.244222441030357
2026-06-01 17:50:00,1.89475,2.2357255874965416
2026-06-01 17:52:00,2.0875,2.235227795669068
2026-06-01 17:54:00,2.0875,2.234372765547064
2026-06-01 17:56:00,2.0700000000000003,2.233161478712515
2026-06-01 17:58:00,2.0745,2.23196817437514
2026-06-01 18:00:00,2.07875,2.23059271370901
2026-06-01 18:02:00,2.08375,2.2304304889308297
2026-06-01 18:04:00,2.07225,2.230580295654794
2026-06-01 18:06:00,2.0730000000000004,2.231068978625131
2026-06-01 18:08:00,2.0687499999999996,2.23177609967864
2026-06-01 18:10:00,2.06725,2.2324825136902864
2026-06-01 18:12:00,2.0635,2.233028397600966
2026-06-01 18:14:00,2.0637499999999998,2.2334016269435404
2026-06-01 18:16:00,2.0614999999999997,2.2338243404493183
2026-06-01 18:18:00,2.0635,2.2346083663448812
2026-06-01 18:20:00,2.0835,2.2336770216678663
2026-06-01 18:22:00,2.06825,2.2354454137262527
2026-06-01 18:24:00,2.0534999999999997,2.2364660999198005
2026-06-01 18:26:00,2.0547500000000003,2.2369771409767103
2026-06-01 18:28:00,2.069,2.2376093287015015
2026-06-01 18:30:00,2.04675,2.2386956891081398
2026-06-01 18:32:00,2.045,2.2400947542179597
2026-06-01 18:34:00,2.04225,2.241490889817445
2026-06-01 18:36:00,2.04825,2.2425098641015344
2026-06-01 18:38:00,2.03225,2.242958040439806
2026-06-01 18:40:00,2.0397499999999997,2.242926332837043
2026-06-01 18:42:00,2.03725,2.2428097526492903
2026-06-01 18:44:00,2.0305,2.2430316011896174
2026-06-01 18:46:00,2.03275,2.243633013520313
2026-06-01 18:48:00,2.0374999999999996,2.244323511050015
2026-06-01 18:50:00,2.04175,2.2367322101533382
2026-06-01 18:52:00,2.03925,2.2366754750847573
2026-06-01 18:54:00,2.04875,2.2358778422982355
2026-06-01 18:56:00,2.05175,2.2347865258644677
2026-06-01 18:58:00,2.0467500000000003,2.2338202662867626
2026-06-01 19:00:00,2.0435000000000003,2.2333841443778186
2026-06-01 19:02:00,2.03975,2.233667507775387
2026-06-01 19:04:00,2.0415,2.2342325676114716
2026-06-01 19:06:00,2.0483,2.2348489461598344
2026-06-01 19:08:00,2.040791666666667,2.2353219772931396
2026-06-01 19:10:00,2.0392083333333333,2.2355390299741935
2026-06-01 19:12:00,2.040333333333333,2.23550224789948
2026-06-01 19:14:00,2.0415833333333335,2.23532032530057
2026-06-01 19:16:00,2.0387083333333336,2.2352572891028752
2026-06-01 19:18:00,2.035958333333333,2.2356100670502648
2026-06-01 19:20:00,2.036333333333333,2.2350838010523533
2026-06-01 19:22:00,2.0404166666666663,2.236959742360506
2026-06-01 19:24:00,2.0389166666666663,2.237823428229036
2026-06-01 19:26:00,2.0420416666666665,2.238552740920393
2026-06-01 19:28:00,2.036666666666667,2.2396302666791206
2026-06-01 19:30:00,2.037583333333333,2.2408053434032693
2026-06-01 19:32:00,2.0402083333333336,2.2418550893193956
2026-06-01 19:34:00,2.041,2.242702800753124
2026-06-01 19:36:00,2.0414583333333334,2.243197705323926
2026-06-01 19:38:00,2.044375,2.2432561599079905
2026-06-01 19:40:00,2.039083333333333,2.2429610498436494
2026-06-01 19:42:00,2.042043478260869,2.2426431333641177
2026-06-01 19:44:00,2.038,2.2426566126955434
2026-06-01 19:46:00,2.0380833333333332,2.2430046915624944
2026-06-01 19:48:00,2.0369999999999995,2.2433920811361343
2026-06-01 19:50:00,2.0366250000000004,2.2377615812874323
2026-06-01 19:52:00,2.040708333333334,2.237939891320846
2026-06-01 19:54:00,2.0435833333333333,2.2370552519334197
2026-06-01 19:56:00,2.0404999999999998,2.2360132240308013
2026-06-01 19:58:00,2.039625,2.235302363167234
2026-06-01 20:00:00,2.0407083333333333,2.235278690002865
2026-06-01 20:02:00,2.0400833333333326,2.235542130326097
2026-06-01 20:04:00,2.0464166666666666,2.2358094082377518
2026-06-01 20:06:00,2.0434999999999994,2.2359702149650076
2026-06-01 20:08:00,2.0444583333333335,2.235979414649153
2026-06-01 20:10:00,2.039916666666666,2.235807685992032
2026-06-01 20:12:00,2.045375,2.235480649692847
2026-06-01 20:14:00,2.0442499999999995,2.2350930553008563
2026-06-01 20:16:00,2.0403913043478257,2.234877182678777
2026-06-01 20:18:00,2.045666666666667,2.235093287872293
2026-06-01 20:20:00,2.035624999999999,2.2362635560627244
2026-06-01 20:22:00,2.0366666666666666,2.2380442636464335
2026-06-01 20:24:00,2.0353333333333334,2.238780596996748
2026-06-01 20:26:00,2.0351249999999994,2.23968260085389
2026-06-01 20:28:00,2.0365416666666665,2.240774941174888
2026-06-01 20:30:00,2.0356666666666663,2.241681344287296
2026-06-01 20:32:00,2.039166666666666,2.242381668225343
2026-06-01 20:34:00,2.031041666666667,2.242904399438371
2026-06-01 20:36:00,2.0310416666666664,2.243163537354629
2026-06-01 20:38:00,2.0320416666666667,2.2430808332912484
2026-06-01 20:40:00,2.0372500000000002,2.2427068909863466
2026-06-01 20:42:00,2.0320416666666663,2.24232938282704
2026-06-01 20:44:00,2.036458333333333,2.242263445651589
2026-06-01 20:46:00,2.043458333333333,2.2424926811723296
2026-06-01 20:48:00,2.0396249999999996,2.2427232522845384
2026-06-01 20:50:00,2.0356956521739136,2.2388434811009215
2026-06-01 20:52:00,2.030041666666667,2.239073055132017
2026-06-01 20:54:00,2.0356666666666667,2.238084377079933
2026-06-01 20:56:00,2.0335416666666664,2.237128474519353
2026-06-01 20:58:00,2.0314166666666664,2.2366623433641983
2026-06-01 21:00:00,2.0352083333333333,2.236560074618324
2026-06-01 21:02:00,2.034458333333333,2.236534498170387
2026-06-01 21:04:00,2.0324166666666668,2.2364028405219623
2026-06-01 21:06:00,2.0350416666666664,2.2362075712718816
2026-06-01 21:08:00,2.037333333333333,2.235949942773513
2026-06-01 21:10:00,2.038333333333333,2.2355979546518565
2026-06-01 21:12:00,2.0403333333333333,2.235155153696691
2026-06-01 21:14:00,2.0402083333333336,2.2346915682985946
2026-06-01 21:16:00,2.0392916666666667,2.234419809982944
2026-06-01 21:18:00,2.04575,2.234577999908456
2026-06-01 21:20:00,2.0345833333333334,2.237092808461336
2026-06-01 21:22:00,1.993125,2.238716208702129
2026-06-01 21:24:00,1.997958333333333,2.239391957765245
2026-06-01 21:26:00,1.995541666666666,2.2403702099929546
2026-06-01 21:28:00,1.9937499999999995,2.2412951859430024
2026-06-01 21:30:00,1.9987391304347828,2.2419299941501594
2026-06-01 21:32:00,1.9970833333333335,2.2423832353954007
2026-06-01 21:34:00,2.0204166666666667,2.2427164804372977
2026-06-01 21:36:00,2.02225,2.2428647706456495
2026-06-01 21:38:00,2.0164166666666667,2.2427335588836326
2026-06-01 21:40:00,2.0074583333333336,2.2423470346992005
2026-06-01 21:42:00,1.9831250000000002,2.241962132543058
2026-06-01 21:44:00,1.9741666666666668,2.241865492520901
2026-06-01 21:46:00,1.9860416666666671,2.242029199691123
2026-06-01 21:48:00,1.9802499999999996,2.2421646191947677
2026-06-01 21:50:00,1.989166666666667,2.239636767239557
2026-06-01 21:52:00,1.9898333333333333,2.2398081295327064
2026-06-01 21:54:00,1.9800000000000004,2.2387669717444494
2026-06-01 21:56:00,1.9845833333333331,2.2379695597009435
2026-06-01 21:58:00,1.9824166666666667,2.2376638368584425
2026-06-01 22:00:00,1.9879166666666668,2.2371637861493276
2026-06-01 22:02:00,1.9887916666666665,2.2367776600351763
2026-06-01 22:04:00,1.9882916666666663,2.236330384468518
2026-06-01 22:06:00,2.031833333333334,2.235922575674684
2026-06-01 22:08:00,2.0847916666666664,2.2355380008996923
2026-06-01 22:10:00,2.089083333333333,2.2351159942213528
2026-06-01 22:12:00,2.0851304347826085,2.234632993346952
2026-06-01 22:14:00,2.0877500000000007,2.234148260649121
2026-06-01 22:16:00,2.0875,2.2338643368854982
2026-06-01 22:18:00,2.084,2.2339967292688896
2026-06-01 22:20:00,2.0814166666666662,2.2373955899859377
2026-06-01 22:22:00,2.081125,2.2388557799627176
2026-06-01 22:24:00,2.081041666666667,2.239523940580709
2026-06-01 22:26:00,2.075541666666666,2.240479709592469
2026-06-01 22:28:00,2.0848333333333327,2.241184592591035
2026-06-01 22:30:00,2.0822499999999997,2.2415962342069444
2026-06-01 22:32:00,2.0873333333333335,2.241880333163904
2026-06-01 22:34:00,2.0874583333333336,2.242108700482806
2026-06-01 22:36:00,2.083791666666667,2.242214889969395
2026-06-01 22:38:00,2.04525,2.242084296554281
2026-06-01 22:40:00,1.9688333333333337,2.241720649065888
2026-06-01 22:42:00,1.9484583333333336,2.2413544763372237
2026-06-01 22:44:00,1.9527083333333337,2.241249354342969
2026-06-01 22:46:00,1.9493043478260867,2.2413732676263374
2026-06-01 22:48:00,1.956333333333334,2.241445002689854
2026-06-01 22:50:00,1.956625,2.2399693457985155
2026-06-01 22:52:00,1.9470416666666663,2.2400205217657203
2026-06-01 22:54:00,1.9476666666666673,2.2390001149551453
2026-06-01 22:56:00,1.9439166666666665,2.2383851184942247
2026-06-01 22:58:00,1.9510416666666661,2.2381114487842595
2026-06-01 23:00:00,1.9469166666666669,2.237136678042086
2026-06-01 23:02:00,1.950583333333334,2.236437670624658
2026-06-01 23:04:00,1.953125,2.2357933196073763
2026-06-01 23:06:00,1.948833333333333,2.235288798656925
2026-06-01 23:08:00,1.9589583333333336,2.2348678345985564
2026-06-01 23:10:00,1.9651666666666667,2.2344355847921245
2026-06-01 23:12:00,1.9711249999999998,2.2339538641770527
2026-06-01 23:14:00,1.9690416666666666,2.2334861534530663
2026-06-01 23:16:00,1.9723750000000002,2.2332201452450278
2026-06-01 23:18:00,1.969875,2.233347809651349
2026-06-01 23:20:00,1.9788333333333334,2.2371475203820386
2026-06-01 23:22:00,1.9851666666666665,2.238481843172095
2026-06-01 23:24:00,1.9764166666666665,2.239179579430137
2026-06-01 23:26:00,1.9776521739130437,2.2400571372156484
2026-06-01 23:28:00,1.9844090909090908,2.2405731216253906
2026-06-01 23:30:00,1.9859545454545455,2.240832290403249
2026-06-01 23:32:00,1.9872916666666665,2.2410199021318804
2026-06-01 23:34:00,1.9839166666666668,2.241208297020888
2026-06-01 23:36:00,1.9802499999999998,2.2413165559034596
2026-06-01 23:38:00,1.9834999999999996,2.2412122336921607
2026-06-01 23:40:00,1.9897916666666664,2.2408831095346877
2026-06-01 23:42:00,1.9855416666666663,2.2405399692440144
2026-06-01 23:44:00,1.9844583333333332,2.240430656193697
2026-06-01 23:46:00,1.9906666666666661,2.2405227595924955
2026-06-01 23:48:00,1.9805833333333336,2.2405445878340857
2026-06-01 23:50:00,1.9847083333333335,2.2397527751902473
2026-06-01 23:52:00,1.9826666666666666,2.2396562182748854
2026-06-01 23:54:00,1.9884583333333332,2.2387170917513455
2026-06-01 23:56:00,1.9861250000000001,2.238245429375106
2026-06-01 23:58:00,1.9837916666666666,2.2379106243579145
2026-06-02 00:00:00,1.9879999999999995,2.2366130043230887
2026-06-02 00:02:00,1.9768749999999997,2.2357081389163227
2026-06-02 00:04:00,1.979916666666666,2.2349777921997775
2026-06-02 00:06:00,1.9800833333333332,2.234460562021475
2026-06-02 00:08:00,1.9835416666666663,2.234056918449189
2026-06-02 00:10:00,1.9773750000000003,2.2336458806899318
2026-06-02 00:12:00,1.9779130434782604,2.2331986588290063
2026-06-02 00:14:00,1.9818333333333331,2.2327787195578277
2026-06-02 00:16:00,1.9802499999999998,2.232550522338689
2026-06-02 00:18:00,1.9749166666666669,2.232691781015316
2026-06-02 00:20:00,1.976875,2.236438920036766
2026-06-02 00:22:00,1.976791666666667,2.2376894119706874
2026-06-02 00:24:00,1.9768333333333334,2.238441262000342
2026-06-02 00:26:00,1.9779166666666663,2.2392607019841555
2026-06-02 00:28:00,1.9760416666666665,2.2396777823777505
2026-06-02 00:30:00,1.969666666666667,2.23987221973581
2026-06-02 00:32:00,1.954416666666667,2.240038595176757
2026-06-02 00:34:00,1.952416666666667,2.240240601480131
2026-06-02 00:36:00,2.074125,2.240378081337198
2026-06-02 00:38:00,2.0712083333333333,2.24030509645241
2026-06-02 00:40:00,2.0735,2.2400001838438377
2026-06-02 00:42:00,2.072083333333334,2.2396642505553928
2026-06-02 00:44:00,2.0725416666666665,2.239538556802018
2026-06-02 00:46:00,2.050458333333333,2.2395928498106525
2026-06-02 00:48:00,1.9774166666666666,2.2395628029708003
2026-06-02 00:50:00,1.9932499999999997,2.2390649758801295
2026-06-02 00:52:00,2.011782608695652,2.238848116997122
2026-06-02 00:54:00,2.034166666666667,2.2380014694918873
2026-06-02 00:56:00,2.0348750000000004,2.237603583023594
2026-06-02 00:58:00,2.0163749999999996,2.2371895371992356
2026-06-02 01:00:00,2.0078750000000003,2.2358303919684044
2026-06-02 01:02:00,2.014208333333334,2.2348474894670374
2026-06-02 01:04:00,2.0029583333333334,2.234116394564848
2026-06-02 01:06:00,2.000291666666666,2.233638023243062
2026-06-02 01:08:00,1.9993333333333332,2.233274685489053
2026-06-02 01:10:00,1.9957916666666662,2.232907244563877
2026-06-02 01:12:00,1.9776249999999997,2.23252353663719
2026-06-02 01:14:00,1.9191250000000002,2.2321664496654865
2026-06-02 01:16:00,1.898583333333333,2.231986317812245
2026-06-02 01:18:00,1.8967500000000002,2.232161642014054
2026-06-02 01:20:00,1.890958333333333,2.2354613438380833
2026-06-02 01:22:00,1.8960416666666668,2.2366956309613437
2026-06-02 01:24:00,1.9554583333333335,2.2375487825561904
2026-06-02 01:26:00,2.012583333333333,2.238399973219337
2026-06-02 01:28:00,2.015,2.2388338698670873
2026-06-02 01:30:00,2.0065000000000004,2.2390564873042678
2026-06-02 01:32:00,1.9655833333333337,2.239269879291386
2026-06-02 01:34:00,1.9407083333333335,2.2395253508786483
2026-06-02 01:36:00,1.9409565217391305,2.2397059807065407
2026-06-02 01:38:00,1.8536250000000003,2.2396564580372935
2026-06-02 01:40:00,1.859625,2.239353290682736
2026-06-02 01:42:00,1.8612499999999998,2.2390006158771416
2026-06-02 01:44:00,1.8600833333333335,2.238840926645452
2026-06-02 01:46:00,1.854041666666667,2.238842031920075
2026-06-02 01:48:00,1.8520416666666664,2.238746339761897
2026-06-02 01:50:00,1.8765000000000007,2.2381016313736177
2026-06-02 01:52:00,1.8861249999999998,2.2378125541620273
2026-06-02 01:54:00,1.8792499999999999,2.2370327881498757
2026-06-02 01:56:00,1.8799583333333336,2.2366550127741283
2026-06-02 01:58:00,1.8779166666666665,2.2361982020811757
2026-06-02 02:00:00,1.8732500000000003,2.234968271236708
2026-06-02 02:02:00,1.858291666666667,2.2340126362696724
2026-06-02 02:04:00,1.8319999999999999,2.2333285560580713
2026-06-02 02:06:00,1.81475,2.2329061070887746
2026-06-02 02:08:00,1.8389166666666668,2.232588431463701
2026-06-02 02:10:00,1.832625,2.232281934671656
2026-06-02 02:12:00,1.832526315789474,2.2319661953461196
2026-06-02 02:14:00,1.8219166666666666,2.231664775996993
2026-06-02 02:16:00,1.8299166666666666,2.231533364066822
2026-06-02 02:18:00,1.8241250000000002,2.2317589802863664
2026-06-02 02:20:00,1.8039166666666666,2.2343186962968993
2026-06-02 02:22:00,1.6237083333333333,2.2356287092632274
2026-06-02 02:24:00,1.6277083333333333,2.236633554891349
2026-06-02 02:26:00,1.6280000000000003,2.2376113358519265
2026-06-02 02:28:00,1.6322500000000002,2.2381607082837087
2026-06-02 02:30:00,1.6377916666666668,2.238489158464536
2026-06-02 02:32:00,1.6424166666666666,2.23879881555704
2026-06-02 02:34:00,1.6406666666666665,2.239131806368626
2026-06-02 02:36:00,1.6299583333333334,2.239359786696739
2026-06-02 02:38:00,1.6282916666666667,2.239322636718634
2026-06-02 02:40:00,1.6302499999999995,2.2390041348513328
2026-06-02 02:42:00,1.629125,2.238619406309932
2026-06-02 02:44:00,1.6174999999999997,2.238411461170152
2026-06-02 02:46:00,1.5996666666666666,2.2383456711878478
2026-06-02 02:48:00,1.5892608695652175,2.238175505902907
2026-06-02 02:50:00,1.6844999999999999,2.2374270214896224
2026-06-02 02:52:00,2.3964166666666666,2.2370612523851716
2026-06-02 02:54:00,2.387541666666667,2.23624527232027
2026-06-02 02:56:00,2.380125,2.235806999883199
2026-06-02 02:58:00,2.369958333333333,2.235346474147266
2026-06-02 03:00:00,2.3718749999999997,2.2342842800154905
2026-06-02 03:02:00,2.361791666666666,2.2334250493260996
2026-06-02 03:04:00,2.365416666666667,2.2328131949465453
2026-06-02 03:06:00,2.3619166666666667,2.2324493503010787
2026-06-02 03:08:00,2.356708333333333,2.2321839606211533
2026-06-02 03:10:00,2.3637083333333337,2.231939589385072
2026-06-02 03:12:00,2.360958333333333,2.231675926312264
2026-06-02 03:14:00,2.3590000000000004,2.231416497042601
2026-06-02 03:16:00,2.3701250000000003,2.231332859159477
2026-06-02 03:18:00,2.362833333333333,2.2316229729841264
2026-06-02 03:20:00,2.3634999999999997,2.23330885145405
2026-06-02 03:22:00,2.3601666666666667,2.234780161314186
2026-06-02 03:24:00,2.3555,2.2359140177783194
2026-06-02 03:26:00,2.355583333333333,2.237078715253338
2026-06-02 03:28:00,2.3503750000000005,2.2378354968589185
2026-06-02 03:30:00,2.3520000000000003,2.2383400152810826
2026-06-02 03:32:00,2.3535833333333334,2.238784474945878
2026-06-02 03:34:00,2.343875,2.2392106581809315
2026-06-02 03:36:00,2.3435,2.239486894355138
2026-06-02 03:38:00,2.350791666666667,2.2394558011540457
2026-06-02 03:40:00,2.352,2.2391144500802858
2026-06-02 03:42:00,2.348208333333333,2.2386869487661905
2026-06-02 03:44:00,2.3516666666666666,2.2384190284977348
2026-06-02 03:46:00,2.342666666666667,2.2382816296741193
2026-06-02 03:48:00,2.348708333333334,2.2380427421557667
2026-06-02 03:50:00,2.3511666666666664,2.2362253887463655
2026-06-02 03:52:00,2.35225,2.235900476462623
2026-06-02 03:54:00,2.346791666666667,2.23512091634191
2026-06-02 03:56:00,2.352666666666667,2.2346105945393213
2026-06-02 03:58:00,2.3571666666666666,2.2341823352892023
2026-06-02 04:00:00,2.3481666666666667,2.2332962661558176
2026-06-02 04:02:00,2.3408750000000005,2.2325813359850843
2026-06-02 04:04:00,2.3435,2.232067398835606
2026-06-02 04:06:00,2.346208333333333,2.2317699228347396
2026-06-02 04:08:00,2.3418750000000004,2.231559986304472
2026-06-02 04:10:00,2.347791666666667,2.2313611912918927
2026-06-02 04:12:00,2.345173913043479,2.231125254480441
2026-06-02 04:14:00,2.3457916666666665,2.2308877600011536
2026-06-02 04:16:00,2.350083333333333,2.2308399795031124
2026-06-02 04:18:00,2.3495833333333334,2.2311947926296365
2026-06-02 04:20:00,2.3516666666666666,2.2318567399682956
2026-06-02 04:22:00,2.341375,2.2335708635356313
2026-06-02 04:24:00,2.3469583333333333,2.234821778258913
2026-06-02 04:26:00,2.3404166666666675,2.2361745164397884
2026-06-02 04:28:00,2.344208333333333,2.2372057228917215
2026-06-02 04:30:00,2.3482916666666678,2.2379501394781443
2026-06-02 04:32:00,2.3480416666666666,2.2385663198657504
2026-06-02 04:34:00,2.269791666666667,2.239098779911273
2026-06-02 04:36:00,2.252416666666667,2.239424270755419
2026-06-02 04:38:00,2.251958333333333,2.2393964716311885
2026-06-02 04:40:00,2.2506249999999994,2.2390264542593568
2026-06-02 04:42:00,2.2523750000000002,2.238549405704346
2026-06-02 04:44:00,2.245333333333333,2.2382216119996605
2026-06-02 04:46:00,2.246875,2.2380262526288597
2026-06-02 04:48:00,2.2432916666666665,2.237740640631388
2026-06-02 04:50:00,2.246826086956522,2.2351055108795115
2026-06-02 04:52:00,2.2467499999999996,2.2348358160290123
2026-06-02 04:54:00,2.2355,2.2340850402409727
2026-06-02 04:56:00,2.2377499999999997,2.233440562913812
2026-06-02 04:58:00,2.237541666666667,2.232996136688398
2026-06-02 05:00:00,2.2374166666666664,2.2323356219502912
2026-06-02 05:02:00,2.1069999999999998,2.231788472433552
2026-06-02 05:04:00,2.0423749999999994,2.231412962200434
2026-06-02 05:06:00,2.0280833333333335,2.2312162898831547
2026-06-02 05:08:00,2.0245833333333327,2.23107943293221
2026-06-02 05:10:00,2.022666666666667,2.2309238456765197
2026-06-02 05:12:00,2.019416666666667,2.230706168582258
2026-06-02 05:14:00,2.022125,2.2304785694877007
2026-06-02 05:16:00,2.0182916666666664,2.2304554807910217
2026-06-02 05:18:00,2.017916666666667,2.23087188317835
2026-06-02 05:20:00,2.0099999999999993,2.2305540602430134
2026-06-02 05:22:00,2.0095833333333335,2.2325576595842707
2026-06-02 05:24:00,2.0103750000000002,2.2339182024331565
2026-06-02 05:26:00,2.0020416666666665,2.2353728268077675
2026-06-02 05:28:00,2.001791666666666,2.236713832559057
2026-06-02 05:30:00,1.996458333333334,2.23777814326095
2026-06-02 05:32:00,1.9897391304347827,2.2386283835416325
2026-06-02 05:34:00,2.0014583333333333,2.2392983716832875
2026-06-02 05:36:00,1.9996666666666663,2.2396846233128764
2026-06-02 05:38:00,2.0054166666666666,2.239661238450372
2026-06-02 05:40:00,2.021083333333333,2.2392589326261905
2026-06-02 05:42:00,2.007541666666666,2.238736131892158
2026-06-02 05:44:00,2.005833333333333,2.238368661551045
2026-06-02 05:46:00,1.9961249999999995,2.2381472604422337
2026-06-02 05:48:00,1.9734166666666662,2.2378473462161637
2026-06-02 05:50:00,1.9713333333333338,2.233992288439744
2026-06-02 05:52:00,1.9617916666666668,2.2338128512820767
2026-06-02 05:54:00,1.9583333333333333,2.2331330572881103
2026-06-02 05:56:00,1.9574166666666668,2.2323153139661707
2026-06-02 05:58:00,1.9568750000000001,2.231724041401815
2026-06-02 06:00:00,1.958583333333334,2.2314023495887243
2026-06-02 06:02:00,1.9476249999999997,2.230996723361185
2026-06-02 06:04:00,1.956291666666667,2.230825158102582
2026-06-02 06:06:00,1.9443333333333335,2.2308227586537024
2026-06-02 06:08:00,1.9292083333333336,2.230835038996258
2026-06-02 06:10:00,1.9368750000000006,2.23077352007792
2026-06-02 06:12:00,1.9333749999999998,2.230605331663589
2026-06-02 06:14:00,1.9252173913043475,2.2303980379373023
2026-06-02 06:16:00,1.9241666666666666,2.230396741345778
2026-06-02 06:18:00,1.9267083333333332,2.2308734137232085
2026-06-02 06:20:00,1.926958333333333,2.2296788378213193
2026-06-02 06:22:00,1.920583333333333,2.231886894719011
2026-06-02 06:24:00,1.9231250000000004,2.233360670679513
2026-06-02 06:26:00,1.9198749999999993,2.2346601898161707
2026-06-02 06:28:00,1.9225416666666664,2.236172570089768
2026-06-02 06:30:00,1.91325,2.237653629684917
2026-06-02 06:32:00,1.9085000000000003,2.238893273489503
2026-06-02 06:34:00,1.9108333333333327,2.2398187402854997
2026-06-02 06:36:00,1.907416666666667,2.240334130014775
2026-06-02 06:38:00,1.90675,2.2403478864829625
2026-06-02 06:40:00,1.9084166666666667,2.2399294007104826
2026-06-02 06:42:00,1.9094166666666663,2.2393858747256554
2026-06-02 06:44:00,1.9063333333333337,2.2390291182789728
2026-06-02 06:46:00,1.907541666666667,2.2388511645138953
2026-06-02 06:48:00,1.9024999999999999,2.238606666065069
2026-06-02 06:50:00,1.9022083333333333,2.233181649674466
2026-06-02 06:52:00,1.8976250000000003,2.2330643559816274
2026-06-02 06:54:00,1.972458333333333,2.232500367071402
2026-06-02 06:56:00,1.9837499999999997,2.2315390585397803
2026-06-02 06:58:00,1.9863043478260871,2.230638350241753
2026-06-02 07:00:00,1.9822916666666666,2.2305979662626707
2026-06-02 07:02:00,1.9689166666666669,2.230072014849885
2026-06-02 07:04:00,1.95875,2.2300410590346074
2026-06-02 07:06:00,1.9582083333333333,2.230318450863492
2026-06-02 07:08:00,1.957291666666667,2.2306361572750437
2026-06-02 07:10:00,1.9554999999999998,2.2308416004536302
2026-06-02 07:12:00,1.955916666666667,2.2308920068864375
2026-06-02 07:14:00,1.9554583333333337,2.230846616216362
2026-06-02 07:16:00,1.9559166666666667,2.2309677602232414
2026-06-02 07:18:00,1.9554999999999998,2.2315741580064543
2026-06-02 07:20:00,1.9533333333333331,2.229774929021715
2026-06-02 07:22:00,1.9556666666666667,2.2319670730983874
2026-06-02 07:24:00,1.9480416666666667,2.233607508564792
2026-06-02 07:26:00,1.9502500000000005,2.2346666932844452
2026-06-02 07:28:00,1.9502083333333335,2.2357802803024893
2026-06-02 07:30:00,1.9475833333333339,2.237281672411147
2026-06-02 07:32:00,1.9509583333333336,2.2389165038939876
2026-06-02 07:34:00,1.9449583333333338,2.2402979747076612
2026-06-02 07:36:00,1.9492173913043482,2.2411538725703593
2026-06-02 07:38:00,1.9523333333333335,2.24136701539934
2026-06-02 07:40:00,1.9431666666666665,2.241050275710537
2026-06-02 07:42:00,1.9466250000000003,2.2405875194187295
2026-06-02 07:44:00,1.9432916666666669,2.2403610352078025
2026-06-02 07:46:00,1.9415833333333337,2.2403822342835644
2026-06-02 07:48:00,1.9374583333333328,2.240379320690895
2026-06-02 07:50:00,1.940666666666667,2.2330278785637416
2026-06-02 07:52:00,1.9420416666666664,2.2328646150498574
2026-06-02 07:54:00,1.936875,2.232420712057881
2026-06-02 07:56:00,1.938791666666667,2.231404890942351
2026-06-02 07:58:00,1.937833333333333,2.230238339454396
2026-06-02 08:00:00,1.9383749999999997,2.2301453487157823
2026-06-02 08:02:00,1.9269583333333327,2.2291739279848
2026-06-02 08:04:00,1.9129166666666666,2.2288990842204646
2026-06-02 08:06:00,1.9204999999999999,2.2291616375854275
2026-06-02 08:08:00,1.9197083333333333,2.229654136899097
2026-06-02 08:10:00,1.9186249999999998,2.230152396754741
2026-06-02 08:12:00,1.9207083333333337,2.2305741719330903
2026-06-02 08:14:00,1.919625,2.230952595048831
2026-06-02 08:16:00,1.9200833333333331,2.231506793798031
2026-06-02 08:18:00,1.9197499999999996,2.2325451095874573
2026-06-02 08:20:00,1.9202173913043479,2.230715996957289
2026-06-02 08:22:00,1.9192916666666664,2.2327733810134913
2026-06-02 08:24:00,1.9674166666666661,2.234518945406125
2026-06-02 08:26:00,2.103291666666667,2.2355291337243566
2026-06-02 08:28:00,2.098583333333333,2.2362962597957097
2026-06-02 08:30:00,2.097208333333333,2.23724864325927
2026-06-02 08:32:00,2.0952916666666668,2.2385079150311396
2026-06-02 08:34:00,2.0930000000000004,2.239869684427454
2026-06-02 08:36:00,2.0947083333333336,2.2409469542559655
2026-06-02 08:38:00,2.0918749999999995,2.2414415262529603
2026-06-02 08:40:00,2.091958333333333,2.2413777034144524
2026-06-02 08:42:00,2.0905,2.2411536856085137
2026-06-02 08:44:00,2.095125,2.2412168870456273
2026-06-02 08:46:00,2.0889166666666665,2.2416382038088583
2026-06-02 08:48:00,2.0898750000000006,2.242166073095727
2026-06-02 08:50:00,2.084166666666667,2.233345257013593
2026-06-02 08:52:00,2.0827916666666666,2.2330135629780874
2026-06-02 08:54:00,2.0828695652173916,2.2326226365697717
2026-06-02 08:56:00,2.0859583333333336,2.2316310418527423
2026-06-02 08:58:00,2.076,2.230399181574783
2026-06-02 09:00:00,2.0732916666666665,2.2298296813364256
2026-06-02 09:02:00,2.072166666666667,2.2286224649355586
2026-06-02 09:04:00,2.0732500000000003,2.2280796643496883
2026-06-02 09:06:00,2.072333333333333,2.2280670325217717
2026-06-02 09:08:00,2.0709166666666667,2.2283268379872747
2026-06-02 09:10:00,2.0702083333333334,2.228666081918302
2026-06-02 09:12:00,2.0680833333333335,2.2290116914924005
2026-06-02 09:14:00,2.0692500000000007,2.2294325937976356
2026-06-02 09:16:00,2.0642083333333328,2.230198236803475
2026-06-02 09:18:00,2.037541666666667,2.231629184315482
2026-06-02 09:20:00,2.012958333333333,2.231687310787407
2026-06-02 09:22:00,2.0091666666666668,2.2336236568528562
2026-06-02 09:24:00,2.0075,2.2353087024634606
2026-06-02 09:26:00,2.003739130434783,2.2362616558284043
2026-06-02 09:28:00,1.9900000000000002,2.2369197536077587
2026-06-02 09:30:00,1.9844999999999997,2.2376474740637384
2026-06-02 09:32:00,1.9702083333333336,2.2385222145774457
2026-06-02 09:34:00,1.9269999999999998,2.2394191320907995
2026-06-02 09:36:00,1.90025,2.240121353051712
2026-06-02 09:38:00,1.8909166666666664,2.2404155158823644
2026-06-02 09:40:00,1.8815,2.240305676757237
2026-06-02 09:42:00,1.8668333333333331,2.240153276903148
2026-06-02 09:44:00,1.847625,2.240396394291517
2026-06-02 09:46:00,1.8411250000000006,2.2411105702473972
2026-06-02 09:48:00,1.835625,2.2420675325043353
2026-06-02 09:50:00,1.831416666666667,2.233850490528775
2026-06-02 09:52:00,1.8244583333333335,2.2332173710529477
2026-06-02 09:54:00,1.816666666666667,2.2327239107476116
2026-06-02 09:56:00,1.8153750000000002,2.23173293300608
2026-06-02 09:58:00,1.8125833333333332,2.23049845340586
2026-06-02 10:00:00,1.8104583333333337,2.229354649742706
2026-06-02 10:02:00,1.8034166666666662,2.228131736559585
2026-06-02 10:04:00,1.8010416666666667,2.2275477677274957
2026-06-02 10:06:00,1.7949583333333334,2.2274376707224524
2026-06-02 10:08:00,1.7904583333333333,2.2275569443284264
2026-06-02 10:10:00,1.7901249999999997,2.2277182226483223
2026-06-02 10:12:00,1.7867916666666666,2.2278494369720225
2026-06-02 10:14:00,1.7861739130434786,2.228016116006708
2026-06-02 10:16:00,1.7847499999999998,2.2285120070886286
2026-06-02 10:18:00,1.7797916666666664,2.22972177909224
2026-06-02 10:20:00,1.782125,2.2322586844948757
2026-06-02 10:22:00,1.7717916666666664,2.2340110598540797
2026-06-02 10:24:00,1.7698333333333336,2.2355235135224185
2026-06-02 10:26:00,1.7712916666666667,2.2363501145179643
2026-06-02 10:28:00,1.772625,2.236917816959522
2026-06-02 10:30:00,1.7727083333333333,2.23758082062947
2026-06-02 10:32:00,1.7685833333333332,2.23836546921504
2026-06-02 10:34:00,1.7636666666666667,2.239055984345591
2026-06-02 10:36:00,1.7676249999999998,2.239443146372505
2026-06-02 10:38:00,1.7634166666666669,2.239397868268052
2026-06-02 10:40:00,1.7690000000000003,2.239000048137808
2026-06-02 10:42:00,1.7675833333333333,2.238648769418598
2026-06-02 10:44:00,1.7684166666666667,2.2388009099542487
2026-06-02 10:46:00,1.765875,2.239531322546395
2026-06-02 10:48:00,1.7666666666666673,2.2405773520521013
2026-06-02 10:50:00,1.766125,2.234583839382034
2026-06-02 10:52:00,1.7646249999999997,2.2335648441709957
2026-06-02 10:54:00,1.7692500000000004,2.2328450525842345
2026-06-02 10:56:00,1.7661739130434786,2.2317585602720205
2026-06-02 10:58:00,1.767083333333333,2.2304823763823434
2026-06-02 11:00:00,1.7672916666666663,2.2291343501795597
2026-06-02 11:02:00,1.7659583333333335,2.228020602030351
2026-06-02 11:04:00,1.7698333333333336,2.2275361525748605
2026-06-02 11:06:00,1.7700416666666665,2.227474382615678
2026-06-02 11:08:00,1.7722916666666668,2.2275810404485203
2026-06-02 11:10:00,1.7675416666666666,2.227660702709454
2026-06-02 11:12:00,1.7679583333333333,2.2276455291443438
2026-06-02 11:14:00,1.7655416666666672,2.2276083918764336
2026-06-02 11:16:00,1.7664999999999997,2.227844729474001
2026-06-02 11:18:00,1.765875,2.2286829150184175
2026-06-02 11:20:00,1.7610833333333333,2.232698967352967
2026-06-02 11:22:00,1.7671250000000007,2.234038752545349
2026-06-02 11:24:00,1.7640416666666667,2.2352442870031144
2026-06-02 11:26:00,1.7650833333333333,2.2358168896179813
2026-06-02 11:28:00,1.7673333333333334,2.236221341256099
2026-06-02 11:30:00,1.7621666666666664,2.2368330301023605
2026-06-02 11:32:00,1.7621666666666667,2.2376566483090707
2026-06-02 11:34:00,1.7583749999999998,2.2383585839586666
2026-06-02 11:36:00,1.7558749999999999,2.2386540844845735
2026-06-02 11:38:00,1.7542500000000005,2.238423670783756
2026-06-02 11:40:00,1.7617391304347831,2.237795432357965
2026-06-02 11:42:00,1.7577916666666662,2.2372128810086496
2026-06-02 11:44:00,1.758416666666667,2.2371716410317317
2026-06-02 11:46:00,1.7408333333333335,2.2377832157415893
2026-06-02 11:48:00,1.7371666666666667,2.238793600822539
2026-06-02 11:50:00,1.744,2.2354366450382233
2026-06-02 11:52:00,1.7404166666666665,2.234134224938529
2026-06-02 11:54:00,1.7418333333333333,2.233178646025192
2026-06-02 11:56:00,1.74,2.2319390016117464
2026-06-02 11:58:00,1.745208333333333,2.230605293055605
2026-06-02 12:00:00,1.7357083333333332,2.2296159776092606
2026-06-02 12:02:00,1.7398333333333333,2.228750010352518
2026-06-02 12:04:00,1.7364166666666667,2.2284356735995403
2026-06-02 12:06:00,1.7366666666666666,2.2284559744487455
2026-06-02 12:08:00,1.7331666666666665,2.228560578083341
2026-06-02 12:10:00,1.733,2.228555953453037
2026-06-02 12:12:00,1.727541666666667,2.2283852022434028
2026-06-02 12:14:00,1.7289166666666664,2.2281438217626897
2026-06-02 12:16:00,1.7232083333333332,2.22813878301739
2026-06-02 12:18:00,1.728416666666667,2.228664612336316
2026-06-02 12:20:00,1.7244166666666665,2.2331259535792
2026-06-02 12:22:00,1.7154999999999998,2.2340119971654167
2026-06-02 12:24:00,1.7189166666666666,2.2348184061869794
2026-06-02 12:26:00,1.7169583333333331,2.235002708402952
2026-06-02 12:28:00,1.721791666666667,2.235122250461264
2026-06-02 12:30:00,1.7170000000000003,2.2356217467291013
2026-06-02 12:32:00,1.7152916666666664,2.2365460126535424
2026-06-02 12:34:00,1.7187083333333335,2.237430163463599
2026-06-02 12:36:00,1.7185,2.23784032808934
2026-06-02 12:38:00,1.7132916666666669,2.237620513653625
2026-06-02 12:40:00,1.726478260869565,2.2369089387405516
2026-06-02 12:42:00,1.7148750000000004,2.2361930111110238
2026-06-02 12:44:00,1.716916666666667,2.236022108131743
2026-06-02 12:46:00,1.7238333333333333,2.2365409125265754
2026-06-02 12:48:00,1.7136250000000004,2.2375074473137078
2026-06-02 12:50:00,1.7210416666666672,2.2363106760149334
2026-06-02 12:52:00,1.7119166666666663,2.2349345285508493
2026-06-02 12:54:00,1.7143333333333335,2.233824065189681
2026-06-02 12:56:00,1.714791666666667,2.2324672252601587
2026-06-02 12:58:00,1.72075,2.2311267941451365
2026-06-02 13:00:00,1.7224166666666665,2.230617124529666
2026-06-02 13:02:00,1.7204999999999995,2.229990780617251
2026-06-02 13:04:00,1.7185000000000004,2.229793662285873
2026-06-02 13:06:00,1.7202916666666666,2.229848842494478
2026-06-02 13:08:00,1.7175000000000002,2.2299258434423734
2026-06-02 13:10:00,1.7166956521739134,2.2298387248296687
2026-06-02 13:12:00,1.7182916666666666,2.229535217243065
2026-06-02 13:14:00,1.7124999999999997,2.2291183948952686
2026-06-02 13:16:00,1.7187083333333335,2.228888545316863
2026-06-02 13:18:00,1.714625,2.2291547579684123
2026-06-02 13:20:00,1.7149583333333334,2.2333050486719097
2026-06-02 13:22:00,1.7186249999999996,2.233942657920514
2026-06-02 13:24:00,1.7199999999999998,2.2344108916172325
2026-06-02 13:26:00,1.7177499999999999,2.234219705963337
2026-06-02 13:28:00,1.7156249999999995,2.233997594387123
2026-06-02 13:30:00,1.7195416666666665,2.2342845499347486
2026-06-02 13:32:00,1.7188333333333332,2.2352621425265617
2026-06-02 13:34:00,1.717625,2.2364136709255336
2026-06-02 13:36:00,1.7169583333333334,2.2371063493497716
2026-06-02 13:38:00,1.7160833333333334,2.237085493518687
2026-06-02 13:40:00,1.7189130434782611,2.236470535945155
2026-06-02 13:42:00,1.7133333333333336,2.235769024658865
2026-06-02 13:44:00,1.7166250000000003,2.235592353485315
2026-06-02 13:46:00,1.7089583333333336,2.236124499729564
2026-06-02 13:48:00,1.7203333333333333,2.237113551787039
2026-06-02 13:50:00,1.7122916666666672,2.2369413816713815
2026-06-02 13:52:00,1.7128750000000001,2.2357118335327826
2026-06-02 13:54:00,1.7106666666666666,2.2345825367683525
2026-06-02 13:56:00,1.7107916666666665,2.23321180933135
2026-06-02 13:58:00,1.7111249999999998,2.2319073036778247
2026-06-02 14:00:00,1.7122916666666665,2.2314485025476434
2026-06-02 14:02:00,1.7073333333333336,2.2309377886095745
2026-06-02 14:04:00,1.7081250000000001,2.2307933107624303
2026-06-02 14:06:00,1.7132499999999997,2.2308586993548345
2026-06-02 14:08:00,1.7079583333333337,2.2309167194897195
2026-06-02 14:10:00,1.7136956521739126,2.230785364780023
2026-06-02 14:12:00,1.7143749999999998,2.2304122759192504
2026-06-02 14:14:00,1.706875,2.2298991039025595
2026-06-02 14:16:00,1.7122083333333329,2.229544481220051
2026-06-02 14:18:00,1.7076250000000004,2.2296653617191344
2026-06-02 14:20:00,1.71,2.2332169066436203
2026-06-02 14:22:00,1.7065833333333336,2.233781061167169
2026-06-02 14:24:00,1.7084999999999997,2.2340892277514897
2026-06-02 14:26:00,1.7072500000000002,2.233724505479178
2026-06-02 14:28:00,1.6843750000000004,2.233306549296761
2026-06-02 14:30:00,1.6578333333333335,2.233405820202891
2026-06-02 14:32:00,1.6635416666666665,2.2343314516041515
2026-06-02 14:34:00,1.6613749999999996,2.2356462767230587
2026-06-02 14:36:00,1.6614166666666668,2.236602464321078
2026-06-02 14:38:00,1.6655416666666663,2.2368584192189305
2026-06-02 14:40:00,1.6622173913043479,2.236496552359902
2026-06-02 14:42:00,1.671375,2.23599787436967
2026-06-02 14:44:00,1.6664166666666669,2.2359915615709305
2026-06-02 14:46:00,1.669125,2.2366919460124652
2026-06-02 14:48:00,1.6669583333333333,2.2378386031882935
2026-06-02 14:50:00,1.66925,2.2372494126138602
2026-06-02 14:52:00,1.670791666666667,2.2362641779803227
2026-06-02 14:54:00,1.6671666666666665,2.2351730676061097
2026-06-02 14:56:00,1.67225,2.2338230618583217
2026-06-02 14:58:00,1.6744999999999999,2.2325415663168995
2026-06-02 15:00:00,1.6704583333333327,2.231551169264995
2026-06-02 15:02:00,1.6726249999999998,2.2310829791476823
2026-06-02 15:04:00,1.666875,2.230969482190754
2026-06-02 15:06:00,1.6661666666666666,2.231048999808442
2026-06-02 15:08:00,1.6679166666666665,2.2311205898248248
2026-06-02 15:10:00,1.665,2.231013961464333
2026-06-02 15:12:00,1.6636250000000006,2.2306790001976426
2026-06-02 15:14:00,1.669625,2.230210719288237
2026-06-02 15:16:00,1.6656666666666666,2.229926090550025
2026-06-02 15:18:00,1.6684166666666664,2.230151445602196
2026-06-02 15:20:00,1.6666249999999998,2.2329980930664455
2026-06-02 15:22:00,1.6706249999999996,2.2336018928012535
2026-06-02 15:24:00,1.6624999999999999,2.2339785029932924
2026-06-02 15:26:00,1.6619166666666665,2.2336774078849944
2026-06-02 15:28:00,1.6720416666666666,2.2332953184639526
2026-06-02 15:30:00,1.6736249999999997,2.233346298698882
2026-06-02 15:32:00,1.6684999999999999,2.234159882446793
2026-06-02 15:34:00,1.664875,2.235452256199546
2026-06-02 15:36:00,1.67,2.2365280213163516
2026-06-02 15:38:00,1.665333333333333,2.2370085273307505
2026-06-02 15:40:00,1.663916666666667,2.236943770042283
2026-06-02 15:42:00,1.6570869565217394,2.2367777450888764
2026-06-02 15:44:00,1.654625,2.2371044440806083
2026-06-02 15:46:00,1.660375,2.2381115020013294
2026-06-02 15:48:00,1.6607916666666667,2.239538624678146
2026-06-02 15:50:00,1.6507083333333334,2.237076649629323
2026-06-02 15:52:00,1.6249583333333335,2.2362704856195896
2026-06-02 15:54:00,1.627375,2.2352373346663033
2026-06-02 15:56:00,1.6298750000000002,2.233915326545647
2026-06-02 15:58:00,1.6265416666666663,2.2326588539196144
2026-06-02 16:00:00,1.6255416666666669,2.230915475096792
2026-06-02 16:02:00,1.6244583333333331,2.230499009820645
2026-06-02 16:04:00,1.639875,2.2304137682025145
2026-06-02 16:06:00,1.6304166666666668,2.230517422361694
2026-06-02 16:08:00,1.6311250000000002,2.2306546654666426
2026-06-02 16:10:00,1.6419583333333334,2.2306897087301345
2026-06-02 16:12:00,1.623458333333333,2.230579245381673
2026-06-02 16:14:00,1.6327083333333328,2.230406639364724
2026-06-02 16:16:00,1.631916666666667,2.2304796922565933
2026-06-02 16:18:00,1.6331666666666669,2.2311612604630255
2026-06-02 16:20:00,1.6315833333333334,2.232956639030608
2026-06-02 16:22:00,1.6327916666666669,2.233770904755831
2026-06-02 16:24:00,1.63175,2.234469075762387
2026-06-02 16:26:00,1.6332083333333332,2.2344743638003886
2026-06-02 16:28:00,1.6294583333333332,2.2343618210968237
2026-06-02 16:30:00,1.6351250000000002,2.234531483859758
2026-06-02 16:32:00,1.63525,2.2352675874085053
2026-06-02 16:34:00,1.6375833333333336,2.2364861122143704
2026-06-02 16:36:00,1.6376956521739128,2.237694525317828
2026-06-02 16:38:00,1.6425,2.238508260252225
2026-06-02 16:40:00,1.6401666666666668,2.238898791258571
2026-06-02 16:42:00,1.6359583333333336,2.2392530655283536
2026-06-02 16:44:00,1.6490416666666663,2.24010230115473
2026-06-02 16:46:00,1.6392499999999997,2.2415678803561243
2026-06-02 16:48:00,1.6376666666666662,2.243361277521468
2026-06-02 16:50:00,1.641375,2.236680045567377
2026-06-02 16:52:00,1.6425,2.2359890495499224
2026-06-02 16:54:00,1.6403333333333336,2.235023940258508
2026-06-02 16:56:00,1.6419999999999997,2.2337153180820213
2026-06-02 16:58:00,1.6431250000000002,2.2324805838799726
2026-06-02 17:00:00,1.6408749999999994,2.230473748114863
2026-06-02 17:02:00,1.6410416666666665,2.2301978922465855
2026-06-02 17:04:00,1.6381249999999996,2.2302057796716452
2026-06-02 17:06:00,1.6421666666666666,2.230438907466579
2026-06-02 17:08:00,1.6425833333333333,2.230819391271574
2026-06-02 17:10:00,1.644291666666667,2.2312404311762726
2026-06-02 17:12:00,1.6383333333333336,2.231631965879026
2026-06-02 17:14:00,1.6430833333333335,2.2320153624502845
2026-06-02 17:16:00,1.6397083333333338,2.2326183060541616
2026-06-02 17:18:00,1.6402916666666671,2.233755601396509
2026-06-02 17:20:00,1.6431666666666664,2.233299500165052
2026-06-02 17:22:00,1.6410416666666663,2.234605312868669
2026-06-02 17:24:00,1.6358749999999997,2.235615097768762
2026-06-02 17:26:00,1.634125,2.2359704455632388
2026-06-02 17:28:00,1.63525,2.236191302198211
2026-06-02 17:30:00,1.6210416666666665,2.236687855699058
2026-06-02 17:32:00,1.6180869565217393,2.2377486376615887
2026-06-02 17:34:00,1.6163333333333334,2.2393100757100237
2026-06-02 17:36:00,1.6087083333333334,2.2408535459534336
2026-06-02 17:38:00,1.6087916666666668,2.241907709349226
2026-06-02 17:40:00,1.609875,2.2424128043081546
2026-06-02 17:42:00,1.610875,2.2427696658402114
2026-06-02 17:44:00,1.6083333333333332,2.2434822301531328
2026-06-02 17:46:00,1.5946250000000004,2.2446542199102577
2026-06-02 17:48:00,1.586666666666667,2.246002807766279
2026-06-02 17:50:00,1.5824583333333333,2.2365626358668345
2026-06-02 17:52:00,1.5918333333333337,2.2361215494315196
2026-06-02 17:54:00,1.5799583333333331,2.235243985433509
2026-06-02 17:56:00,1.5769583333333335,2.2339970994090046
2026-06-02 17:58:00,1.5830416666666667,2.2328125500081315
2026-06-02 18:00:00,1.574625,2.2315372078251916
2026-06-02 18:02:00,1.5807916666666666,2.2315125696464837
2026-06-02 18:04:00,1.5795416666666666,2.231840375617706
2026-06-02 18:06:00,1.5817500000000004,2.232488467775102
2026-06-02 18:08:00,1.5807916666666666,2.2332862949417778
2026-06-02 18:10:00,1.5766250000000002,2.2340072432895437
2026-06-02 18:12:00,1.5837391304347823,2.234516114453938
2026-06-02 18:14:00,1.583375,2.234831296487678
2026-06-02 18:16:00,1.5875000000000001,2.235198585370785
2026-06-02 18:18:00,1.5827083333333336,2.2359432249706814
2026-06-02 18:20:00,1.5785833333333332,2.2342307027945116
2026-06-02 18:22:00,1.5798749999999997,2.2359987941630184
2026-06-02 18:24:00,1.5789583333333335,2.2369981007674253
2026-06-02 18:26:00,1.5766249999999997,2.237500647226944
2026-06-02 18:28:00,1.582583333333333,2.238157768204933
2026-06-02 18:30:00,1.6360000000000001,2.2392668676096705
2026-06-02 18:32:00,1.6148749999999998,2.2406657163015513
2026-06-02 18:34:00,1.6087916666666666,2.2420481559785443
2026-06-02 18:36:00,1.6010416666666665,2.243050974413243
2026-06-02 18:38:00,1.5987500000000001,2.243484955616632
2026-06-02 18:40:00,1.5917500000000002,2.2434430884858303
2026-06-02 18:42:00,1.5695000000000003,2.2433213120501887
2026-06-02 18:44:00,1.5735000000000003,2.2435425864821275
2026-06-02 18:46:00,1.5735000000000001,2.244145878757774
2026-06-02 18:48:00,1.5722499999999997,2.244837903254806
2026-06-02 18:50:00,1.5771666666666666,2.2370971911330715
2026-06-02 18:52:00,1.5751739130434783,2.2370550147270034
2026-06-02 18:54:00,1.5685416666666663,2.2362022292463157
2026-06-02 18:56:00,1.6603750000000002,2.235049378074176
2026-06-02 18:58:00,1.856166666666667,2.2340207321450234
2026-06-02 19:00:00,1.850583333333333,2.2335027521871322
2026-06-02 19:02:00,1.8403333333333338,2.2337105998851836
2026-06-02 19:04:00,1.833375,2.2342532221264193
2026-06-02 19:06:00,1.8257083333333333,2.2348974864787445
2026-06-02 19:08:00,1.8244583333333333,2.235419658764208
2026-06-02 19:10:00,1.824041666666667,2.2356852965445517
2026-06-02 19:12:00,1.823333333333334,2.2356883737565325
2026-06-02 19:14:00,1.8138750000000001,2.2355372218971077
2026-06-02 19:16:00,1.8163333333333334,2.2354980412543206
2026-06-02 19:18:00,1.8168749999999998,2.2358697241392878
2026-06-02 19:20:00,1.8129583333333334,2.2353072396943046
2026-06-02 19:22:00,1.8104166666666668,2.237209287747016
2026-06-02 19:24:00,1.8075833333333335,2.238059119995951
2026-06-02 19:26:00,1.810208333333333,2.2387293104637767
2026-06-02 19:28:00,1.8109565217391306,2.2397724738021716
2026-06-02 19:30:00,1.8027083333333331,2.2409639082295696
2026-06-02 19:32:00,1.806166666666667,2.2420436577298037
2026-06-02 19:34:00,1.8083333333333333,2.2429149579065206
2026-06-02 19:36:00,1.813208333333333,2.243423759240485
2026-06-02 19:38:00,1.8097499999999995,2.24348862474865
2026-06-02 19:40:00,1.8135833333333335,2.243195484051181
2026-06-02 19:42:00,1.808708333333333,2.242877294296475
2026-06-02 19:44:00,1.8133749999999997,2.2428896095126976
2026-06-02 19:46:00,1.8141666666666667,2.243236202254923
2026-06-02 19:48:00,1.806,2.2436215419038437
2026-06-02 19:50:00,1.8120833333333337,2.2379234182152534
2026-06-02 19:52:00,1.8105416666666665,2.238126461800465
2026-06-02 19:54:00,1.8127500000000003,2.237231307392706
2026-06-02 19:56:00,1.805,2.236159569601603
2026-06-02 19:58:00,1.8163333333333334,2.235416825889076
2026-06-02 20:00:00,1.8081249999999998,2.2353752280224217
2026-06-02 20:02:00,1.812083333333333,2.235646791646012
2026-06-02 20:04:00,1.8090000000000004,2.2359356084714808
2026-06-02 20:06:00,1.8066666666666666,2.236117247575721
2026-06-02 20:08:00,1.8128260869565218,2.23614235164604
2026-06-02 20:10:00,1.8119166666666666,2.2359821097791213
2026-06-02 20:12:00,1.8127499999999996,2.2356640138656134
2026-06-02 20:14:00,1.8159166666666666,2.235284512837855
2026-06-02 20:16:00,1.8127916666666666,2.235076902082864
2026-06-02 20:18:00,1.8142083333333332,2.2353016955953016
2026-06-02 20:20:00,1.8084999999999998,2.2364227774600174
2026-06-02 20:22:00,1.807791666666666,2.2382274791136543
2026-06-02 20:24:00,1.8102500000000001,2.238979087495402
2026-06-02 20:26:00,1.8127916666666666,2.2398997303018806
2026-06-02 20:28:00,1.8064999999999998,2.241000530199129
2026-06-02 20:30:00,1.8107916666666668,2.241903632461912
2026-06-02 20:32:00,1.8095416666666664,2.2425996338925622
2026-06-02 20:34:00,1.8105,2.2431193962885345
2026-06-02 20:36:00,1.8056666666666665,2.243374715851824
2026-06-02 20:38:00,1.8034583333333332,2.243287558653273
2026-06-02 20:40:00,1.8097916666666667,2.2429091013172053
2026-06-02 20:42:00,1.8090416666666662,2.242527394962896
2026-06-02 20:44:00,1.801333333333333,2.24245793234993
2026-06-02 20:46:00,1.8059166666666666,2.242684461735708
2026-06-02 20:48:00,1.809041666666667,2.242912923665028
2026-06-02 20:50:00,1.8032500000000002,2.238993494317458
2026-06-02 20:52:00,1.809086956521739,2.239251414644297
2026-06-02 20:54:00,1.8039166666666668,2.238278967795343
2026-06-02 20:56:00,1.8050833333333334,2.237386176167293
2026-06-02 20:58:00,1.8012083333333333,2.2370039052448965
2026-06-02 21:00:00,1.7994583333333332,2.2369122452671273
2026-06-02 21:02:00,1.800166666666667,2.2368511755870752
2026-06-02 21:04:00,1.7999583333333329,2.2366695224559177
2026-06-02 21:06:00,1.8082916666666664,2.2364338330243325
2026-06-02 21:08:00,1.8036249999999996,2.236150720398829
2026-06-02 21:10:00,1.8054583333333338,2.2357852062373884
2026-06-02 21:12:00,1.803625,2.2353369042221964
2026-06-02 21:14:00,1.79925,2.2348733420717477
2026-06-02 21:16:00,1.8036249999999996,2.234605921376422
2026-06-02 21:18:00,1.7999166666666666,2.23477130502904
2026-06-02 21:20:00,1.7945416666666667,2.2372196666002506
2026-06-02 21:22:00,1.7972500000000002,2.2388781682938577
2026-06-02 21:24:00,1.7991666666666666,2.2396220470119035
2026-06-02 21:26:00,1.8003333333333333,2.2406495130341555
2026-06-02 21:28:00,1.8015,2.2415566159473
2026-06-02 21:30:00,1.799875,2.2421602013376853
2026-06-02 21:32:00,1.7997499999999997,2.2425934374458016
2026-06-02 21:34:00,1.8001666666666665,2.2429150969471157
2026-06-02 21:36:00,1.793173913043478,2.2430554373721896
2026-06-02 21:38:00,1.8047083333333331,2.242918405702598
2026-06-02 21:40:00,1.795,2.2425273017727676
2026-06-02 21:42:00,1.797375,2.242138545377915
2026-06-02 21:44:00,1.7961666666666665,2.242038744465791
2026-06-02 21:46:00,1.7995833333333333,2.2422000667076536
2026-06-02 21:48:00,1.7949166666666663,2.242333827106994
2026-06-02 21:50:00,1.7932083333333333,2.239782705562743
2026-06-02 21:52:00,1.7969583333333334,2.239992409447262
2026-06-02 21:54:00,1.7905416666666667,2.2390024903948733
2026-06-02 21:56:00,1.7921250000000002,2.2383122950384937
2026-06-02 21:58:00,1.7884166666666665,2.238072534888279
2026-06-02 22:00:00,1.7916250000000007,2.2375324325134684
2026-06-02 22:02:00,1.7915,2.237080611807698
2026-06-02 22:04:00,1.7942500000000001,2.236576055256538
2026-06-02 22:06:00,1.7889166666666665,2.2361314505158036
2026-06-02 22:08:00,1.79275,2.235727262531204
2026-06-02 22:10:00,1.7902916666666668,2.235296548648991
2026-06-02 22:12:00,1.787375,2.234811428576969
2026-06-02 22:14:00,1.785,2.234329583678588
2026-06-02 22:16:00,1.778791666666666,2.2340524416108845
2026-06-02 22:18:00,1.7860000000000003,2.23419379710786
2026-06-02 22:20:00,1.7869999999999997,2.237523750541175
2026-06-02 22:22:00,1.7832916666666663,2.239029439591931
2026-06-02 22:24:00,1.7840833333333332,2.239778128638967
2026-06-02 22:26:00,1.790916666666666,2.2407578361158036
2026-06-02 22:28:00,1.790695652173913,2.241433624268219
2026-06-02 22:30:00,1.7866666666666668,2.241817805743766
2026-06-02 22:32:00,1.785375,2.2420872541498804
2026-06-02 22:34:00,1.7788750000000002,2.242306991932288
2026-06-02 22:36:00,1.789125,2.242407208191892
2026-06-02 22:38:00,1.7900000000000007,2.2422721747531784
2026-06-02 22:40:00,1.7875416666666661,2.241904804313151
2026-06-02 22:42:00,1.7882916666666662,2.241535211017997
2026-06-02 22:44:00,1.7855416666666664,2.2414271038455498
2026-06-02 22:46:00,1.7825416666666667,2.241548803705765
2026-06-02 22:48:00,1.7864583333333337,2.2416190735711305
2026-06-02 22:50:00,1.7905833333333334,2.240106484537222
2026-06-02 22:52:00,1.784041666666667,2.2401999202686325
2026-06-02 22:54:00,1.788541666666667,2.239260921144961
2026-06-02 22:56:00,1.7849583333333328,2.238751263412869
2026-06-02 22:58:00,1.7871249999999996,2.238493807754517
2026-06-02 23:00:00,1.7837083333333332,2.237452016109624
2026-06-02 23:02:00,1.7877916666666664,2.2366866104341563
2026-06-02 23:04:00,1.788083333333333,2.2359956448399427
2026-06-02 23:06:00,1.7830833333333336,2.2354653152779353
2026-06-02 23:08:00,1.7867500000000003,2.2350323997792843
2026-06-02 23:10:00,1.784041666666666,2.2345958719478
2026-06-02 23:12:00,1.7880833333333335,2.2341150401118814
2026-06-02 23:14:00,1.7936249999999996,2.2336525439720436
2026-06-02 23:16:00,1.792083333333333,2.2333946275843717
2026-06-02 23:18:00,1.7872916666666667,2.233531947124824
2026-06-02 23:20:00,1.7906250000000001,2.2372504725348548
2026-06-02 23:22:00,1.7922083333333336,2.23864037667301
2026-06-02 23:24:00,1.7993478260869562,2.239417663180167
2026-06-02 23:26:00,1.7907499999999994,2.240297664253928
2026-06-02 23:28:00,1.7907499999999998,2.240782580770903
2026-06-02 23:30:00,1.7769583333333332,2.2410202005123656
2026-06-02 23:32:00,1.7725833333333327,2.241197500441034
2026-06-02 23:34:00,1.7772916666666667,2.241379796557947
2026-06-02 23:36:00,1.782958333333333,2.2414839810588187
2026-06-02 23:38:00,1.774708333333333,2.241376581669124
2026-06-02 23:40:00,1.7792500000000004,2.2410446053242916
2026-06-02 23:42:00,1.77525,2.2406985251461005
2026-06-02 23:44:00,1.7785416666666667,2.240586471013807
2026-06-02 23:46:00,1.7659999999999998,2.2406765178816817
2026-06-02 23:48:00,1.7658749999999996,2.2406969741737166
2026-06-02 23:50:00,1.76575,2.23987830784217
2026-06-02 23:52:00,1.762583333333333,2.2398340279285818
2026-06-02 23:54:00,1.7694583333333334,2.238992464162942
2026-06-02 23:56:00,1.7712500000000002,2.2386000819964504
2026-06-02 23:58:00,1.7698333333333334,2.238246546919192
2026-06-03 00:00:00,1.7719166666666666,2.2368813680032504
2026-06-03 00:02:00,1.7690833333333336,2.2359210428568925
2026-06-03 00:04:00,1.7695833333333333,2.235156777717895
2026-06-03 00:06:00,1.7715416666666666,2.234622920658115
2026-06-03 00:08:00,1.7693333333333332,2.2342125675730404
2026-06-03 00:10:00,1.773208333333333,2.2338004750542306
2026-06-03 00:12:00,1.7741739130434782,2.2333570225748653
2026-06-03 00:14:00,1.7711666666666668,2.2329442121731824
2026-06-03 00:16:00,1.7764166666666668,2.232725330219001
2026-06-03 00:18:00,1.775125,2.232877322688326
2026-06-03 00:20:00,1.7701250000000002,2.2365326613307737
2026-06-03 00:22:00,1.768416666666667,2.237849259504986
2026-06-03 00:24:00,1.7713750000000001,2.238674506561544
2026-06-03 00:26:00,1.7701666666666667,2.2394868503500676
2026-06-03 00:28:00,1.77175,2.2398769255078492
2026-06-03 00:30:00,1.7653333333333332,2.2400559908002298
2026-06-03 00:32:00,1.766791666666667,2.2402154725011783
2026-06-03 00:34:00,1.759625,2.2404135027755947
2026-06-03 00:36:00,1.7549166666666667,2.240548468077014
2026-06-03 00:38:00,1.758,2.240473476559611
2026-06-03 00:40:00,1.7560416666666665,2.240166340746208
2026-06-03 00:42:00,1.7521250000000002,2.239827746712775
2026-06-03 00:44:00,1.7461250000000001,2.2396993489182937
2026-06-03 00:46:00,1.7430416666666664,2.2397514444498983
2026-06-03 00:48:00,1.7428333333333335,2.239719758923191
2026-06-03 00:50:00,1.7453478260869562,2.2391715343497323
2026-06-03 00:52:00,1.7439583333333333,2.2390108702977995
2026-06-03 00:54:00,1.742916666666667,2.238261232947622
2026-06-03 00:56:00,1.7362916666666663,2.2379206116482337
2026-06-03 00:58:00,1.7305416666666664,2.237477194157956
2026-06-03 01:00:00,1.7277083333333332,2.2360614697937504
2026-06-03 01:02:00,1.7248750000000002,2.235034179827363
2026-06-03 01:04:00,1.7253333333333332,2.234277917214294
2026-06-03 01:06:00,1.7353750000000001,2.2337879617814784
2026-06-03 01:08:00,1.7439583333333333,2.23342040994831
2026-06-03 01:10:00,1.7413750000000003,2.2330542001492164
2026-06-03 01:12:00,1.7457083333333336,2.232675919363035
2026-06-03 01:14:00,1.7337916666666662,2.232326755975863
2026-06-03 01:16:00,1.7133333333333338,2.2321567981373405
2026-06-03 01:18:00,1.7045833333333336,2.2323439723281924
2026-06-03 01:20:00,1.7080434782608698,2.2355569232353982
2026-06-03 01:22:00,1.7007500000000002,2.236851853535976
2026-06-03 01:24:00,1.689166666666667,2.2377658113370202
2026-06-03 01:26:00,1.6792499999999997,2.2386071727102554
2026-06-03 01:28:00,1.6603333333333332,2.239018580787048
2026-06-03 01:30:00,1.6532916666666664,2.2392298713798087
2026-06-03 01:32:00,1.646958333333334,2.239438381715748
2026-06-03 01:34:00,1.6370833333333337,2.2396913319778315
2026-06-03 01:36:00,1.6206666666666667,2.239870553238124
2026-06-03 01:38:00,1.5842083333333334,2.239819725494149
2026-06-03 01:40:00,1.5799999999999998,2.239514639537027
2026-06-03 01:42:00,1.5700833333333335,2.239159300109142
2026-06-03 01:44:00,1.654625,2.2389966836160813
2026-06-03 01:46:00,1.7246666666666666,2.238995193470214
2026-06-03 01:48:00,1.7254166666666666,2.238897383116244
2026-06-03 01:50:00,1.7192083333333328,2.238354889022536
2026-06-03 01:52:00,1.7222916666666663,2.238118167483041
2026-06-03 01:54:00,1.7197826086956522,2.237374890390806
2026-06-03 01:56:00,1.7176250000000006,2.2370222298476046
2026-06-03 01:58:00,1.7151250000000005,2.236548493499471
2026-06-03 02:00:00,1.718125,2.235287821212471
2026-06-03 02:02:00,1.7259166666666665,2.234306085212249
2026-06-03 02:04:00,1.7226249999999999,2.233607968465692
2026-06-03 02:06:00,1.717666666666667,2.23318025651851
2026-06-03 02:08:00,1.7231250000000005,2.232862912487588
2026-06-03 02:10:00,1.719541666666667,2.2325612021244856
2026-06-03 02:12:00,1.7169166666666664,2.2322534540924113
2026-06-03 02:14:00,1.7185416666666669,2.231962897405484
2026-06-03 02:16:00,1.7164166666666665,2.2318454301153423
2026-06-03 02:18:00,1.7146666666666668,2.232087062329967
2026-06-03 02:20:00,1.7172916666666669,2.2345616595627646
2026-06-03 02:22:00,1.715416666666667,2.2359208552844203
2026-06-03 02:24:00,1.7179130434782608,2.236957046054024
2026-06-03 02:26:00,1.7194583333333338,2.2379365808368115
2026-06-03 02:28:00,1.7178750000000003,2.238481790346953
2026-06-03 02:30:00,1.7217916666666662,2.2388092105309885
2026-06-03 02:32:00,1.7130833333333335,2.239118961740708
2026-06-03 02:34:00,1.7177500000000003,2.2394523157963175
2026-06-03 02:36:00,1.7155416666666665,2.239680620818742
2026-06-03 02:38:00,1.7158749999999998,2.239643077999309
2026-06-03 02:40:00,1.7130833333333335,2.239322798331069
2026-06-03 02:42:00,1.7143333333333335,2.2389348347660056
2026-06-03 02:44:00,1.7096666666666671,2.2387228793712803
2026-06-03 02:46:00,1.7071250000000002,2.238653109885735
2026-06-03 02:48:00,1.690458333333333,2.238479278393731
2026-06-03 02:50:00,1.6937916666666666,2.2372939568984456
2026-06-03 02:52:00,1.694652173913044,2.237004820020901
2026-06-03 02:54:00,1.6781666666666666,2.236281320370254
2026-06-03 02:56:00,1.6650416666666665,2.2359054438199135
2026-06-03 02:58:00,1.6647083333333332,2.2354493959791566
2026-06-03 03:00:00,1.6667499999999997,2.2343659868947636
2026-06-03 03:02:00,1.6624999999999999,2.2334831411498244
2026-06-03 03:04:00,1.6633750000000003,2.2328568533059516
2026-06-03 03:06:00,1.6687083333333332,2.2324857378089593
2026-06-03 03:08:00,1.6669166666666666,2.2322184665145657
2026-06-03 03:10:00,1.66425,2.231976479292094
2026-06-03 03:12:00,1.6691666666666665,2.2317180876198957
2026-06-03 03:14:00,1.6689583333333333,2.2314669277394494
2026-06-03 03:16:00,1.6564583333333331,2.231395126890965
2026-06-03 03:18:00,1.6521666666666668,2.23169993865368
2026-06-03 03:20:00,1.6540833333333333,2.233299566600857
2026-06-03 03:22:00,1.6538333333333328,2.2347924110656527
2026-06-03 03:24:00,1.641916666666667,2.2359566092661343
2026-06-03 03:26:00,1.6477500000000003,2.2371242319692466
2026-06-03 03:28:00,1.6337391304347824,2.2378741183003785
2026-06-03 03:30:00,1.6267916666666666,2.2383763807634227
2026-06-03 03:32:00,1.6227083333333334,2.2388204800414835
2026-06-03 03:34:00,1.619791666666667,2.239246776312858
2026-06-03 03:36:00,1.6260833333333335,2.2395231482680287
2026-06-03 03:38:00,1.6226666666666665,2.239491310182478
2026-06-03 03:40:00,1.6159583333333334,2.2391474599039682
2026-06-03 03:42:00,1.596541666666667,2.238715660790301
2026-06-03 03:44:00,1.5795416666666668,2.238442646178095
2026-06-03 03:46:00,1.5811666666666666,2.2383005789398314
2026-06-03 03:48:00,1.5849166666666672,2.238057868995701
2026-06-03 03:50:00,1.57875,2.2365444559724588
2026-06-03 03:52:00,1.582291666666667,2.236215180581534
2026-06-03 03:54:00,1.5765416666666667,2.2354200758360077
2026-06-03 03:56:00,1.5697083333333337,2.2349255493544518
2026-06-03 03:58:00,1.575666666666667,2.2344975941553873
2026-06-03 04:00:00,1.5781250000000002,2.233596016834182
2026-06-03 04:02:00,1.5718333333333339,2.232859716346106
2026-06-03 04:04:00,1.5726250000000002,2.2323325840088897
2026-06-03 04:06:00,1.5737083333333333,2.2320298952007795
2026-06-03 04:08:00,1.5607391304347826,2.231820651845255
2026-06-03 04:10:00,1.6053750000000002,2.2316269704503457
2026-06-03 04:12:00,1.6274999999999997,2.231399852147849
2026-06-03 04:14:00,1.6019583333333334,2.2311750459002875
2026-06-03 04:16:00,1.58525,2.2311440822827304
2026-06-03 04:18:00,1.6992083333333337,2.2315183188611014
2026-06-03 04:20:00,1.702,2.2321278863405456
2026-06-03 04:22:00,1.6830416666666663,2.2338742893828605
2026-06-03 04:24:00,1.6824166666666667,2.2351278693609045
2026-06-03 04:26:00,1.6774583333333337,2.2364860981029118
2026-06-03 04:28:00,1.6720833333333331,2.237523062406901
2026-06-03 04:30:00,1.6755000000000002,2.2382721794241465
2026-06-03 04:32:00,1.6674999999999998,2.238891786359752
2026-06-03 04:34:00,1.6688260869565215,2.239426736097958
2026-06-03 04:36:00,1.6685416666666664,2.2397536971883962
2026-06-03 04:38:00,1.6649583333333335,2.2397256866359703
2026-06-03 04:40:00,1.664208333333333,2.2393532013655215
2026-06-03 04:42:00,1.6742083333333329,2.238871626106651
2026-06-03 04:44:00,1.6702499999999996,2.238538168991812
2026-06-03 04:46:00,1.670375,2.238337076444571
2026-06-03 04:48:00,1.664208333333333,2.238046033301737
2026-06-03 04:50:00,1.6642916666666663,2.2353172819805494
2026-06-03 04:52:00,1.6591666666666665,2.23506821630131
2026-06-03 04:54:00,1.6544166666666664,2.234299700402299
2026-06-03 04:56:00,1.6592083333333332,2.2336393729154733
2026-06-03 04:58:00,1.659791666666667,2.2331983791139245
2026-06-03 05:00:00,1.6479999999999995,2.2325477196461585
2026-06-03 05:02:00,1.6443333333333332,2.2320074696773915
2026-06-03 05:04:00,1.6428333333333336,2.2316386325068462
2026-06-03 05:06:00,1.6443333333333332,2.231449131485643
2026-06-03 05:08:00,1.6419166666666662,2.231319642150497
2026-06-03 05:10:00,1.6354166666666667,2.231172915701113
2026-06-03 05:12:00,1.6367391304347827,2.2309670955227703
2026-06-03 05:14:00,1.6351666666666669,2.230755418314474
2026-06-03 05:16:00,1.63275,2.2307531669829257
2026-06-03 05:18:00,1.6299999999999997,2.23119403201433
2026-06-03 05:20:00,1.628916666666667,2.230824756682578
2026-06-03 05:22:00,1.6256666666666666,2.2328257427628193
2026-06-03 05:24:00,1.63025,2.2341598085132572
2026-06-03 05:26:00,1.6254999999999997,2.2356037801921325
2026-06-03 05:28:00,1.621791666666666,2.236960297872169
2026-06-03 05:30:00,1.6189166666666663,2.2380426711881247
2026-06-03 05:32:00,1.6163749999999995,2.238905380950654
2026-06-03 05:34:00,1.614208333333333,2.239582657153721
2026-06-03 05:36:00,1.6105833333333335,2.2399724760051933
2026-06-03 05:38:00,1.6052499999999998,2.239949034845083
2026-06-03 05:40:00,1.6043749999999999,2.2395429124976958
2026-06-03 05:42:00,1.598375,2.2390135391985972
2026-06-03 05:44:00,1.6000000000000003,2.238638441290819
2026-06-03 05:46:00,1.6019583333333332,2.238409828083121
2026-06-03 05:48:00,1.6009583333333335,2.238103565683663
2026-06-03 05:50:00,1.5989166666666668,2.234483647631384
2026-06-03 05:52:00,1.5972916666666668,2.2342907142875323
2026-06-03 05:54:00,1.600083333333333,2.2335482657649024
2026-06-03 05:56:00,1.6037083333333333,2.232681239558663
2026-06-03 05:58:00,1.6039999999999999,2.2320667517796933
2026-06-03 06:00:00,1.6035416666666664,2.231743185792719
2026-06-03 06:02:00,1.5982173913043483,2.23134590725084
2026-06-03 06:04:00,1.596916666666667,2.2311891615219808
2026-06-03 06:06:00,1.6025833333333332,2.2312037854999627
2026-06-03 06:08:00,1.6029166666666665,2.231232614147939
2026-06-03 06:10:00,1.60875,2.231188142473219
2026-06-03 06:12:00,1.6005833333333335,2.2310400374706445
2026-06-03 06:14:00,1.5944166666666666,2.2308575401561317
2026-06-03 06:16:00,1.6064583333333333,2.2308869874150346
2026-06-03 06:18:00,1.6027083333333334,2.2313987731622142
2026-06-03 06:20:00,1.6021250000000002,2.2302056954157297
2026-06-03 06:22:00,1.6043750000000003,2.232405873272319
2026-06-03 06:24:00,1.609125,2.2338500541093262
2026-06-03 06:26:00,1.6096249999999996,2.235120414834371
2026-06-03 06:28:00,1.6097083333333329,2.2366320227034464
2026-06-03 06:30:00,1.6145833333333328,2.23813050835717
2026-06-03 06:32:00,1.60525,2.2393875560127303
2026-06-03 06:34:00,1.6090416666666665,2.2403246702343553
2026-06-03 06:36:00,1.6043750000000003,2.240845637345295
2026-06-03 06:38:00,1.6074583333333334,2.2408592138215164
2026-06-03 06:40:00,1.6053750000000004,2.240435213882216
2026-06-03 06:42:00,1.606791666666667,2.2398825752098124
2026-06-03 06:44:00,1.6062500000000004,2.2395155633657224
2026-06-03 06:46:00,1.6076250000000003,2.239327931191475
2026-06-03 06:48:00,1.6077083333333333,2.239074756730538
2026-06-03 06:50:00,1.606625,2.233787628694659
2026-06-03 06:52:00,1.6113043478260873,2.233658933072221
2026-06-03 06:54:00,1.6157083333333333,2.233026850982239
2026-06-03 06:56:00,1.6140416666666668,2.2320114505744724
2026-06-03 06:58:00,1.618458333333333,2.231071143950664
2026-06-03 07:00:00,1.6098333333333332,2.2309968088989964
2026-06-03 07:02:00,1.6155000000000002,2.230458112570566
2026-06-03 07:04:00,1.6208750000000005,2.230434733334075
2026-06-03 07:06:00,1.6183333333333334,2.2307330254082594
2026-06-03 07:08:00,1.6215833333333334,2.231077437445079
2026-06-03 07:10:00,1.6132083333333334,2.231311634131267
2026-06-03 07:12:00,1.6145833333333333,2.2313941840226232
2026-06-03 07:14:00,1.613041666666667,2.2313864485017927
2026-06-03 07:16:00,1.6152083333333334,2.2315521615169787
2026-06-03 07:18:00,1.6191250000000001,2.232208526617264
2026-06-03 07:20:00,1.6162916666666665,2.2303431123451536
2026-06-03 07:22:00,1.6117083333333333,2.2325400447962354
2026-06-03 07:24:00,1.6214166666666667,2.2341635398505484
2026-06-03 07:26:00,1.6188333333333336,2.2351968088055685
2026-06-03 07:28:00,1.617208333333333,2.23627698283843
2026-06-03 07:30:00,1.5434999999999999,2.2377605297712897
2026-06-03 07:32:00,2.6488750000000003,2.2394054159322074
2026-06-03 07:34:00,2.7855217391304343,2.2408092858342252
2026-06-03 07:36:00,2.335083333333333,2.2416845515559047
2026-06-03 07:38:00,2.650625,2.241907797445801
2026-06-03 07:40:00,2.6582500000000002,2.2415914933164087
2026-06-03 07:42:00,2.648875,2.241122340803157
2026-06-03 07:44:00,2.6789166666666664,2.2408867852853924
2026-06-03 07:46:00,2.5160416666666667,2.240899140356082
2026-06-03 07:48:00,2.6817083333333334,2.240888378940563
2026-06-03 07:50:00,2.6777083333333334,2.2333766144864127
2026-06-03 07:52:00,1.3960833333333331,2.233221881766813
2026-06-03 07:54:00,0.7772083333333333,2.2327406995681516
2026-06-03 07:56:00,0.8445217391304347,2.2316917365162956
2026-06-03 07:58:00,1.5647916666666666,2.2305030701341755
2026-06-03 08:00:00,2.6973749999999996,2.230372668062174
2026-06-03 08:02:00,2.684125,2.2293680930900366
2026-06-03 08:04:00,2.6976250000000004,2.2290652510978624
2026-06-03 08:06:00,2.6737083333333334,2.2293105749859206
2026-06-03 08:08:00,2.677166666666667,2.2297984654211658
2026-06-03 08:10:00,2.67675,2.2303032386908073
2026-06-03 08:12:00,2.6837500000000003,2.2307412678214136
2026-06-03 08:14:00,2.68225,2.231147266568229
2026-06-03 08:16:00,2.690041666666666,2.231741569407257
2026-06-03 08:18:00,2.685833333333333,2.2328295265305464
2026-06-03 08:20:00,2.685,2.2310084938894534
2026-06-03 08:22:00,2.6880833333333336,2.2330724866734797
2026-06-03 08:24:00,2.6962499999999996,2.2348093309945525
2026-06-03 08:26:00,2.693208333333333,2.235810095325903
2026-06-03 08:28:00,2.694875,2.2365734780617217
2026-06-03 08:30:00,2.6867916666666662,2.2375146299620323
2026-06-03 08:32:00,2.687208333333333,2.2387574738556073
2026-06-03 08:34:00,2.6907916666666662,2.2401085007190016
2026-06-03 08:36:00,2.691166666666667,2.2411842659461088
2026-06-03 08:38:00,2.6907916666666662,2.2416816242382764
2026-06-03 08:40:00,2.692,2.2416190963869376
2026-06-03 08:42:00,2.6954583333333333,2.2413927825098163
2026-06-03 08:44:00,2.694782608695652,2.241451180664961
2026-06-03 08:46:00,2.686291666666666,2.2418668240253723
2026-06-03 08:48:00,2.6835833333333334,2.242389261543956
2026-06-03 08:50:00,2.6781666666666673,2.2336223021274426
2026-06-03 08:52:00,2.6782500000000002,2.2332965513646763
2026-06-03 08:54:00,2.681374999999999,2.2328757609207583
2026-06-03 08:56:00,2.683083333333333,2.231859194905833
2026-06-03 08:58:00,2.6797916666666666,2.2306245826815876
2026-06-03 09:00:00,2.6805833333333333,2.2300458091825406
2026-06-03 09:02:00,2.6814583333333335,2.228834941766176
2026-06-03 09:04:00,2.6841250000000003,2.2282882143198943
2026-06-03 09:06:00,2.6835,2.2282733143361058
2026-06-03 09:08:00,2.6895833333333337,2.228533175375413
2026-06-03 09:10:00,2.690375000000001,2.228875206474461
2026-06-03 09:12:00,2.687791666666667,2.2292268422420296
2026-06-03 09:14:00,2.7432916666666665,2.2296582897267965
2026-06-03 09:16:00,2.7235833333333335,2.230441306380182
2026-06-03 09:18:00,2.7251250000000002,2.231897356765213
2026-06-03 09:20:00,2.7211250000000002,2.2319705913772365
2026-06-03 09:22:00,2.7223333333333333,2.233916402976525
2026-06-03 09:24:00,2.7271249999999996,2.2355846886785087
2026-06-03 09:26:00,2.7261666666666664,2.236522379331318
2026-06-03 09:28:00,2.7160434782608696,2.2371794409947428
2026-06-03 09:30:00,2.716125,2.2379121202337386
2026-06-03 09:32:00,2.716625,2.2387950687880847
2026-06-03 09:34:00,2.718166666666667,2.2397003438618515
2026-06-03 09:36:00,2.7209583333333325,2.240407995289777
2026-06-03 09:38:00,2.7179583333333333,2.2407033858421226
2026-06-03 09:40:00,2.714958333333333,2.2405908709031004
2026-06-03 09:42:00,2.7122083333333333,2.24043331785186
2026-06-03 09:44:00,2.716583333333333,2.2406705178024997
2026-06-03 09:46:00,2.7157083333333336,2.2413786994958524
2026-06-03 09:48:00,2.71625,2.242329215670333
2026-06-03 09:50:00,2.712375,2.2341834194801327
2026-06-03 09:52:00,2.7154583333333338,2.2335403140769405
2026-06-03 09:54:00,2.7152500000000006,2.232999700206928
2026-06-03 09:56:00,2.7142083333333336,2.2319730494469407
2026-06-03 09:58:00,2.7119166666666668,2.2307328337160044
2026-06-03 10:00:00,2.7101666666666673,2.22958180630201
2026-06-03 10:02:00,2.7125416666666666,2.22835868967186
2026-06-03 10:04:00,2.715375,2.2277783358919727
2026-06-03 10:06:00,2.710791666666667,2.2276780462761963
2026-06-03 10:08:00,2.7148333333333334,2.2278133019272865
2026-06-03 10:10:00,2.7125000000000004,2.2279958174695595
2026-06-03 10:12:00,2.708869565217392,2.2281527066955604
2026-06-03 10:14:00,2.707333333333333,2.2283491531602566
2026-06-03 10:16:00,2.7082083333333333,2.228879406790287
2026-06-03 10:18:00,2.711166666666667,2.2301275650691346
2026-06-03 10:20:00,2.708166666666667,2.232584519032274
2026-06-03 10:22:00,2.7009166666666666,2.234339820519081
2026-06-03 10:24:00,2.6952083333333334,2.2358206224588395
2026-06-03 10:26:00,2.6959999999999997,2.2366202089510114
2026-06-03 10:28:00,2.7074166666666666,2.2371788776187844
2026-06-03 10:30:00,2.705666666666667,2.2378418056335017
2026-06-03 10:32:00,2.7050416666666663,2.238633725644836
2026-06-03 10:34:00,2.704083333333333,2.2393356115137317
2026-06-03 10:36:00,2.705375,2.239734347765102
2026-06-03 10:38:00,2.700666666666668,2.239698469081986
2026-06-03 10:40:00,2.7002916666666668,2.239306647702262
2026-06-03 10:42:00,2.700416666666667,2.238958302827363
2026-06-03 10:44:00,2.6993333333333336,2.239111656617532
2026-06-03 10:46:00,2.696875,2.239842325768636
2026-06-03 10:48:00,2.6942083333333335,2.2408872103922666
2026-06-03 10:50:00,2.7002916666666663,2.2349476989970567
2026-06-03 10:52:00,2.693,2.2339156275670637
2026-06-03 10:54:00,2.700875,2.2331350980990994
2026-06-03 10:56:00,2.70325,2.232002078620837
2026-06-03 10:58:00,2.705217391304348,2.2307127213856064
2026-06-03 11:00:00,2.6985833333333336,2.2293546091323933
2026-06-03 11:02:00,2.6954583333333333,2.2282336578152364
2026-06-03 11:04:00,2.692500000000001,2.2277453378734444
2026-06-03 11:06:00,2.692666666666667,2.227684684726006
2026-06-03 11:08:00,2.700041666666667,2.2277976404113886
2026-06-03 11:10:00,2.699,2.227888533735261
2026-06-03 11:12:00,2.6967916666666665,2.2278894195224175
2026-06-03 11:14:00,2.6945416666666664,2.227872980644234
2026-06-03 11:16:00,2.6972916666666666,2.2281334831088087
2026-06-03 11:18:00,2.6931666666666665,2.2289938064435058
2026-06-03 11:20:00,2.6960416666666664,2.2330177395776873
2026-06-03 11:22:00,2.697041666666667,2.234365349081218
2026-06-03 11:24:00,2.6951666666666667,2.2355344957171654
2026-06-03 11:26:00,2.6947083333333333,2.2360737627597334
2026-06-03 11:28:00,2.6914166666666666,2.2364632291676165
2026-06-03 11:30:00,2.6979583333333337,2.237068952567852
2026-06-03 11:32:00,2.6928333333333327,2.2378946379064324
2026-06-03 11:34:00,2.6940833333333334,2.2386026441051823
2026-06-03 11:36:00,2.6949583333333336,2.238903421926244
2026-06-03 11:38:00,2.6886666666666668,2.238676397757492
2026-06-03 11:40:00,2.6917916666666666,2.238049860418281
2026-06-03 11:42:00,2.698826086956522,2.2374674444519016
2026-06-03 11:44:00,2.6958749999999996,2.237425070171277
2026-06-03 11:46:00,2.692500000000001,2.2380345480431956
2026-06-03 11:48:00,2.7010416666666672,2.2390414887509715
2026-06-03 11:50:00,2.695625,2.23584023172477
2026-06-03 11:52:00,2.68825,2.234522475049532
2026-06-03 11:54:00,2.686833333333333,2.2334951095326274
2026-06-03 11:56:00,2.6865000000000006,2.2321980363232297
2026-06-03 11:58:00,2.6874583333333333,2.2308438989296957
2026-06-03 12:00:00,2.686458333333333,2.229842454486962
2026-06-03 12:02:00,2.6846666666666668,2.228963578206967
2026-06-03 12:04:00,2.692041666666667,2.228639000329367
2026-06-03 12:06:00,2.6893749999999996,2.228653077291533
2026-06-03 12:08:00,2.6875416666666667,2.22875592497683
2026-06-03 12:10:00,2.686166666666667,2.228753882120972
2026-06-03 12:12:00,2.692375,2.2285897311591096
2026-06-03 12:14:00,2.685,2.228357951418033
2026-06-03 12:16:00,2.6855833333333337,2.228361804902003
2026-06-03 12:18:00,2.688166666666666,2.2288901057328596
2026-06-03 12:20:00,2.6836250000000006,2.233435090812481
2026-06-03 12:22:00,2.6843750000000006,2.234339379226897
2026-06-03 12:24:00,2.680958333333333,2.235107545733146
2026-06-03 12:26:00,2.68625,2.2352527329474547
2026-06-03 12:28:00,2.687826086956522,2.2353509918872745
2026-06-03 12:30:00,2.6875416666666667,2.2358373946425045
2026-06-03 12:32:00,2.6864166666666662,2.236759023395381
2026-06-03 12:34:00,2.6865833333333335,2.2376491014390014
2026-06-03 12:36:00,2.6856250000000004,2.2380655272194603
2026-06-03 12:38:00,2.68775,2.237849525154037
2026-06-03 12:40:00,2.6883749999999993,2.2371398883163405
2026-06-03 12:42:00,2.6845833333333338,2.236423877530208
2026-06-03 12:44:00,2.683083333333333,2.2362503902654853
2026-06-03 12:46:00,2.682208333333333,2.236763956801477
2026-06-03 12:48:00,2.684416666666666,2.2377225527760896
2026-06-03 12:50:00,2.681708333333333,2.2366947522440244
2026-06-03 12:52:00,2.6806666666666668,2.235317596954202
2026-06-03 12:54:00,2.6820833333333334,2.2341383561091774
2026-06-03 12:56:00,2.6948333333333334,2.2327206447812116
2026-06-03 12:58:00,2.690583333333334,2.231355406024202
2026-06-03 13:00:00,2.6907083333333337,2.2308315751998875
2026-06-03 13:02:00,2.685916666666667,2.230188924336659
2026-06-03 13:04:00,2.688916666666667,2.2299787110686298
2026-06-03 13:06:00,2.6839166666666667,2.2300250296313138
2026-06-03 13:08:00,2.687958333333333,2.230097883282864
2026-06-03 13:10:00,2.6946666666666665,2.230010805689488
2026-06-03 13:12:00,2.6962083333333333,2.2297104492702737
2026-06-03 13:14:00,2.6958695652173916,2.2292977328043038
2026-06-03 13:16:00,2.6854583333333335,2.2290689011208498
2026-06-03 13:18:00,2.686291666666667,2.2293327215615757
2026-06-03 13:20:00,2.6840000000000006,2.2336028346839716
2026-06-03 13:22:00,2.6874583333333333,2.2342662258493506
2026-06-03 13:24:00,2.685708333333334,2.234693737011029
2026-06-03 13:26:00,2.6838333333333337,2.23445743717978
2026-06-03 13:28:00,2.6904583333333325,2.234205616455648
2026-06-03 13:30:00,2.6847083333333335,2.234467613872333
2026-06-03 13:32:00,2.687958333333333,2.235430880000715
2026-06-03 13:34:00,2.687416666666667,2.236585558755222
2026-06-03 13:36:00,2.689375,2.237287530676448
2026-06-03 13:38:00,2.684125,2.237274483335778
2026-06-03 13:40:00,2.6854999999999998,2.2366651904310455
2026-06-03 13:42:00,2.6899999999999995,2.2359670496234245
2026-06-03 13:44:00,2.690541666666667,2.2357905610515307
2026-06-03 13:46:00,2.6915416666666663,2.236319388435953
2026-06-03 13:48:00,2.6946666666666665,2.2373023685836344
2026-06-03 13:50:00,2.6944166666666667,2.237322014939698
2026-06-03 13:52:00,2.689458333333334,2.236106931556339
2026-06-03 13:54:00,2.689666666666667,2.2349094263401215
2026-06-03 13:56:00,2.6879166666666663,2.2334716817094495
2026-06-03 13:58:00,2.691416666666667,2.232136996076166
2026-06-03 14:00:00,2.6896086956521743,2.2316659164342934
2026-06-03 14:02:00,2.6885,2.231138067455715
2026-06-03 14:04:00,2.6867499999999995,2.2309811553183776
2026-06-03 14:06:00,2.690416666666667,2.231038787257113
2026-06-03 14:08:00,2.687583333333334,2.231093809791324
2026-06-03 14:10:00,2.688833333333333,2.230963355408018
2026-06-03 14:12:00,2.6934166666666663,2.2305936829917323
2026-06-03 14:14:00,2.6916666666666664,2.230084160306375
2026-06-03 14:16:00,2.6937499999999996,2.229730765533575
2026-06-03 14:18:00,2.6901250000000005,2.229850987841374
2026-06-03 14:20:00,2.692291666666666,2.23348328799872
2026-06-03 14:22:00,2.6937916666666673,2.2340835421394383
2026-06-03 14:24:00,2.6929999999999996,2.234356051899539
2026-06-03 14:26:00,2.6920833333333327,2.2339496117775672
2026-06-03 14:28:00,2.6919583333333335,2.2335024646459183
2026-06-03 14:30:00,2.690125,2.23357380434434
2026-06-03 14:32:00,2.6856250000000004,2.2344768122982437
2026-06-03 14:34:00,2.6885833333333333,2.2357903055634036
2026-06-03 14:36:00,2.689625,2.2367576047814146
2026-06-03 14:38:00,2.6863333333333332,2.2370252186193653
2026-06-03 14:40:00,2.6932916666666666,2.236672844062031
2026-06-03 14:42:00,2.6944347826086954,2.236181376360447
2026-06-03 14:44:00,2.6811666666666656,2.236179293805033
2026-06-03 14:46:00,2.684333333333333,2.2368801486852874
2026-06-03 14:48:00,2.696,2.238023940925401
2026-06-03 14:50:00,2.6988750000000006,2.237540050176034
2026-06-03 14:52:00,2.69275,2.236573791215711
2026-06-03 14:54:00,2.6930833333333335,2.2354350960856015
2026-06-03 14:56:00,2.69675,2.234033313394706
2026-06-03 14:58:00,2.6947500000000004,2.23272872909583
2026-06-03 15:00:00,2.7007499999999998,2.2317398853340564
2026-06-03 15:02:00,2.685916666666667,2.231261511665436
2026-06-03 15:04:00,2.683125,2.2311426159943446
2026-06-03 15:06:00,2.6842916666666667,2.2312210651144277
2026-06-03 15:08:00,2.6944999999999997,2.2312959552158085
2026-06-03 15:10:00,2.692291666666667,2.23119649993848
2026-06-03 15:12:00,2.6967499999999998,2.2308715762421776
2026-06-03 15:14:00,2.698416666666667,2.230414501954876
2026-06-03 15:16:00,2.6977916666666673,2.230139683100554
2026-06-03 15:18:00,2.6936249999999995,2.2303732814983834
2026-06-03 15:20:00,2.690291666666667,2.2331987816479164
2026-06-03 15:22:00,2.6906250000000003,2.2338380329041034
2026-06-03 15:24:00,2.6950000000000003,2.2341960631486892
2026-06-03 15:26:00,2.690166666666667,2.233866860302944
2026-06-03 15:28:00,2.687913043478261,2.2334635103054508
2026-06-03 15:30:00,2.6953333333333336,2.233490612789692
2026-06-03 15:32:00,2.3565,2.2250522002952438
2026-06-03 15:34:00,2.1131249999999997,2.2227041637902976
2026-06-03 15:36:00,2.1167083333333334,2.223107828268132
2026-06-03 15:38:00,2.1088333333333336,2.222950396405302
2026-06-03 15:40:00,2.1162916666666662,2.222306248804702
2026-06-03 15:42:00,2.1169583333333333,2.221582243270561
2026-06-03 15:44:00,2.1154583333333337,2.2213592886906115
2026-06-03 15:46:00,2.1141249999999996,2.221899242799924
2026-06-03 15:48:00,2.1123333333333334,2.223045177307045
2026-06-03 15:50:00,2.1178333333333326,2.224118391117719
2026-06-03 15:52:00,2.1141666666666663,2.2234988667350253
2026-06-03 15:54:00,2.11225,2.223174423076463
2026-06-03 15:56:00,2.114125,2.222630429109306
2026-06-03 15:58:00,2.1165,2.2221143435640878
2026-06-03 16:00:00,2.117375,2.2210581476971174
2026-06-03 16:02:00,2.113291666666666,2.220773614928985
2026-06-03 16:04:00,2.119291666666667,2.2207134763374903
2026-06-03 16:06:00,2.1168750000000003,2.2208539999516437
2026-06-03 16:08:00,2.114208333333333,2.221060730647013
2026-06-03 16:10:00,2.12,2.2211278268969155
2026-06-03 16:12:00,2.1199130434782605,2.2210255132702987
2026-06-03 16:14:00,2.123041666666667,2.2208667921127097
2026-06-03 16:16:00,2.1166666666666667,2.2209656889754643
2026-06-03 16:18:00,2.119083333333333,2.221633441724278
2026-06-03 16:20:00,2.123,2.2271821349545053
2026-06-03 16:22:00,2.111875,2.2275690277475384
2026-06-03 16:24:00,2.1143750000000003,2.227286426396835
2026-06-03 16:26:00,2.1237083333333335,2.2269549919870104
2026-06-03 16:28:00,2.1211249999999997,2.226963945784236
2026-06-03 16:30:00,2.1164166666666664,2.227152445728461
2026-06-03 16:32:00,2.115041666666667,2.2272735979986686
2026-06-03 16:34:00,2.1113333333333335,2.2272359699115354
2026-06-03 16:36:00,2.126,2.2269817607672353
2026-06-03 16:38:00,2.1209999999999996,2.2264482864405384
2026-06-03 16:40:00,2.122,2.2257033465349068
2026-06-03 16:42:00,2.1327916666666664,2.225117873860768
2026-06-03 16:44:00,2.1313333333333335,2.225212390418724
2026-06-03 16:46:00,2.1245416666666674,2.2261677644453433
2026-06-03 16:48:00,2.129791666666667,2.2277674534464182
2026-06-03 16:50:00,2.1303749999999995,2.22742389766928
2026-06-03 16:52:00,2.1282500000000004,2.226237540322696
2026-06-03 16:54:00,2.1261249999999996,2.225388878307296
2026-06-03 16:56:00,2.121166666666667,2.224732095120498
2026-06-03 16:58:00,2.1284347826086956,2.2241751847070717
2026-06-03 17:00:00,2.1281250000000003,2.222203414840437
2026-06-03 17:02:00,2.1250833333333334,2.2216969336490258
2026-06-03 17:04:00,2.1281666666666674,2.2213989173494264
2026-06-03 17:06:00,2.12025,2.22130450529396
2026-06-03 17:08:00,2.123708333333333,2.221320514513277
2026-06-03 17:10:00,2.1301666666666663,2.221303682975994
2026-06-03 17:12:00,2.128458333333334,2.221251192681835
2026-06-03 17:14:00,2.1239166666666667,2.2212709915842344
2026-06-03 17:16:00,2.128625,2.2216457810223287
2026-06-03 17:18:00,2.1270000000000002,2.2226964231698902
2026-06-03 17:20:00,2.124625,2.2259836146380163
2026-06-03 17:22:00,2.1281666666666665,2.226229851023571
2026-06-03 17:24:00,2.127625,2.2262269979982516
2026-06-03 17:26:00,2.1261666666666668,2.226206731319867
2026-06-03 17:28:00,2.12775,2.2263329237404936
2026-06-03 17:30:00,2.1285833333333337,2.226716207554662
2026-06-03 17:32:00,2.1229166666666663,2.22737423906897
2026-06-03 17:34:00,2.127958333333333,2.2281248172861328
2026-06-03 17:36:00,2.126625,2.228658411126783
2026-06-03 17:38:00,2.12825,2.228746655720299
2026-06-03 17:40:00,2.128958333333333,2.228452342410506
2026-06-03 17:42:00,2.126782608695652,2.2282438733556265
2026-06-03 17:44:00,2.128,2.2287074107095535
2026-06-03 17:46:00,2.1282083333333333,2.2300155225940315
2026-06-03 17:48:00,2.1280416666666673,2.2319354211393323
2026-06-03 17:50:00,2.130916666666667,2.2278251826042132
2026-06-03 17:52:00,2.1235000000000004,2.226420442035259
2026-06-03 17:54:00,2.120875,2.225300506056697
2026-06-03 17:56:00,2.125208333333333,2.2243401258033724
2026-06-03 17:58:00,2.1298750000000006,2.223502919821177
2026-06-03 18:00:00,2.1256666666666666,2.222034462829966
2026-06-03 18:02:00,2.1311666666666667,2.2217005432589225
2026-06-03 18:04:00,2.1256250000000003,2.2218275688131457
2026-06-03 18:06:00,2.1233750000000002,2.2223724522172192
2026-06-03 18:08:00,2.123541666666667,2.223132971956989
2026-06-03 18:10:00,2.12575,2.223824343325428
2026-06-03 18:12:00,2.126,2.2242945183056366
2026-06-03 18:14:00,2.1218333333333335,2.224526257512935
2026-06-03 18:16:00,2.124166666666666,2.224718286343019
2026-06-03 18:18:00,2.12625,2.2251873244396156
2026-06-03 18:20:00,2.1260416666666666,2.225874281563078
2026-06-03 18:22:00,2.1250416666666663,2.2259044293403534
2026-06-03 18:24:00,2.123869565217391,2.2258954553908445
2026-06-03 18:26:00,2.1222500000000006,2.226188732967975
2026-06-03 18:28:00,2.1195,2.2269192725503384
2026-06-03 18:30:00,2.125375,2.227862071001736
2026-06-03 18:32:00,2.12625,2.228731480898208
2026-06-03 18:34:00,2.119416666666667,2.2293531245228033
2026-06-03 18:36:00,2.119458333333333,2.229602734632798
2026-06-03 18:38:00,2.1285,2.2294231574894123
2026-06-03 18:40:00,2.121583333333334,2.228953894330404
2026-06-03 18:42:00,2.1210833333333334,2.228636117850716
2026-06-03 18:44:00,2.1212916666666666,2.2289690525567436
2026-06-03 18:46:00,2.1223750000000003,2.2300661784961484
2026-06-03 18:48:00,2.1268749999999996,2.231711146149153
2026-06-03 18:50:00,2.1169999999999995,2.2291159689854223
2026-06-03 18:52:00,2.1242083333333337,2.2272912826300146
2026-06-03 18:54:00,2.125541666666667,2.225850727906118
2026-06-03 18:56:00,2.126833333333334,2.224750814539306
2026-06-03 18:58:00,2.123583333333333,2.2240148577717855
2026-06-03 19:00:00,2.125625,2.223764481820082
2026-06-03 19:02:00,2.1254166666666667,2.2239863550106174
2026-06-03 19:04:00,2.118666666666667,2.2245450596816823
2026-06-03 19:06:00,2.1194347826086957,2.2252161327557562
2026-06-03 19:08:00,2.122833333333333,2.2257666487673324
2026-06-03 19:10:00,2.1243333333333334,2.2259820906766676
2026-06-03 19:12:00,2.12525,2.2257946204670924
2026-06-03 19:14:00,2.12175,2.2252626361418684
2026-06-03 19:16:00,2.1145833333333335,2.224651819189915
2026-06-03 19:18:00,2.1242916666666667,2.224340701539518
2026-06-03 19:20:00,2.125625,2.225696291116158
2026-06-03 19:22:00,2.1222499999999997,2.2252012581698652
2026-06-03 19:24:00,2.120916666666667,2.22523727969236
2026-06-03 19:26:00,2.126875,2.225784497809441
2026-06-03 19:28:00,2.123666666666667,2.2264643634082057
2026-06-03 19:30:00,2.121541666666667,2.227061824487993
2026-06-03 19:32:00,2.121958333333333,2.227533624888327
2026-06-03 19:34:00,2.119041666666667,2.2278482382222173
2026-06-03 19:36:00,2.12325,2.227931523092533
2026-06-03 19:38:00,2.1192499999999996,2.227741386427021
2026-06-03 19:40:00,2.119375,2.227405693134769
2026-06-03 19:42:00,2.122124999999999,2.2272992389180817
2026-06-03 19:44:00,2.1242083333333337,2.227797909212581
2026-06-03 19:46:00,2.124416666666667,2.228908398087769
2026-06-03 19:48:00,2.1281250000000003,2.230354307290143
2026-06-03 19:50:00,2.129375,2.230382639701103
2026-06-03 19:52:00,2.1250434782608694,2.228313017938902
2026-06-03 19:54:00,2.1207500000000006,2.226902637108368
2026-06-03 19:56:00,2.125,2.2261185797677268
2026-06-03 19:58:00,2.1302499999999998,2.225839642206269
2026-06-03 20:00:00,2.130666666666667,2.2260734527944064
2026-06-03 20:02:00,2.1279999999999997,2.2262086214462595
2026-06-03 20:04:00,2.1235416666666667,2.2263728616457716
2026-06-03 20:06:00,2.1283333333333334,2.2264731110602507
2026-06-03 20:08:00,2.1225,2.2263945290044975
2026-06-03 20:10:00,2.131166666666666,2.2259793488400637
2026-06-03 20:12:00,2.1257916666666667,2.225173225604152
2026-06-03 20:14:00,2.1312083333333334,2.2240146110525862
2026-06-03 20:16:00,2.1300833333333338,2.222707918999214
2026-06-03 20:18:00,2.1229999999999998,2.2216041561047097
2026-06-03 20:20:00,2.1269166666666663,2.2510773426741313
2026-06-03 20:22:00,2.1280416666666664,2.2453450043505514
2026-06-03 20:24:00,2.132708333333333,2.2406205732207574
2026-06-03 20:26:00,2.1316666666666664,2.2369730603545808
2026-06-03 20:28:00,2.1337499999999996,2.2346110906266836
2026-06-03 20:30:00,2.137833333333334,2.2332394394426824
2026-06-03 20:32:00,2.1348749999999996,2.2324996089531717
2026-06-03 20:34:00,2.1287083333333334,2.2320761862579768
2026-06-03 20:36:00,2.1336521739130436,2.2316914503185976
2026-06-03 20:38:00,2.132875,2.231162724244356
2026-06-03 20:40:00,2.1361666666666665,2.230513604760344
2026-06-03 20:42:00,2.1375833333333336,2.2300488574488866
2026-06-03 20:44:00,2.133041666666667,2.230131665349415
2026-06-03 20:46:00,2.1369583333333333,2.2308011816739057
2026-06-03 20:48:00,2.129166666666667,2.2317898112114722
2026-06-03 20:50:00,2.1325416666666666,2.2528362997815234
2026-06-03 20:52:00,2.126791666666667,2.247951977623658
2026-06-03 20:54:00,2.1313333333333335,2.2435098679841583
2026-06-03 20:56:00,2.1311666666666667,2.2400722440860283
2026-06-03 20:58:00,2.1298333333333335,2.237450806660669
2026-06-03 21:00:00,2.129125,2.2347031915603734
2026-06-03 21:02:00,2.133375,2.2327172198895378
2026-06-03 21:04:00,2.130875,2.2312922881812183
2026-06-03 21:06:00,2.1882916666666667,2.230229070556272
2026-06-03 21:08:00,2.142791666666667,2.229328985485427
2026-06-03 21:10:00,2.1154166666666665,2.22838889867673
2026-06-03 21:12:00,2.111333333333333,2.227329986491163
2026-06-03 21:14:00,2.120791666666667,2.2261930181629306
2026-06-03 21:16:00,2.118166666666667,2.225173153570068
2026-06-03 21:18:00,2.134208333333333,2.2245319114174404
2026-06-03 21:20:00,2.130434782608695,2.248801201676565
2026-06-03 21:22:00,2.1339166666666665,2.242187758721127
2026-06-03 21:24:00,2.136999999999999,2.2369988208063476
2026-06-03 21:26:00,2.1417916666666668,2.233386888481488
2026-06-03 21:28:00,2.1276666666666664,2.2312004700950663
2026-06-03 21:30:00,2.13875,2.2299631847351686
2026-06-03 21:32:00,2.1331666666666673,2.229309262186382
2026-06-03 21:34:00,2.1286666666666663,2.2289582521654654
2026-06-03 21:36:00,2.13125,2.228690713749331
2026-06-03 21:38:00,2.132166666666667,2.2283860403228255
2026-06-03 21:40:00,2.131291666666667,2.228093978568896
2026-06-03 21:42:00,2.132083333333333,2.2280523172135918
2026-06-03 21:44:00,2.131249999999999,2.2284776130191544
2026-06-03 21:46:00,2.1335,2.2293025523100845
2026-06-03 21:48:00,2.1352916666666664,2.230256250538857
2026-06-03 21:50:00,2.1339166666666665,2.2558403359412993
2026-06-03 21:52:00,2.14225,2.2502073084218055
2026-06-03 21:54:00,2.1412083333333336,2.2449440612819593
2026-06-03 21:56:00,2.1317500000000003,2.240667706082572
2026-06-03 21:58:00,2.1315416666666667,2.2373153602695997
2026-06-03 22:00:00,2.1376250000000003,2.2336651534043477
2026-06-03 22:02:00,2.1440869565217393,2.2313639454634884
2026-06-03 22:04:00,2.1464166666666666,2.229768484835043
2026-06-03 22:06:00,2.1418333333333335,2.2286182768416807
2026-06-03 22:08:00,2.1376250000000003,2.2276966683054122
2026-06-03 22:10:00,2.138208333333333,2.226808990107274
2026-06-03 22:12:00,2.1334166666666667,2.225844072238186
2026-06-03 22:14:00,2.1324166666666673,2.224818392786969
2026-06-03 22:16:00,2.1348749999999996,2.223889317871925
2026-06-03 22:18:00,2.1351250000000004,2.223277022930405
2026-06-03 22:20:00,2.133833333333334,2.244226846044003
2026-06-03 22:22:00,2.134125,2.2371409323094267
2026-06-03 22:24:00,2.13725,2.23188014009329
2026-06-03 22:26:00,2.1333333333333333,2.2284675340319957
2026-06-03 22:28:00,2.1333333333333333,2.226452906756927
2026-06-03 22:30:00,2.1337916666666668,2.225312516714018
2026-06-03 22:32:00,2.1442916666666663,2.22469665489893
2026-06-03 22:34:00,2.1320416666666664,2.224368085339922
2026-06-03 22:36:00,2.12675,2.224183358994279
2026-06-03 22:38:00,2.1388333333333343,2.2241136734128486
2026-06-03 22:40:00,2.1376666666666666,2.2242654409502856
2026-06-03 22:42:00,2.1357916666666665,2.224808699908433
2026-06-03 22:44:00,2.134521739130435,2.22576771177719
2026-06-03 22:46:00,2.13425,2.2269281595397565
2026-06-03 22:48:00,2.1443333333333334,2.2280053952782475
2026-06-03 22:50:00,2.1355,2.2547704109584936
2026-06-03 22:52:00,2.140916666666667,2.2477113942891256
2026-06-03 22:54:00,2.130208333333334,2.241903970030523
2026-06-03 22:56:00,2.134958333333334,2.237505806017144
2026-06-03 22:58:00,2.134333333333333,2.2342372759716698
2026-06-03 23:00:00,2.1374583333333335,2.230709629414472
2026-06-03 23:02:00,2.14125,2.2286894488648445
2026-06-03 23:04:00,2.1355416666666662,2.2272935060006422
2026-06-03 23:06:00,2.143291666666667,2.226294351979915
2026-06-03 23:08:00,2.1305416666666663,2.2254992436907015
2026-06-03 23:10:00,2.1400833333333336,2.2247348982622097
2026-06-03 23:12:00,2.1325833333333337,2.223870698010378
2026-06-03 23:14:00,2.1354166666666665,2.22289386210267
2026-06-03 23:16:00,2.1397083333333335,2.2219375951158686
2026-06-03 23:18:00,2.1376666666666666,2.2212186556464637
2026-06-03 23:20:00,2.1376666666666666,2.2392398111529763
2026-06-03 23:22:00,2.134958333333334,2.2316316493887776
2026-06-03 23:24:00,2.137791666666667,2.226288916468139
2026-06-03 23:26:00,2.1363333333333334,2.2230251571186517
2026-06-03 23:28:00,2.1393913043478263,2.221127829080658
2026-06-03 23:30:00,2.135666666666667,2.2200530197767336
2026-06-03 23:32:00,2.139333333333334,2.21945687850915
2026-06-03 23:34:00,2.1441250000000003,2.2191300883100267
2026-06-03 23:36:00,2.1377083333333338,2.2189843417499318
2026-06-03 23:38:00,2.133625,2.219064895389654
2026-06-03 23:40:00,2.134750000000001,2.219542945264113
2026-06-03 23:42:00,2.1345,2.2205810737543783
2026-06-03 23:44:00,2.1382499999999998,2.2220759208693153
2026-06-03 23:46:00,2.1390833333333337,2.2236547087780862
2026-06-03 23:48:00,2.1339166666666665,2.224970687415385
2026-06-03 23:50:00,2.1349166666666664,2.2515274674623864
2026-06-03 23:52:00,2.1380000000000003,2.243519885310681
2026-06-03 23:54:00,2.1391666666666667,2.2376543676306624
2026-06-03 23:56:00,2.1390833333333332,2.2335380907543683
2026-06-03 23:58:00,2.1375000000000006,2.230602604695763
2026-06-04 00:00:00,2.1411666666666673,2.2275443697983635
2026-06-04 00:02:00,2.138875,2.225832236039238
2026-06-04 00:04:00,2.134833333333334,2.224641529536233
2026-06-04 00:06:00,2.1370000000000005,2.223794625492857
2026-06-04 00:08:00,2.1318750000000004,2.223115677250274
2026-06-04 00:10:00,2.138416666666667,2.2224379825379463
2026-06-04 00:12:00,2.1413478260869567,2.2216362820274997
2026-06-04 00:14:00,2.133375,2.2206599398594573
2026-06-04 00:16:00,2.1398750000000004,2.2196267336273965
2026-06-04 00:18:00,2.1395000000000004,2.2187581861054526
2026-06-04 00:20:00,2.140833333333333,2.2320350877092694
2026-06-04 00:22:00,2.139,2.2240365965375855
2026-06-04 00:24:00,2.136916666666667,2.218718065083114
2026-06-04 00:26:00,2.140875,2.215605255693082
2026-06-04 00:28:00,2.1366666666666667,2.213821962013573
2026-06-04 00:30:00,2.133083333333333,2.2128170111753587
2026-06-04 00:32:00,2.13775,2.2122511437638464
2026-06-04 00:34:00,2.138875,2.2119352696898598
2026-06-04 00:36:00,2.1413333333333333,2.211819628252886
2026-06-04 00:38:00,2.138875,2.2120068142407017
2026-06-04 00:40:00,2.1407083333333334,2.2127423692989807
2026-06-04 00:42:00,2.137375,2.214238421334073
2026-06-04 00:44:00,2.141125,2.2163143692715717
2026-06-04 00:46:00,2.139416666666667,2.2184360365821716
2026-06-04 00:48:00,2.1437499999999994,2.220153051497759
2026-06-04 00:50:00,2.1372916666666666,2.248379573777975
2026-06-04 00:52:00,2.138791666666666,2.239952189592793
2026-06-04 00:54:00,2.1479166666666667,2.2343281752455786
2026-06-04 00:56:00,2.1348333333333334,2.2305500198327524
2026-06-04 00:58:00,2.14,2.22790516713741
2026-06-04 01:00:00,2.1436666666666664,2.225410540547814
2026-06-04 01:02:00,2.1402916666666667,2.223968802027451
2026-06-04 01:04:00,2.1374166666666663,2.222965927740627
2026-06-04 01:06:00,2.1412500000000003,2.2222591203474993
2026-06-04 01:08:00,2.141875,2.221684697501637
2026-06-04 01:10:00,2.1418333333333335,2.221082068544064
2026-06-04 01:12:00,2.140708333333333,2.220337171798738
2026-06-04 01:14:00,2.1389583333333335,2.2193933773810963
2026-06-04 01:16:00,2.1350416666666674,2.2183561865578607
2026-06-04 01:18:00,2.139208333333334,2.2174501986799915
2026-06-04 01:20:00,2.1405833333333333,2.2300945708052105
2026-06-04 01:22:00,2.1414166666666663,2.222040740992661
2026-06-04 01:24:00,2.142708333333333,2.2168654217211317
2026-06-04 01:26:00,2.1485,2.2139120222184747
2026-06-04 01:28:00,2.1407083333333334,2.212230511291851
2026-06-04 01:30:00,2.140125,2.2112771042196426
2026-06-04 01:32:00,2.142666666666666,2.210725702640163
2026-06-04 01:34:00,2.1387083333333337,2.210398644668924
2026-06-04 01:36:00,2.1413750000000005,2.210251341271725
2026-06-04 01:38:00,2.142875,2.210384055240356
2026-06-04 01:40:00,2.143416666666666,2.2110347615114407
2026-06-04 01:42:00,2.13795652173913,2.2124160646702795
2026-06-04 01:44:00,2.1428750000000005,2.214376692309248
2026-06-04 01:46:00,2.140541666666666,2.2164024161420564
2026-06-04 01:48:00,2.137625,2.2180381304610317
2026-06-04 01:50:00,2.145,2.2452519477843493
2026-06-04 01:52:00,2.138458333333334,2.2368750063908975
2026-06-04 01:54:00,2.1393750000000007,2.2315695734791094
2026-06-04 01:56:00,2.1405,2.2280977399631934
2026-06-04 01:58:00,2.137,2.2256995917156424
2026-06-04 02:00:00,2.1415833333333336,2.2236917008607744
2026-06-04 02:02:00,2.146083333333333,2.2224582383623135
2026-06-04 02:04:00,2.1461249999999996,2.2215879076589533
2026-06-04 02:06:00,2.141875,2.2209666998093387
2026-06-04 02:08:00,2.142041666666667,2.2204443900922013
2026-06-04 02:10:00,2.1442916666666667,2.2198696021483526
2026-06-04 02:12:00,2.1475833333333334,2.2191358274489836
2026-06-04 02:14:00,2.1496250000000003,2.2182011792110794
2026-06-04 02:16:00,2.1505833333333326,2.217169852928155
2026-06-04 02:18:00,2.1488333333333336,2.216271011312871
2026-06-04 02:20:00,2.1494583333333326,2.228861349420211
2026-06-04 02:22:00,2.1493333333333333,2.2208209764911317
2026-06-04 02:24:00,2.1528333333333336,2.215850958791023
2026-06-04 02:26:00,2.153260869565217,2.213065735668424
2026-06-04 02:28:00,2.1485416666666666,2.211486832020341
2026-06-04 02:30:00,2.1414999999999997,2.2105852956130807
2026-06-04 02:32:00,2.14675,2.2100513977000444
2026-06-04 02:34:00,2.142041666666667,2.2097150126857192
2026-06-04 02:36:00,2.144625,2.209526580552334
2026-06-04 02:38:00,2.145583333333333,2.209570027911925
2026-06-04 02:40:00,2.145583333333333,2.2100656683005506
2026-06-04 02:42:00,2.1482916666666667,2.2112268009777023
2026-06-04 02:44:00,2.1525000000000003,2.2129598887613566
2026-06-04 02:46:00,2.1521250000000003,2.2148069764344287
2026-06-04 02:48:00,2.1497083333333338,2.216321494122647
2026-06-04 02:50:00,2.1493333333333333,2.2439642578021712
2026-06-04 02:52:00,2.1519166666666663,2.235801978399636
2026-06-04 02:54:00,2.1543333333333323,2.230786990036134
2026-06-04 02:56:00,2.150041666666666,2.2275166476059276
2026-06-04 02:58:00,2.1503749999999995,2.2252688660424913
2026-06-04 03:00:00,2.1539999999999995,2.2235088623984676
2026-06-04 03:02:00,2.150208333333334,2.2224155583122465
2026-06-04 03:04:00,2.14975,2.221642811629267
2026-06-04 03:06:00,2.1525833333333333,2.221095680858219
2026-06-04 03:08:00,2.152666666666667,2.2206354325533373
2026-06-04 03:10:00,2.15204347826087,2.220121466577399
2026-06-04 03:12:00,2.1553749999999994,2.2194607546292997
2026-06-04 03:14:00,2.144958333333333,2.2186270034586535
2026-06-04 03:16:00,2.1522916666666667,2.2177393359530804
2026-06-04 03:18:00,2.1494166666666668,2.2170239933192493
2026-06-04 03:20:00,2.150041666666666,2.2339607328541065
2026-06-04 03:22:00,2.151791666666666,2.2264410818582916
2026-06-04 03:24:00,2.1502083333333335,2.2217893207393082
2026-06-04 03:26:00,2.149125,2.2191622202868575
2026-06-04 03:28:00,2.153291666666666,2.2176551397279147
2026-06-04 03:30:00,2.149291666666666,2.216773548750077
2026-06-04 03:32:00,2.1547083333333332,2.2162315021329544
2026-06-04 03:34:00,2.1502499999999998,2.2158599644445194
2026-06-04 03:36:00,2.1513750000000003,2.2155797059148044
2026-06-04 03:38:00,2.1523333333333325,2.2154157099928287
2026-06-04 03:40:00,2.1506666666666665,2.2155170031081877
2026-06-04 03:42:00,2.1505833333333335,2.2160834225894153
2026-06-04 03:44:00,2.1434166666666665,2.21712195618763
2026-06-04 03:46:00,2.144833333333333,2.2183292232050733
2026-06-04 03:48:00,2.1520416666666664,2.219355103230067
2026-06-04 03:50:00,2.1492083333333336,2.2429522997604203
2026-06-04 03:52:00,2.1528260869565217,2.2350634067601325
2026-06-04 03:54:00,2.15075,2.230337817658812
2026-06-04 03:56:00,2.1506250000000002,2.2272509775356997
2026-06-04 03:58:00,2.152875,2.2251069381786555
2026-06-04 04:00:00,2.152583333333333,2.2233946518223093
2026-06-04 04:02:00,2.1497083333333333,2.2223589486298025
2026-06-04 04:04:00,2.1504999999999996,2.2216185238461716
2026-06-04 04:06:00,2.15025,2.2210927416944166
2026-06-04 04:08:00,2.1494166666666668,2.220651677927012
2026-06-04 04:10:00,2.1476666666666673,2.220163015851959
2026-06-04 04:12:00,2.150541666666667,2.219543983674873
2026-06-04 04:14:00,2.1497499999999996,2.218785149015199
2026-06-04 04:16:00,2.148708333333333,2.218023194556335
2026-06-04 04:18:00,2.146124999999999,2.2174900175302175
2026-06-04 04:20:00,2.1490000000000005,2.2361362561247935
2026-06-04 04:22:00,2.1527499999999997,2.2292074839793057
2026-06-04 04:24:00,2.1500000000000004,2.2249057702615502
2026-06-04 04:26:00,2.1501500000000004,2.2224013522983252
2026-06-04 04:28:00,2.149291666666667,2.2209384567435113
2026-06-04 04:30:00,2.149291666666666,2.220064320377986
2026-06-04 04:32:00,2.148625,2.219514398442465
2026-06-04 04:34:00,2.15004347826087,2.2191193030082434
2026-06-04 04:36:00,2.1510833333333332,2.218774141630533
2026-06-04 04:38:00,2.148166666666666,2.2184568462905347
2026-06-04 04:40:00,2.150125,2.218271245593081
2026-06-04 04:42:00,2.1535,2.218426998435359
2026-06-04 04:44:00,2.1490416666666667,2.2190220479479486
2026-06-04 04:46:00,2.147208333333333,2.219859263560264
2026-06-04 04:48:00,2.1470000000000002,2.220632461572789
2026-06-04 04:50:00,2.1490416666666667,2.2419490377365006
2026-06-04 04:52:00,2.1464736842105263,2.2344434021163067
2026-06-04 04:54:00,2.1478333333333337,2.2300581159783555
2026-06-04 04:56:00,2.1497500000000005,2.227166009623202
2026-06-04 04:58:00,2.1514583333333337,2.225096842953337
2026-06-04 05:00:00,2.1522083333333333,2.223410057825139
2026-06-04 05:02:00,2.151041666666667,2.2223754375321714
2026-06-04 05:04:00,2.1483333333333334,2.221619799135382
2026-06-04 05:06:00,2.149833333333333,2.2210743008665834
2026-06-04 05:08:00,2.155583333333333,2.220615817168489
2026-06-04 05:10:00,2.146083333333333,2.220115717956794
2026-06-04 05:12:00,2.153695652173913,2.2194976128813186
2026-06-04 05:14:00,2.1507199999999993,2.218759750987751
2026-06-04 05:16:00,2.1499565217391305,2.2180514077597375
2026-06-04 05:18:00,2.152666666666667,2.2176134513370958
2026-06-04 05:20:00,2.1492500000000003,2.23758560789395
2026-06-04 05:22:00,2.149,2.2313978379435735
2026-06-04 05:24:00,2.154333333333333,2.2275563036386985
2026-06-04 05:26:00,2.1488333333333336,2.225110888089691
2026-06-04 05:28:00,2.15275,2.223625872253274
2026-06-04 05:30:00,2.147208333333333,2.2227158079884437
2026-06-04 05:32:00,2.15475,2.222130551829368
2026-06-04 05:34:00,2.156333333333333,2.2216958535589626
2026-06-04 05:36:00,2.153375,2.2212862213317535
2026-06-04 05:38:00,2.155958333333333,2.2208484924885386
2026-06-04 05:40:00,2.1488749999999994,2.2204618586753644
2026-06-04 05:42:00,2.1565,2.220350359905164
2026-06-04 05:44:00,2.153625,2.220674078691678
2026-06-04 05:46:00,2.160958333333333,2.2212982058490844
2026-06-04 05:48:00,2.1503333333333337,2.221932872287381
2026-06-04 05:50:00,2.1530416666666667,2.241380256730266
2026-06-04 05:52:00,2.1470000000000002,2.2343512039860554
2026-06-04 05:54:00,2.150375,2.2303500065768613
2026-06-04 05:56:00,2.1521304347826082,2.2276644346310674
2026-06-04 05:58:00,2.15175,2.225651972618295
2026-06-04 06:00:00,2.1551666666666667,2.2242189958082954
2026-06-04 06:02:00,2.1537894736842103,2.2231777066851595
2026-06-04 06:04:00,2.153708333333333,2.222402242117428
2026-06-04 06:06:00,2.1553333333333335,2.2218293930734463
2026-06-04 06:08:00,2.1512499999999997,2.221341728014986
2026-06-04 06:10:00,2.152708333333333,2.2208150402902955
2026-06-04 06:12:00,2.153166666666667,2.2201780385050895
2026-06-04 06:14:00,2.153291666666667,2.219438951952498
2026-06-04 06:16:00,2.158958333333333,2.2187640361723697
2026-06-04 06:18:00,2.152083333333333,2.2184070975524413
2026-06-04 06:20:00,2.1516666666666673,2.2396869765908596
2026-06-04 06:22:00,2.15225,2.234206089526351
2026-06-04 06:24:00,2.1553333333333335,2.2309622663139113
2026-06-04 06:26:00,2.1574999999999993,2.2285588316878533
2026-06-04 06:28:00,2.1617916666666663,2.226908526975272
2026-06-04 06:30:00,2.162333333333333,2.225837968412779
2026-06-04 06:32:00,2.1618749999999998,2.2251271542567412
2026-06-04 06:34:00,2.1612916666666666,2.224591642150781
2026-06-04 06:36:00,2.159368421052632,2.2240803136435465
2026-06-04 06:38:00,2.16021052631579,2.223510198618869
2026-06-04 06:40:00,2.1625416666666673,2.2229430955656033
2026-06-04 06:42:00,2.162625,2.222621864243816
2026-06-04 06:44:00,2.1601666666666666,2.222759546311357
2026-06-04 06:46:00,2.1567499999999997,2.22326292247712
2026-06-04 06:48:00,2.157166666666667,2.2238387795987586
2026-06-04 06:50:00,2.155583333333333,2.224027940654065
2026-06-04 06:52:00,2.154083333333333,2.221686755198384
2026-06-04 06:54:00,2.158958333333333,2.220889461191532
2026-06-04 06:56:00,2.161583333333333,2.220531102434357
2026-06-04 06:58:00,2.159125,2.2202709133126417
2026-06-04 07:00:00,2.1565833333333324,2.220306800427558
2026-06-04 07:02:00,2.158458333333333,2.220140945290232
2026-06-04 07:04:00,2.1598333333333333,2.2200921369963016
2026-06-04 07:06:00,2.161000000000001,2.2200685360921213
2026-06-04 07:08:00,2.16075,2.2199524333978786
2026-06-04 07:10:00,2.1616666666666666,2.21962811411897
2026-06-04 07:12:00,2.160333333333333,2.2190372622553514
2026-06-04 07:14:00,2.1633333333333336,2.2182070498814777
2026-06-04 07:16:00,2.1630416666666665,2.217340883054502
2026-06-04 07:18:00,2.1666086956521737,2.2167528976750406
2026-06-04 07:20:00,2.165666666666666,2.2427905270157753
2026-06-04 07:22:00,2.1645833333333337,2.2377601638526885
2026-06-04 07:24:00,2.1625833333333326,2.234997193462671
2026-06-04 07:26:00,2.1606666666666663,2.2329444212011444
2026-06-04 07:28:00,2.161666666666666,2.231148590634802
2026-06-04 07:30:00,2.167333333333333,2.229740940635017
2026-06-04 07:32:00,2.1664583333333325,2.2287058696474245
2026-06-04 07:34:00,2.1628333333333325,2.227904572949365
2026-06-04 07:36:00,2.1662916666666665,2.227175199083445
2026-06-04 07:38:00,2.167708333333333,2.2264141867633462
2026-06-04 07:40:00,2.1676249999999997,2.22567676038817
2026-06-04 07:42:00,2.169375,2.225227627132772
2026-06-04 07:44:00,2.1692499999999995,2.2253164018476372
2026-06-04 07:46:00,2.1686249999999996,2.2258678794928692
2026-06-04 07:48:00,2.1676666666666664,2.2265680563646404
2026-06-04 07:50:00,2.1678749999999996,2.223279512283627
2026-06-04 07:52:00,2.168249999999999,2.2206521828531196
2026-06-04 07:54:00,2.1642500000000005,2.219503891811322
2026-06-04 07:56:00,2.1674782608695655,2.2187509277038187
2026-06-04 07:58:00,2.1690416666666663,2.218231706885224
2026-06-04 08:00:00,2.166208333333332,2.218584347546664
2026-06-04 08:02:00,2.169375,2.218566026643535
2026-06-04 08:04:00,2.1677499999999994,2.2189305492577267
2026-06-04 08:06:00,2.1654166666666668,2.2194672000956985
2026-06-04 08:08:00,2.1646249999999996,2.2199466568092627
2026-06-04 08:10:00,2.161958333333333,2.220155796403159
2026-06-04 08:12:00,2.1629166666666673,2.2199540951525374
2026-06-04 08:14:00,2.163833333333333,2.2193065957286517
2026-06-04 08:16:00,2.1715416666666663,2.2183917758025036
2026-06-04 08:18:00,2.1642916666666667,2.2175565162003816
2026-06-04 08:20:00,2.1727916666666665,2.2466130241619
2026-06-04 08:22:00,2.1675833333333334,2.242221902703462
2026-06-04 08:24:00,2.164541666666667,2.239617499997157
2026-06-04 08:26:00,2.1590416666666665,2.237864698254011
2026-06-04 08:28:00,2.1646666666666667,2.2363298052541087
2026-06-04 08:30:00,2.1636249999999997,2.2348378477553603
2026-06-04 08:32:00,2.1672499999999997,2.233459148766453
2026-06-04 08:34:00,2.1627499999999995,2.232236438191858
2026-06-04 08:36:00,2.1675416666666667,2.2311053631411375
2026-06-04 08:38:00,2.1617391304347824,2.22999550498998
2026-06-04 08:40:00,2.166625,2.228983801477324
2026-06-04 08:42:00,2.174708333333333,2.228375209663453
2026-06-04 08:44:00,2.159208333333333,2.228468459699101
2026-06-04 08:46:00,2.1612083333333336,2.2292110618713714
2026-06-04 08:48:00,2.1629166666666664,2.230262714340159
2026-06-04 08:50:00,2.1573333333333333,2.2238019095885204
2026-06-04 08:52:00,2.1590000000000003,2.2212910428251993
2026-06-04 08:54:00,2.1556666666666664,2.220153515451627
2026-06-04 08:56:00,2.1538333333333326,2.2193379726938813
2026-06-04 08:58:00,2.1609166666666666,2.2186612368279626
2026-06-04 09:00:00,2.1591249999999995,2.2187832478176506
2026-06-04 09:02:00,2.1596249999999997,2.2185618449411946
2026-06-04 09:04:00,2.157083333333333,2.218841955811844
2026-06-04 09:06:00,2.156125,2.219514656585944
2026-06-04 09:08:00,2.1573333333333333,2.22037089627734
2026-06-04 09:10:00,2.1595,2.221168882840852
2026-06-04 09:12:00,2.1543749999999995,2.221728391897191
2026-06-04 09:14:00,2.1616249999999995,2.2219721560820913
2026-06-04 09:16:00,2.1567916666666664,2.2220421565519226
2026-06-04 09:18:00,2.159043478260869,2.2222107945491563
2026-06-04 09:20:00,2.1587083333333332,2.250281188607466
2026-06-04 09:22:00,2.1597500000000003,2.2466339010958114
2026-06-04 09:24:00,2.1592083333333334,2.244128988352255
2026-06-04 09:26:00,2.159958333333333,2.2422579073626077
2026-06-04 09:28:00,2.1599999999999997,2.2406708835337503
2026-06-04 09:30:00,2.154083333333333,2.2391807122540617
2026-06-04 09:32:00,2.1554999999999995,2.2377049057297245
2026-06-04 09:34:00,2.1600416666666664,2.2362386933702543
2026-06-04 09:36:00,2.1585,2.2347731097297827
2026-06-04 09:38:00,2.1612916666666666,2.2333087572974004
2026-06-04 09:40:00,2.153958333333333,2.2319862808509385
2026-06-04 09:42:00,2.1589999999999994,2.231186359334024
2026-06-04 09:44:00,2.154666666666666,2.2312904313860273
2026-06-04 09:46:00,2.1597500000000003,2.232292948213026
2026-06-04 09:48:00,2.1575416666666665,2.2338187712144526
2026-06-04 09:50:00,2.156875,2.2242861249924157
2026-06-04 09:52:00,2.159333333333333,2.2219415826975952
2026-06-04 09:54:00,2.1555416666666667,2.2208645480237146
2026-06-04 09:56:00,2.154916666666667,2.2200923471475225
2026-06-04 09:58:00,2.157652173913043,2.219439260589785
2026-06-04 10:00:00,2.15625,2.2193174137859066
2026-06-04 10:02:00,2.154125,2.218988950955613
2026-06-04 10:04:00,2.1556666666666664,2.2190505836701377
2026-06-04 10:06:00,2.1548333333333334,2.219528571136002
2026-06-04 10:08:00,2.1551249999999995,2.220355778039391
2026-06-04 10:10:00,2.156333333333333,2.2213763990421187
2026-06-04 10:12:00,2.1550416666666665,2.2224360083641184
2026-06-04 10:14:00,2.15375,2.2234577525997037
2026-06-04 10:16:00,2.1554166666666665,2.22458357755605
2026-06-04 10:18:00,2.155583333333333,2.2259829941559666
2026-06-04 10:20:00,2.156041666666667,2.2253455791607815
2026-06-04 10:22:00,2.1522916666666663,2.225161355186301
2026-06-04 10:24:00,2.152416666666667,2.225193034863715
2026-06-04 10:26:00,2.156041666666667,2.225054951476932
2026-06-04 10:28:00,2.1523750000000006,2.224789727474702
2026-06-04 10:30:00,2.154875,2.224542559370084
2026-06-04 10:32:00,2.155625,2.224423890827311
2026-06-04 10:34:00,2.158083333333333,2.22442546565396
2026-06-04 10:36:00,2.1614999999999998,2.2244107802635353
2026-06-04 10:38:00,2.159260869565217,2.2242412414226322
2026-06-04 10:40:00,2.156166666666667,2.2239681530449524
2026-06-04 10:42:00,2.1527500000000006,2.2239406227639393
2026-06-04 10:44:00,2.1515833333333334,2.2245679527886004
2026-06-04 10:46:00,2.1590416666666665,2.225954123374623
2026-06-04 10:48:00,2.15425,2.2279022812921845
2026-06-04 10:50:00,2.153708333333334,2.224486842563864
2026-06-04 10:52:00,2.1568750000000003,2.222465597018638
2026-06-04 10:54:00,2.150666666666667,2.22148529888287
2026-06-04 10:56:00,2.1577499999999996,2.220765001348493
2026-06-04 10:58:00,2.154833333333333,2.2201596524864833
2026-06-04 11:00:00,2.1519166666666663,2.2200546174650935
2026-06-04 11:02:00,2.1509166666666664,2.2197595257555256
2026-06-04 11:04:00,2.1583333333333337,2.2197527652393116
2026-06-04 11:06:00,2.1570416666666667,2.2200596794253022
2026-06-04 11:08:00,2.1512499999999997,2.220680838315485
2026-06-04 11:10:00,2.156625,2.2216086839492077
2026-06-04 11:12:00,2.154833333333334,2.2228215138613914
2026-06-04 11:14:00,2.15375,2.2242639204754866
2026-06-04 11:16:00,2.153208333333333,2.226014135821058
2026-06-04 11:18:00,2.1507083333333328,2.228142874384906
2026-06-04 11:20:00,2.156217391304348,2.2264992162571664
2026-06-04 11:22:00,2.1530833333333326,2.2264100201591015
2026-06-04 11:24:00,2.1452500000000003,2.2264402620557515
2026-06-04 11:26:00,2.1471666666666667,2.2262937872242867
2026-06-04 11:28:00,2.1567916666666664,2.225963192426858
2026-06-04 11:30:00,2.149749999999999,2.2255462466368345
2026-06-04 11:32:00,2.156541666666667,2.2251595936247552
2026-06-04 11:34:00,2.1511250000000004,2.224843631552041
2026-06-04 11:36:00,2.151041666666666,2.2245205822169156
2026-06-04 11:38:00,2.156333333333333,2.2240807684165262
2026-06-04 11:40:00,2.151541666666667,2.2235697966775936
2026-06-04 11:42:00,2.15525,2.2233302738721923
2026-06-04 11:44:00,2.150958333333333,2.2237802832531295
2026-06-04 11:46:00,2.15525,2.2250395515646866
2026-06-04 11:48:00,2.153166666666667,2.2269619732826125
2026-06-04 11:50:00,2.1568750000000003,2.2247588553961246
2026-06-04 11:52:00,2.1559166666666667,2.2230780012417064
2026-06-04 11:54:00,2.1557083333333327,2.222171356058205
2026-06-04 11:56:00,2.148458333333333,2.2214791375089
2026-06-04 11:58:00,2.156,2.2209131524676566
2026-06-04 12:00:00,2.154208333333333,2.221193567936521
2026-06-04 12:02:00,2.1497391304347824,2.221047542329444
2026-06-04 12:04:00,2.1517500000000003,2.22112992972022
2026-06-04 12:06:00,2.1532499999999994,2.221415826557041
2026-06-04 12:08:00,2.1519166666666667,2.2218281898805072
2026-06-04 12:10:00,2.1510000000000002,2.222350782433307
2026-06-04 12:12:00,2.1465,2.2231035017580503
2026-06-04 12:14:00,2.1483749999999997,2.224283004399447
2026-06-04 12:16:00,2.1490416666666667,2.226094324447859
2026-06-04 12:18:00,2.1483333333333334,2.2288243187828556
2026-06-04 12:20:00,2.1510416666666665,2.2276443359113625
2026-06-04 12:22:00,2.1425,2.2275673690456843
2026-06-04 12:24:00,2.1420416666666666,2.227500991894788
2026-06-04 12:26:00,2.1447083333333334,2.227370390514062
2026-06-04 12:28:00,2.143125,2.2271067027268225
2026-06-04 12:30:00,2.14025,2.2266922498064834
2026-06-04 12:32:00,2.1435,2.226207697588041
2026-06-04 12:34:00,2.147583333333334,2.225698596037507
2026-06-04 12:36:00,2.1380416666666675,2.2251070247755087
2026-06-04 12:38:00,2.1450833333333335,2.2243473042364097
2026-06-04 12:40:00,2.1447916666666664,2.223486521090309
2026-06-04 12:42:00,2.146583333333334,2.2229102554748157
2026-06-04 12:44:00,2.141666666666666,2.223083221628186
2026-06-04 12:46:00,2.14604347826087,2.2241270466477125
2026-06-04 12:48:00,2.142166666666667,2.2258568605195626
2026-06-04 12:50:00,2.1461249999999996,2.2250937828123196
2026-06-04 12:52:00,2.139416666666667,2.2237717240153545
2026-06-04 12:54:00,2.143208333333334,2.222957210560952
2026-06-04 12:56:00,2.140375,2.2223287751032053
2026-06-04 12:58:00,2.1452499999999994,2.221854566682597
2026-06-04 13:00:00,2.1395000000000004,2.222617914364562
2026-06-04 13:02:00,2.141,2.2226545818973196
2026-06-04 13:04:00,2.1434999999999995,2.222848715013749
2026-06-04 13:06:00,2.1420416666666675,2.223169999771801
2026-06-04 13:08:00,2.134791666666666,2.2234900571404284
2026-06-04 13:10:00,2.1402916666666667,2.2236966989630096
2026-06-04 13:12:00,2.138666666666667,2.2238178041669956
2026-06-04 13:14:00,2.140708333333333,2.224206994349978
2026-06-04 13:16:00,2.1410000000000005,2.225432398625958
2026-06-04 13:18:00,2.1387500000000004,2.2281226141603545
2026-06-04 13:20:00,2.1419166666666665,2.2284520028429475
2026-06-04 13:22:00,2.1451250000000006,2.2285679955249114
2026-06-04 13:24:00,2.143416666666667,2.228479661096428
2026-06-04 13:26:00,2.1399166666666667,2.2284275050416804
2026-06-04 13:28:00,2.138782608695652,2.228342945276181
2026-06-04 13:30:00,2.1410000000000005,2.2280516387455456
2026-06-04 13:32:00,2.1386666666666665,2.2275677220856323
2026-06-04 13:34:00,2.1414166666666667,2.2269402034855728
2026-06-04 13:36:00,2.1396250000000006,2.2261284550967946
2026-06-04 13:38:00,2.1357500000000003,2.2250671231302257
2026-06-04 13:40:00,2.1381666666666668,2.223851571915912
2026-06-04 13:42:00,2.1374583333333335,2.2228935301936352
2026-06-04 13:44:00,2.1385416666666663,2.2227242598667587
2026-06-04 13:46:00,2.138666666666666,2.223492805925238
2026-06-04 13:48:00,2.137166666666667,2.224976636282135
2026-06-04 13:50:00,2.13625,2.225583177682618
2026-06-04 13:52:00,2.1359583333333334,2.224549202631424
2026-06-04 13:54:00,2.1357916666666674,2.2238661988318413
2026-06-04 13:56:00,2.135791666666667,2.223369006819351
2026-06-04 13:58:00,2.135916666666667,2.223033439407841
2026-06-04 14:00:00,2.1357916666666665,2.2238614555923792
2026-06-04 14:02:00,2.1362916666666663,2.223935399194599
2026-06-04 14:04:00,2.1323333333333334,2.2241121194176587
2026-06-04 14:06:00,2.1315833333333334,2.224386224845317
2026-06-04 14:08:00,2.130875,2.224629293964319
2026-06-04 14:10:00,2.1340833333333338,2.2246651143326015
2026-06-04 14:12:00,2.134217391304348,2.2244575747597044
2026-06-04 14:14:00,2.132875,2.2242928703032785
2026-06-04 14:16:00,2.136708333333334,2.2247599364849386
2026-06-04 14:18:00,2.140041666666667,2.2265528515122672
2026-06-04 14:20:00,2.134333333333333,2.2289362908244477
2026-06-04 14:22:00,2.1357500000000003,2.229244903794343
2026-06-04 14:24:00,2.133583333333333,2.2291062021514025
2026-06-04 14:26:00,2.134208333333333,2.2290547470164976
2026-06-04 14:28:00,2.134916666666667,2.2291738680465145
2026-06-04 14:30:00,2.1335,2.2291378001195548
2026-06-04 14:32:00,2.1351666666666667,2.228827392719659
2026-06-04 14:34:00,2.1327499999999997,2.228254786724093
2026-06-04 14:36:00,2.1329583333333333,2.2273778965427318
2026-06-04 14:38:00,2.129625,2.2261382554265685
2026-06-04 14:40:00,2.132125,2.2246655270472813
2026-06-04 14:42:00,2.132625,2.2234402039619385
2026-06-04 14:44:00,2.131958333333333,2.2230273683959147
2026-06-04 14:46:00,2.13475,2.2236023513243985
2026-06-04 14:48:00,2.13025,2.2249242123836757
2026-06-04 14:50:00,2.132166666666667,2.2260383086167517
2026-06-04 14:52:00,2.1340833333333333,2.2252525420478118
2026-06-04 14:54:00,2.131478260869565,2.2246886628742617
2026-06-04 14:56:00,2.1311249999999995,2.224283686114435
2026-06-04 14:58:00,2.131666666666667,2.2240129361929757
2026-06-04 15:00:00,2.12675,2.2241030689428025
2026-06-04 15:02:00,2.1307500000000004,2.2240370530497744
2026-06-04 15:04:00,2.1317916666666665,2.2240782905135905
2026-06-04 15:06:00,2.1273333333333335,2.2242251009085776
2026-06-04 15:08:00,2.1198333333333332,2.2243494910879944
2026-06-04 15:10:00,2.127625,2.2242412379227603
2026-06-04 15:12:00,2.1292916666666666,2.223878705027826
2026-06-04 15:14:00,2.126625,2.2234759135638713
2026-06-04 15:16:00,2.1221666666666663,2.223497985175637
2026-06-04 15:18:00,2.1257499999999996,2.224491048822484
2026-06-04 15:20:00,2.128791666666667,2.2282719927505927
2026-06-04 15:22:00,2.1277083333333335,2.2286828061957316
2026-06-04 15:24:00,2.125875,2.228499467927889
2026-06-04 15:26:00,2.1262083333333335,2.2283758761889283
2026-06-04 15:28:00,2.1272083333333334,2.228571853393426
2026-06-04 15:30:00,2.126041666666667,2.2287409077198364
2026-06-04 15:32:00,2.127666666666667,2.2286743427835556
2026-06-04 15:34:00,2.128541666666667,2.228338595767127
2026-06-04 15:36:00,2.128086956521739,2.2276790691226687
2026-06-04 15:38:00,2.124,2.2266271543330545
2026-06-04 15:40:00,2.12175,2.2252943200782993
2026-06-04 15:42:00,2.1259166666666665,2.2241757255224157
2026-06-04 15:44:00,2.1206250000000004,2.2238593373929274
2026-06-04 15:46:00,2.129125,2.224527819513892
2026-06-04 15:48:00,2.1262916666666665,2.225937238400215
2026-06-04 15:50:00,2.1297083333333338,2.2263232511457387
2026-06-04 15:52:00,2.13175,2.2256584838867997
2026-06-04 15:54:00,2.129416666666667,2.2250760343283877
2026-06-04 15:56:00,2.1282083333333333,2.2246141777143773
2026-06-04 15:58:00,2.1274583333333337,2.2242590650036136
2026-06-04 16:00:00,2.1257083333333338,2.223122274294695
2026-06-04 16:02:00,2.128041666666667,2.2228258962638763
2026-06-04 16:04:00,2.1297083333333333,2.222677223708768
2026-06-04 16:06:00,2.131833333333334,2.222664808123876
2026-06-04 16:08:00,2.126583333333333,2.2226615721499754
2026-06-04 16:10:00,2.1209166666666666,2.222468493303564
2026-06-04 16:12:00,2.127375,2.2220758873167465
2026-06-04 16:14:00,2.1290833333333334,2.2216450533481797
2026-06-04 16:16:00,2.135913043478261,2.2215787124996322
2026-06-04 16:18:00,2.127,2.2223114116175466
2026-06-04 16:20:00,2.12525,2.2270154393181025
2026-06-04 16:22:00,2.128083333333333,2.227504422410361
2026-06-04 16:24:00,2.128875,2.2273601134816294
2026-06-04 16:26:00,2.1356250000000006,2.227181675112474
2026-06-04 16:28:00,2.139208333333334,2.227297653933833
2026-06-04 16:30:00,2.137083333333334,2.2275057446432096
2026-06-04 16:32:00,2.1303750000000004,2.2276328809073043
2026-06-04 16:34:00,2.1314999999999995,2.2276305514373806
2026-06-04 16:36:00,2.123583333333334,2.2274194555164493
2026-06-04 16:38:00,2.115291666666667,2.2269025916929097
2026-06-04 16:40:00,2.1206666666666663,2.2261528319004658
2026-06-04 16:42:00,2.121208333333333,2.225585713960946
2026-06-04 16:44:00,2.124541666666667,2.225751234292471
2026-06-04 16:46:00,2.122583333333333,2.226825775943417
2026-06-04 16:48:00,2.1277916666666665,2.2285652983142894
2026-06-04 16:50:00,2.1254583333333334,2.2264153338187107
2026-06-04 16:52:00,2.1350416666666665,2.2257030735838965
2026-06-04 16:54:00,2.1338,2.2249595384382586
2026-06-04 16:56:00,2.1486666666666667,2.2243023994869335
2026-06-04 16:58:00,2.1482,2.22372874735773
2026-06-04 17:00:00,2.142916666666667,2.2218444014905927
2026-06-04 17:02:00,2.143666666666667,2.2213703887209992
2026-06-04 17:04:00,2.1428750000000005,2.221105492224463
2026-06-04 17:06:00,2.1450833333333335,2.2210439026004756
2026-06-04 17:08:00,2.151375,2.2210897131371623
2026-06-04 17:10:00,2.140125,2.2210972626135908
2026-06-04 17:12:00,2.1415833333333336,2.221062738490076
2026-06-04 17:14:00,2.1533999999999995,2.2210958511706513
2026-06-04 17:16:00,2.1533999999999995,2.2214829245123813
2026-06-04 17:18:00,2.1533999999999995,2.2225531422322358
2026-06-04 17:20:00,2.157666666666666,2.2270794006282486
2026-06-04 17:22:00,2.147333333333333,2.227483095290754
2026-06-04 17:24:00,2.1447083333333334,2.2274226555776786
2026-06-04 17:26:00,2.1465833333333326,2.2272912800038576
2026-06-04 17:28:00,2.1480833333333327,2.2273162775738653
2026-06-04 17:30:00,2.149166666666667,2.227594515893139
2026-06-04 17:32:00,2.143125,2.228151067403435
2026-06-04 17:34:00,2.138130434782609,2.228829322374869
2026-06-04 17:36:00,2.1495,2.2293230544314224
2026-06-04 17:38:00,2.142333333333333,2.2293875109566597
2026-06-04 17:40:00,2.1484166666666664,2.229062277900001
2026-06-04 17:42:00,2.144083333333333,2.2287859252772217
2026-06-04 17:44:00,2.1506666666666665,2.2291235634406115
2026-06-04 17:46:00,2.149791666666667,2.2302613815093486
2026-06-04 17:48:00,2.1446666666666663,2.231978056518809
