Timestamp,Actual_Electrode_V_Abs,Actual_Electrode_V_Delta,TFT_Prediction_V_Abs,TFT_Prediction_V_Delta
2026-05-31 17:48:00,2.376333333333333,-0.002583333333333382,2.3815390308979496,0.0026223642312830434
2026-05-31 17:50:00,2.3792916666666666,0.002958333333333396,2.381308087177396,-0.00023094372055328888
2026-05-31 17:52:00,2.380125,0.0008333333333334636,2.38153666320364,0.00022857602624392584
2026-05-31 17:54:00,2.3788750000000003,-0.0012499999999997513,2.3821171215176684,0.0005804583140282676
2026-05-31 17:56:00,2.3822916666666667,0.0034166666666664014,2.382376814839121,0.0002596933214524564
2026-05-31 17:58:00,2.3763333333333336,-0.005958333333333066,2.382406083067852,2.926822873115098e-05
2026-05-31 18:00:00,2.381,0.004666666666666153,2.3825380405706937,0.00013195750284157083
2026-05-31 18:02:00,2.3800833333333333,-0.0009166666666664547,2.3827575901140645,0.0002195495433710177
2026-05-31 18:04:00,2.381333333333333,0.0012499999999997513,2.382956003285839,0.00019841317177414096
2026-05-31 18:06:00,2.372833333333333,-0.008500000000000174,2.3831120004493873,0.0001559971635483211
2026-05-31 18:08:00,2.371958333333333,-0.0008749999999997371,2.383250916150287,0.00013891570090010007
2026-05-31 18:10:00,2.3733333333333335,0.0013750000000003482,2.383369885945202,0.00011896979491501031
2026-05-31 18:12:00,2.3709166666666666,-0.0024166666666669556,2.3834518555049957,8.196955979357377e-05
2026-05-31 18:14:00,2.3773478260869565,0.006431159420289934,2.3834974442431256,4.558873812979125e-05
2026-05-31 18:16:00,2.381708333333333,0.004360507246376599,2.3835244774847646,2.703324163884052e-05
2026-05-31 18:18:00,2.3774166666666665,-0.004291666666666583,2.379391521708193,-0.002316811625139854
2026-05-31 18:20:00,2.3736666666666664,-0.003750000000000142,2.379697975451881,0.0003064537436881596
2026-05-31 18:22:00,2.379375,0.005708333333333648,2.3810805213814077,0.0013825459295262008
2026-05-31 18:24:00,2.3805,0.0011250000000000426,2.3812929164799126,0.00021239509850518092
2026-05-31 18:26:00,2.3804166666666666,-8.333333333343518e-05,2.38086834994308,-0.0004245665368331174
2026-05-31 18:28:00,2.3770000000000002,-0.0034166666666664014,2.380767560813435,-0.00010078912964461465
2026-05-31 18:30:00,2.3794166666666663,0.0024166666666660674,2.3808805403169178,0.00011297950348248834
2026-05-31 18:32:00,2.388125,0.008708333333333762,2.380865933039527,-1.4607277390762342e-05
2026-05-31 18:34:00,2.382916666666667,-0.005208333333333037,2.380736824771441,-0.00012910826808562546
2026-05-31 18:36:00,2.37975,-0.003166666666666984,2.380608372100251,-0.00012845267118997213
2026-05-31 18:38:00,2.3898333333333333,0.010083333333333222,2.3804703466267783,-0.00013802547347309865
2026-05-31 18:40:00,2.3818333333333332,-0.008000000000000007,2.3802742741429497,-0.00019607248382853894
2026-05-31 18:42:00,2.3859583333333334,0.004125000000000156,2.380023391073463,-0.00025088306948639356
2026-05-31 18:44:00,2.3837500000000005,-0.0022083333333329236,2.379749673389955,-0.00027371768350825437
2026-05-31 18:46:00,2.384,0.00024999999999941735,2.379493048246287,-0.000256625143667747
2026-05-31 18:48:00,2.379,-0.004999999999999893,2.3860017738955936,0.0020017738955939576
2026-05-31 18:50:00,2.385086956521739,0.006086956521738962,2.385744586166719,-0.0002571877288748438
2026-05-31 18:52:00,2.379416666666667,-0.005670289855071786,2.386117589741401,0.0003730035746821674
2026-05-31 18:54:00,2.377708333333333,-0.0017083333333340889,2.3867395203924335,0.0006219306510322717
2026-05-31 18:56:00,2.3822500000000004,0.004541666666667332,2.386985653337189,0.00024613294475548395
2026-05-31 18:58:00,2.380833333333334,-0.0014166666666666217,2.387044770260354,5.9116923165039165e-05
2026-05-31 19:00:00,2.388958333333334,0.00812500000000016,2.3871982332441197,0.0001534629837658845
2026-05-31 19:02:00,2.3834583333333335,-0.0055000000000005045,2.387428941121251,0.00023070787713120607
2026-05-31 19:04:00,2.3861666666666665,0.0027083333333330906,2.3876332693932896,0.00020432827203862834
2026-05-31 19:06:00,2.3785416666666666,-0.007624999999999993,2.3878042134410635,0.000170944047773626
2026-05-31 19:08:00,2.386,0.007458333333333567,2.387968693221033,0.00016447977996974448
2026-05-31 19:10:00,2.3833749999999996,-0.0026250000000005436,2.388122216673049,0.00015352345201573932
2026-05-31 19:12:00,2.3841666666666668,0.0007916666666671901,2.3882505736905757,0.0001283570175266982
2026-05-31 19:14:00,2.3820833333333336,-0.002083333333333215,2.3883577274611567,0.00010715377058123792
2026-05-31 19:16:00,2.384541666666667,0.002458333333333229,2.388462325855431,0.00010459839427438646
2026-05-31 19:18:00,2.3827499999999997,-0.00179166666666708,2.3857255843074303,0.001183917640763513
2026-05-31 19:20:00,2.3883750000000004,0.005625000000000657,2.3857854785896744,5.989428224425127e-05
2026-05-31 19:22:00,2.381375,-0.007000000000000561,2.3865624076371854,0.0007769290475107089
2026-05-31 19:24:00,2.3828333333333336,0.0014583333333337833,2.3872530665093032,0.0006906588721179963
2026-05-31 19:26:00,2.380625,-0.0022083333333333677,2.3873882067223415,0.000135140213038191
2026-05-31 19:28:00,2.386416666666667,0.005791666666666639,2.3873636737881294,-2.453293421182281e-05
2026-05-31 19:30:00,2.380695652173913,-0.005721014492753973,2.387451205892696,8.75321045664082e-05
2026-05-31 19:32:00,2.3815416666666667,0.0008460144927537883,2.3875595226791684,0.00010831678647220725
2026-05-31 19:34:00,2.383166666666667,0.0016250000000002096,2.3875901225340503,3.059985488190346e-05
2026-05-31 19:36:00,2.38275,-0.0004166666666667318,2.3875600215317556,-3.010100229466736e-05
2026-05-31 19:38:00,2.3840833333333338,0.0013333333333336306,2.387495950490883,-6.407104087244326e-05
2026-05-31 19:40:00,2.3949583333333337,0.010874999999999968,2.3873875595430625,-0.00010839094782050143
2026-05-31 19:42:00,2.3973750000000003,0.0024166666666665115,2.387225313528244,-0.00016224601481813959
2026-05-31 19:44:00,2.3822083333333333,-0.015166666666666995,2.3870245689806313,-0.000200744547612859
2026-05-31 19:46:00,2.382125,-8.333333333343518e-05,2.386825972860382,-0.00019859612024951317
2026-05-31 19:48:00,2.3877083333333333,0.005583333333333496,2.3894544206305692,0.007329420630569371
2026-05-31 19:50:00,2.3877083333333338,4.440892098500626e-16,2.388643821834475,-0.0008105987960939197
2026-05-31 19:52:00,2.3854583333333332,-0.0022500000000005294,2.388077082025899,-0.0005667398085765117
2026-05-31 19:54:00,2.399125,0.013666666666666938,2.388906177841625,0.0008290958157263307
2026-05-31 19:56:00,2.403208333333333,0.004083333333332995,2.3895755457281362,0.0006693678865110136
2026-05-31 19:58:00,2.393625,-0.009583333333333055,2.389584081384515,8.535656378855137e-06
2026-05-31 20:00:00,2.39625,0.0026250000000000995,2.389536172235508,-4.7909149006872736e-05
2026-05-31 20:02:00,2.3962083333333335,-4.166666666671759e-05,2.389720685606383,0.0001845133708745347
2026-05-31 20:04:00,2.3989583333333337,0.0027500000000002522,2.3899321189423324,0.0002114333359495657
2026-05-31 20:06:00,2.3997500000000005,0.000791666666666746,2.3900656474593167,0.00013352851698452116
2026-05-31 20:08:00,2.3922173913043485,-0.007532608695651977,2.3901832650069568,0.00011761754763998987
2026-05-31 20:10:00,2.403708333333334,0.011490942028985263,2.3903222542385003,0.00013898923154355452
2026-05-31 20:12:00,2.4004583333333334,-0.0032500000000004192,2.3904613494599958,0.0001390952214956867
2026-05-31 20:14:00,2.397458333333334,-0.0029999999999992255,2.390590242432843,0.00012889297284715475
2026-05-31 20:16:00,2.39975,0.0022916666666659147,2.3907299754010793,0.00013973296823616794
2026-05-31 20:18:00,2.400041666666667,0.0002916666666670231,2.4014367909016476,0.0016867909016474662
2026-05-31 20:20:00,2.406083333333333,0.006041666666666057,2.4014012516530507,-3.553924859656052e-05
2026-05-31 20:22:00,2.4014166666666665,-0.004666666666666597,2.4020256396021775,0.0006243879491265118
2026-05-31 20:24:00,2.399958333333333,-0.0014583333333333393,2.402788583505764,0.0007629439035863383
2026-05-31 20:26:00,2.399083333333333,-0.0008750000000001812,2.403081949912639,0.00029336640687510293
2026-05-31 20:28:00,2.3978333333333333,-0.0012499999999997513,2.403142507779189,6.0557866549999444e-05
2026-05-31 20:30:00,2.4060833333333336,0.008250000000000313,2.4032755166820445,0.00013300890285547484
2026-05-31 20:32:00,2.402041666666667,-0.004041666666666721,2.403448259191127,0.0001727425090822976
2026-05-31 20:34:00,2.4001250000000005,-0.0019166666666663446,2.403554566471077,0.00010630727995041849
2026-05-31 20:36:00,2.3947083333333334,-0.005416666666667069,2.4035877919344206,3.322546334360151e-05
2026-05-31 20:38:00,2.408,0.01329166666666648,2.4035752140300164,-1.2577904404207434e-05
2026-05-31 20:40:00,2.4056666666666673,-0.0023333333333326323,2.403514533317008,-6.068071300874217e-05
2026-05-31 20:42:00,2.3996250000000003,-0.006041666666666945,2.4033950429211726,-0.00011949039583502894
2026-05-31 20:44:00,2.40175,0.0021249999999994884,2.4032266472987125,-0.00016839562246032507
2026-05-31 20:46:00,2.399958333333333,-0.0017916666666666359,2.4030466312106724,-0.00018001608804006704
2026-05-31 20:48:00,2.4124347826086954,0.012476449275362178,2.403338660432593,0.003380327099259516
2026-05-31 20:50:00,2.4035833333333336,-0.008851449275361745,2.4029831090913505,-0.00035555134124242425
2026-05-31 20:52:00,2.413,0.009416666666666185,2.403230842595731,0.0002477335043807432
2026-05-31 20:54:00,2.410333333333334,-0.002666666666665929,2.4039394688865556,0.0007086262908246177
2026-05-31 20:56:00,2.419666666666666,0.009333333333332305,2.4042319796518794,0.00029251076532365314
2026-05-31 20:58:00,2.4292499999999997,0.009583333333333499,2.4042203794814534,-1.160017042580331e-05
2026-05-31 21:00:00,2.4238750000000002,-0.0053749999999994635,2.4042220955720164,1.7160905630664473e-06
2026-05-31 21:02:00,2.4183749999999997,-0.0055000000000005045,2.4043394057330776,0.00011731016106120893
2026-05-31 21:04:00,2.406833333333333,-0.011541666666666561,2.404442626164906,0.00010322043182819102
2026-05-31 21:06:00,2.411083333333333,0.004249999999999865,2.40451374731051,7.112114560424655e-05
2026-05-31 21:08:00,2.4055416666666667,-0.005541666666666334,2.404595566062884,8.181875237379373e-05
2026-05-31 21:10:00,2.4056249999999992,8.3333333332547e-05,2.4046962432407617,0.00010067717787748718
2026-05-31 21:12:00,2.408208333333333,0.002583333333333826,2.4048030655756096,0.00010682233484833464
2026-05-31 21:14:00,2.4079166666666674,-0.00029166666666569085,2.404919365231726,0.00011629965611580105
2026-05-31 21:16:00,2.4055416666666662,-0.002375000000001126,2.405063307244594,0.0001439420128682756
2026-05-31 21:18:00,2.4158333333333335,0.010291666666667254,2.412711898474794,0.007170231808127662
2026-05-31 21:20:00,2.4124166666666667,-0.0034166666666668455,2.4124788377472983,-0.00023306072749563792
2026-05-31 21:22:00,2.4105416666666666,-0.001875000000000071,2.412823684852485,0.00034484710518648324
2026-05-31 21:24:00,2.4124583333333334,0.0019166666666667886,2.4141533999793596,0.0013297151268747023
2026-05-31 21:26:00,2.402173913043478,-0.010284420289855323,2.414700080721727,0.0005466807423676675
2026-05-31 21:28:00,2.4240833333333325,0.02190942028985443,2.4144820949901113,-0.00021798573161575474
2026-05-31 21:30:00,2.4254999999999995,0.0014166666666670658,2.4144365463303723,-4.554865973885447e-05
2026-05-31 21:32:00,2.4285833333333335,0.003083333333333993,2.414630853874433,0.00019430754406066982
2026-05-31 21:34:00,2.4263749999999997,-0.0022083333333338118,2.4147386343885944,0.00010778051416116392
2026-05-31 21:36:00,2.4233749999999996,-0.0030000000000001137,2.4147105339984125,-2.8100390181898976e-05
2026-05-31 21:38:00,2.42325,-0.00012499999999970868,2.414655083056622,-5.5450941790468534e-05
2026-05-31 21:40:00,2.418791666666667,-0.004458333333333009,2.414584803052045,-7.028000457709558e-05
2026-05-31 21:42:00,2.4265416666666666,0.007749999999999702,2.414455244695982,-0.00012955835606303775
2026-05-31 21:44:00,2.423125,-0.0034166666666664014,2.4142641066008803,-0.00019113809510137777
2026-05-31 21:46:00,2.425041666666667,0.0019166666666667886,2.41405433494517,-0.00020977165571054083
2026-05-31 21:48:00,2.4257916666666666,0.0007499999999995843,2.425896269779102,0.0008546031124348555
2026-05-31 21:50:00,2.4248333333333334,-0.0009583333333331723,2.425638631160202,-0.0002576386188998295
2026-05-31 21:52:00,2.424124999999999,-0.000708333333334199,2.425993092422582,0.00035446126238025785
2026-05-31 21:54:00,2.4187916666666665,-0.005333333333332746,2.426408961176943,0.00041586875436062357
2026-05-31 21:56:00,2.4231666666666665,0.004375000000000018,2.426488706952264,7.974577532112726e-05
2026-05-31 21:58:00,2.423,-0.00016666666666642627,2.426467045190508,-2.166176175612165e-05
2026-05-31 22:00:00,2.4204583333333334,-0.0025416666666666643,2.4264403558233023,-2.66893672056968e-05
2026-05-31 22:02:00,2.4234999999999998,0.003041666666666387,2.426465521594499,2.5165771196797988e-05
2026-05-31 22:04:00,2.4218749999999996,-0.0016250000000002096,2.4264756922606,1.017066610086766e-05
2026-05-31 22:06:00,2.4246521739130436,0.0027771739130439954,2.4264806698407377,4.977580137871238e-06
2026-05-31 22:08:00,2.4259166666666663,0.0012644927536227257,2.42650552925982,2.4859419082376285e-05
2026-05-31 22:10:00,2.4247916666666667,-0.0011249999999995985,2.426550727782206,4.5198522385521975e-05
2026-05-31 22:12:00,2.4213333333333336,-0.003458333333333119,2.426612409071671,6.168128946565707e-05
2026-05-31 22:14:00,2.4242500000000002,0.0029166666666666785,2.426699166790027,8.675771835576918e-05
2026-05-31 22:16:00,2.4229583333333333,-0.001291666666666913,2.4268242370904876,0.00012507030046071015
2026-05-31 22:18:00,2.420291666666667,-0.002666666666666373,2.4247268647120643,0.0017685313787308265
2026-05-31 22:20:00,2.422958333333333,0.002666666666665929,2.4249381885892287,0.00021132387716454835
2026-05-31 22:22:00,2.4221249999999994,-0.0008333333333334636,2.4256361899206937,0.0006980013314650879
2026-05-31 22:24:00,2.4265833333333338,0.004458333333334341,2.4263734413132494,0.0007372513925553998
2026-05-31 22:26:00,2.4229583333333333,-0.0036250000000004334,2.4266680580359123,0.00029461672266327724
2026-05-31 22:28:00,2.4187083333333335,-0.004249999999999865,2.4267602413595957,9.218332368306864e-05
2026-05-31 22:30:00,2.424874999999999,0.006166666666665321,2.426912804044876,0.00015256268528064242
2026-05-31 22:32:00,2.427291666666666,0.0024166666666673997,2.4270884162492408,0.00017561220436439171
2026-05-31 22:34:00,2.4203333333333332,-0.0069583333333329556,2.4271951604168116,0.00010674416757102567
2026-05-31 22:36:00,2.4203333333333332,0.0,2.4272293517147228,3.419129791122563e-05
2026-05-31 22:38:00,2.4225833333333333,0.0022500000000000853,2.427213135914974,-1.6215799748706963e-05
2026-05-31 22:40:00,2.4235416666666665,0.0009583333333331723,2.4271415680518227,-7.156786315154633e-05
2026-05-31 22:42:00,2.422791666666667,-0.0007499999999995843,2.4270023342134306,-0.0001392338383917666
2026-05-31 22:44:00,2.4219999999999997,-0.0007916666666671901,2.426800502055059,-0.0002018321583717328
2026-05-31 22:46:00,2.4296956521739124,0.007695652173912659,2.426566281694157,-0.00023422036090212043
2026-05-31 22:48:00,2.4196666666666666,-0.010028985507245736,2.4276591089791015,-0.002036543194810773
2026-05-31 22:50:00,2.4263333333333335,0.006666666666666821,2.4273459349052486,-0.0003131740738527481
2026-05-31 22:52:00,2.4251666666666662,-0.0011666666666672043,2.4280657440127262,0.0007198091074772492
2026-05-31 22:54:00,2.4244999999999997,-0.0006666666666665932,2.428226323407817,0.00016057939509099857
2026-05-31 22:56:00,2.4257916666666666,0.001291666666666913,2.427936472251745,-0.0002898511560720903
2026-05-31 22:58:00,2.4239166666666665,-0.001875000000000071,2.427803311768628,-0.0001331604831168804
2026-05-31 23:00:00,2.423291666666667,-0.0006249999999994316,2.4277547865471556,-4.852522147262137e-05
2026-05-31 23:02:00,2.424416666666666,0.0011249999999991545,2.4276938859493296,-6.090059782607325e-05
2026-05-31 23:04:00,2.4254583333333337,0.0010416666666674956,2.4275920218539224,-0.00010186409540706952
2026-05-31 23:06:00,2.424333333333333,-0.0011250000000009308,2.427516234847817,-7.578700610525282e-05
2026-05-31 23:08:00,2.4233749999999996,-0.0009583333333331723,2.427483512326616,-3.272252120111103e-05
2026-05-31 23:10:00,2.424166666666666,0.0007916666666663019,2.4274741593496776,-9.352976938409443e-06
2026-05-31 23:12:00,2.4268749999999994,0.0027083333333335347,2.4274868702498256,1.271090014777055e-05
2026-05-31 23:14:00,2.422458333333333,-0.004416666666666291,2.4275380547532355,5.1184503410185435e-05
2026-05-31 23:16:00,2.423458333333333,0.0009999999999998899,2.4276379602862073,9.990553297173436e-05
2026-05-31 23:18:00,2.4239166666666665,0.0004583333333334494,2.4255084879635485,0.0020501546302153606
2026-05-31 23:20:00,2.4272499999999995,0.0033333333333329662,2.425648694894888,0.00014020693133977855
2026-05-31 23:22:00,2.4225833333333333,-0.004666666666666153,2.426287726921981,0.0006390320270928842
2026-05-31 23:24:00,2.4262916666666667,0.0037083333333334245,2.427044653214026,0.0007569262920447249
2026-05-31 23:26:00,2.423739130434783,-0.002552536231883895,2.4273509611710278,0.0003063079570019676
2026-05-31 23:28:00,2.4231249999999998,-0.0006141304347830889,2.427417387485507,6.642631447933861e-05
2026-05-31 23:30:00,2.424916666666666,0.0017916666666661918,2.427541136377602,0.00012374889209487542
2026-05-31 23:32:00,2.4226249999999996,-0.0022916666666663588,2.427699266395418,0.0001581300178164614
2026-05-31 23:34:00,2.4074166666666668,-0.015208333333332824,2.4277895177018363,9.02513064179029e-05
2026-05-31 23:36:00,2.4027499999999997,-0.004666666666667041,2.4278027788952143,1.3261193378133988e-05
2026-05-31 23:38:00,2.406166666666667,0.0034166666666672896,2.4277650689182138,-3.770997700058983e-05
2026-05-31 23:40:00,2.4047916666666667,-0.0013750000000003482,2.427673297552751,-9.177136546316899e-05
2026-05-31 23:42:00,2.4070000000000005,0.0022083333333338118,2.4275122360448544,-0.0001610615078960786
2026-05-31 23:44:00,2.4076249999999995,0.0006249999999989875,2.4272832805232043,-0.00022895552165053202
2026-05-31 23:46:00,2.409833333333333,0.0022083333333333677,2.4270142144615927,-0.0002690660616114851
2026-05-31 23:48:00,2.410583333333333,0.0007500000000000284,2.411044144206698,0.0012108108733651234
2026-05-31 23:50:00,2.4086666666666665,-0.0019166666666663446,2.410846170430915,-0.00019797377578299
2026-05-31 23:52:00,2.410833333333333,0.00216666666666665,2.411551769338591,0.0007055989076759374
2026-05-31 23:54:00,2.4067916666666664,-0.004041666666666721,2.4119532457017283,0.00040147636313723903
2026-05-31 23:56:00,2.4102083333333333,0.0034166666666668455,2.411657411579728,-0.0002958341220003427
2026-05-31 23:58:00,2.407666666666666,-0.0025416666666671084,2.411332847456045,-0.00032456412368249616
2026-06-01 00:00:00,2.4102916666666663,0.0026250000000000995,2.411160428199335,-0.00017241925671066907
2026-06-01 00:02:00,2.408458333333333,-0.0018333333333333535,2.411037003883814,-0.00012342431552057423
2026-06-01 00:04:00,2.410173913043479,0.0017155797101460202,2.410868598841048,-0.00016840504276574396
2026-06-01 00:06:00,2.4092500000000006,-0.000923913043478386,2.4107182791347275,-0.00015031970632075226
2026-06-01 00:08:00,2.411791666666667,0.00254166666666622,2.410627027329961,-9.125180476670882e-05
2026-06-01 00:10:00,2.404208333333333,-0.007583333333333719,2.410577894879642,-4.9132450319052585e-05
2026-06-01 00:12:00,2.4127500000000004,0.008541666666667336,2.410560294289153,-1.7600590488899836e-05
2026-06-01 00:14:00,2.4079166666666665,-0.004833333333333911,2.410587191592658,2.689730350514335e-05
2026-06-01 00:16:00,2.407166666666667,-0.0007499999999995843,2.41066979036545,8.259877279186443e-05
2026-06-01 00:18:00,2.4094166666666665,0.002249999999999641,2.410129632562971,0.0029629658963039726
2026-06-01 00:20:00,2.415,0.005583333333333496,2.4102546837050367,0.00012505114206599037
2026-06-01 00:22:00,2.4116249999999995,-0.003375000000000572,2.4107495386198345,0.00049485491479774
2026-06-01 00:24:00,2.403375,-0.008249999999999424,2.411529260047394,0.0007797214275595327
2026-06-01 00:26:00,2.4092916666666664,0.005916666666666348,2.411900704514058,0.00037144446666392437
2026-06-01 00:28:00,2.410999999999999,0.0017083333333327566,2.411956309109417,5.560459535931248e-05
2026-06-01 00:30:00,2.411916666666667,0.000916666666667787,2.412041724749149,8.541563973185468e-05
2026-06-01 00:32:00,2.413791666666667,0.001875000000000071,2.4121835929455613,0.00014186819641195963
2026-06-01 00:34:00,2.4152083333333327,0.0014166666666657335,2.4122689952409777,8.540229541663029e-05
2026-06-01 00:36:00,2.415416666666666,0.00020833333333314386,2.4122710726275205,2.0773865427591053e-06
2026-06-01 00:38:00,2.4109166666666666,-0.004499999999999282,2.41221917615679,-5.189647073049948e-05
2026-06-01 00:40:00,2.413125,0.0022083333333333677,2.412116645652355,-0.00010253050443545557
2026-06-01 00:42:00,2.4047916666666667,-0.008333333333333304,2.4119458476901685,-0.00017079796218611188
2026-06-01 00:44:00,2.406086956521739,0.0012952898550722125,2.411703022107283,-0.00024282558288580162
2026-06-01 00:46:00,2.4062916666666667,0.00020471014492784434,2.4114137806378655,-0.0002892414694170642
2026-06-01 00:48:00,2.4063749999999993,8.3333333332547e-05,2.40985743880783,0.003565772141163276
2026-06-01 00:50:00,2.41475,0.00837500000000091,2.409348647269135,-0.0005087915386951507
2026-06-01 00:52:00,2.4030000000000005,-0.011749999999999705,2.409455977210441,0.00010732994130593636
2026-06-01 00:54:00,2.4022916666666663,-0.000708333333334199,2.409970564805932,0.0005145875954914396
2026-06-01 00:56:00,2.403208333333333,0.0009166666666668988,2.409946974485644,-2.3590320288455164e-05
2026-06-01 00:58:00,2.404875,0.0016666666666669272,2.409580524684504,-0.0003664498011397342
2026-06-01 01:00:00,2.4056666666666673,0.0007916666666671901,2.4092895462117867,-0.0002909784727173645
2026-06-01 01:02:00,2.4077083333333333,0.0020416666666660532,2.409137778192397,-0.00015176801938960428
2026-06-01 01:04:00,2.4062499999999996,-0.0014583333333337833,2.4089776296281387,-0.00016014856425861288
2026-06-01 01:06:00,2.4062083333333333,-4.16666666662735e-05,2.408803831515301,-0.000173798112837568
2026-06-01 01:08:00,2.415083333333333,0.008874999999999744,2.4086756095519126,-0.0001282219633884446
2026-06-01 01:10:00,2.4098333333333333,-0.005249999999999755,2.4086042140147885,-7.13955371239834e-05
2026-06-01 01:12:00,2.417791666666666,0.007958333333332845,2.408575047564109,-2.9166450679444093e-05
2026-06-01 01:14:00,2.4209583333333335,0.003166666666667428,2.408590119297053,1.5071732943882546e-05
2026-06-01 01:16:00,2.4242083333333326,0.003249999999999087,2.408661306930004,7.118763295096845e-05
2026-06-01 01:18:00,2.4229583333333333,-0.0012499999999993072,2.4220030416252416,-0.002205291708091094
2026-06-01 01:20:00,2.4183043478260866,-0.004653985507246716,2.422025176884145,2.2135258903657388e-05
2026-06-01 01:22:00,2.4102083333333333,-0.008096014492753323,2.422634264411092,0.0006090875269468281
2026-06-01 01:24:00,2.4079166666666665,-0.002291666666666803,2.4227572585983563,0.00012299418726426472
2026-06-01 01:26:00,2.4129166666666664,0.004999999999999893,2.422702240999325,-5.501759903142374e-05
2026-06-01 01:28:00,2.42175,0.00883333333333347,2.422816822061368,0.00011458106204318913
2026-06-01 01:30:00,2.419958333333333,-0.0017916666666666359,2.4230064421231754,0.0001896200618074983
2026-06-01 01:32:00,2.407291666666667,-0.01266666666666616,2.4231204432124436,0.00011400108926787522
2026-06-01 01:34:00,2.4112916666666666,0.0039999999999995595,2.423162883409248,4.244019680479657e-05
2026-06-01 01:36:00,2.407291666666667,-0.0039999999999995595,2.4231719535046783,9.070095430244205e-06
2026-06-01 01:38:00,2.4036666666666666,-0.0036250000000004334,2.4231360221779266,-3.5931326751859164e-05
2026-06-01 01:40:00,2.4071666666666665,0.0034999999999998366,2.4230309101054974,-0.00010511207242930708
2026-06-01 01:42:00,2.409666666666667,0.002500000000000391,2.422850980450564,-0.00017992965493352552
2026-06-01 01:44:00,2.4161249999999996,0.006458333333332789,2.4226013595447897,-0.00024962090577426775
2026-06-01 01:46:00,2.4111666666666665,-0.004958333333333176,2.42230227950201,-0.00029908004277946667
2026-06-01 01:48:00,2.406708333333333,-0.004458333333333453,2.413192801462937,0.002026134796270439
2026-06-01 01:50:00,2.4082499999999993,0.0015416666666663303,2.413386685583695,0.0001938841207582384
2026-06-01 01:52:00,2.408416666666667,0.00016666666666775853,2.4134483339773096,6.164839361469328e-05
2026-06-01 01:54:00,2.409291666666666,0.0008749999999988489,2.4134674789545127,1.9144977202782457e-05
2026-06-01 01:56:00,2.4078749999999993,-0.0014166666666666217,2.4132925772747043,-0.0001749016798085748
2026-06-01 01:58:00,2.4077499999999996,-0.00012499999999970868,2.4130294752600547,-0.0002631020146492772
2026-06-01 02:00:00,2.408347826086956,0.0005978260869565766,2.41276693066274,-0.00026254459731437144
2026-06-01 02:02:00,2.4065833333333333,-0.0017644927536228927,2.4125591400074877,-0.00020779065525264477
2026-06-01 02:04:00,2.411208333333333,0.004624999999999879,2.4123694158557325,-0.00018972415175519676
2026-06-01 02:06:00,2.4070416666666667,-0.00416666666666643,2.412198787450619,-0.0001706284051137423
2026-06-01 02:08:00,2.409499999999999,0.002458333333332341,2.4120647459394338,-0.0001340415111848511
2026-06-01 02:10:00,2.407083333333333,-0.0024166666666660674,2.4119735268352342,-9.121910419990778e-05
2026-06-01 02:12:00,2.405583333333333,-0.0015000000000000568,2.4119263710927643,-4.71557424695352e-05
2026-06-01 02:14:00,2.407458333333333,0.001875000000000071,2.4119287432964356,2.3722036710636742e-06
2026-06-01 02:16:00,2.408625,0.0011666666666667602,2.4119874069546228,5.8663658187374934e-05
2026-06-01 02:18:00,2.4084999999999996,-0.00012500000000015277,2.409270169354203,0.000645169354203189
2026-06-01 02:20:00,2.4096250000000006,0.0011250000000009308,2.4094014119124063,0.0001312425582031504
2026-06-01 02:22:00,2.4131666666666662,0.003541666666665666,2.410174167507188,0.0007727555947819394
2026-06-01 02:24:00,2.410291666666667,-0.0028749999999990727,2.410774442897619,0.0006002753904310065
2026-06-01 02:26:00,2.4093333333333327,-0.0009583333333345045,2.4108908150071198,0.0001163721095004916
2026-06-01 02:28:00,2.409666666666667,0.0003333333333341848,2.4109042038149697,1.3388807850040879e-05
2026-06-01 02:30:00,2.4237083333333334,0.014041666666666508,2.4110126563901546,0.0001084525751849037
2026-06-01 02:32:00,2.408041666666666,-0.01566666666666716,2.4111194528364384,0.0001067964462838997
2026-06-01 02:34:00,2.408333333333333,0.0002916666666670231,2.4111481068689797,2.865403254151734e-05
2026-06-01 02:36:00,2.4069583333333333,-0.001374999999999904,2.4111186816338774,-2.9425235102299916e-05
2026-06-01 02:38:00,2.406434782608695,-0.0005235507246381665,2.4110503569819595,-6.832465191799766e-05
2026-06-01 02:40:00,2.4059166666666663,-0.000518115942028885,2.410927858106817,-0.0001224988751422515
2026-06-01 02:42:00,2.4218333333333333,0.015916666666667023,2.4107333362494314,-0.00019452185738586341
2026-06-01 02:44:00,2.4222083333333333,0.0003750000000000142,2.4104653963860123,-0.0002679398634192337
2026-06-01 02:46:00,2.4194166666666663,-0.00279166666666697,2.4101461981041066,-0.0003191982819058893
2026-06-01 02:48:00,2.4194166666666663,0.0,2.4190329092271985,-0.0003837574394678822
2026-06-01 02:50:00,2.407458333333333,-0.011958333333333293,2.418957889728685,-7.501949851339117e-05
2026-06-01 02:52:00,2.4070416666666663,-0.0004166666666667318,2.418699037489361,-0.00025885223932408134
2026-06-01 02:54:00,2.4072916666666666,0.00025000000000030553,2.4183416666002153,-0.00035737088914572393
2026-06-01 02:56:00,2.4066666666666667,-0.0006249999999998757,2.418047366686657,-0.00029429991355812437
2026-06-01 02:58:00,2.4071249999999993,0.0004583333333325612,2.4178167210196664,-0.0002306456669905451
2026-06-01 03:00:00,2.402208333333333,-0.004916666666666458,2.4175515014504474,-0.0002652195692192813
2026-06-01 03:02:00,2.407708333333334,0.005500000000000949,2.4173007550514374,-0.00025074639900995153
2026-06-01 03:04:00,2.4061250000000003,-0.001583333333333492,2.417075988673586,-0.00022476637785114455
2026-06-01 03:06:00,2.4103749999999997,0.004249999999999421,2.4168820774272066,-0.00019391124637947453
2026-06-01 03:08:00,2.4035833333333336,-0.006791666666666085,2.4167177101760218,-0.00016436725118483444
2026-06-01 03:10:00,2.4044583333333334,0.0008749999999997371,2.4165860719745997,-0.00013163820142197583
2026-06-01 03:12:00,2.4122916666666665,0.007833333333333137,2.4164961804631764,-8.989151142341787e-05
2026-06-01 03:14:00,2.4076666666666666,-0.004624999999999879,2.416456576340394,-3.960412278279208e-05
2026-06-01 03:16:00,2.404086956521739,-0.003579710144927528,2.4164727849260323,1.6208585638626703e-05
2026-06-01 03:18:00,2.406,0.001913043478261045,2.4085494774752556,0.004462520953516531
2026-06-01 03:20:00,2.406041666666666,4.166666666582941e-05,2.408704279890795,0.00015480241553934832
2026-06-01 03:22:00,2.4127916666666667,0.0067500000000007,2.408838419905551,0.00013414001475620438
2026-06-01 03:24:00,2.406291666666666,-0.0065000000000008384,2.4094941637495024,0.0006557438439513697
2026-06-01 03:26:00,2.4058333333333333,-0.0004583333333325612,2.409897021569559,0.00040285782005646323
2026-06-01 03:28:00,2.4053333333333335,-0.0004999999999997229,2.40989474760719,-2.2739623689983516e-06
2026-06-01 03:30:00,2.4055416666666667,0.00020833333333314386,2.409852862122785,-4.1885484404829965e-05
2026-06-01 03:32:00,2.4110416666666663,0.005499999999999616,2.40989249006803,3.9627945244523745e-05
2026-06-01 03:34:00,2.4125416666666664,0.0015000000000000568,2.409905997066257,1.350699822730724e-05
2026-06-01 03:36:00,2.4027499999999993,-0.009791666666667087,2.4098356753810855,-7.032168517168269e-05
2026-06-01 03:38:00,2.411708333333333,0.008958333333333623,2.4097085516188548,-0.00012712376223055153
2026-06-01 03:40:00,2.4223749999999997,0.010666666666666824,2.409538888782328,-0.00016966283652642403
2026-06-01 03:42:00,2.4201666666666664,-0.0022083333333333677,2.409306979726509,-0.0002319090558189866
2026-06-01 03:44:00,2.418041666666667,-0.0021249999999994884,2.4089988028081826,-0.0003081769183267259
2026-06-01 03:46:00,2.4191249999999993,0.0010833333333324369,2.4086352248005425,-0.00036357800764011676
2026-06-01 03:48:00,2.424583333333333,0.005458333333333787,2.419445347326957,0.0003203473269578909
2026-06-01 03:50:00,2.422125,-0.002458333333333229,2.4186358076333,-0.0008095396936574545
2026-06-01 03:52:00,2.4234166666666668,0.001291666666666913,2.418347352630773,-0.0002884550025269527
2026-06-01 03:54:00,2.4263478260869573,0.002931159420290541,2.418294551847738,-5.280078303450786e-05
2026-06-01 03:56:00,2.4251250000000004,-0.0012228260869568963,2.4180581171894326,-0.00023643465830555375
2026-06-01 03:58:00,2.419291666666666,-0.005833333333334245,2.4177124289216256,-0.0003456882678071749
2026-06-01 04:00:00,2.4035000000000006,-0.015791666666665538,2.417363123003696,-0.0003493059179293164
2026-06-01 04:02:00,2.406916666666667,0.0034166666666664014,2.4170838372285663,-0.0002792857751297878
2026-06-01 04:04:00,2.4075,0.0005833333333331581,2.4168138214343,-0.00027001579426634125
2026-06-01 04:06:00,2.4059583333333334,-0.0015416666666667744,2.4165476356288256,-0.0002661858054744308
2026-06-01 04:08:00,2.4047083333333332,-0.0012500000000001954,2.4163087378994494,-0.00023889772937631362
2026-06-01 04:10:00,2.4049166666666664,0.00020833333333314386,2.4161058851161474,-0.00020285278330177292
2026-06-01 04:12:00,2.405791666666666,0.0008749999999997371,2.4159402139662034,-0.0001656711499440223
2026-06-01 04:14:00,2.401666666666667,-0.004124999999999268,2.415819223122251,-0.00012099084395267456
2026-06-01 04:16:00,2.4072916666666666,0.005624999999999769,2.4157531518067077,-6.60713155430145e-05
2026-06-01 04:18:00,2.4141250000000007,0.006833333333334135,2.408569909898876,0.0012782432322096407
2026-06-01 04:20:00,2.4125,-0.0016250000000006537,2.408467496355211,-0.0001024135436652181
2026-06-01 04:22:00,2.4064166666666664,-0.0060833333333336626,2.4094326661966705,0.0009651698414595313
2026-06-01 04:24:00,2.4022499999999996,-0.004166666666666874,2.4101094383228703,0.0006767721261996922
2026-06-01 04:26:00,2.404791666666667,0.0025416666666675525,2.4099365982710275,-0.00017284005184300646
2026-06-01 04:28:00,2.4058333333333333,0.0010416666666661634,2.4096605449266377,-0.00027605334438970323
2026-06-01 04:30:00,2.40725,0.0014166666666666217,2.4096144067725476,-4.61381540899151e-05
2026-06-01 04:32:00,2.4158749999999998,0.008624999999999883,2.409582733325102,-3.167344744578735e-05
2026-06-01 04:34:00,2.403375,-0.012499999999999734,2.409435437725991,-0.00014729559911086867
2026-06-01 04:36:00,2.4131304347826084,0.009755434782608319,2.409236104977797,-0.00019933274819392008
2026-06-01 04:38:00,2.405958333333334,-0.007172101449274493,2.409025868082702,-0.00021023689509534752
2026-06-01 04:40:00,2.4017083333333336,-0.004250000000000309,2.408773072610861,-0.0002527954718406387
2026-06-01 04:42:00,2.4034583333333335,0.0017499999999999183,2.408447859905585,-0.0003252127052757798
2026-06-01 04:44:00,2.4095416666666667,0.0060833333333332185,2.4080499363003254,-0.0003979236052598583
2026-06-01 04:46:00,2.3982916666666663,-0.011250000000000426,2.407603135289249,-0.0004468010110762578
2026-06-01 04:48:00,2.397583333333333,-0.0007083333333333108,2.407822047924816,0.009530381258149716
2026-06-01 04:50:00,2.398875,0.001291666666666913,2.4073390882116232,-0.00048295971319263476
2026-06-01 04:52:00,2.3997083333333338,0.0008333333333339077,2.40635744140639,-0.0009816468052332452
2026-06-01 04:54:00,2.4057500000000003,0.006041666666666501,2.4067163944607386,0.00035895305434869716
2026-06-01 04:56:00,2.403375,-0.002375000000000238,2.406954218842638,0.00023782438189907742
2026-06-01 04:58:00,2.404166666666667,0.000791666666666746,2.4064228507726684,-0.0005313680699695691
2026-06-01 05:00:00,2.407875,0.0037083333333334245,2.4057635966352997,-0.0006592541373687029
2026-06-01 05:02:00,2.4067083333333334,-0.0011666666666667602,2.405386447258898,-0.00037714937640162614
2026-06-01 05:04:00,2.4012083333333334,-0.00550000000000006,2.405067325752029,-0.0003191215068685762
2026-06-01 05:06:00,2.4033333333333338,0.0021250000000003766,2.4046775261824282,-0.0003897995696010066
2026-06-01 05:08:00,2.4098333333333337,0.00649999999999995,2.4042934558109827,-0.0003840703714458694
2026-06-01 05:10:00,2.4112500000000003,0.0014166666666666217,2.403970479142668,-0.000322976668314575
2026-06-01 05:12:00,2.4104166666666664,-0.0008333333333339077,2.4036916398158765,-0.00027883932679129684
2026-06-01 05:14:00,2.4119166666666665,0.0015000000000000568,2.4034462661027765,-0.00024537371310016714
2026-06-01 05:16:00,2.4139166666666667,0.002000000000000224,2.4032515849523013,-0.00019468115047500904
2026-06-01 05:18:00,2.4104999999999994,-0.0034166666666672896,2.4134488351894383,-0.0004678314772284818
2026-06-01 05:20:00,2.4013478260869565,-0.009152173913042905,2.4131317550105296,-0.00031708017890883324
2026-06-01 05:22:00,2.4058749999999995,0.0045271739130430255,2.413403202829914,0.000271447819384669
2026-06-01 05:24:00,2.4057083333333336,-0.00016666666666598218,2.41354905666236,0.0001458538324458129
2026-06-01 05:26:00,2.407083333333333,0.00137499999999946,2.413377322168015,-0.0001717344943446702
2026-06-01 05:28:00,2.404291666666667,-0.0027916666666660817,2.413154238841974,-0.00022308332604085044
2026-06-01 05:30:00,2.400291666666667,-0.0040000000000000036,2.412992226273794,-0.00016201256818031669
2026-06-01 05:32:00,2.3987916666666673,-0.0014999999999996128,2.4128143463447365,-0.00017787992905778037
2026-06-01 05:34:00,2.4026666666666663,0.0038749999999989626,2.4125721026606564,-0.00024224368407991205
2026-06-01 05:36:00,2.402416666666667,-0.00024999999999941735,2.4122812332647454,-0.0002908693959108152
2026-06-01 05:38:00,2.390875,-0.011541666666667005,2.41195295671056,-0.00032827655418547807
2026-06-01 05:40:00,2.3935833333333334,0.0027083333333335347,2.4115747834877057,-0.00037817322285430726
2026-06-01 05:42:00,2.3954583333333335,0.001875000000000071,2.4111308410098076,-0.0004439424778983779
2026-06-01 05:44:00,2.3967916666666667,0.0013333333333331865,2.410615304401706,-0.0005155366081011431
2026-06-01 05:46:00,2.3943333333333334,-0.002458333333333229,2.410047639221126,-0.0005676651805805095
2026-06-01 05:48:00,2.3989999999999996,0.004666666666666153,2.396973451837563,0.0026401185042295716
2026-06-01 05:50:00,2.3990416666666667,4.166666666716168e-05,2.3964316530712804,-0.0005417987662826627
2026-06-01 05:52:00,2.396041666666666,-0.0030000000000005578,2.3963383936120612,-9.325945921896743e-05
2026-06-01 05:54:00,2.398333333333334,0.002291666666667691,2.3964147608397344,7.636722767278694e-05
2026-06-01 05:56:00,2.3997916666666668,0.0014583333333328952,2.396018745463101,-0.0003960153766334167
2026-06-01 05:58:00,2.4003333333333337,0.0005416666666668846,2.3954125899313805,-0.000606155531720368
2026-06-01 06:00:00,2.396291666666667,-0.004041666666666721,2.394865276746604,-0.0005473131847764586
2026-06-01 06:02:00,2.399304347826087,0.0030126811594199943,2.3944212940397596,-0.0004439827068444892
2026-06-01 06:04:00,2.4011249999999995,0.0018206521739125847,2.393955439742508,-0.000465854297251645
2026-06-01 06:06:00,2.404833333333333,0.0037083333333334245,2.3934687426726122,-0.00048669706989575435
2026-06-01 06:08:00,2.401416666666667,-0.0034166666666659573,2.3930041550964356,-0.0004645875761762996
2026-06-01 06:10:00,2.401083333333333,-0.0003333333333341848,2.3925652605903873,-0.0004388945060485906
2026-06-01 06:12:00,2.4040833333333333,0.0030000000000005578,2.3921458298467604,-0.00041943074362676296
2026-06-01 06:14:00,2.3994583333333335,-0.004624999999999879,2.3917591680256747,-0.0003866618210858634
2026-06-01 06:16:00,2.4058749999999995,0.006416666666666071,2.391423364004399,-0.00033580402127520803
2026-06-01 06:18:00,2.399291666666667,-0.006583333333332497,2.405664493637664,-0.00021050636233577806
2026-06-01 06:20:00,2.405083333333333,0.005791666666665751,2.4051457028123946,-0.000518790825269053
2026-06-01 06:22:00,2.394458333333333,-0.010624999999999662,2.40543880716466,0.0002931043522654041
2026-06-01 06:24:00,2.40225,0.007791666666666863,2.405606815988087,0.0001680088234267982
2026-06-01 06:26:00,2.3985416666666675,-0.0037083333333325363,2.4052757031809793,-0.00033111280710753754
2026-06-01 06:28:00,2.4005416666666664,0.0019999999999988916,2.4048419620783745,-0.0004337411026047825
2026-06-01 06:30:00,2.397416666666666,-0.0031250000000002665,2.404515619460819,-0.00032634261755561176
2026-06-01 06:32:00,2.4034583333333335,0.006041666666667389,2.404189813729951,-0.00032580573086802536
2026-06-01 06:34:00,2.4007916666666667,-0.002666666666666817,2.403783591990082,-0.00040622173986875503
2026-06-01 06:36:00,2.398041666666667,-0.002749999999999808,2.403324844885163,-0.00045874710491904797
2026-06-01 06:38:00,2.399833333333333,0.0017916666666661918,2.402839091532568,-0.0004857533525952684
2026-06-01 06:40:00,2.401375,0.0015416666666667744,2.4023107033157656,-0.0005283882168023058
2026-06-01 06:42:00,2.4037083333333324,0.0023333333333326323,2.4017180134962963,-0.0005926898194690482
2026-06-01 06:44:00,2.4008260869565214,-0.002882246376811004,2.4010549457455657,-0.0006630677507310423
2026-06-01 06:46:00,2.398916666666666,-0.0019094202898553014,2.400342895587366,-0.000712050158199626
2026-06-01 06:48:00,2.3997499999999996,0.0008333333333334636,2.401006466641912,0.002089799975245747
2026-06-01 06:50:00,2.3989583333333333,-0.0007916666666663019,2.400244363246568,-0.0007621033953434769
2026-06-01 06:52:00,2.400208333333333,0.0012499999999997513,2.3998127436347896,-0.0004316196117790228
2026-06-01 06:54:00,2.401875,0.0016666666666669272,2.399685894564068,-0.0001268490707214302
2026-06-01 06:56:00,2.399999999999999,-0.0018750000000009592,2.399275634305184,-0.0004102602588838796
2026-06-01 06:58:00,2.40075,0.0007500000000009166,2.3986546338756813,-0.0006210004295027646
2026-06-01 07:00:00,2.4049583333333326,0.004208333333332703,2.3980625691344986,-0.0005920647411826353
2026-06-01 07:02:00,2.4041666666666663,-0.0007916666666663019,2.397557084410411,-0.0005054847240875858
2026-06-01 07:04:00,2.401708333333333,-0.002458333333333229,2.397039468290396,-0.0005176161200149176
2026-06-01 07:06:00,2.4027916666666664,0.001083333333333325,2.396489512967339,-0.0005499553230570259
2026-06-01 07:08:00,2.3997916666666668,-0.0029999999999996696,2.395938230692544,-0.0005512822747954213
2026-06-01 07:10:00,2.4050000000000007,0.0052083333333339255,2.395396772871894,-0.0005414578206498702
2026-06-01 07:12:00,2.4170416666666665,0.01204166666666584,2.394864681406045,-0.0005320914658488311
2026-06-01 07:14:00,2.401333333333334,-0.015708333333332547,2.3943569396281017,-0.0005077417779432941
2026-06-01 07:16:00,2.40525,0.003916666666666124,2.3938933105678557,-0.0004636290602461219
2026-06-01 07:18:00,2.4015833333333334,-0.003666666666666707,2.4085942968891962,0.003344296889196342
2026-06-01 07:20:00,2.401958333333333,0.0003749999999995701,2.407757048154613,-0.0008372487345834741
2026-06-01 07:22:00,2.4036249999999995,0.0016666666666664831,2.407278140415081,-0.0004789077395316877
2026-06-01 07:24:00,2.4080833333333334,0.004458333333333897,2.4074829036671295,0.00020476325204832644
2026-06-01 07:26:00,2.401333333333333,-0.006750000000000256,2.4073738546897907,-0.0001090489773388171
2026-06-01 07:28:00,2.4081739130434783,0.006840579710145178,2.406815692868882,-0.0005581618209087563
2026-06-01 07:30:00,2.4118749999999998,0.0037010869565214932,2.406249923736296,-0.0005657691325858607
2026-06-01 07:32:00,2.4103333333333326,-0.0015416666666672185,2.4057884113063874,-0.000461512429908842
2026-06-01 07:34:00,2.4102916666666667,-4.166666666582941e-05,2.4052920885284057,-0.000496322777981559
2026-06-01 07:36:00,2.406958333333333,-0.0033333333333338544,2.404707673177047,-0.0005844153513585181
2026-06-01 07:38:00,2.408,0.0010416666666670515,2.4040795655635194,-0.0006281076135276186
2026-06-01 07:40:00,2.4040833333333333,-0.003916666666666568,2.403424147943379,-0.0006554176201403429
2026-06-01 07:42:00,2.3989583333333333,-0.005125000000000046,2.4027143268842543,-0.0007098210591251155
2026-06-01 07:44:00,2.408125,0.009166666666666767,2.4019312612198442,-0.0007830656644101468
2026-06-01 07:46:00,2.4082916666666665,0.00016666666666642627,2.401098152647541,-0.0008331085723029448
2026-06-01 07:48:00,2.407541666666667,-0.0007499999999995843,2.40803154509737,-0.0002601215692965114
2026-06-01 07:50:00,2.4086250000000002,0.001083333333333325,2.4072397390632756,-0.0007918060340942346
2026-06-01 07:52:00,2.4043750000000004,-0.004249999999999865,2.407196930146191,-4.280891708449751e-05
2026-06-01 07:54:00,2.4044166666666658,4.166666666538532e-05,2.4069278990791765,-0.00026903106701464414
2026-06-01 07:56:00,2.4047083333333332,0.0002916666666674672,2.4061928898115705,-0.0007350092676060258
2026-06-01 07:58:00,2.4102499999999996,0.005541666666666334,2.405459917165158,-0.0007329726464127074
2026-06-01 08:00:00,2.412291666666667,0.0020416666666673855,2.404921148412951,-0.00053876875220696
2026-06-01 08:02:00,2.404458333333333,-0.007833333333334025,2.4044060221344012,-0.0005151262785495551
2026-06-01 08:04:00,2.4085416666666664,0.004083333333333439,2.4038363479177187,-0.0005696742166827136
2026-06-01 08:06:00,2.40525,-0.0032916666666662486,2.4032491724328997,-0.0005871754848189155
2026-06-01 08:08:00,2.4072500000000003,0.002000000000000224,2.4026704829384826,-0.0005786894944170268
2026-06-01 08:10:00,2.4007391304347827,-0.006510869565217625,2.402087472077419,-0.0005830108610640489
2026-06-01 08:12:00,2.4040416666666666,0.0033025362318839235,2.4014981428651474,-0.0005893292122711114
2026-06-01 08:14:00,2.407916666666666,0.0038749999999994067,2.400928170934259,-0.0005699719308884885
2026-06-01 08:16:00,2.40525,-0.002666666666665929,2.400400652400452,-0.0005275185338069267
2026-06-01 08:18:00,2.4075,0.0022500000000000853,2.406466133795056,0.001216133795055999
2026-06-01 08:20:00,2.405958333333333,-0.0015416666666672185,2.4060917133625153,-0.0003744204325409775
2026-06-01 08:22:00,2.408166666666666,0.0022083333333329236,2.4062790504117704,0.00018733704925533195
2026-06-01 08:24:00,2.405791666666666,-0.002374999999999794,2.406384171354476,0.00010512094270533832
2026-06-01 08:26:00,2.4009583333333335,-0.004833333333332579,2.40593348268243,-0.0004506886720455739
2026-06-01 08:28:00,2.401375,0.0004166666666662877,2.4052980666026476,-0.0006354160797828471
2026-06-01 08:30:00,2.4059166666666667,0.004541666666666888,2.4047634030968656,-0.0005346635057815438
2026-06-01 08:32:00,2.4020833333333336,-0.003833333333333133,2.4042478683922113,-0.0005155347046547119
2026-06-01 08:34:00,2.4028333333333336,0.0007500000000000284,2.403652730987126,-0.0005951374050849252
2026-06-01 08:36:00,2.403,0.00016666666666642627,2.403000702858637,-0.0006520281284889739
2026-06-01 08:38:00,2.408833333333333,0.005833333333332913,2.402325777921709,-0.0006749249369279782
2026-06-01 08:40:00,2.4049166666666664,-0.003916666666666568,2.4016149988048823,-0.0007107791168271114
2026-06-01 08:42:00,2.406541666666667,0.0016250000000006537,2.4008433588658304,-0.0007716399390516942
2026-06-01 08:44:00,2.4050000000000002,-0.0015416666666667744,2.4000030034590574,-0.0008403554067729223
2026-06-01 08:46:00,2.406416666666667,0.0014166666666666217,2.3991178994513973,-0.0008851040076602467
2026-06-01 08:48:00,2.404333333333333,-0.002083333333333659,2.4064629316084716,4.62649418049058e-05
2026-06-01 08:50:00,2.4071666666666665,0.0028333333333332433,2.4055119187347582,-0.0009510128737133323
2026-06-01 08:52:00,2.406304347826087,-0.0008623188405794124,2.405208075470564,-0.00030384326419430514
2026-06-01 08:54:00,2.404375,-0.0019293478260871133,2.4049333495551113,-0.00027472591545270276
2026-06-01 08:56:00,2.407625,0.003249999999999975,2.4043085288121633,-0.0006248207429483387
2026-06-01 08:58:00,2.4058750000000004,-0.0017499999999994742,2.4036033005022537,-0.000705228309909442
2026-06-01 09:00:00,2.406541666666667,0.0006666666666665932,2.4030836550455748,-0.0005196454566787223
2026-06-01 09:02:00,2.40025,-0.006291666666666806,2.402599969575406,-0.0004836854701686064
2026-06-01 09:04:00,2.406,0.005749999999999922,2.4020750005363745,-0.0005249690390320756
2026-06-01 09:06:00,2.4050833333333337,-0.0009166666666664547,2.4015201211315578,-0.0005548794048164693
2026-06-01 09:08:00,2.40475,-0.0003333333333337407,2.40096104580398,-0.0005590753275779529
2026-06-01 09:10:00,2.4017916666666665,-0.002958333333333396,2.4003950568931742,-0.0005659889108057184
2026-06-01 09:12:00,2.3987499999999997,-0.0030416666666668313,2.3998197367674727,-0.0005753201257014138
2026-06-01 09:14:00,2.4,0.0012500000000001954,2.399255341392769,-0.0005643953747038864
2026-06-01 09:16:00,2.4022916666666667,0.002291666666666803,2.3987262197911363,-0.0005291216016324613
2026-06-01 09:18:00,2.4028750000000003,0.0005833333333336022,2.40316645222134,0.0008747855546734825
2026-06-01 09:20:00,2.4018333333333337,-0.0010416666666666075,2.4025780553281213,-0.0005883968932187738
2026-06-01 09:22:00,2.3988750000000003,-0.002958333333333396,2.4029843539573577,0.00040629862923645063
2026-06-01 09:24:00,2.400208333333334,0.0013333333333336306,2.4032582910103333,0.0002739370529755762
2026-06-01 09:26:00,2.397958333333333,-0.0022500000000009734,2.4027465023332093,-0.0005117886771240882
2026-06-01 09:28:00,2.4047916666666667,0.006833333333333691,2.4020473750016653,-0.0006991273315441858
2026-06-01 09:30:00,2.402458333333334,-0.0023333333333326323,2.401533482580434,-0.000513892421231086
2026-06-01 09:32:00,2.4019583333333334,-0.0005000000000006111,2.4010420103515346,-0.0004914722288994124
2026-06-01 09:34:00,2.3992083333333327,-0.0027500000000006963,2.4004364395254396,-0.0006055708260948482
2026-06-01 09:36:00,2.4067826086956523,0.007574275362319582,2.39977078344584,-0.0006656560795998183
2026-06-01 09:38:00,2.4014583333333333,-0.005324275362319053,2.399095520602369,-0.0006752628434707326
2026-06-01 09:40:00,2.4024583333333336,0.001000000000000334,2.398386328335691,-0.00070919226667835
2026-06-01 09:42:00,2.4028750000000003,0.0004166666666667318,2.397612313365696,-0.0007740149699947455
2026-06-01 09:44:00,2.4075833333333336,0.004708333333333314,2.396771377043198,-0.0008409363224977927
2026-06-01 09:46:00,2.3973333333333327,-0.01025000000000098,2.3958916693804233,-0.0008797076627752124
2026-06-01 09:48:00,2.3980833333333336,0.0007500000000009166,2.4023619706821515,0.005028637348819086
2026-06-01 09:50:00,2.399083333333334,0.001000000000000334,2.4017088862959404,-0.0006530843862111587
2026-06-01 09:52:00,2.3985416666666666,-0.0005416666666673287,2.400809939865345,-0.0008989464305957934
2026-06-01 09:54:00,2.4014583333333333,0.0029166666666666785,2.4007086429836018,-0.00010129688174315385
2026-06-01 09:56:00,2.3985833333333333,-0.002874999999999961,2.4004913612500265,-0.00021728173357503602
2026-06-01 09:58:00,2.4334166666666666,0.03483333333333327,2.399841434176801,-0.0006499270732253825
2026-06-01 10:00:00,2.411875,-0.021541666666666348,2.3992492657575064,-0.0005921684192946909
2026-06-01 10:02:00,2.3996666666666666,-0.012208333333333599,2.3987913419188667,-0.0004579238386398206
2026-06-01 10:04:00,2.395541666666666,-0.0041250000000006,2.398346138418657,-0.0004452035002094328
2026-06-01 10:06:00,2.3972916666666673,0.0017500000000012506,2.397837417273589,-0.0005087211450681408
2026-06-01 10:08:00,2.3972916666666673,0.0,2.397303917278975,-0.0005334999946139519
2026-06-01 10:10:00,2.3986666666666667,0.00137499999999946,2.396777155966225,-0.0005267613127503015
2026-06-01 10:12:00,2.3954999999999997,-0.003166666666666984,2.3962491341410654,-0.000528021825159254
2026-06-01 10:14:00,2.3967916666666667,0.001291666666666913,2.395721305504208,-0.0005278286368574492
2026-06-01 10:16:00,2.396708333333333,-8.333333333343518e-05,2.3952182857531206,-0.0005030197510874131
2026-06-01 10:18:00,2.404826086956522,0.008117753623188673,2.40208238223864,0.0053740489053068895
2026-06-01 10:20:00,2.3949583333333337,-0.009867753623188147,2.4008847760822363,-0.0011976061564036313
2026-06-01 10:22:00,2.398,0.003041666666666387,2.400905803710595,2.1027628358330097e-05
2026-06-01 10:24:00,2.397208333333334,-0.0007916666666663019,2.4017781699547625,0.0008723662441678609
2026-06-01 10:26:00,2.397125000000001,-8.333333333299109e-05,2.4014806094594685,-0.00029756049529414727
2026-06-01 10:28:00,2.3965000000000005,-0.0006250000000003197,2.4004781412630853,-0.0010024681963833391
2026-06-01 10:30:00,2.3975833333333334,0.001083333333332881,2.399829854256767,-0.0006482870063179329
2026-06-01 10:32:00,2.397625,4.166666666671759e-05,2.39940977582924,-0.00042007842752743397
2026-06-01 10:34:00,2.396375,-0.0012500000000001954,2.398822831700439,-0.0005869441288007301
2026-06-01 10:36:00,2.399458333333334,0.003083333333333993,2.398107045720804,-0.0007157859796352802
2026-06-01 10:38:00,2.3925833333333335,-0.0068750000000004086,2.397414182225363,-0.0006928634954407373
2026-06-01 10:40:00,2.395166666666667,0.002583333333333382,2.3967243562124008,-0.0006898260129622176
2026-06-01 10:42:00,2.3980416666666673,0.002875000000000405,2.395966651249017,-0.0007577049633839833
2026-06-01 10:44:00,2.3987916666666664,0.0007499999999991402,2.395137456492024,-0.0008291947569929271
2026-06-01 10:46:00,2.394458333333334,-0.004333333333332412,2.394281200609835,-0.000856255882189034
2026-06-01 10:48:00,2.3951249999999993,0.000666666666665261,2.3964834245105333,0.0020250911771991765
2026-06-01 10:50:00,2.3913749999999996,-0.003749999999999698,2.395790670117208,-0.0006927543933255628
2026-06-01 10:52:00,2.3932083333333325,0.0018333333333329094,2.395457793632238,-0.0003328764849696741
2026-06-01 10:54:00,2.3939166666666662,0.0007083333333337549,2.3953876170043626,-7.017662787523238e-05
2026-06-01 10:56:00,2.3924999999999996,-0.0014166666666666217,2.394994495218227,-0.00039312178613590655
2026-06-01 10:58:00,2.395375,0.002875000000000405,2.3943845043920446,-0.0006099908261822841
2026-06-01 11:00:00,2.394,-0.001374999999999904,2.393930518665705,-0.00045398572633938096
2026-06-01 11:02:00,2.3965217391304345,0.0025217391304344083,2.3935444243364743,-0.00038609432923099513
2026-06-01 11:04:00,2.395,-0.0015217391304345185,2.393132137164731,-0.0004122871717429519
2026-06-01 11:06:00,2.390125,-0.004875000000000185,2.3926792269886628,-0.00045291017606825584
2026-06-01 11:08:00,2.397708333333334,0.0075833333333341635,2.392217235560578,-0.00046199142808456403
2026-06-01 11:10:00,2.3865833333333333,-0.011125000000000718,2.3917516453325556,-0.0004655902280228276
2026-06-01 11:12:00,2.3906250000000004,0.004041666666667165,2.391273434045917,-0.00047821128663862395
2026-06-01 11:14:00,2.3848750000000005,-0.005749999999999922,2.3907907261411308,-0.00048270790478634727
2026-06-01 11:16:00,2.3984166666666664,0.013541666666665897,2.390326657267434,-0.00046406887369619546
2026-06-01 11:18:00,2.3868750000000003,-0.011541666666666117,2.3948319430847413,-0.0035847235819249476
2026-06-01 11:20:00,2.3945000000000003,0.007624999999999993,2.393801884363606,-0.001030058721135386
2026-06-01 11:22:00,2.3968333333333334,0.0023333333333330764,2.3952709309718183,0.0014690466082121424
2026-06-01 11:24:00,2.39925,0.0024166666666665115,2.3954827522219952,0.0002118212501770233
2026-06-01 11:26:00,2.3952499999999994,-0.004000000000000448,2.394340335113711,-0.0011424171082842628
2026-06-01 11:28:00,2.3950833333333335,-0.00016666666666598218,2.3936138683365438,-0.000726466777167088
2026-06-01 11:30:00,2.396833333333333,0.0017499999999994742,2.393364783847271,-0.0002490844892729736
2026-06-01 11:32:00,2.3938750000000004,-0.002958333333332508,2.3929455522741514,-0.0004192315731194558
2026-06-01 11:34:00,2.3913749999999996,-0.002500000000000835,2.392295693718026,-0.0006498585561255758
2026-06-01 11:36:00,2.399,0.007625000000000437,2.3916622406415535,-0.0006334530764725833
2026-06-01 11:38:00,2.3980833333333327,-0.0009166666666673429,2.3910675759752316,-0.0005946646663218447
2026-06-01 11:40:00,2.393541666666666,-0.004541666666666888,2.3904104236600636,-0.0006571523151677228
2026-06-01 11:42:00,2.396875,0.0033333333333342985,2.3896719827400736,-0.000738440919990052
2026-06-01 11:44:00,2.393833333333333,-0.0030416666666672754,2.3888871446358517,-0.0007848381042220833
2026-06-01 11:46:00,2.3980434782608695,0.004210144927536685,2.3880857369038253,-0.0008014077320261449
2026-06-01 11:48:00,2.390333333333333,-0.007710144927536522,2.3971173273476603,-0.0009261509132093606
2026-06-01 11:50:00,2.3907916666666664,0.0004583333333334494,2.3963595673416793,-0.000757760005980729
2026-06-01 11:52:00,2.3921666666666663,0.001374999999999904,2.396518442114564,0.00015887477288470826
2026-06-01 11:54:00,2.387958333333333,-0.004208333333333147,2.396427421299846,-9.102081471804439e-05
2026-06-01 11:56:00,2.390333333333334,0.002375000000000682,2.3958611140796493,-0.0005663072201968309
2026-06-01 11:58:00,2.395458333333333,0.005124999999999158,2.395298115620923,-0.0005629984587261999
2026-06-01 12:00:00,2.3911666666666664,-0.004291666666666583,2.3949886120290795,-0.000309503591843456
2026-06-01 12:02:00,2.3994166666666663,0.008249999999999869,2.3946864906360825,-0.0003021213929970041
2026-06-01 12:04:00,2.3935833333333334,-0.005833333333332913,2.394324019521336,-0.00036247111474643626
2026-06-01 12:06:00,2.396333333333333,0.002749999999999808,2.3939433461605177,-0.00038067336081832074
2026-06-01 12:08:00,2.3903749999999997,-0.00595833333333351,2.3935679585066976,-0.00037538765382026554
2026-06-01 12:10:00,2.397416666666666,0.007041666666666391,2.393178644083467,-0.00038931442323080086
2026-06-01 12:12:00,2.390625,-0.006791666666666085,2.3927653344481623,-0.00041330963530423776
2026-06-01 12:14:00,2.389208333333334,-0.0014166666666661776,2.3923427759024425,-0.00042255854571992255
2026-06-01 12:16:00,2.3904999999999994,0.0012916666666655807,2.3919314893217014,-0.00041128658074135113
2026-06-01 12:18:00,2.386333333333333,-0.00416666666666643,2.393635741291342,0.0031357412913424667
2026-06-01 12:20:00,2.3923749999999995,0.006041666666666501,2.3929634576847425,-0.0006722836065995354
2026-06-01 12:22:00,2.3945416666666666,0.002166666666667094,2.3931808352208885,0.00021737753614640913
2026-06-01 12:24:00,2.390166666666667,-0.004374999999999574,2.3938069195905776,0.0006260843696889169
2026-06-01 12:26:00,2.3868749999999994,-0.003291666666667581,2.3936489007082447,-0.00015801888233295155
2026-06-01 12:28:00,2.386833333333333,-4.16666666662735e-05,2.3930290121820215,-0.0006198885262231659
2026-06-01 12:30:00,2.3922083333333335,0.005375000000000352,2.3925628182510135,-0.0004661939310082728
2026-06-01 12:32:00,2.394173913043478,0.0019655797101445494,2.3922031218260416,-0.00035969642497186895
2026-06-01 12:34:00,2.3904583333333336,-0.0037155797101444676,2.3917327631956486,-0.0004703586303925522
2026-06-01 12:36:00,2.3840833333333333,-0.006375000000000242,2.3911605291981433,-0.0005722339975057513
2026-06-01 12:38:00,2.3896666666666664,0.0055833333333330515,2.390568807593965,-0.0005917216041780706
2026-06-01 12:40:00,2.385291666666666,-0.004375000000000462,2.3899541335011274,-0.0006146740928377343
2026-06-01 12:42:00,2.38675,0.0014583333333342274,2.3892813342222317,-0.0006727992788958264
2026-06-01 12:44:00,2.3848749999999996,-0.0018750000000005151,2.3885519719083352,-0.0007293623138962313
2026-06-01 12:46:00,2.385291666666667,0.0004166666666671759,2.3878056332754634,-0.0007463386328719311
2026-06-01 12:48:00,2.3824583333333336,-0.0028333333333332433,2.387211930924198,0.0019202642575313132
2026-06-01 12:50:00,2.390333333333334,0.007875000000000298,2.386498488108409,-0.0007134428157892786
2026-06-01 12:52:00,2.3889166666666664,-0.0014166666666675098,2.3865535863517504,5.5098243341611584e-05
2026-06-01 12:54:00,2.3901666666666666,0.0012500000000001954,2.3867925484389674,0.00023896208721682201
2026-06-01 12:56:00,2.3875416666666665,-0.0026250000000000995,2.386481536006244,-0.0003110124327229863
2026-06-01 12:58:00,2.3908333333333336,0.003291666666667137,2.385946289395065,-0.0005352466111791627
2026-06-01 13:00:00,2.3898333333333333,-0.001000000000000334,2.3856717195824095,-0.0002745698126555375
2026-06-01 13:02:00,2.3871249999999997,-0.0027083333333335347,2.3854774033666364,-0.00019431621577298863
2026-06-01 13:04:00,2.3878333333333326,0.0007083333333328667,2.3852292814176437,-0.000248121948992721
2026-06-01 13:06:00,2.3857500000000003,-0.0020833333333323267,2.384938693593487,-0.0002905878241567996
2026-06-01 13:08:00,2.3867083333333334,0.0009583333333331723,2.384651578620185,-0.00028711497330222884
2026-06-01 13:10:00,2.3885416666666672,0.0018333333333337976,2.3843596064041743,-0.0002919722160105873
2026-06-01 13:12:00,2.388,-0.0005416666666673287,2.38404133073369,-0.00031827567048409503
2026-06-01 13:14:00,2.3820434782608695,-0.005956521739130416,2.3837028338923516,-0.0003384968413383783
2026-06-01 13:16:00,2.3897500000000003,0.007706521739130778,2.3833653002582174,-0.0003375336341344239
2026-06-01 13:18:00,2.3877500000000005,-0.0019999999999997797,2.3894154411341755,-0.00033455886582463984
2026-06-01 13:20:00,2.388,0.00024999999999941735,2.388916714112704,-0.0004987270214716433
2026-06-01 13:22:00,2.386791666666667,-0.0012083333333330337,2.3895963144397876,0.0006796003270837213
2026-06-01 13:24:00,2.3950833333333335,0.008291666666666586,2.3899635647538426,0.0003672503140550699
2026-06-01 13:26:00,2.3912083333333336,-0.003874999999999851,2.389559567140921,-0.0004039976129216375
2026-06-01 13:28:00,2.393041666666667,0.0018333333333333535,2.389079710741705,-0.0004798563992158848
2026-06-01 13:30:00,2.384708333333333,-0.008333333333333748,2.388793769005586,-0.00028594173611914487
2026-06-01 13:32:00,2.3964166666666675,0.01170833333333432,2.388485286070982,-0.0003084829346038906
2026-06-01 13:34:00,2.38825,-0.008166666666667322,2.3880469915328875,-0.00043829453809463264
2026-06-01 13:36:00,2.3904583333333336,0.0022083333333333677,2.3875541362510346,-0.0004928552818530455
2026-06-01 13:38:00,2.386625,-0.0038333333333335773,2.387046712593203,-0.0005074236578314699
2026-06-01 13:40:00,2.3895000000000004,0.002875000000000405,2.3864949726439475,-0.0005517399492554929
2026-06-01 13:42:00,2.3913333333333333,0.0018333333333329094,2.3858824780309567,-0.0006124946129910204
2026-06-01 13:44:00,2.3886666666666665,-0.002666666666666817,2.3852264797048934,-0.0006559983260629001
2026-06-01 13:46:00,2.386875,-0.0017916666666666359,2.3845644367690824,-0.0006620429358111219
2026-06-01 13:48:00,2.391291666666666,0.004416666666666291,2.3903737603990223,0.003498760399022571
2026-06-01 13:50:00,2.3930416666666674,0.0017500000000012506,2.3897423121349757,-0.0006314482640465614
2026-06-01 13:52:00,2.386125,-0.00691666666666757,2.3896527512838253,-8.956085115047543e-05
2026-06-01 13:54:00,2.4031249999999993,0.01699999999999946,2.3900392777571344,0.000386526473309101
2026-06-01 13:56:00,2.385478260869565,-0.01764673913043424,2.389957919897096,-8.135786003817254e-05
2026-06-01 13:58:00,2.3875416666666665,0.002063405797101403,2.389526281438374,-0.00043163845872215426
2026-06-01 14:00:00,2.3818750000000004,-0.005666666666666043,2.3893217676075746,-0.00020451383079939873
2026-06-01 14:02:00,2.37975,-0.0021250000000003766,2.389239690738191,-8.207686938375831e-05
2026-06-01 14:04:00,2.3865416666666666,0.006791666666666529,2.389120206308059,-0.00011948443013166767
2026-06-01 14:06:00,2.382375,-0.00416666666666643,2.388943269184408,-0.00017693712365160195
2026-06-01 14:08:00,2.3833333333333324,0.0009583333333322841,2.388760784457764,-0.00018248472664361356
2026-06-01 14:10:00,2.3865000000000003,0.0031666666666678722,2.3885742667626917,-0.0001865176950722406
2026-06-01 14:12:00,2.3865833333333337,8.333333333343518e-05,2.3883577827773896,-0.00021648398530246574
2026-06-01 14:14:00,2.3848333333333334,-0.0017500000000003624,2.3881103379198954,-0.0002474448574940576
2026-06-01 14:16:00,2.3876250000000003,0.00279166666666697,2.387852156898073,-0.0002581810218223318
2026-06-01 14:18:00,2.385291666666667,-0.0023333333333335204,2.387712687159197,8.768715919686031e-05
2026-06-01 14:20:00,2.3865,0.0012083333333330337,2.387485306970879,-0.0002273801883182561
2026-06-01 14:22:00,2.385500000000001,-0.0009999999999990017,2.38819712011301,0.0007118131421313027
2026-06-01 14:24:00,2.3842499999999998,-0.0012500000000010836,2.3885736162469806,0.0003764961339702428
2026-06-01 14:26:00,2.383375,-0.0008749999999997371,2.3882684561705116,-0.00030516007646890007
2026-06-01 14:28:00,2.389333333333333,0.005958333333333066,2.3878883757403044,-0.00038008043020726226
2026-06-01 14:30:00,2.3869166666666666,-0.0024166666666665115,2.3876644464853145,-0.00022392925498979432
2026-06-01 14:32:00,2.3856666666666664,-0.0012500000000001954,2.3874176047935665,-0.00024684169174823435
2026-06-01 14:34:00,2.3884166666666666,0.0027500000000002522,2.3870581457614306,-0.0003594590321357342
2026-06-01 14:36:00,2.3836666666666666,-0.004750000000000032,2.3866453921339845,-0.00041275362744601374
2026-06-01 14:38:00,2.388826086956522,0.0051594202898552766,2.386211105813499,-0.0004342863204853467
2026-06-01 14:40:00,2.387166666666667,-0.001659420289854996,2.3857320271669846,-0.0004790786465147523
2026-06-01 14:42:00,2.3870833333333334,-8.333333333343518e-05,2.3851972086166247,-0.0005348185503599851
2026-06-01 14:44:00,2.3881666666666668,0.001083333333333325,2.384625536262513,-0.0005716723541116653
2026-06-01 14:46:00,2.3867500000000006,-0.0014166666666661776,2.384056893665573,-0.000568642596939969
2026-06-01 14:48:00,2.388583333333333,0.0018333333333324653,2.388285808101802,0.0015358081018015182
2026-06-01 14:50:00,2.3842083333333335,-0.004374999999999574,2.387917407560491,-0.00036840054131119764
2026-06-01 14:52:00,2.3831666666666673,-0.0010416666666661634,2.388042885302104,0.00012547774161325345
2026-06-01 14:54:00,2.3855,0.0023333333333326323,2.3883299075240987,0.00028702222199436636
2026-06-01 14:56:00,2.385291666666667,-0.00020833333333314386,2.3882685499133123,-6.13576107861378e-05
2026-06-01 14:58:00,2.3844166666666666,-0.0008750000000001812,2.3880386971273246,-0.00022985278598781556
2026-06-01 15:00:00,2.38775,0.0033333333333334103,2.38799649134697,-4.220578035472965e-05
2026-06-01 15:02:00,2.384041666666667,-0.0037083333333329804,2.3880151052988268,1.8613951856973544e-05
2026-06-01 15:04:00,2.386791666666667,0.002749999999999808,2.3879998122880592,-1.5293010767722628e-05
2026-06-01 15:06:00,2.3858333333333337,-0.0009583333333331723,2.387946375049473,-5.343723858577926e-05
2026-06-01 15:08:00,2.3854166666666665,-0.0004166666666671759,2.3878792683063277,-6.710674314560207e-05
2026-06-01 15:10:00,2.387791666666667,0.002375000000000682,2.3877900989728342,-8.916933349342444e-05
2026-06-01 15:12:00,2.3869166666666675,-0.0008749999999997371,2.3876610463077936,-0.00012905266504064023
2026-06-01 15:14:00,2.3873333333333338,0.0004166666666662877,2.3874937439173447,-0.00016730239044877423
2026-06-01 15:16:00,2.388541666666667,0.0012083333333330337,2.3873043073617484,-0.0001894365555965328
2026-06-01 15:18:00,2.384791666666667,-0.003749999999999698,2.3891100998893173,0.0005684332226506927
2026-06-01 15:20:00,2.3901250000000007,0.005333333333333634,2.389002734749355,-0.00010736513996238592
2026-06-01 15:22:00,2.3869565217391306,-0.003168478260870078,2.3894750347284623,0.0004722999791073448
2026-06-01 15:24:00,2.3852083333333334,-0.0017481884057972685,2.3897983331876214,0.0003232984591587816
2026-06-01 15:26:00,2.3813750000000002,-0.003833333333333133,2.3896378275412506,-0.00016050564637042062
2026-06-01 15:28:00,2.385875,0.0044999999999997264,2.3893505437187397,-0.0002872838225111972
2026-06-01 15:30:00,2.3853750000000002,-0.0004999999999997229,2.3891462833586954,-0.00020426036004401384
2026-06-01 15:32:00,2.384375,-0.001000000000000334,2.388934601403064,-0.00021168195563157333
2026-06-01 15:34:00,2.387625,0.003249999999999975,2.388640644077692,-0.00029395732537167043
2026-06-01 15:36:00,2.3917083333333333,0.004083333333333439,2.3882904810495247,-0.00035016302816776664
2026-06-01 15:38:00,2.386416666666667,-0.0052916666666664725,2.38790858531109,-0.00038189573843440535
2026-06-01 15:40:00,2.3879583333333336,0.0015416666666667744,2.3874847179412866,-0.00042386736980346733
2026-06-01 15:42:00,2.387541666666667,-0.0004166666666667318,2.3870131787686253,-0.0004715391726613286
2026-06-01 15:44:00,2.3858749999999995,-0.0016666666666673713,2.386511695446447,-0.0005014833221781401
2026-06-01 15:46:00,2.3868333333333336,0.0009583333333340605,2.386022298483498,-0.0004893969629494386
2026-06-01 15:48:00,2.387375,0.0005416666666664405,2.388005365064998,0.001172031731664546
2026-06-01 15:50:00,2.3892916666666673,0.0019166666666672327,2.3876672986961887,-0.00033806636880940666
2026-06-01 15:52:00,2.383333333333333,-0.005958333333334398,2.387969925802435,0.00030262710624661304
2026-06-01 15:54:00,2.3902499999999995,0.006916666666666682,2.3883658242345915,0.00039589843215633665
2026-06-01 15:56:00,2.3889166666666664,-0.0013333333333331865,2.3883680149676114,2.1907330196153953e-06
2026-06-01 15:58:00,2.3904583333333336,0.0015416666666672185,2.388235306088902,-0.0001327088787093953
2026-06-01 16:00:00,2.3875416666666665,-0.0029166666666671226,2.3882865285571664,5.1222468264554036e-05
2026-06-01 16:02:00,2.3891666666666667,0.0016250000000002096,2.3883934172058074,0.00010688864864077549
2026-06-01 16:04:00,2.390166666666667,0.001000000000000334,2.3884595170578358,6.609985202836237e-05
2026-06-01 16:06:00,2.3877826086956526,-0.002384057971014375,2.3884891060352658,2.9588977430059123e-05
2026-06-01 16:08:00,2.3925833333333335,0.0048007246376808865,2.388504609186644,1.550315137851495e-05
2026-06-01 16:10:00,2.394125,0.0015416666666663303,2.388491694896831,-1.2914289813094467e-05
2026-06-01 16:12:00,2.3837083333333333,-0.010416666666666519,2.3884309984212333,-6.069647559756157e-05
2026-06-01 16:14:00,2.388083333333333,0.004374999999999574,2.388325049388198,-0.0001059490330353761
2026-06-01 16:16:00,2.3918333333333335,0.003750000000000586,2.3881903054122917,-0.0001347439759065146
2026-06-01 16:18:00,2.3967916666666667,0.004958333333333176,2.392054026931663,0.00022069359832969587
2026-06-01 16:20:00,2.3930000000000002,-0.0037916666666664156,2.391757717825089,-0.00029630910657439495
2026-06-01 16:22:00,2.3935,0.0004999999999997229,2.392485347884853,0.0007276300597645035
2026-06-01 16:24:00,2.394625,0.0011250000000000426,2.392955962288213,0.00047061440335942676
2026-06-01 16:26:00,2.389791666666666,-0.004833333333333911,2.392704158041544,-0.00025180424666878306
2026-06-01 16:28:00,2.391791666666667,0.002000000000001112,2.3923557779981226,-0.00034838004342114333
2026-06-01 16:30:00,2.393583333333334,0.0017916666666666359,2.3921903142315517,-0.00016546376657102855
2026-06-01 16:32:00,2.3970833333333337,0.0034999999999998366,2.392023942779989,-0.000166371451562615
2026-06-01 16:34:00,2.3928333333333334,-0.004250000000000309,2.3917495639146713,-0.0002743788653177564
2026-06-01 16:36:00,2.395041666666667,0.0022083333333338118,2.391425799778155,-0.00032376413651626903
2026-06-01 16:38:00,2.3944583333333336,-0.0005833333333336022,2.3910886197074936,-0.00033718007066126023
2026-06-01 16:40:00,2.3939999999999997,-0.0004583333333338935,2.390714633770829,-0.00037398593666471136
2026-06-01 16:42:00,2.397791666666666,0.0037916666666664156,2.390293358667589,-0.0004212751032398428
2026-06-01 16:44:00,2.4090416666666665,0.011250000000000426,2.3898486939672474,-0.000444664700341727
2026-06-01 16:46:00,2.400791666666667,-0.008249999999999424,2.389426721516031,-0.0004219724512162375
2026-06-01 16:48:00,3.886529411764706,1.4857377450980387,2.40223965259633,0.0014479859296630136
2026-06-01 16:50:00,1.86075,-2.025779411764706,2.4027370332562885,0.0004973806599582774
2026-06-01 16:52:00,1.8599999999999999,-0.0007500000000000284,2.5007748285006923,0.09803779524440394
2026-06-01 16:54:00,1.877,0.017000000000000126,2.5008593091034106,8.44806027182166e-05
2026-06-01 16:56:00,1.8599999999999999,-0.017000000000000126,2.501061421434504,0.00020211233109357278
2026-06-01 16:58:00,1.84,-0.019999999999999796,2.5012532556306892,0.00019183419618488888
2026-06-01 17:00:00,1.8075,-0.03249999999999997,2.501446850365091,0.00019359473440196554
2026-06-01 17:02:00,1.79675,-0.010750000000000037,2.5016313627554196,0.0001845123903286598
2026-06-01 17:04:00,1.7830000000000001,-0.013749999999999929,2.5018114812689287,0.00018011851350912663
2026-06-01 17:06:00,1.75275,-0.03025000000000011,2.501963279426061,0.00015179815713197212
2026-06-01 17:08:00,1.7240000000000002,-0.02874999999999983,2.502071620400348,0.00010834097428708178
2026-06-01 17:10:00,2.112,0.3879999999999999,2.5021336922957125,6.207189536457833e-05
2026-06-01 17:12:00,2.11525,0.003249999999999975,2.5021486457753923,1.495347967996724e-05
2026-06-01 17:14:00,2.0962500000000004,-0.018999999999999684,2.502118786431715,-2.985934367702438e-05
2026-06-01 17:16:00,2.14025,0.043999999999999595,2.5020562238155657,-6.256261614986223e-05
2026-06-01 17:18:00,2.149,0.008750000000000036,2.098583070473287,-0.041666929526713185
2026-06-01 17:20:00,2.119,-0.029999999999999805,2.089863111954335,-0.008719958518951758
2026-06-01 17:22:00,2.1590000000000003,0.040000000000000036,2.103867299090659,0.014004187136323898
2026-06-01 17:24:00,2.07325,-0.08575000000000044,2.1025911633357746,-0.0012761357548844393
2026-06-01 17:26:00,2.1315,0.058250000000000135,2.0894730887997506,-0.013118074536023894
2026-06-01 17:28:00,2.12075,-0.010749999999999815,2.090402193405595,0.0009291046058443903
2026-06-01 17:30:00,2.10525,-0.015500000000000291,2.096124901595785,0.005722708190189678
2026-06-01 17:32:00,2.11775,0.012500000000000178,2.0927171605305324,-0.003407741065252134
2026-06-01 17:34:00,2.1115,-0.006250000000000089,2.0885951827019196,-0.00412197782861309
2026-06-01 17:36:00,2.1072499999999996,-0.004250000000000309,2.0895886690924934,0.0009934863905740469
2026-06-01 17:38:00,2.1109999999999998,0.003750000000000142,2.090633641161851,0.001044972069357595
2026-06-01 17:40:00,2.1174999999999997,0.00649999999999995,2.088885825048381,-0.0017478161134698719
2026-06-01 17:42:00,1.738,-0.3794999999999997,2.087566489370155,-0.0013193356782263813
2026-06-01 17:44:00,1.63375,-0.10424999999999995,2.0875044070974473,-6.208227270771303e-05
2026-06-01 17:46:00,1.637,0.003249999999999975,2.0872799165231117,-0.0002244905743355474
2026-06-01 17:48:00,1.6219999999999999,-0.015000000000000124,1.673190106084635,0.036190106084635014
2026-06-01 17:50:00,1.89475,0.27275000000000005,1.6769380929996418,0.0037479869150067384
2026-06-01 17:52:00,2.0875,0.19274999999999998,1.664938547948016,-0.01199954505162564
2026-06-01 17:54:00,2.0875,0.0,1.668175055320936,0.0032365073729198348
2026-06-01 17:56:00,2.0700000000000003,-0.017499999999999627,1.6776280215425352,0.00945296622159914
2026-06-01 17:58:00,2.0745,0.0044999999999997264,1.6713906651981605,-0.0062373563443746055
2026-06-01 18:00:00,2.07875,0.004249999999999865,1.665905789992011,-0.005484875206149467
2026-06-01 18:02:00,2.08375,0.0050000000000003375,1.6694148829946618,0.003509093002650779
2026-06-01 18:04:00,2.07225,-0.011500000000000288,1.6716758982998166,0.002261015305154836
2026-06-01 18:06:00,2.0730000000000004,0.0007500000000004725,1.667831203570716,-0.0038446947291006397
2026-06-01 18:08:00,2.0687499999999996,-0.004250000000000753,1.6665534967944586,-0.0012777067762573316
2026-06-01 18:10:00,2.06725,-0.0014999999999996128,1.6679782380533381,0.0014247412588793305
2026-06-01 18:12:00,2.0635,-0.003750000000000142,1.6680850013516144,0.00010676329827645264
2026-06-01 18:14:00,2.0637499999999998,0.00024999999999986144,1.6669563236225269,-0.0011286777290876466
2026-06-01 18:16:00,2.0614999999999997,-0.0022500000000000853,1.6666298246555271,-0.0003264989669997546
2026-06-01 18:18:00,2.0635,0.002000000000000224,2.0710949866689923,0.009594986668992493
2026-06-01 18:20:00,2.0835,0.020000000000000018,2.0697551336585223,-0.0013398530104697102
2026-06-01 18:22:00,2.06825,-0.015249999999999986,2.0695215813230723,-0.0002335523354502533
2026-06-01 18:24:00,2.0534999999999997,-0.014750000000000263,2.071778761860339,0.002257180537266839
2026-06-01 18:26:00,2.0547500000000003,0.0012500000000006395,2.072245999739113,0.0004672378787737053
2026-06-01 18:28:00,2.069,0.014249999999999652,2.07081309453836,-0.0014329052007525682
2026-06-01 18:30:00,2.04675,-0.022250000000000103,2.0703196748772514,-0.0004934196611086715
2026-06-01 18:32:00,2.045,-0.0017499999999999183,2.070576524860493,0.00025684998324140693
2026-06-01 18:34:00,2.04225,-0.002749999999999808,2.070388675662679,-0.00018784919781375802
2026-06-01 18:36:00,2.04825,0.005999999999999783,2.0698945797381403,-0.0004940959245388761
2026-06-01 18:38:00,2.03225,-0.016000000000000014,2.069599202350042,-0.0002953773880986168
2026-06-01 18:40:00,2.0397499999999997,0.00749999999999984,2.0694123181475708,-0.00018688420247091263
2026-06-01 18:42:00,2.03725,-0.0024999999999999467,2.069127690118063,-0.00028462802950786055
2026-06-01 18:44:00,2.0305,-0.006749999999999812,2.068787529555992,-0.00034016056207116765
2026-06-01 18:46:00,2.03275,0.0022500000000000853,2.068503919211368,-0.00028361034462356016
2026-06-01 18:48:00,2.0374999999999996,0.004749999999999588,2.050304266991112,0.017554266991111938
2026-06-01 18:50:00,2.04175,0.004250000000000309,2.0466561886025025,-0.0036480783886093803
2026-06-01 18:52:00,2.03925,-0.0024999999999999467,2.0450130154322577,-0.0016431731702449212
2026-06-01 18:54:00,2.04875,0.009500000000000064,2.048087056498218,0.0030740410659603683
2026-06-01 18:56:00,2.05175,0.0030000000000001137,2.0493630157058407,0.0012759592076227865
2026-06-01 18:58:00,2.0467500000000003,-0.004999999999999893,2.047548716121965,-0.0018142995838754537
2026-06-01 19:00:00,2.0435000000000003,-0.003249999999999975,2.04702587014591,-0.0005228459760552521
2026-06-01 19:02:00,2.03975,-0.003750000000000142,2.0477485719071,0.0007227017611898456
2026-06-01 19:04:00,2.0415,0.0017499999999999183,2.0479484860047736,0.00019991409767373898
2026-06-01 19:06:00,2.0483,0.006799999999999695,2.0476687260818958,-0.0002797599228777861
2026-06-01 19:08:00,2.040791666666667,-0.007508333333333006,2.0476639581301423,-4.767951753426142e-06
2026-06-01 19:10:00,2.0392083333333333,-0.001583333333333492,2.047874580768131,0.00021062263798861925
2026-06-01 19:12:00,2.040333333333333,0.0011249999999995985,2.0479897084457517,0.00011512767762040104
2026-06-01 19:14:00,2.0415833333333335,0.0012500000000006395,2.048020000046311,3.029160055974647e-05
2026-06-01 19:16:00,2.0387083333333336,-0.002874999999999961,2.0480969009403656,7.690089405444354e-05
2026-06-01 19:18:00,2.035958333333333,-0.0027500000000006963,2.0425904865300595,0.003882153196726077
2026-06-01 19:20:00,2.036333333333333,0.0003750000000000142,2.0427137680156005,0.00012328148554061917
2026-06-01 19:22:00,2.0404166666666663,0.004083333333333439,2.043321775971608,0.0006080079560078003
2026-06-01 19:24:00,2.0389166666666663,-0.0015000000000000568,2.044249207341967,0.0009274313703587258
2026-06-01 19:26:00,2.0420416666666665,0.0031250000000002665,2.0445807012275306,0.0003314938855638091
2026-06-01 19:28:00,2.036666666666667,-0.0053749999999994635,2.0445245968868546,-5.610434067610174e-05
2026-06-01 19:30:00,2.037583333333333,0.0009166666666660106,2.044566690867119,4.2093980264756735e-05
2026-06-01 19:32:00,2.0402083333333336,0.0026250000000005436,2.0447048684961344,0.0001381776290153556
2026-06-01 19:34:00,2.041,0.0007916666666663019,2.044776815572653,7.194707651831356e-05
2026-06-01 19:36:00,2.0414583333333334,0.0004583333333334494,2.0447661032007405,-1.0712371912336175e-05
2026-06-01 19:38:00,2.044375,0.0029166666666666785,2.0447216339330003,-4.4469267740286414e-05
2026-06-01 19:40:00,2.039083333333333,-0.0052916666666669165,2.0446453625436267,-7.627138937349684e-05
2026-06-01 19:42:00,2.042043478260869,0.002960144927536046,2.04451893607836,-0.00012642646526649424
2026-06-01 19:44:00,2.038,-0.004043478260869371,2.044351410379261,-0.00016752569909947335
2026-06-01 19:46:00,2.0380833333333332,8.333333333343518e-05,2.0441852685993207,-0.0001661417799402963
2026-06-01 19:48:00,2.0369999999999995,-0.0010833333333337691,2.041000484732328,0.0029171513989949193
2026-06-01 19:50:00,2.0366250000000004,-0.00037499999999912603,2.04078209177245,-0.00021839295987787446
2026-06-01 19:52:00,2.040708333333334,0.004083333333333439,2.041150454054222,0.00036836228177140266
2026-06-01 19:54:00,2.0435833333333333,0.002874999999999517,2.041887380119054,0.0007369260648325282
2026-06-01 19:56:00,2.0404999999999998,-0.003083333333333549,2.0422204918918823,0.00033311177282814423
2026-06-01 19:58:00,2.039625,-0.0008749999999997371,2.0422955396556466,7.50477637643051e-05
2026-06-01 20:00:00,2.0407083333333333,0.001083333333333325,2.0424234015020586,0.00012786184641197377
2026-06-01 20:02:00,2.0400833333333326,-0.0006250000000007638,2.042650634161603,0.00022723265954399695
2026-06-01 20:04:00,2.0464166666666666,0.006333333333333968,2.042857278631146,0.00020664446954323805
2026-06-01 20:06:00,2.0434999999999994,-0.0029166666666671226,2.0430303796397116,0.00017310100856550366
2026-06-01 20:08:00,2.0444583333333335,0.0009583333333340605,2.043206713873197,0.00017633423348552995
2026-06-01 20:10:00,2.039916666666666,-0.004541666666667332,2.0433889424268257,0.00018222855362872933
2026-06-01 20:12:00,2.045375,0.005458333333333787,2.0435635779970887,0.00017463557026307057
2026-06-01 20:14:00,2.0442499999999995,-0.0011250000000004867,2.0437345440388524,0.00017096604176357398
2026-06-01 20:16:00,2.0403913043478257,-0.0038586956521737825,2.0439214019964806,0.000186857957628241
2026-06-01 20:18:00,2.045666666666667,0.005275362318841292,2.044083657297633,0.003692352949807031
2026-06-01 20:20:00,2.035624999999999,-0.010041666666667837,2.044356239860646,0.0002725825630132201
2026-06-01 20:22:00,2.0366666666666666,0.0010416666666674956,2.0448029798456626,0.00044673998501661583
2026-06-01 20:24:00,2.0353333333333334,-0.0013333333333331865,2.045638569083821,0.0008355892381583392
2026-06-01 20:26:00,2.0351249999999994,-0.00020833333333403203,2.046113923324937,0.00047535424111599587
2026-06-01 20:28:00,2.0365416666666665,0.0014166666666670658,2.046223855939941,0.00010993261500402929
2026-06-01 20:30:00,2.0356666666666663,-0.0008750000000001812,2.0463429244222455,0.00011906848230466492
2026-06-01 20:32:00,2.039166666666666,0.0034999999999998366,2.046537135104308,0.0001942106820622298
2026-06-01 20:34:00,2.031041666666667,-0.008124999999999272,2.0466881646165813,0.00015102951227373467
2026-06-01 20:36:00,2.0310416666666664,-4.440892098500626e-16,2.046755847041469,6.768242488749223e-05
2026-06-01 20:38:00,2.0320416666666667,0.001000000000000334,2.0467708965744076,1.504953293856696e-05
2026-06-01 20:40:00,2.0372500000000002,0.005208333333333481,2.046743069595097,-2.7826979310381744e-05
2026-06-01 20:42:00,2.0320416666666663,-0.0052083333333339255,2.046660166194232,-8.290340086533531e-05
2026-06-01 20:44:00,2.036458333333333,0.004416666666666735,2.0465266237725186,-0.00013354242171332044
2026-06-01 20:46:00,2.043458333333333,0.007000000000000117,2.0463792825704634,-0.0001473412020553463
2026-06-01 20:48:00,2.0396249999999996,-0.0038333333333335773,2.0397548916630264,-0.0037034416703069094
2026-06-01 20:50:00,2.0356956521739136,-0.003929347826086005,2.0396557683820995,-9.912328092687796e-05
2026-06-01 20:52:00,2.030041666666667,-0.005653985507246606,2.0408719162534106,0.0012161478713112583
2026-06-01 20:54:00,2.0356666666666667,0.005624999999999769,2.0410543056600483,0.000182389406637499
2026-06-01 20:56:00,2.0335416666666664,-0.0021250000000003766,2.040756465333297,-0.00029784032675142795
2026-06-01 20:58:00,2.0314166666666664,-0.0021249999999999325,2.0408208429721935,6.437763889693126e-05
2026-06-01 21:00:00,2.0352083333333333,0.0037916666666668597,2.041031291615444,0.00021044864325048452
2026-06-01 21:02:00,2.034458333333333,-0.0007500000000004725,2.041166779850944,0.00013548823549969688
2026-06-01 21:04:00,2.0324166666666668,-0.0020416666666660532,2.0412359138629106,6.913401196694595e-05
2026-06-01 21:06:00,2.0350416666666664,0.0026249999999996554,2.0413395183233183,0.000103604460407411
2026-06-01 21:08:00,2.037333333333333,0.002291666666666803,2.0414771934907785,0.00013767516746054706
2026-06-01 21:10:00,2.038333333333333,0.0009999999999998899,2.041610389213194,0.000133195722415437
2026-06-01 21:12:00,2.0403333333333333,0.002000000000000224,2.04173924034319,0.0001288511299956376
2026-06-01 21:14:00,2.0402083333333336,-0.00012499999999970868,2.041886194046447,0.00014695370325713527
2026-06-01 21:16:00,2.0392916666666667,-0.0009166666666668988,2.04206636929949,0.00018017525304303312
2026-06-01 21:18:00,2.04575,0.006458333333333233,2.04058941284399,0.0012977461773231891
2026-06-01 21:20:00,2.0345833333333334,-0.011166666666666547,2.04080894934915,0.0002195365051603112
2026-06-01 21:22:00,1.993125,-0.041458333333333375,2.0413606832396245,0.0005517338904741431
2026-06-01 21:24:00,1.997958333333333,0.004833333333333023,2.041960620496747,0.0005999372571227155
2026-06-01 21:26:00,1.995541666666666,-0.0024166666666669556,2.042272004422824,0.00031138392607679656
2026-06-01 21:28:00,1.9937499999999995,-0.0017916666666666359,2.0424304502189385,0.00015844579611460767
2026-06-01 21:30:00,1.9987391304347828,0.004989130434783329,2.0426107554698283,0.0001803052508898953
2026-06-01 21:32:00,1.9970833333333335,-0.0016557971014492523,2.0427976630630287,0.00018690759320038496
2026-06-01 21:34:00,2.0204166666666667,0.023333333333333206,2.0429293377790723,0.00013167471604359055
2026-06-01 21:36:00,2.02225,0.0018333333333333535,2.0429947996824107,6.546190333857227e-05
2026-06-01 21:38:00,2.0164166666666667,-0.005833333333333357,2.0430044174785453,9.61779613418613e-06
2026-06-01 21:40:00,2.0074583333333336,-0.00895833333333318,2.042956053698676,-4.836377986918934e-05
2026-06-01 21:42:00,1.9831250000000002,-0.024333333333333318,2.0428438729608818,-0.00011218073779425364
2026-06-01 21:44:00,1.9741666666666668,-0.008958333333333401,2.0426755558102263,-0.00016831715065554774
2026-06-01 21:46:00,1.9860416666666671,0.011875000000000302,2.042483147740951,-0.00019240806927539803
2026-06-01 21:48:00,1.9802499999999996,-0.005791666666667528,2.005395275585836,0.019353608919168687
2026-06-01 21:50:00,1.989166666666667,0.00891666666666735,2.001514809647719,-0.0038804659381170945
2026-06-01 21:52:00,1.9898333333333333,0.0006666666666663712,1.9992635957307885,-0.0022512139169301817
2026-06-01 21:54:00,1.9800000000000004,-0.009833333333332916,2.0020546955167915,0.002791099786003018
2026-06-01 21:56:00,1.9845833333333331,0.0045833333333327175,2.003506670960078,0.0014519754432865627
2026-06-01 21:58:00,1.9824166666666667,-0.002166666666666428,2.00161735675613,-0.0018893142039483274
2026-06-01 22:00:00,1.9879166666666668,0.00550000000000006,2.000734583363431,-0.0008827733926990187
2026-06-01 22:02:00,1.9887916666666665,0.0008749999999997371,2.0012028688838037,0.0004682855203730577
2026-06-01 22:04:00,1.9882916666666663,-0.000500000000000167,2.0012675747570223,6.470587321835298e-05
2026-06-01 22:06:00,2.031833333333334,0.0435416666666677,2.000830018860248,-0.00043755589677389587
2026-06-01 22:08:00,2.0847916666666664,0.05295833333333233,2.0006445314851184,-0.0001854873751297911
2026-06-01 22:10:00,2.089083333333333,0.004291666666666583,2.0007230472311037,7.851574598508344e-05
2026-06-01 22:12:00,2.0851304347826085,-0.0039528985507244485,2.000770442760654,4.7395529550634547e-05
2026-06-01 22:14:00,2.0877500000000007,0.00261956521739215,2.0007726764936007,2.2337329462540474e-06
2026-06-01 22:16:00,2.0875,-0.0002500000000007496,2.0008498182319694,7.714173836874155e-05
2026-06-01 22:18:00,2.084,-0.0034999999999998366,2.076260498588454,-0.011239501411545873
2026-06-01 22:20:00,2.0814166666666662,-0.002583333333333826,2.074443932734601,-0.0018165658538530068
2026-06-01 22:22:00,2.081125,-0.00029166666666613494,2.075862361808326,0.001418429073724824
2026-06-01 22:24:00,2.081041666666667,-8.333333333299109e-05,2.0753747978618855,-0.0004875639464405658
2026-06-01 22:26:00,2.075541666666666,-0.005500000000000949,2.074347846871713,-0.0010269509901719436
2026-06-01 22:28:00,2.0848333333333327,0.009291666666666476,2.0743740831338617,2.623626214829165e-05
2026-06-01 22:30:00,2.0822499999999997,-0.002583333333332938,2.0748150225167366,0.00044093938287506087
2026-06-01 22:32:00,2.0873333333333335,0.005083333333333773,2.0749483389637944,0.000133316447057609
2026-06-01 22:34:00,2.0874583333333336,0.00012500000000015277,2.0749070480665677,-4.129089722655692e-05
2026-06-01 22:36:00,2.083791666666667,-0.003666666666666707,2.074936437556212,2.9389489644100286e-05
2026-06-01 22:38:00,2.04525,-0.03854166666666714,2.074973054262502,3.6616706289957675e-05
2026-06-01 22:40:00,1.9688333333333337,-0.07641666666666613,2.0749067736312767,-6.628063122508247e-05
2026-06-01 22:42:00,1.9484583333333336,-0.020375000000000032,2.074749436280314,-0.00015733735096304675
2026-06-01 22:44:00,1.9527083333333337,0.004250000000000087,2.0745455754770776,-0.0002038608032361393
2026-06-01 22:46:00,1.9493043478260867,-0.003403985507246965,2.074318084947829,-0.00022749052924825143
2026-06-01 22:48:00,1.956333333333334,0.007028985507247176,1.9798294642020529,0.030525116375966086
2026-06-01 22:50:00,1.956625,0.00029166666666613494,1.9818561172072602,0.002026653005207283
2026-06-01 22:52:00,1.9470416666666663,-0.009583333333333721,1.9735194686391428,-0.008336648568117267
2026-06-01 22:54:00,1.9476666666666673,0.0006250000000009859,1.9767152510024004,0.003195782363257652
2026-06-01 22:56:00,1.9439166666666665,-0.0037500000000008082,1.9823974468437149,0.00568219584131432
2026-06-01 22:58:00,1.9510416666666661,0.007124999999999604,1.977843031802116,-0.0045544150415988485
2026-06-01 23:00:00,1.9469166666666669,-0.004124999999999268,1.9744799474521477,-0.003363084349968185
2026-06-01 23:02:00,1.950583333333334,0.003666666666667151,1.9761453578658745,0.0016654104137267184
2026-06-01 23:04:00,1.953125,0.002541666666665998,1.9769335857662227,0.000788227900348271
2026-06-01 23:06:00,1.948833333333333,-0.004291666666667027,1.9750866231344752,-0.0018469626317475245
2026-06-01 23:08:00,1.9589583333333336,0.010125000000000606,1.9742767675799737,-0.0008098555545015077
2026-06-01 23:10:00,1.9651666666666667,0.006208333333333149,1.9746774422801225,0.0004006747001488491
2026-06-01 23:12:00,1.9711249999999998,0.005958333333333066,1.9747502480369157,7.280575679310513e-05
2026-06-01 23:14:00,1.9690416666666666,-0.002083333333333215,1.9744192246120553,-0.0003310234248603242
2026-06-01 23:16:00,1.9723750000000002,0.0033333333333336324,1.9743462868145227,-7.293779753264013e-05
2026-06-01 23:18:00,1.969875,-0.0025000000000001688,1.9690438612689123,-0.0033311387310879467
2026-06-01 23:20:00,1.9788333333333334,0.008958333333333401,1.9686068724654724,-0.0004369888034398544
2026-06-01 23:22:00,1.9851666666666665,0.00633333333333308,1.9692473524335432,0.0006404799680708791
2026-06-01 23:24:00,1.9764166666666665,-0.008750000000000036,1.9694475651748495,0.00020021274130620442
2026-06-01 23:26:00,1.9776521739130437,0.001235507246377221,1.9694008590570593,-4.670611779026453e-05
2026-06-01 23:28:00,1.9844090909090908,0.00675691699604708,1.969535058375333,0.00013419931827371093
2026-06-01 23:30:00,1.9859545454545455,0.0015454545454547386,1.9697844307160823,0.00024937234074930376
2026-06-01 23:32:00,1.9872916666666665,0.0013371212121209286,1.969966552113335,0.0001821213972526067
2026-06-01 23:34:00,1.9839166666666668,-0.003374999999999684,1.9700633033855477,9.675127221283528e-05
2026-06-01 23:36:00,1.9802499999999998,-0.003666666666666929,1.9701177635569251,5.4460171377479824e-05
2026-06-01 23:38:00,1.9834999999999996,0.003249999999999753,1.9701252800621802,7.516505255139072e-06
2026-06-01 23:40:00,1.9897916666666664,0.006291666666666806,1.9700608025886528,-6.447747352751222e-05
2026-06-01 23:42:00,1.9855416666666663,-0.004250000000000087,1.9699187278953458,-0.00014207469330693333
2026-06-01 23:44:00,1.9844583333333332,-0.001083333333333103,1.9697093840865023,-0.00020934380884352703
2026-06-01 23:46:00,1.9906666666666661,0.006208333333332927,1.9694584680907816,-0.0002509159957207311
2026-06-01 23:48:00,1.9805833333333336,-0.010083333333332556,1.990350524353001,-0.00031614231366507346
2026-06-01 23:50:00,1.9847083333333335,0.004124999999999934,1.9898792456654766,-0.00047127868752454424
2026-06-01 23:52:00,1.9826666666666666,-0.0020416666666669414,1.9902355947385555,0.0003563490730789001
2026-06-01 23:54:00,1.9884583333333332,0.005791666666666639,1.9904705071390287,0.00023491240047337052
2026-06-01 23:56:00,1.9861250000000001,-0.0023333333333330764,1.990288503514501,-0.00018200362452773156
2026-06-01 23:58:00,1.9837916666666666,-0.0023333333333335204,1.990071702966749,-0.00021680054775212202
2026-06-02 00:00:00,1.9879999999999995,0.004208333333332925,1.989916216643999,-0.00015548632275006122
2026-06-02 00:02:00,1.9768749999999997,-0.01112499999999983,1.9898036256096698,-0.00011259103432909753
2026-06-02 00:04:00,1.979916666666666,0.003041666666666387,1.9896709261556895,-0.00013269945398026214
2026-06-02 00:06:00,1.9800833333333332,0.0001666666666670924,1.9895509550066113,-0.00011997114907815845
2026-06-02 00:08:00,1.9835416666666663,0.003458333333333119,1.9894734051569856,-7.754984962577896e-05
2026-06-02 00:10:00,1.9773750000000003,-0.0061666666666659875,1.9894339308914255,-3.947426556012228e-05
2026-06-02 00:12:00,1.9779130434782604,0.0005380434782600307,1.9894286948264686,-5.23606495687079e-06
2026-06-02 00:14:00,1.9818333333333331,0.003920289855072756,1.9894676024057978,3.890757932914847e-05
2026-06-02 00:16:00,1.9802499999999998,-0.00158333333333327,1.989560083550493,9.248114469530423e-05
2026-06-02 00:18:00,1.9749166666666669,-0.005333333333332968,1.982328491502121,0.0020784915021211468
2026-06-02 00:20:00,1.976875,0.001958333333333062,1.98264917243726,0.00032068093513891384
2026-06-02 00:22:00,1.976791666666667,-8.333333333299109e-05,1.983458535450258,0.0008093630129980645
2026-06-02 00:24:00,1.9768333333333334,4.1666666666495544e-05,1.9842132408068665,0.0007547053566085175
2026-06-02 00:26:00,1.9779166666666663,0.001083333333332881,1.9844480380493856,0.000234797242519071
2026-06-02 00:28:00,1.9760416666666665,-0.001874999999999849,1.9844910767086024,4.30386592167819e-05
2026-06-02 00:30:00,1.969666666666667,-0.0063749999999995755,1.9846205613081922,0.000129484599589922
2026-06-02 00:32:00,1.954416666666667,-0.015249999999999986,1.984773018318631,0.0001524570104386536
2026-06-02 00:34:00,1.952416666666667,-0.0020000000000000018,1.984850082279331,7.706396070007341e-05
2026-06-02 00:36:00,2.074125,0.12170833333333309,1.9848578746218306,7.792342499510811e-06
2026-06-02 00:38:00,2.0712083333333333,-0.0029166666666666785,1.9848214635483195,-3.641107351100352e-05
2026-06-02 00:40:00,2.0735,0.002291666666666803,1.9847308359331397,-9.062761517976219e-05
2026-06-02 00:42:00,2.072083333333334,-0.0014166666666661776,1.9845682371642894,-0.00016259876885028272
2026-06-02 00:44:00,2.0725416666666665,0.0004583333333325612,1.98433407121975,-0.00023416594453962752
2026-06-02 00:46:00,2.050458333333333,-0.022083333333333677,1.984053923783882,-0.0002801474358679652
2026-06-02 00:48:00,1.9774166666666666,-0.07304166666666623,2.048628711597638,-0.0018296217356948523
2026-06-02 00:50:00,1.9932499999999997,0.015833333333333144,2.0483035109110035,-0.0003252006866346633
2026-06-02 00:52:00,2.011782608695652,0.018532608695652097,2.047553900425454,-0.0007496104855494984
2026-06-02 00:54:00,2.034166666666667,0.02238405797101528,2.0469150712502255,-0.0006388291752281144
2026-06-02 00:56:00,2.0348750000000004,0.0007083333333333108,2.0467186493745464,-0.00019642187567947883
2026-06-02 00:58:00,2.0163749999999996,-0.01850000000000085,2.0466143079089973,-0.00010434146554901317
2026-06-02 01:00:00,2.0078750000000003,-0.008499999999999286,2.046346432216198,-0.0002678756927992561
2026-06-02 01:02:00,2.014208333333334,0.006333333333333524,2.0460796341604492,-0.00026679805574886695
2026-06-02 01:04:00,2.0029583333333334,-0.011250000000000426,2.045888832256934,-0.00019080190351504763
2026-06-02 01:06:00,2.000291666666666,-0.002666666666667261,2.045737506083468,-0.00015132617346600205
2026-06-02 01:08:00,1.9993333333333332,-0.0009583333333329502,2.04560069141359,-0.00013681466987802804
2026-06-02 01:10:00,1.9957916666666662,-0.0035416666666669983,2.0455003596503256,-0.00010033176326457836
2026-06-02 01:12:00,1.9776249999999997,-0.018166666666666442,2.0454567373959938,-4.362225433148817e-05
2026-06-02 01:14:00,1.9191250000000002,-0.05849999999999955,2.0454705981835333,1.3860787539278981e-05
2026-06-02 01:16:00,1.898583333333333,-0.020541666666667124,2.0455411730046174,7.057482108417144e-05
2026-06-02 01:18:00,1.8967500000000002,-0.0018333333333329094,1.9297627529508505,0.03117941961751754
2026-06-02 01:20:00,1.890958333333333,-0.0057916666666670835,1.9386569019975703,0.008894149046719726
2026-06-02 01:22:00,1.8960416666666668,0.005083333333333773,1.9320226019763624,-0.006634300021207981
2026-06-02 01:24:00,1.9554583333333335,0.05941666666666667,1.9331915307255647,0.0011689287492023818
2026-06-02 01:26:00,2.012583333333333,0.05712499999999965,1.9395346176921249,0.006343086966560076
2026-06-02 01:28:00,2.015,0.0024166666666669556,1.9372052012576568,-0.0023294164344680795
2026-06-02 01:30:00,2.0065000000000004,-0.00849999999999973,1.9327538283319448,-0.004451372925711889
2026-06-02 01:32:00,1.9655833333333337,-0.04091666666666671,1.9338282486669245,0.0010744203349797
2026-06-02 01:34:00,1.9407083333333335,-0.024875000000000203,1.9353938333899454,0.0015655847230208232
2026-06-02 01:36:00,1.9409565217391305,0.00024818840579698964,1.9338233968653118,-0.0015704365246335965
2026-06-02 01:38:00,1.8536250000000003,-0.08733152173913017,1.9325898223184008,-0.0012335745469108557
2026-06-02 01:40:00,1.859625,0.005999999999999783,1.932770608329726,0.0001807860113251599
2026-06-02 01:42:00,1.8612499999999998,0.0016249999999997655,1.9327893848221662,1.8776492440044916e-05
2026-06-02 01:44:00,1.8600833333333335,-0.0011666666666663161,1.9321992555602847,-0.0005901292618812875
2026-06-02 01:46:00,1.854041666666667,-0.006041666666666501,1.9316751165989026,-0.0005241389613822037
2026-06-02 01:48:00,1.8520416666666664,-0.002000000000000668,1.884178697199194,0.03013703053252702
2026-06-02 01:50:00,1.8765000000000007,0.02445833333333436,1.8832377407143368,-0.0009409564848572133
2026-06-02 01:52:00,1.8861249999999998,0.009624999999999106,1.874948987067568,-0.008288753646768962
2026-06-02 01:54:00,1.8792499999999999,-0.0068749999999999645,1.8787985722887213,0.0038495852211533157
2026-06-02 01:56:00,1.8799583333333336,0.0007083333333337549,1.8841794593072325,0.0053808870185113695
2026-06-02 01:58:00,1.8779166666666665,-0.0020416666666671635,1.8790567570750674,-0.005122702232165215
2026-06-02 02:00:00,1.8732500000000003,-0.004666666666666153,1.8759010438096901,-0.003155713265377131
2026-06-02 02:02:00,1.858291666666667,-0.014958333333333407,1.8775926089206325,0.0016915651109422295
2026-06-02 02:04:00,1.8319999999999999,-0.026291666666667046,1.878166945752596,0.0005743368319636086
2026-06-02 02:06:00,1.81475,-0.017249999999999766,1.8762866870443602,-0.001880258708235847
2026-06-02 02:08:00,1.8389166666666668,0.02416666666666667,1.8754970629092849,-0.0007896241350754064
2026-06-02 02:10:00,1.832625,-0.006291666666666806,1.8758453702662437,0.0003483073569588752
2026-06-02 02:12:00,1.832526315789474,-9.868421052594556e-05,1.8758607501635296,1.537989728591048e-05
2026-06-02 02:14:00,1.8219166666666666,-0.010609649122807374,1.875518192163376,-0.000342558000153764
2026-06-02 02:16:00,1.8299166666666666,0.008000000000000007,1.875445993822657,-7.219834071883305e-05
2026-06-02 02:18:00,1.8241250000000002,-0.005791666666666417,1.8467521685362258,0.016835501869559177
2026-06-02 02:20:00,1.8039166666666666,-0.020208333333333606,1.843487477332334,-0.0032646912038918614
2026-06-02 02:22:00,1.6237083333333333,-0.1802083333333333,1.8421086535667925,-0.0013788237655414804
2026-06-02 02:24:00,1.6277083333333333,0.0040000000000000036,1.8451642961825339,0.0030556426157414824
2026-06-02 02:26:00,1.6280000000000003,0.0002916666666670231,1.8465476005553803,0.0013833043728462523
2026-06-02 02:28:00,1.6322500000000002,0.004249999999999865,1.8448835466456375,-0.0016640539097428036
2026-06-02 02:30:00,1.6377916666666668,0.005541666666666556,1.8442562586878881,-0.000627287957749355
2026-06-02 02:32:00,1.6424166666666666,0.004624999999999879,1.8448094737073286,0.0005532150194404801
2026-06-02 02:34:00,1.6406666666666665,-0.0017500000000001403,1.8449399363315298,0.00013046262420133084
2026-06-02 02:36:00,1.6299583333333334,-0.010708333333333098,1.8445703909440572,-0.00036954538747262125
2026-06-02 02:38:00,1.6282916666666667,-0.0016666666666667052,1.8443596928021648,-0.00021069814189246395
2026-06-02 02:40:00,1.6302499999999995,0.00195833333333284,1.8443080189219216,-5.1673880243111993e-05
2026-06-02 02:42:00,1.629125,-0.0011249999999995985,1.8441459316479663,-0.0001620872739553659
2026-06-02 02:44:00,1.6174999999999997,-0.011625000000000218,1.8438497892608499,-0.00029614238711654043
2026-06-02 02:46:00,1.5996666666666666,-0.017833333333333146,1.843528283417998,-0.00032150584285163444
2026-06-02 02:48:00,1.5892608695652175,-0.010405797101449066,1.6262366290116113,0.02656996234494467
2026-06-02 02:50:00,1.6844999999999999,0.09523913043478238,1.6272118299025604,0.0009752008909491486
2026-06-02 02:52:00,2.3964166666666666,0.7119166666666668,1.6224914746684171,-0.004720355234143193
2026-06-02 02:54:00,2.387541666666667,-0.008874999999999744,1.62446163057875,0.001970155910332809
2026-06-02 02:56:00,2.380125,-0.007416666666666849,1.6274819830069907,0.0030203524282406686
2026-06-02 02:58:00,2.369958333333333,-0.010166666666667101,1.6251864909244669,-0.0022954920825237505
2026-06-02 03:00:00,2.3718749999999997,0.0019166666666667886,1.623073521040434,-0.0021129698840330786
2026-06-02 03:02:00,2.361791666666666,-0.010083333333333666,1.623415209175542,0.00034168813510810335
2026-06-02 03:04:00,2.365416666666667,0.0036250000000008775,1.6236492728690217,0.00023406369347978085
2026-06-02 03:06:00,2.3619166666666667,-0.0035000000000002807,1.6228510972937142,-0.0007981755753074923
2026-06-02 03:08:00,2.356708333333333,-0.005208333333333481,1.6222881943748033,-0.0005629029189109743
2026-06-02 03:10:00,2.3637083333333337,0.007000000000000561,1.622255005325572,-3.318904923136662e-05
2026-06-02 03:12:00,2.360958333333333,-0.0027500000000006963,1.622242211878512,-1.2793447059843827e-05
2026-06-02 03:14:00,2.3590000000000004,-0.001958333333332618,1.62211975259482,-0.00012245928369193407
2026-06-02 03:16:00,2.3701250000000003,0.01112499999999983,1.6220902330070286,-2.951958779150228e-05
2026-06-02 03:18:00,2.362833333333333,-0.00729166666666714,2.3662776746075322,-0.0038473253924679847
2026-06-02 03:20:00,2.3634999999999997,0.0006666666666665932,2.36638865309908,0.00011097849154772721
2026-06-02 03:22:00,2.3601666666666667,-0.0033333333333329662,2.3692093239957277,0.0028206708966477907
2026-06-02 03:24:00,2.3555,-0.004666666666666597,2.3694829384856777,0.00027361448994975106
2026-06-02 03:26:00,2.355583333333333,8.333333333299109e-05,2.36822149656071,-0.0012614419249673506
2026-06-02 03:28:00,2.3503750000000005,-0.005208333333332593,2.3680975690537194,-0.000123927506990634
2026-06-02 03:30:00,2.3520000000000003,0.0016249999999997655,2.3685686472008736,0.0004710781471538449
2026-06-02 03:32:00,2.3535833333333334,0.001583333333333048,2.368585549509947,1.690230907349434e-05
2026-06-02 03:34:00,2.343875,-0.009708333333333208,2.3683490218849634,-0.0002365276249833612
2026-06-02 03:36:00,2.3435,-0.0003750000000000142,2.368269718649729,-7.930323523483909e-05
2026-06-02 03:38:00,2.350791666666667,0.007291666666666696,2.3682550489069087,-1.4669742819768388e-05
2026-06-02 03:40:00,2.352,0.0012083333333330337,2.368128565782779,-0.0001264831241300796
2026-06-02 03:42:00,2.348208333333333,-0.0037916666666668597,2.3679030708167335,-0.00022549496604557442
2026-06-02 03:44:00,2.3516666666666666,0.003458333333333563,2.3676324311654025,-0.0002706396513306688
2026-06-02 03:46:00,2.342666666666667,-0.008999999999999453,2.3673249026933227,-0.00030752847207991536
2026-06-02 03:48:00,2.348708333333334,0.006041666666666945,2.350629537493602,0.007962870826935142
2026-06-02 03:50:00,2.3511666666666664,0.002458333333332341,2.3503258283460737,-0.00030370914752845797
2026-06-02 03:52:00,2.35225,0.0010833333333337691,2.3496942025793395,-0.0006316257667342845
2026-06-02 03:54:00,2.346791666666667,-0.005458333333333343,2.3501041182389426,0.00040991565960313747
2026-06-02 03:56:00,2.352666666666667,0.005875000000000075,2.3503455602794174,0.00024144204047463967
2026-06-02 03:58:00,2.3571666666666666,0.0044999999999997264,2.3499776524475866,-0.00036790783183055593
2026-06-02 04:00:00,2.3481666666666667,-0.008999999999999897,2.3495071486087995,-0.0004705038387872477
2026-06-02 04:02:00,2.3408750000000005,-0.007291666666666252,2.349255267425899,-0.0002518811829002787
2026-06-02 04:04:00,2.3435,0.0026249999999996554,2.349056125247552,-0.00019914217834734584
2026-06-02 04:06:00,2.346208333333333,0.0027083333333326465,2.3488160401433884,-0.00024008510416323976
2026-06-02 04:08:00,2.3418750000000004,-0.004333333333332412,2.348593164871126,-0.00022287527226275705
2026-06-02 04:10:00,2.347791666666667,0.005916666666666792,2.3484310291937818,-0.0001621356773441821
2026-06-02 04:12:00,2.345173913043479,-0.002617753623188168,2.3483192190744075,-0.0001118101193742898
2026-06-02 04:14:00,2.3457916666666665,0.0006177536231875003,2.3482505542608023,-6.86648136051145e-05
2026-06-02 04:16:00,2.350083333333333,0.004291666666666583,2.348238071367882,-1.2482892920095753e-05
2026-06-02 04:18:00,2.3495833333333334,-0.0004999999999997229,2.349004937215782,-0.001078396117550925
2026-06-02 04:20:00,2.3516666666666666,0.002083333333333215,2.349013606974303,8.669758520706831e-06
2026-06-02 04:22:00,2.341375,-0.010291666666666366,2.35010646104208,0.0010928540677771928
2026-06-02 04:24:00,2.3469583333333333,0.0055833333333330515,2.350581427314915,0.00047496627283505853
2026-06-02 04:26:00,2.3404166666666675,-0.00654166666666578,2.3503919760144263,-0.00018945130048886113
2026-06-02 04:28:00,2.344208333333333,0.0037916666666655274,2.3502794526542132,-0.00011252336021292449
2026-06-02 04:30:00,2.3482916666666678,0.004083333333334771,2.3503558471071586,7.639445294530422e-05
2026-06-02 04:32:00,2.3480416666666666,-0.0002500000000011937,2.350386231355439,3.0384248280686286e-05
2026-06-02 04:34:00,2.269791666666667,-0.07824999999999971,2.3503091522824753,-7.707907296419276e-05
2026-06-02 04:36:00,2.252416666666667,-0.01737499999999992,2.350196031629479,-0.00011312065299625256
2026-06-02 04:38:00,2.251958333333333,-0.0004583333333338935,2.350063667473107,-0.00013236415637204102
2026-06-02 04:40:00,2.2506249999999994,-0.0013333333333336306,2.3498766253266203,-0.00018704214648646435
2026-06-02 04:42:00,2.2523750000000002,0.0017500000000008065,2.3496132129997602,-0.00026341232686033327
2026-06-02 04:44:00,2.245333333333333,-0.007041666666667279,2.3492742473068464,-0.0003389656929136828
2026-06-02 04:46:00,2.246875,0.0015416666666672185,2.348880871609452,-0.0003933756973941733
2026-06-02 04:48:00,2.2432916666666665,-0.003583333333333716,2.273118192054077,0.02624319205407674
2026-06-02 04:50:00,2.246826086956522,0.003534420289855511,2.2690293740043814,-0.004088818049695532
2026-06-02 04:52:00,2.2467499999999996,-7.608695652239206e-05,2.264035881461174,-0.004993492543207401
2026-06-02 04:54:00,2.2355,-0.011249999999999538,2.267804020327318,0.003768138866144159
2026-06-02 04:56:00,2.2377499999999997,0.002249999999999641,2.2706155793342155,0.002811559006897357
2026-06-02 04:58:00,2.237541666666667,-0.00020833333333269977,2.2665234739708593,-0.004092105363356323
2026-06-02 05:00:00,2.2374166666666664,-0.00012500000000059686,2.2644694044907543,-0.0020540694801051028
2026-06-02 05:02:00,2.1069999999999998,-0.13041666666666663,2.2653705183460504,0.0009011138552961749
2026-06-02 05:04:00,2.0423749999999994,-0.06462500000000038,2.265273110110034,-9.740823601630611e-05
2026-06-02 05:06:00,2.0280833333333335,-0.014291666666665925,2.263883089837791,-0.0013900202722430864
2026-06-02 05:08:00,2.0245833333333327,-0.0035000000000007248,2.2631868386443688,-0.0006962511934221668
2026-06-02 05:10:00,2.022666666666667,-0.0019166666666659005,2.263114663458159,-7.217518620965661e-05
2026-06-02 05:12:00,2.019416666666667,-0.003249999999999975,2.262857929643823,-0.0002567338143356876
2026-06-02 05:14:00,2.022125,0.0027083333333330906,2.2624399210300035,-0.00041800861382000447
2026-06-02 05:16:00,2.0182916666666664,-0.0038333333333335773,2.2621984842285863,-0.00024143680141697348
2026-06-02 05:18:00,2.017916666666667,-0.0003749999999995701,2.047884008833981,0.029592342167314326
2026-06-02 05:20:00,2.0099999999999993,-0.00791666666666746,2.045642497245212,-0.0022415115887687467
2026-06-02 05:22:00,2.0095833333333335,-0.0004166666666658436,2.0372725579812054,-0.008369939264006476
2026-06-02 05:24:00,2.0103750000000002,0.000791666666666746,2.0422464971351473,0.004973939153941871
2026-06-02 05:26:00,2.0020416666666665,-0.008333333333333748,2.048120750442487,0.005874253307340034
2026-06-02 05:28:00,2.001791666666666,-0.00025000000000030553,2.04195605742984,-0.006164693012647642
2026-06-02 05:30:00,1.996458333333334,-0.005333333333332302,2.0386786409443176,-0.0032774164855220752
2026-06-02 05:32:00,1.9897391304347827,-0.006719202898551213,2.040891967088211,0.0022133261438934113
2026-06-02 05:34:00,2.0014583333333333,0.011719202898550662,2.0414281537388663,0.0005361866506550776
2026-06-02 05:36:00,1.9996666666666663,-0.00179166666666708,2.039083271519649,-0.002344882219217126
2026-06-02 05:38:00,2.0054166666666666,0.005750000000000366,2.038091860839175,-0.0009914106804739032
2026-06-02 05:40:00,2.021083333333333,0.015666666666666273,2.038283618176921,0.00019175733774586415
2026-06-02 05:42:00,2.007541666666666,-0.013541666666666785,2.03789270051413,-0.0003909176627911184
2026-06-02 05:44:00,2.005833333333333,-0.0017083333333332007,2.036987256333328,-0.0009054441808020664
2026-06-02 05:46:00,1.9961249999999995,-0.00970833333333343,2.0363019932561652,-0.0006852630771627805
2026-06-02 05:48:00,1.9734166666666662,-0.02270833333333333,2.0094169845831122,0.013291984583112561
2026-06-02 05:50:00,1.9713333333333338,-0.0020833333333323267,2.0078856572408084,-0.0015313273423036352
2026-06-02 05:52:00,1.9617916666666668,-0.009541666666667004,2.006102271991239,-0.0017833852495692992
2026-06-02 05:54:00,1.9583333333333333,-0.003458333333333563,2.006596496186355,0.0004942241951160771
2026-06-02 05:56:00,1.9574166666666668,-0.0009166666666664547,2.007116899919866,0.0005204037335109854
2026-06-02 05:58:00,1.9568750000000001,-0.0005416666666666625,2.0064728054155117,-0.000644094504354383
2026-06-02 06:00:00,1.958583333333334,0.0017083333333338668,2.0056378696966353,-0.0008349357188765054
2026-06-02 06:02:00,1.9476249999999997,-0.010958333333334291,2.005222614479758,-0.0004152552168772708
2026-06-02 06:04:00,1.956291666666667,0.008666666666667266,2.004889129994687,-0.00033348448507106003
2026-06-02 06:06:00,1.9443333333333335,-0.011958333333333515,2.0044245139545356,-0.0004646160401515872
2026-06-02 06:08:00,1.9292083333333336,-0.015124999999999833,2.003942188721232,-0.00048232523330329804
2026-06-02 06:10:00,1.9368750000000006,0.0076666666666669325,2.0035307337986366,-0.0004114549225956904
2026-06-02 06:12:00,1.9333749999999998,-0.0035000000000007248,2.0031619776094187,-0.0003687561892174704
2026-06-02 06:14:00,1.9252173913043475,-0.008157608695652296,2.002815315956647,-0.0003466616527717573
2026-06-02 06:16:00,1.9241666666666666,-0.0010507246376809665,2.0025153891854117,-0.000299926771235442
2026-06-02 06:18:00,1.9267083333333332,0.0025416666666666643,1.9466765010597291,0.022509834393062613
2026-06-02 06:20:00,1.926958333333333,0.00024999999999986144,1.942921575066021,-0.003754925993708345
2026-06-02 06:22:00,1.920583333333333,-0.0063750000000000195,1.939498806536126,-0.003422768529894777
2026-06-02 06:24:00,1.9231250000000004,0.0025416666666673304,1.9428613917663577,0.0033625852302317464
2026-06-02 06:26:00,1.9198749999999993,-0.0032500000000010854,1.9449470866863068,0.0020856949199489047
2026-06-02 06:28:00,1.9225416666666664,0.002666666666667039,1.941746638616191,-0.0032004480701156796
2026-06-02 06:30:00,1.91325,-0.009291666666666476,1.9400665162486939,-0.0016801223674970812
2026-06-02 06:32:00,1.9085000000000003,-0.004749999999999588,1.9405777739200214,0.0005112576713274986
2026-06-02 06:34:00,1.9108333333333327,0.0023333333333324102,1.9403594181233772,-0.00021835579664422207
2026-06-02 06:36:00,1.907416666666667,-0.0034166666666657353,1.9391734895356092,-0.0011859285877679655
2026-06-02 06:38:00,1.90675,-0.0006666666666670373,1.9383856740012106,-0.0007878155343987202
2026-06-02 06:40:00,1.9084166666666667,0.0016666666666667052,1.9379823154794624,-0.00040335852174813356
2026-06-02 06:42:00,1.9094166666666663,0.0009999999999996678,1.937399739773632,-0.0005825757058304712
2026-06-02 06:44:00,1.9063333333333337,-0.0030833333333326607,1.9366145986787557,-0.0007851410948761606
2026-06-02 06:46:00,1.907541666666667,0.0012083333333332558,1.9358500323703474,-0.0007645663084085009
2026-06-02 06:48:00,1.9024999999999999,-0.005041666666667055,1.9102054051818862,0.0026637385152192628
2026-06-02 06:50:00,1.9022083333333333,-0.00029166666666657903,1.9094374329474346,-0.0007679722344516089
2026-06-02 06:52:00,1.8976250000000003,-0.00458333333333294,1.9092701873256317,-0.0001672456218029267
2026-06-02 06:54:00,1.972458333333333,0.07483333333333264,1.9093099388130843,3.9751487452716394e-05
2026-06-02 06:56:00,1.9837499999999997,0.0112916666666667,1.9088207524557548,-0.0004891863573295325
2026-06-02 06:58:00,1.9863043478260871,0.002554347826087433,1.9081104436179905,-0.0007103088377641943
2026-06-02 07:00:00,1.9822916666666666,-0.00401268115942055,1.907519374692786,-0.0005910689252044352
2026-06-02 07:02:00,1.9689166666666669,-0.013374999999999693,1.907034312790568,-0.0004850619022180888
2026-06-02 07:04:00,1.95875,-0.01016666666666688,1.9065126511933563,-0.0005216615972116637
2026-06-02 07:06:00,1.9582083333333333,-0.0005416666666666625,1.9059573324851864,-0.0005553187081700648
2026-06-02 07:08:00,1.957291666666667,-0.0009166666666662326,1.905415886927189,-0.0005414455579973621
2026-06-02 07:10:00,1.9554999999999998,-0.001791666666667302,1.904890217842448,-0.0005256690847408895
2026-06-02 07:12:00,1.955916666666667,0.0004166666666671759,1.9043719108391972,-0.0005183070032509438
2026-06-02 07:14:00,1.9554583333333337,-0.00045833333333322734,1.90387845721225,-0.0004934536269471469
2026-06-02 07:16:00,1.9559166666666667,0.0004583333333330053,1.9034324778175817,-0.00044597939466834184
2026-06-02 07:18:00,1.9554999999999998,-0.00041666666666695384,1.960673239187578,0.004756572520911365
2026-06-02 07:20:00,1.9533333333333331,-0.00216666666666665,1.959855751753604,-0.0008174874339742789
2026-06-02 07:22:00,1.9556666666666667,0.0023333333333335204,1.9598887867324053,3.303497880151e-05
2026-06-02 07:24:00,1.9480416666666667,-0.007624999999999993,1.9605518153919395,0.0006630286595341755
2026-06-02 07:26:00,1.9502500000000005,0.0022083333333338118,1.9603439692462894,-0.0002078461456502205
2026-06-02 07:28:00,1.9502083333333335,-4.1666666666939634e-05,1.9595500059260034,-0.0007939633202858848
2026-06-02 07:30:00,1.9475833333333339,-0.0026249999999996554,1.958959038702244,-0.0005909672237595443
2026-06-02 07:32:00,1.9509583333333336,0.003374999999999684,1.9585409992880118,-0.0004180394142321305
2026-06-02 07:34:00,1.9449583333333338,-0.005999999999999783,1.9580185087450017,-0.0005224905430100549
2026-06-02 07:36:00,1.9492173913043482,0.004259057971014446,1.9573909797990896,-0.0006275289459120381
2026-06-02 07:38:00,1.9523333333333335,0.0031159420289852413,1.9567597019939829,-0.0006312778051067303
2026-06-02 07:40:00,1.9431666666666665,-0.00916666666666699,1.956119771109819,-0.0006399308841637625
2026-06-02 07:42:00,1.9466250000000003,0.003458333333333785,1.9554181891379199,-0.000701581971899207
2026-06-02 07:44:00,1.9432916666666669,-0.0033333333333334103,1.9546402933020877,-0.0007778958358323396
2026-06-02 07:46:00,1.9415833333333337,-0.0017083333333332007,1.9538173140048702,-0.0008229792972173599
2026-06-02 07:48:00,1.9374583333333328,-0.0041250000000008225,1.94718708124865,0.0056037479153164226
2026-06-02 07:50:00,1.940666666666667,0.0032083333333341457,1.9460312606348376,-0.0011558206138125061
2026-06-02 07:52:00,1.9420416666666664,0.00137499999999946,1.945361403347594,-0.0006698572872434954
2026-06-02 07:54:00,1.936875,-0.005166666666666542,1.9455472982292943,0.00018589488170030598
2026-06-02 07:56:00,1.938791666666667,0.0019166666666670107,1.9452476461893953,-0.00029965203989921346
2026-06-02 07:58:00,1.937833333333333,-0.0009583333333338384,1.9444208433754144,-0.0008268028139808022
2026-06-02 08:00:00,1.9383749999999997,0.0005416666666666625,1.9437320307291248,-0.0006888126462896172
2026-06-02 08:02:00,1.9269583333333327,-0.011416666666667075,1.943237793340305,-0.0004942373888197475
2026-06-02 08:04:00,1.9129166666666666,-0.014041666666666064,1.942718231552191,-0.0005195617881140925
2026-06-02 08:06:00,1.9204999999999999,0.007583333333333275,1.9421214577246368,-0.000596773827554031
2026-06-02 08:08:00,1.9197083333333333,-0.000791666666666524,1.9415227748043131,-0.0005986829203237749
2026-06-02 08:10:00,1.9186249999999998,-0.001083333333333547,1.9409460483121497,-0.000576726492163452
2026-06-02 08:12:00,1.9207083333333337,0.002083333333333881,1.9403717961777731,-0.0005742521343765139
2026-06-02 08:14:00,1.919625,-0.0010833333333337691,1.9398098883175905,-0.0005619078601827531
2026-06-02 08:16:00,1.9200833333333331,0.00045833333333322734,1.9392894076748994,-0.0005204806426908667
2026-06-02 08:18:00,1.9197499999999996,-0.00033333333333351867,1.92461714856493,0.004533815231596761
2026-06-02 08:20:00,1.9202173913043479,0.0004673913043482525,1.9237660101307348,-0.0008511384341952309
2026-06-02 08:22:00,1.9192916666666664,-0.0009257246376814798,1.9238467343887191,8.072425798443371e-05
2026-06-02 08:24:00,1.9674166666666661,0.04812499999999975,1.9244317315298536,0.000584997141134588
2026-06-02 08:26:00,2.103291666666667,0.13587500000000063,1.924054042927598,-0.00037768860225566205
2026-06-02 08:28:00,2.098583333333333,-0.0047083333333337585,1.9231594839460437,-0.0008945589815542419
2026-06-02 08:30:00,2.097208333333333,-0.001374999999999904,1.9225194611472691,-0.0006400227987746481
2026-06-02 08:32:00,2.0952916666666668,-0.0019166666666663446,1.922037426777192,-0.00048203437007705743
2026-06-02 08:34:00,2.0930000000000004,-0.0022916666666663588,1.9214364380827518,-0.0006009886944402286
2026-06-02 08:36:00,2.0947083333333336,0.0017083333333332007,1.9207391407065626,-0.0006972973761892818
2026-06-02 08:38:00,2.0918749999999995,-0.0028333333333341315,1.920045783591185,-0.0006933571153776167
2026-06-02 08:40:00,2.091958333333333,8.333333333343518e-05,1.9193419962551932,-0.0007037873359917236
2026-06-02 08:42:00,2.0905,-0.0014583333333328952,1.9185746084980395,-0.0007673877571537823
2026-06-02 08:44:00,2.095125,0.004624999999999879,1.9177327857611357,-0.0008418227369037949
2026-06-02 08:46:00,2.0889166666666665,-0.006208333333333371,1.9168493161748277,-0.0008834695863078908
2026-06-02 08:48:00,2.0898750000000006,0.0009583333333340605,2.0908484963314216,0.0019318296647550773
2026-06-02 08:50:00,2.084166666666667,-0.005708333333333648,2.0901464432202084,-0.0007020531112130227
2026-06-02 08:52:00,2.0827916666666666,-0.0013750000000003482,2.089090033899338,-0.0010564093208704176
2026-06-02 08:54:00,2.0828695652173916,7.789855072504182e-05,2.0885962655106507,-0.0004937683886874876
2026-06-02 08:56:00,2.0859583333333336,0.0030887681159419422,2.0882155789064982,-0.0003806866041526268
2026-06-02 08:58:00,2.076,-0.009958333333333513,2.0876189319397196,-0.0005966469667786406
2026-06-02 09:00:00,2.0732916666666665,-0.0027083333333335347,2.087028809444916,-0.0005901224948034464
2026-06-02 09:02:00,2.072166666666667,-0.0011249999999995985,2.0865018125811994,-0.0005269968637166855
2026-06-02 09:04:00,2.0732500000000003,0.001083333333333325,2.085993223257365,-0.0005085893238345837
2026-06-02 09:06:00,2.072333333333333,-0.0009166666666673429,2.0854426224550773,-0.0005506008022875863
2026-06-02 09:08:00,2.0709166666666667,-0.0014166666666661776,2.0848618719564582,-0.0005807504986190872
2026-06-02 09:10:00,2.0702083333333334,-0.0007083333333333108,2.084277698190213,-0.0005841737662450167
2026-06-02 09:12:00,2.0680833333333335,-0.0021249999999999325,2.083695919707681,-0.0005817784825320045
2026-06-02 09:14:00,2.0692500000000007,0.0011666666666672043,2.083126334292089,-0.0005695854155918657
2026-06-02 09:16:00,2.0642083333333328,-0.005041666666667943,2.08259050369224,-0.000535830599849205
2026-06-02 09:18:00,2.037541666666667,-0.02666666666666595,2.0707541162227496,0.006545782889417026
2026-06-02 09:20:00,2.012958333333333,-0.024583333333333623,2.070120914371661,-0.000633201851089052
2026-06-02 09:22:00,2.0091666666666668,-0.0037916666666664156,2.0697803538944104,-0.00034056047725022887
2026-06-02 09:24:00,2.0075,-0.0016666666666669272,2.0703823291986896,0.0006019753042792285
2026-06-02 09:26:00,2.003739130434783,-0.003760869565216929,2.0703352318773893,-4.7097321300554264e-05
2026-06-02 09:28:00,1.9900000000000002,-0.013739130434782698,2.069540285353534,-0.0007949465238550271
2026-06-02 09:30:00,1.9844999999999997,-0.0055000000000005045,2.0688407145045526,-0.0006995708489813592
2026-06-02 09:32:00,1.9702083333333336,-0.014291666666666147,2.0683605157952796,-0.0004801987092731832
2026-06-02 09:34:00,1.9269999999999998,-0.04320833333333374,2.067811015463567,-0.0005495003317126031
2026-06-02 09:36:00,1.90025,-0.02674999999999983,2.0671332625043872,-0.0006777529591798773
2026-06-02 09:38:00,1.8909166666666664,-0.009333333333333638,2.0664333923941474,-0.0006998701102395689
2026-06-02 09:40:00,1.8815,-0.009416666666666407,2.0657303535443665,-0.0007030388497811391
2026-06-02 09:42:00,1.8668333333333331,-0.014666666666666828,2.064971402405588,-0.0007589511387784514
2026-06-02 09:44:00,1.847625,-0.01920833333333305,2.064135249442891,-0.0008361529626968785
2026-06-02 09:46:00,1.8411250000000006,-0.006499999999999506,2.063256677581172,-0.0008785718617191367
2026-06-02 09:48:00,1.835625,-0.0055000000000005045,1.875238242399743,0.03411324239974238
2026-06-02 09:50:00,1.831416666666667,-0.004208333333333147,1.8799987108135736,0.004760468413830737
2026-06-02 09:52:00,1.8244583333333335,-0.0069583333333334,1.8682421422230595,-0.01175656859051424
2026-06-02 09:54:00,1.816666666666667,-0.007791666666666419,1.8709878379932112,0.0027456957701518037
2026-06-02 09:56:00,1.8153750000000002,-0.001291666666666913,1.8789010525112049,0.007913214517993723
2026-06-02 09:58:00,1.8125833333333332,-0.00279166666666697,1.8724807769652216,-0.006420275545983294
2026-06-02 10:00:00,1.8104583333333337,-0.0021249999999994884,1.8671032029459687,-0.005377574019253073
2026-06-02 10:02:00,1.8034166666666662,-0.007041666666667501,1.8694028646528686,0.0022996617069001124
2026-06-02 10:04:00,1.8010416666666667,-0.002374999999999572,1.8706344028406665,0.0012315381877977406
2026-06-02 10:06:00,1.7949583333333334,-0.0060833333333332185,1.8670876037132156,-0.003546799127450784
2026-06-02 10:08:00,1.7904583333333333,-0.0045000000000001705,1.8653576748869645,-0.0017299288262512104
2026-06-02 10:10:00,1.7901249999999997,-0.00033333333333351867,1.8658099749119856,0.00045230002502107537
2026-06-02 10:12:00,1.7867916666666666,-0.0033333333333331883,1.8654162170204005,-0.0003937578915849826
2026-06-02 10:14:00,1.7861739130434786,-0.0006177536231879444,1.8640603715748019,-0.00135584544559861
2026-06-02 10:16:00,1.7847499999999998,-0.001423913043478775,1.8632756941068829,-0.0007846774679190514
2026-06-02 10:18:00,1.7797916666666664,-0.004958333333333398,1.798887207865591,0.014137207865591335
2026-06-02 10:20:00,1.782125,0.0023333333333335204,1.795647302019559,-0.0032399058460321917
2026-06-02 10:22:00,1.7717916666666664,-0.010333333333333528,1.7943408693786,-0.0013064326409588567
2026-06-02 10:24:00,1.7698333333333336,-0.00195833333333284,1.7969063164454857,0.00256544706688561
2026-06-02 10:26:00,1.7712916666666667,0.0014583333333331172,1.7973468457707529,0.0004405293252672288
2026-06-02 10:28:00,1.772625,0.0013333333333331865,1.7951146251402212,-0.002232220630531627
2026-06-02 10:30:00,1.7727083333333333,8.333333333343518e-05,1.7940251270566432,-0.0010894980835781543
2026-06-02 10:32:00,1.7685833333333332,-0.004125000000000156,1.7939661375397877,-5.8989516855390166e-05
2026-06-02 10:34:00,1.7636666666666667,-0.004916666666666458,1.7934018489773917,-0.0005642885623959526
2026-06-02 10:36:00,1.7676249999999998,0.003958333333333064,1.7923990150416795,-0.0010028339357121968
2026-06-02 10:38:00,1.7634166666666669,-0.004208333333332925,1.7916098819533366,-0.000789133088343069
2026-06-02 10:40:00,1.7690000000000003,0.005583333333333496,1.790976245819355,-0.000633636133981646
2026-06-02 10:42:00,1.7675833333333333,-0.0014166666666670658,1.790220810186221,-0.0007554356331341088
2026-06-02 10:44:00,1.7684166666666667,0.0008333333333334636,1.789348409142819,-0.0008724010434020019
2026-06-02 10:46:00,1.765875,-0.0025416666666666643,1.7884805329587687,-0.0008678761840501654
2026-06-02 10:48:00,1.7666666666666673,0.0007916666666671901,1.7673983027327917,0.0015233027327916562
2026-06-02 10:50:00,1.766125,-0.0005416666666673287,1.766735207387977,-0.0006630953448146904
2026-06-02 10:52:00,1.7646249999999997,-0.0015000000000002789,1.766561066116247,-0.00017414127173006802
2026-06-02 10:54:00,1.7692500000000004,0.004625000000000767,1.7665061096610142,-5.495645523282464e-05
2026-06-02 10:56:00,1.7661739130434786,-0.0030760869565218396,1.766069285724661,-0.0004368239363531588
2026-06-02 10:58:00,1.767083333333333,0.0009094202898543013,1.7654679865768625,-0.0006012991477985212
2026-06-02 11:00:00,1.7672916666666663,0.0002083333333333659,1.7650508611974254,-0.00041712537943715364
2026-06-02 11:02:00,1.7659583333333335,-0.0013333333333327424,1.764686837205053,-0.00036402399237238966
2026-06-02 11:04:00,1.7698333333333336,0.003875000000000073,1.7642868191634846,-0.0004000180415682274
2026-06-02 11:06:00,1.7700416666666665,0.0002083333333329218,1.7638511249029125,-0.000435694260572093
2026-06-02 11:08:00,1.7722916666666668,0.0022500000000003073,1.7634098792817574,-0.0004412456211552432
2026-06-02 11:10:00,1.7675416666666666,-0.004750000000000254,1.762962634205665,-0.000447245076092397
2026-06-02 11:12:00,1.7679583333333333,0.0004166666666667318,1.7625006940032117,-0.0004619402024532629
2026-06-02 11:14:00,1.7655416666666672,-0.0024166666666660674,1.7620348895668643,-0.000465804436347519
2026-06-02 11:16:00,1.7664999999999997,0.0009583333333325061,1.7615887647550597,-0.0004461248118044585
2026-06-02 11:18:00,1.765875,-0.0006249999999996536,1.768315821155254,0.0018158211552542543
2026-06-02 11:20:00,1.7610833333333333,-0.0047916666666667496,1.7677926320299562,-0.0005231891252977695
2026-06-02 11:22:00,1.7671250000000007,0.006041666666667389,1.7680097103472394,0.00021707831728329032
2026-06-02 11:24:00,1.7640416666666667,-0.003083333333333993,1.7684085688781401,0.00039885853090063355
2026-06-02 11:26:00,1.7650833333333333,0.0010416666666666075,1.7681781881835203,-0.00023038069461973592
2026-06-02 11:28:00,1.7673333333333334,0.0022500000000000853,1.7676251091407578,-0.0005530790427626097
2026-06-02 11:30:00,1.7621666666666664,-0.005166666666666986,1.7671742994376052,-0.00045080970315254177
2026-06-02 11:32:00,1.7621666666666667,2.220446049250313e-16,1.766775772103614,-0.0003985273339912359
2026-06-02 11:34:00,1.7583749999999998,-0.0037916666666668597,1.7662824643324142,-0.0004933077711998849
2026-06-02 11:36:00,1.7558749999999999,-0.0024999999999999467,1.7657065589141272,-0.0005759054182869097
2026-06-02 11:38:00,1.7542500000000005,-0.0016249999999993214,1.765103451946556,-0.0006031069675710738
2026-06-02 11:40:00,1.7617391304347831,0.007489130434782609,1.7644676370033683,-0.0006358149431878742
2026-06-02 11:42:00,1.7577916666666662,-0.003947463768116943,1.763771947850371,-0.0006956891529971244
2026-06-02 11:44:00,1.758416666666667,0.0006250000000007638,1.7630145441193514,-0.0007574037310198264
2026-06-02 11:46:00,1.7408333333333335,-0.017583333333333506,1.7622284914658488,-0.0007860526535024531
2026-06-02 11:48:00,1.7371666666666667,-0.003666666666666707,1.7548328153468356,0.013999482013502176
2026-06-02 11:50:00,1.744,0.006833333333333247,1.7536452981328858,-0.0011875172139498222
2026-06-02 11:52:00,1.7404166666666665,-0.003583333333333494,1.751749453152816,-0.0018958449800697925
2026-06-02 11:54:00,1.7418333333333333,0.0014166666666668437,1.7524361678203886,0.0006867146675725534
2026-06-02 11:56:00,1.74,-0.0018333333333333535,1.7530205061233066,0.0005843383029180631
2026-06-02 11:58:00,1.745208333333333,0.005208333333333037,1.7521054338024595,-0.0009150723208470158
2026-06-02 12:00:00,1.7357083333333332,-0.009499999999999842,1.7512850935350979,-0.0008203402673617227
2026-06-02 12:02:00,1.7398333333333333,0.004125000000000156,1.7510286274610591,-0.0002564660740386591
2026-06-02 12:04:00,1.7364166666666667,-0.0034166666666666234,1.7507971446529589,-0.00023148280810028602
2026-06-02 12:06:00,1.7366666666666666,0.00024999999999986144,1.7503442474071116,-0.0004528972458473846
2026-06-02 12:08:00,1.7331666666666665,-0.0035000000000000586,1.749876937652486,-0.000467309754625494
2026-06-02 12:10:00,1.733,-0.00016666666666642627,1.7494927611947626,-0.00038417645772353135
2026-06-02 12:12:00,1.727541666666667,-0.005458333333333121,1.749109713622353,-0.0003830475724094593
2026-06-02 12:14:00,1.7289166666666664,0.00137499999999946,1.7486889061305237,-0.00042080749182944255
2026-06-02 12:16:00,1.7232083333333332,-0.005708333333333204,1.748276285525874,-0.00041262060464961926
2026-06-02 12:18:00,1.728416666666667,0.005208333333333703,1.7322902252139818,0.009081891880648656
2026-06-02 12:20:00,1.7244166666666665,-0.004000000000000448,1.7310779398583787,-0.0012122853556033196
2026-06-02 12:22:00,1.7154999999999998,-0.008916666666666684,1.7305328037068675,-0.0005451361515110813
2026-06-02 12:24:00,1.7189166666666666,0.0034166666666668455,1.731717713543051,0.0011849098361835402
2026-06-02 12:26:00,1.7169583333333331,-0.0019583333333335062,1.7319808678153494,0.00026315427229837876
2026-06-02 12:28:00,1.721791666666667,0.004833333333333911,1.731026742245597,-0.0009541255697524299
2026-06-02 12:30:00,1.7170000000000003,-0.0047916666666667496,1.7303175093277903,-0.0007092329178066309
2026-06-02 12:32:00,1.7152916666666664,-0.0017083333333338668,1.73001654189597,-0.0003009674318203016
2026-06-02 12:34:00,1.7187083333333335,0.0034166666666670675,1.7295835310194536,-0.0004330108765165261
2026-06-02 12:36:00,1.7185,-0.00020833333333358794,1.7289414953794522,-0.0006420356400012751
2026-06-02 12:38:00,1.7132916666666669,-0.005208333333333037,1.7283041277312259,-0.0006373676482262933
2026-06-02 12:40:00,1.726478260869565,0.013186594202898139,1.7276989948059491,-0.0006051329252769169
2026-06-02 12:42:00,1.7148750000000004,-0.011603260869564647,1.727037170677959,-0.000661824127989956
2026-06-02 12:44:00,1.716916666666667,0.0020416666666667194,1.726304815598008,-0.0007323550799510891
2026-06-02 12:46:00,1.7238333333333333,0.006916666666666238,1.7255599984463563,-0.0007448171516516238
2026-06-02 12:48:00,1.7136250000000004,-0.01020833333333293,1.7216499116287842,-0.0021834217045491496
2026-06-02 12:50:00,1.7210416666666672,0.007416666666666849,1.7207369561714483,-0.0009129554573357906
2026-06-02 12:52:00,1.7119166666666663,-0.009125000000000938,1.7212303083001113,0.0004933521286629583
2026-06-02 12:54:00,1.7143333333333335,0.0024166666666671777,1.721250432182346,2.01238822347544e-05
2026-06-02 12:56:00,1.714791666666667,0.0004583333333334494,1.720636052317081,-0.0006143798652650835
2026-06-02 12:58:00,1.72075,0.005958333333333066,1.720124358319028,-0.0005116939980529818
2026-06-02 13:00:00,1.7224166666666665,0.0016666666666664831,1.719955176382022,-0.0001691819370061266
2026-06-02 13:02:00,1.7204999999999995,-0.0019166666666670107,1.7197733667059163,-0.00018180967610561722
2026-06-02 13:04:00,1.7185000000000004,-0.0019999999999991136,1.7195060326742995,-0.00026733403161690336
2026-06-02 13:06:00,1.7202916666666666,0.0017916666666661918,1.719229005526563,-0.0002770271477363146
2026-06-02 13:08:00,1.7175000000000002,-0.0027916666666663037,1.71896731013257,-0.00026169539399307194
2026-06-02 13:10:00,1.7166956521739134,-0.0008043478260868486,1.718686501295209,-0.0002808088373608943
2026-06-02 13:12:00,1.7182916666666666,0.0015960144927531505,1.718371983177888,-0.0003145181173210621
2026-06-02 13:14:00,1.7124999999999997,-0.0057916666666668615,1.7180410863396525,-0.0003308968382355334
2026-06-02 13:16:00,1.7187083333333335,0.006208333333333815,1.717713080576943,-0.0003280057627095147
2026-06-02 13:18:00,1.714625,-0.004083333333333439,1.7189263473419716,0.00021801400863808313
2026-06-02 13:20:00,1.7149583333333334,0.0003333333333332966,1.7184700427232533,-0.0004563046187181551
2026-06-02 13:22:00,1.7186249999999996,0.003666666666666263,1.7191537999907192,0.000683757267465705
2026-06-02 13:24:00,1.7199999999999998,0.0013750000000001261,1.7195902913921086,0.00043649140138956363
2026-06-02 13:26:00,1.7177499999999999,-0.0022499999999998632,1.7192248481345815,-0.00036544325752719555
2026-06-02 13:28:00,1.7156249999999995,-0.0021250000000003766,1.7187346862649386,-0.0004901618696429035
2026-06-02 13:30:00,1.7195416666666665,0.0039166666666670125,1.7184392303996765,-0.00029545586526215936
2026-06-02 13:32:00,1.7188333333333332,-0.0007083333333333108,1.7181369608067145,-0.00030226959296199567
2026-06-02 13:34:00,1.717625,-0.0012083333333332558,1.717705270129073,-0.0004316906776414477
2026-06-02 13:36:00,1.7169583333333334,-0.0006666666666665932,1.7172134135652604,-0.000491856563812596
2026-06-02 13:38:00,1.7160833333333334,-0.0008749999999999591,1.7167072351767587,-0.0005061783885016658
2026-06-02 13:40:00,1.7189130434782611,0.0028297101449277218,1.7161594486697442,-0.0005477865070145586
2026-06-02 13:42:00,1.7133333333333336,-0.00557971014492753,1.7155512410570362,-0.0006082076127080216
2026-06-02 13:44:00,1.7166250000000003,0.0032916666666666927,1.7148986428866573,-0.0006525981703788326
2026-06-02 13:46:00,1.7089583333333336,-0.0076666666666667105,1.7142398693291065,-0.0006587735575508361
2026-06-02 13:48:00,1.7203333333333333,0.011374999999999691,1.7141237545802335,0.005165421246899844
2026-06-02 13:50:00,1.7122916666666672,-0.008041666666666059,1.7134485196699698,-0.0006752349102636722
2026-06-02 13:52:00,1.7128750000000001,0.000583333333332936,1.7131135157101018,-0.0003350039598678063
2026-06-02 13:54:00,1.7106666666666666,-0.0022083333333335897,1.7135810417377926,0.00046752602769069404
2026-06-02 13:56:00,1.7107916666666665,0.00012499999999993072,1.7136335046013496,5.2462863556853846e-05
2026-06-02 13:58:00,1.7111249999999998,0.0003333333333332966,1.713179659009604,-0.0004538455917455612
2026-06-02 14:00:00,1.7122916666666665,0.0011666666666667602,1.712925282530822,-0.0002543764787819136
2026-06-02 14:02:00,1.7073333333333336,-0.004958333333332954,1.7128462457848233,-7.903674599881827e-05
2026-06-02 14:04:00,1.7081250000000001,0.000791666666666524,1.7127419418296168,-0.00010430395520638974
2026-06-02 14:06:00,1.7132499999999997,0.005124999999999602,1.7125613518676908,-0.00018058996192605104
2026-06-02 14:08:00,1.7079583333333337,-0.005291666666666028,1.712371435800768,-0.0001899160669227209
2026-06-02 14:10:00,1.7136956521739126,0.005737318840578931,1.712186234811346,-0.00018520098942223696
2026-06-02 14:12:00,1.7143749999999998,0.00067934782608714,1.71197435652281,-0.00021187828853572527
2026-06-02 14:14:00,1.706875,-0.00749999999999984,1.7117293382382026,-0.0002450182846075045
2026-06-02 14:16:00,1.7122083333333329,0.005333333333332968,1.7114731919086128,-0.0002561463295898454
2026-06-02 14:18:00,1.7076250000000004,-0.0045833333333324955,1.7133570695355342,0.0011487362022012837
2026-06-02 14:20:00,1.71,0.002374999999999572,1.71286600855265,-0.0004910609828843029
2026-06-02 14:22:00,1.7065833333333336,-0.0034166666666664014,1.7133132729455243,0.00044726439287450675
2026-06-02 14:24:00,1.7084999999999997,0.0019166666666661225,1.7138172900041837,0.0005040170586593318
2026-06-02 14:26:00,1.7072500000000002,-0.0012499999999995293,1.71365252241928,-0.00016476758490380423
2026-06-02 14:28:00,1.6843750000000004,-0.022874999999999757,1.7132453552341664,-0.0004071671851134214
2026-06-02 14:30:00,1.6578333333333335,-0.026541666666666908,1.7129743196607754,-0.00027103557339118976
2026-06-02 14:32:00,1.6635416666666665,0.005708333333332982,1.7127370149289443,-0.00023730473183104195
2026-06-02 14:34:00,1.6613749999999996,-0.002166666666666872,1.7123962811473228,-0.0003407337816214408
2026-06-02 14:36:00,1.6614166666666668,4.166666666716168e-05,1.7119806689055248,-0.0004156122417980667
2026-06-02 14:38:00,1.6655416666666663,0.00412499999999949,1.7115395554716737,-0.0004411134338510581
2026-06-02 14:40:00,1.6622173913043479,-0.003324275362318385,1.711062255485628,-0.0004772999860456625
2026-06-02 14:42:00,1.671375,0.009157608695652186,1.7105315353186945,-0.000530720166933573
2026-06-02 14:44:00,1.6664166666666669,-0.004958333333333176,1.7099612744418458,-0.0005702608768487847
2026-06-02 14:46:00,1.669125,0.0027083333333330906,1.7093935251119263,-0.0005677493299193409
2026-06-02 14:48:00,1.6669583333333333,-0.00216666666666665,1.6720071219585544,0.0028821219585543974
2026-06-02 14:50:00,1.66925,0.002291666666666581,1.6713972269912734,-0.0006098949672809286
2026-06-02 14:52:00,1.670791666666667,0.0015416666666669965,1.6718302199186508,0.0004329929273773573
2026-06-02 14:54:00,1.6671666666666665,-0.0036250000000004334,1.672390107203094,0.0005598872844431702
2026-06-02 14:56:00,1.67225,0.005083333333333551,1.6721302650713479,-0.00025984213174601875
2026-06-02 14:58:00,1.6744999999999999,0.0022499999999998632,1.6716787089457825,-0.0004515561255654313
2026-06-02 15:00:00,1.6704583333333327,-0.004041666666667165,1.6716126501416164,-6.605880416619628e-05
2026-06-02 15:02:00,1.6726249999999998,0.002166666666667094,1.6716423677451029,2.9717603486462917e-05
2026-06-02 15:04:00,1.666875,-0.0057499999999997,1.6715809481331374,-6.14196119654857e-05
2026-06-02 15:06:00,1.6661666666666666,-0.0007083333333335329,1.6714812070464418,-9.974108669543732e-05
2026-06-02 15:08:00,1.6679166666666665,0.0017499999999999183,1.6714023090386387,-7.889800780309627e-05
2026-06-02 15:10:00,1.665,-0.0029166666666664565,1.6713123136582153,-8.999538042351056e-05
2026-06-02 15:12:00,1.6636250000000006,-0.00137499999999946,1.6711761886216892,-0.00013612503652619956
2026-06-02 15:14:00,1.669625,0.005999999999999339,1.671002206681394,-0.00017398194029486297
2026-06-02 15:16:00,1.6656666666666666,-0.003958333333333286,1.6708124617827242,-0.00018974489866985532
2026-06-02 15:18:00,1.6684166666666664,0.002749999999999808,1.6683505205963358,0.0026838539296692556
2026-06-02 15:20:00,1.6666249999999998,-0.0017916666666666359,1.6683016397964436,-4.8880799892311424e-05
2026-06-02 15:22:00,1.6706249999999996,0.0039999999999997815,1.6686922179718309,0.00039057817538723104
2026-06-02 15:24:00,1.6624999999999999,-0.008124999999999716,1.6692119633111906,0.0005197453393596962
2026-06-02 15:26:00,1.6619166666666665,-0.0005833333333333801,1.6691500663943704,-6.189691682022548e-05
2026-06-02 15:28:00,1.6720416666666666,0.010125000000000162,1.6687841638839456,-0.0003659025104246691
2026-06-02 15:30:00,1.6736249999999997,0.001583333333333048,1.668514297366235,-0.00026986651771057656
2026-06-02 15:32:00,1.6684999999999999,-0.005124999999999824,1.668300335044086,-0.00021396232214905827
2026-06-02 15:34:00,1.664875,-0.0036249999999997673,1.66800542148503,-0.0002949135590561258
2026-06-02 15:36:00,1.67,0.005124999999999824,1.6676359240080783,-0.00036949747695159605
2026-06-02 15:38:00,1.665333333333333,-0.004666666666666819,1.667239334980336,-0.0003965890277422725
2026-06-02 15:40:00,1.663916666666667,-0.0014166666666661776,1.6668127102988126,-0.0004266246815233238
2026-06-02 15:42:00,1.6570869565217394,-0.006829710144927503,1.666340806775998,-0.0004719035228146312
2026-06-02 15:44:00,1.654625,-0.002461956521739417,1.665837402284448,-0.0005034044915499409
2026-06-02 15:46:00,1.660375,0.005749999999999922,1.665347211594974,-0.0004901906894740779
2026-06-02 15:48:00,1.6607916666666667,0.0004166666666667318,1.6638697374353764,0.003494737435376448
2026-06-02 15:50:00,1.6507083333333334,-0.010083333333333222,1.6627871687648055,-0.0010825686705708353
2026-06-02 15:52:00,1.6249583333333335,-0.02574999999999994,1.663225922662103,0.00043875389729744767
2026-06-02 15:54:00,1.627375,0.0024166666666665115,1.6641487868846767,0.0009228642225737517
2026-06-02 15:56:00,1.6298750000000002,0.0025000000000001688,1.6640624460870057,-8.63407976710371e-05
2026-06-02 15:58:00,1.6265416666666663,-0.0033333333333338544,1.6636216268494026,-0.0004408192376031475
2026-06-02 16:00:00,1.6255416666666669,-0.0009999999999994458,1.6636061739013892,-1.5452948013287813e-05
2026-06-02 16:02:00,1.6244583333333331,-0.0010833333333337691,1.6637461964817084,0.00014002258031913672
2026-06-02 16:04:00,1.639875,0.015416666666666856,1.663769074177415,2.2877695706598102e-05
2026-06-02 16:06:00,1.6304166666666668,-0.009458333333333124,1.6637285026313573,-4.057154605777933e-05
2026-06-02 16:08:00,1.6311250000000002,0.0007083333333333108,1.6637150924036725,-1.3410227684738815e-05
2026-06-02 16:10:00,1.6419583333333334,0.01083333333333325,1.6636954846765908,-1.9607727081743178e-05
2026-06-02 16:12:00,1.623458333333333,-0.018500000000000405,1.6636207315399343,-7.475313665637612e-05
2026-06-02 16:14:00,1.6327083333333328,0.009249999999999758,1.6634977771008173,-0.0001229544391171827
2026-06-02 16:16:00,1.631916666666667,-0.0007916666666658578,1.6633538606426799,-0.00014391645813721828
2026-06-02 16:18:00,1.6331666666666669,0.0012499999999999734,1.635620308549178,0.003703641882511158
2026-06-02 16:20:00,1.6315833333333334,-0.001583333333333492,1.6350400350737706,-0.000580273475407512
2026-06-02 16:22:00,1.6327916666666669,0.0012083333333334778,1.6352536626010234,0.00021362752725281116
2026-06-02 16:24:00,1.63175,-0.0010416666666668295,1.6359888580512194,0.0007351954501961504
2026-06-02 16:26:00,1.6332083333333332,0.0014583333333331172,1.636019244223114,3.0386171894587858e-05
2026-06-02 16:28:00,1.6294583333333332,-0.00374999999999992,1.6355822693154827,-0.0004369749076313951
2026-06-02 16:30:00,1.6351250000000002,0.005666666666666931,1.6352944367313897,-0.00028783258409294926
2026-06-02 16:32:00,1.63525,0.00012499999999993072,1.6351376018458041,-0.00015683488558559385
2026-06-02 16:34:00,1.6375833333333336,0.0023333333333335204,1.6348960849364536,-0.00024151690935063632
2026-06-02 16:36:00,1.6376956521739128,0.00011231884057916197,1.6345601707110733,-0.0003359142253801581
2026-06-02 16:38:00,1.6425,0.004804347826087296,1.6342040059279472,-0.0003561647831262007
2026-06-02 16:40:00,1.6401666666666668,-0.0023333333333332984,1.6338307954029472,-0.00037321052500001396
2026-06-02 16:42:00,1.6359583333333336,-0.004208333333333147,1.6334160002571916,-0.00041479514575552606
2026-06-02 16:44:00,1.6490416666666663,0.01308333333333267,1.6329723491738648,-0.0004436510833267845
2026-06-02 16:46:00,1.6392499999999997,-0.009791666666666643,1.6325501712194148,-0.00042217795444991844
2026-06-02 16:48:00,1.6376666666666662,-0.001583333333333492,1.642474617632705,0.0032246176327053967
2026-06-02 16:50:00,1.641375,0.0037083333333338686,1.6426835745255923,0.00020895689288726136
2026-06-02 16:52:00,1.6425,0.0011250000000000426,1.6425085092189462,-0.00017506530664605343
2026-06-02 16:54:00,1.6403333333333336,-0.002166666666666428,1.642788725439551,0.000280216220604811
2026-06-02 16:56:00,1.6419999999999997,0.001666666666666039,1.6430875222617263,0.00029879682217509747
2026-06-02 16:58:00,1.6431250000000002,0.0011250000000004867,1.6431671019441152,7.957968238907026e-05
2026-06-02 17:00:00,1.6408749999999994,-0.0022500000000007514,1.6432534966366792,8.639469256397836e-05
2026-06-02 17:02:00,1.6410416666666665,0.0001666666666670924,1.6434117421064376,0.00015824546975826812
2026-06-02 17:04:00,1.6381249999999996,-0.0029166666666669006,1.6435841062736873,0.0001723641672498349
2026-06-02 17:06:00,1.6421666666666666,0.004041666666666943,1.6437154412520703,0.00013133497838289872
2026-06-02 17:08:00,1.6425833333333333,0.0004166666666667318,1.6438083478161007,9.290656403056129e-05
2026-06-02 17:10:00,1.644291666666667,0.0017083333333336448,1.643869266021971,6.0918205870249086e-05
2026-06-02 17:12:00,1.6383333333333336,-0.005958333333333288,1.643888304177881,1.9038155909813187e-05
2026-06-02 17:14:00,1.6430833333333335,0.00474999999999981,1.64386129977579,-2.7004402090871898e-05
2026-06-02 17:16:00,1.6397083333333338,-0.003374999999999684,1.643801643338318,-5.965643747186387e-05
2026-06-02 17:18:00,1.6402916666666671,0.0005833333333333801,1.6422965197564223,0.0025881864230885977
2026-06-02 17:20:00,1.6431666666666664,0.002874999999999295,1.6422412368298243,-5.5282926598162365e-05
2026-06-02 17:22:00,1.6410416666666663,-0.0021250000000001545,1.642612056507978,0.00037081967815381694
2026-06-02 17:24:00,1.6358749999999997,-0.005166666666666542,1.6431748767443615,0.0005628202363835546
2026-06-02 17:26:00,1.634125,-0.0017499999999996962,1.643235769260347,6.089251598541171e-05
2026-06-02 17:28:00,1.63525,0.0011250000000000426,1.6429944168066453,-0.00024135245370173475
2026-06-02 17:30:00,1.6210416666666665,-0.0142083333333336,1.6428245769327507,-0.00016983987389449884
2026-06-02 17:32:00,1.6180869565217393,-0.0029547101449272084,1.642716654355088,-0.00010792257766285008
2026-06-02 17:34:00,1.6163333333333334,-0.001753623188405884,1.6425466081093398,-0.00017004624574796265
2026-06-02 17:36:00,1.6087083333333334,-0.007624999999999993,1.6423058076983021,-0.00024080041103786713
2026-06-02 17:38:00,1.6087916666666668,8.333333333343518e-05,1.6420331154309735,-0.0002726922673285826
2026-06-02 17:40:00,1.609875,0.001083333333333103,1.6417307193690993,-0.0003023960618741327
2026-06-02 17:42:00,1.610875,0.001000000000000112,1.6413881985042733,-0.0003425208648260877
2026-06-02 17:44:00,1.6083333333333332,-0.0025416666666668863,1.6410202183579499,-0.0003679801463234492
2026-06-02 17:46:00,1.5946250000000004,-0.013708333333332767,1.6406728733497002,-0.0003473450082496171
2026-06-02 17:48:00,1.586666666666667,-0.007958333333333512,1.6137884074359217,0.019163407435921157
2026-06-02 17:50:00,1.5824583333333333,-0.0042083333333335915,1.612194343419807,-0.0015940640161146464
2026-06-02 17:52:00,1.5918333333333337,0.009375000000000355,1.6099694838081124,-0.002224859611694558
2026-06-02 17:54:00,1.5799583333333331,-0.011875000000000524,1.6121133198792592,0.0021438360711469357
2026-06-02 17:56:00,1.5769583333333335,-0.0029999999999996696,1.613740276479296,0.0016269566000366796
2026-06-02 17:58:00,1.5830416666666667,0.0060833333333332185,1.6124150917637696,-0.0013251847155264028
2026-06-02 18:00:00,1.574625,-0.008416666666666739,1.6116762833415568,-0.0007388084222127647
2026-06-02 18:02:00,1.5807916666666666,0.006166666666666654,1.612168661046593,0.0004923777050363091
2026-06-02 18:04:00,1.5795416666666666,-0.0012499999999999734,1.6124480023882721,0.0002793413416791037
2026-06-02 18:06:00,1.5817500000000004,0.0022083333333338118,1.6122344600865293,-0.00021354230174295774
2026-06-02 18:08:00,1.5807916666666666,-0.0009583333333338384,1.6121474242878058,-8.703579872340489e-05
2026-06-02 18:10:00,1.5766250000000002,-0.00416666666666643,1.6122617724865822,0.00011434819877631969
2026-06-02 18:12:00,1.5837391304347823,0.007114130434782151,1.6123190224694324,5.724998285017598e-05
2026-06-02 18:14:00,1.583375,-0.0003641304347823393,1.6122751651034868,-4.385736594553631e-05
2026-06-02 18:16:00,1.5875000000000001,0.004125000000000156,1.61223796497268,-3.720013080683441e-05
2026-06-02 18:18:00,1.5827083333333336,-0.0047916666666665275,1.5853110202179026,-0.0021889797820976416
2026-06-02 18:20:00,1.5785833333333332,-0.004125000000000378,1.5855228515586148,0.00021183134071239138
2026-06-02 18:22:00,1.5798749999999997,0.001291666666666469,1.5865782224839127,0.0010553709252978734
2026-06-02 18:24:00,1.5789583333333335,-0.0009166666666662326,1.5867665208765531,0.000188298392640272
2026-06-02 18:26:00,1.5766249999999997,-0.0023333333333337425,1.5864988534699915,-0.00026766740656144073
2026-06-02 18:28:00,1.582583333333333,0.005958333333333288,1.5864482457871067,-5.0607682884743244e-05
2026-06-02 18:30:00,1.6360000000000001,0.05341666666666711,1.5865439267147676,9.568092766077465e-05
2026-06-02 18:32:00,1.6148749999999998,-0.021125000000000282,1.5865476578226503,3.7311078826629424e-06
2026-06-02 18:34:00,1.6087916666666666,-0.0060833333333332185,1.586458447485543,-8.921033710722887e-05
2026-06-02 18:36:00,1.6010416666666665,-0.007750000000000146,1.586350117389561,-0.00010833009598184765
2026-06-02 18:38:00,1.5987500000000001,-0.0022916666666663588,1.5862172798650664,-0.0001328375244946793
2026-06-02 18:40:00,1.5917500000000002,-0.006999999999999895,1.5860282486518729,-0.0001890312131936451
2026-06-02 18:42:00,1.5695000000000003,-0.02224999999999988,1.585786035493353,-0.0002422131585197725
2026-06-02 18:44:00,1.5735000000000003,0.0040000000000000036,1.5855172419605759,-0.00026879353277719977
2026-06-02 18:46:00,1.5735000000000001,-2.220446049250313e-16,1.5852623951115008,-0.0002548468490751217
2026-06-02 18:48:00,1.5722499999999997,-0.0012500000000004174,1.596892527872344,0.02339252787234401
2026-06-02 18:50:00,1.5771666666666666,0.004916666666666902,1.5930439202656694,-0.0038486076066746562
2026-06-02 18:52:00,1.5751739130434783,-0.0019927536231882925,1.5898759029726082,-0.0031680172930612306
2026-06-02 18:54:00,1.5685416666666663,-0.006632246376812034,1.593454390653925,0.003578487681316713
2026-06-02 18:56:00,1.6603750000000002,0.09183333333333388,1.5957662085936382,0.002311817939713299
2026-06-02 18:58:00,1.856166666666667,0.1957916666666668,1.592987377241802,-0.002778831351836263
2026-06-02 19:00:00,1.850583333333333,-0.00558333333333394,1.5919240353619408,-0.001063341879861065
2026-06-02 19:02:00,1.8403333333333338,-0.010249999999999204,1.5930087390593908,0.0010847036974497774
2026-06-02 19:04:00,1.833375,-0.006958333333333844,1.5932637527706297,0.00025501371123896904
2026-06-02 19:06:00,1.8257083333333333,-0.0076666666666667105,1.5925975331444877,-0.000666219626142003
2026-06-02 19:08:00,1.8244583333333333,-0.0012499999999999734,1.5924439987073187,-0.00015353443716898147
2026-06-02 19:10:00,1.824041666666667,-0.0004166666666662877,1.5927033148208867,0.0002593161135678799
2026-06-02 19:12:00,1.823333333333334,-0.0007083333333330888,1.5927769085761456,7.359375525910615e-05
2026-06-02 19:14:00,1.8138750000000001,-0.00945833333333379,1.592693646929939,-8.326164620656648e-05
2026-06-02 19:16:00,1.8163333333333334,0.002458333333333229,1.5927050554470785,1.140851713944569e-05
2026-06-02 19:18:00,1.8168749999999998,0.0005416666666664405,1.8221236884013867,0.005790355068053276
2026-06-02 19:20:00,1.8129583333333334,-0.003916666666666346,1.8210263419977462,-0.0010973464036404803
2026-06-02 19:22:00,1.8104166666666668,-0.0025416666666666643,1.821217407115814,0.00019106511806784297
2026-06-02 19:24:00,1.8075833333333335,-0.0028333333333332433,1.8227693139284258,0.0015519068126117759
2026-06-02 19:26:00,1.810208333333333,0.0026249999999994333,1.823247436030013,0.00047812210158718353
2026-06-02 19:28:00,1.8109565217391306,0.0007481884057976007,1.8227633626507662,-0.00048407337924677245
2026-06-02 19:30:00,1.8027083333333331,-0.00824818840579744,1.8226290274675756,-0.00013433518319054086
2026-06-02 19:32:00,1.806166666666667,0.003458333333333785,1.8228269759032674,0.0001979484356917792
2026-06-02 19:34:00,1.8083333333333333,0.002166666666666428,1.8228601151000103,3.313919674294273e-05
2026-06-02 19:36:00,1.813208333333333,0.004874999999999741,1.8227252267896914,-0.00013488831031897264
2026-06-02 19:38:00,1.8097499999999995,-0.003458333333333563,1.8226115003890655,-0.00011372640062580703
2026-06-02 19:40:00,1.8135833333333335,0.0038333333333340214,1.8225133505388063,-9.814985025943413e-05
2026-06-02 19:42:00,1.808708333333333,-0.004875000000000629,1.8223560151760543,-0.00015733536275176665
2026-06-02 19:44:00,1.8133749999999997,0.004666666666666819,1.8221488634437297,-0.00020715173232455718
2026-06-02 19:46:00,1.8141666666666667,0.0007916666666669681,1.8219539691367044,-0.00019489430702535952
2026-06-02 19:48:00,1.806,-0.008166666666666655,1.8142105581001071,4.389143344039721e-05
2026-06-02 19:50:00,1.8120833333333337,0.0060833333333336626,1.8141994123942824,-1.1145705824613982e-05
2026-06-02 19:52:00,1.8105416666666665,-0.0015416666666672185,1.814780300704386,0.0005808883101034474
2026-06-02 19:54:00,1.8127500000000003,0.0022083333333338118,1.8152237363844035,0.0004434356800175317
2026-06-02 19:56:00,1.805,-0.007750000000000368,1.815377133687875,0.0001533973034716149
2026-06-02 19:58:00,1.8163333333333334,0.011333333333333417,1.8155298869222838,0.00015275323440866733
2026-06-02 20:00:00,1.8081249999999998,-0.008208333333333595,1.815733597001779,0.00020371007949520774
2026-06-02 20:02:00,1.812083333333333,0.003958333333333286,1.8159557953458465,0.00022219834406763135
2026-06-02 20:04:00,1.8090000000000004,-0.0030833333333326607,1.8161512054005422,0.00019541005469554426
2026-06-02 20:06:00,1.8066666666666666,-0.0023333333333337425,1.8163379408565532,0.00018673545601110222
2026-06-02 20:08:00,1.8128260869565218,0.006159420289855166,1.8165271630885576,0.00018922223200432692
2026-06-02 20:10:00,1.8119166666666666,-0.0009094202898551895,1.816708832756189,0.00018166966763158324
2026-06-02 20:12:00,1.8127499999999996,0.0008333333333330195,1.8168785875546691,0.00016975479847995
2026-06-02 20:14:00,1.8159166666666666,0.003166666666666984,1.8170462818545834,0.0001676942999142386
2026-06-02 20:16:00,1.8127916666666666,-0.0031250000000000444,1.817229016997893,0.00018273514330975345
2026-06-02 20:18:00,1.8142083333333332,0.0014166666666666217,1.8140516336845682,0.001259967017901626
2026-06-02 20:20:00,1.8084999999999998,-0.005708333333333426,1.8144133748222204,0.00036174113765212457
2026-06-02 20:22:00,1.807791666666666,-0.0007083333333337549,1.815105259139206,0.0006918843169856665
2026-06-02 20:24:00,1.8102500000000001,0.0024583333333341173,1.8157264113084202,0.0006211521692141577
2026-06-02 20:26:00,1.8127916666666666,0.0025416666666664423,1.8160151177684771,0.0002887064600569719
2026-06-02 20:28:00,1.8064999999999998,-0.006291666666666806,1.8161796553568774,0.00016453758840028545
2026-06-02 20:30:00,1.8107916666666668,0.004291666666667027,1.8163831020059784,0.00020344664910109728
2026-06-02 20:32:00,1.8095416666666664,-0.0012500000000004174,1.8165871739012047,0.00020407189522621142
2026-06-02 20:34:00,1.8105,0.0009583333333336164,1.8167337655122502,0.00014659161104554552
2026-06-02 20:36:00,1.8056666666666665,-0.004833333333333467,1.8168210919837946,8.7326471544277e-05
2026-06-02 20:38:00,1.8034583333333332,-0.0022083333333333677,1.8168587948290813,3.770284528667623e-05
2026-06-02 20:40:00,1.8097916666666667,0.006333333333333524,1.8168413859764723,-1.7408852608960748e-05
2026-06-02 20:42:00,1.8090416666666662,-0.0007500000000004725,1.8167637776554881,-7.76083209840667e-05
2026-06-02 20:44:00,1.801333333333333,-0.007708333333333206,1.8166367609015537,-0.0001270167539344292
2026-06-02 20:46:00,1.8059166666666666,0.004583333333333606,1.8164956367692735,-0.00014112413228021303
2026-06-02 20:48:00,1.809041666666667,0.0031250000000004885,1.8088447540690011,0.0029280874023345943
2026-06-02 20:50:00,1.8032500000000002,-0.0057916666666668615,1.8084880228427667,-0.0003567312262345437
2026-06-02 20:52:00,1.809086956521739,0.0058369565217386565,1.8089324671602722,0.00044444431750564786
2026-06-02 20:54:00,1.8039166666666668,-0.005170289855072063,1.8097061126553036,0.0007736454950313128
2026-06-02 20:56:00,1.8050833333333334,0.0011666666666665382,1.8099417698549727,0.00023565719966901422
2026-06-02 20:58:00,1.8012083333333333,-0.003875000000000073,1.8099146574326477,-2.711242232504243e-05
2026-06-02 21:00:00,1.7994583333333332,-0.0017500000000001403,1.8099531561370834,3.84987044357047e-05
2026-06-02 21:02:00,1.800166666666667,0.0007083333333337549,1.8101005294583685,0.0001473733212853288
2026-06-02 21:04:00,1.7999583333333329,-0.00020833333333403203,1.810217478735256,0.00011694927688738849
2026-06-02 21:06:00,1.8082916666666664,0.008333333333333526,1.8103065435928416,8.906485758552617e-05
2026-06-02 21:08:00,1.8036249999999996,-0.004666666666666819,1.8104155390315595,0.00010899543871801761
2026-06-02 21:10:00,1.8054583333333338,0.0018333333333342416,1.8105452599327045,0.00012972090114504213
2026-06-02 21:12:00,1.803625,-0.0018333333333337976,1.810680607305717,0.00013534737301219648
2026-06-02 21:14:00,1.79925,-0.004375000000000018,1.810827680060973,0.00014707275525631017
2026-06-02 21:16:00,1.8036249999999996,0.004374999999999574,1.8110058362788923,0.00017815621791925342
2026-06-02 21:18:00,1.7999166666666666,-0.0037083333333329804,1.8039702828988387,0.0003452828988390387
2026-06-02 21:20:00,1.7945416666666667,-0.005374999999999908,1.8040403744213116,7.00915224729988e-05
2026-06-02 21:22:00,1.7972500000000002,0.0027083333333335347,1.8051020452377982,0.0010616708164864642
2026-06-02 21:24:00,1.7991666666666666,0.0019166666666663446,1.8059206355413286,0.0008185903035305988
2026-06-02 21:26:00,1.8003333333333333,0.0011666666666667602,1.8060965287195234,0.0001758931781947657
2026-06-02 21:28:00,1.8015,0.0011666666666667602,1.8061844092121866,8.788049266321652e-05
2026-06-02 21:30:00,1.799875,-0.0016250000000002096,1.8064266123749029,0.00024220316271614264
2026-06-02 21:32:00,1.7997499999999997,-0.00012500000000015277,1.8066694529263956,0.0002428405514928254
2026-06-02 21:34:00,1.8001666666666665,0.0004166666666667318,1.8068149947359506,0.00014554180955495775
2026-06-02 21:36:00,1.793173913043478,-0.006992753623188408,1.8068998222647723,8.482752882175503e-05
2026-06-02 21:38:00,1.8047083333333331,0.011534420289855074,1.806949556364253,4.9734099480726034e-05
2026-06-02 21:40:00,1.795,-0.009708333333333208,1.8069441021903998,-5.454173853359584e-06
2026-06-02 21:42:00,1.797375,0.002375000000000016,1.8068692762884597,-7.482590193992985e-05
2026-06-02 21:44:00,1.7961666666666665,-0.0012083333333334778,1.806737156258182,-0.0001321200302778282
2026-06-02 21:46:00,1.7995833333333333,0.0034166666666668455,1.8065821063515115,-0.00015504990667049225
2026-06-02 21:48:00,1.7949166666666663,-0.004666666666667041,1.800077280128052,0.0004939467947185975
2026-06-02 21:50:00,1.7932083333333333,-0.0017083333333329787,1.7998677731860961,-0.00020950694195570594
2026-06-02 21:52:00,1.7969583333333334,0.003750000000000142,1.8005735980200337,0.0007058248339374603
2026-06-02 21:54:00,1.7905416666666667,-0.006416666666666737,1.8011056692983491,0.0005320712783154905
2026-06-02 21:56:00,1.7921250000000002,0.001583333333333492,1.8010941351414445,-1.1534156904705837e-05
2026-06-02 21:58:00,1.7884166666666665,-0.0037083333333336466,1.8010375839030206,-5.655123842376404e-05
2026-06-02 22:00:00,1.7916250000000007,0.0032083333333341457,1.8010532450317578,1.566112873707481e-05
2026-06-02 22:02:00,1.7915,-0.00012500000000059686,1.801111057548113,5.781251635531727e-05
2026-06-02 22:04:00,1.7942500000000001,0.00275000000000003,1.801130122771974,1.9065223860877285e-05
2026-06-02 22:06:00,1.7889166666666665,-0.005333333333333634,1.801150523206344,2.0400434370057326e-05
2026-06-02 22:08:00,1.79275,0.0038333333333335773,1.801204357916456,5.383471011196039e-05
2026-06-02 22:10:00,1.7902916666666668,-0.002458333333333229,1.8012810422010868,7.668428463086806e-05
2026-06-02 22:12:00,1.787375,-0.0029166666666669006,1.8013730446442253,9.200244313843845e-05
2026-06-02 22:14:00,1.785,-0.002375000000000016,1.8014927585615046,0.00011971391727930668
2026-06-02 22:16:00,1.778791666666666,-0.006208333333333815,1.8016549610072952,0.00016220244579054493
2026-06-02 22:18:00,1.7860000000000003,0.007208333333334149,1.7869854283963296,0.008193761729663452
2026-06-02 22:20:00,1.7869999999999997,0.0009999999999994458,1.7868126603357422,-0.00017276806058738953
2026-06-02 22:22:00,1.7832916666666663,-0.0037083333333334245,1.786881826521017,6.9166185274839e-05
2026-06-02 22:24:00,1.7840833333333332,0.0007916666666669681,1.7881459698354332,0.0012641433144161816
2026-06-02 22:26:00,1.790916666666666,0.006833333333332803,1.788887468605831,0.0007414987703976669
2026-06-02 22:28:00,1.790695652173913,-0.00022101449275302443,1.7887808487880232,-0.00010661981780767546
2026-06-02 22:30:00,1.7866666666666668,-0.0040289855072461744,1.7887156980060563,-6.515078196681579e-05
2026-06-02 22:32:00,1.785375,-0.001291666666666913,1.788900059619332,0.00018436161327575276
2026-06-02 22:34:00,1.7788750000000002,-0.006499999999999728,1.7890382543659298,0.00013819474659758013
2026-06-02 22:36:00,1.789125,0.01024999999999987,1.7890301653398026,-8.089026127073503e-06
2026-06-02 22:38:00,1.7900000000000007,0.0008750000000006253,1.7889712341362953,-5.8931203507329934e-05
2026-06-02 22:40:00,1.7875416666666661,-0.0024583333333345614,1.7888936392550008,-7.759488129442232e-05
2026-06-02 22:42:00,1.7882916666666662,0.0007500000000000284,1.7887582466937977,-0.00013539256120313439
2026-06-02 22:44:00,1.7855416666666664,-0.002749999999999808,1.7885536545807783,-0.00020459211301938145
2026-06-02 22:46:00,1.7825416666666667,-0.0029999999999996696,1.788317373331012,-0.00023628124976626946
2026-06-02 22:48:00,1.7864583333333337,0.0039166666666670125,1.7863868030354646,0.003845136368797976
2026-06-02 22:50:00,1.7905833333333334,0.004124999999999712,1.7860706464582847,-0.00031615657717987654
2026-06-02 22:52:00,1.784041666666667,-0.006541666666666446,1.7860933363340499,2.2689875765116326e-05
2026-06-02 22:54:00,1.788541666666667,0.0044999999999999485,1.7866218998440249,0.0005285635099750029
2026-06-02 22:56:00,1.7849583333333328,-0.00358333333333416,1.7868191657839267,0.00019726593990184973
2026-06-02 22:58:00,1.7871249999999996,0.002166666666666872,1.7866831997522774,-0.00013596603164925882
2026-06-02 23:00:00,1.7837083333333332,-0.0034166666666664014,1.7865031532595663,-0.00018004649271109166
2026-06-02 23:02:00,1.7877916666666664,0.004083333333333217,1.786443728858652,-5.942440091428165e-05
2026-06-02 23:04:00,1.788083333333333,0.00029166666666657903,1.786391842593068,-5.188626558399838e-05
2026-06-02 23:06:00,1.7830833333333336,-0.004999999999999449,1.7863201240329578,-7.171856011042562e-05
2026-06-02 23:08:00,1.7867500000000003,0.003666666666666707,1.7862711277192305,-4.899631372728581e-05
2026-06-02 23:10:00,1.784041666666666,-0.002708333333334201,1.7862623091244547,-8.81859477572323e-06
2026-06-02 23:12:00,1.7880833333333335,0.004041666666667387,1.7862856592289038,2.3350104449032236e-05
2026-06-02 23:14:00,1.7936249999999996,0.005541666666666112,1.786342929438265,5.727020936115321e-05
2026-06-02 23:16:00,1.792083333333333,-0.0015416666666665524,1.7864457215275014,0.0001027920892364918
2026-06-02 23:18:00,1.7872916666666667,-0.0047916666666663055,1.7921248814187074,4.154808537434891e-05
2026-06-02 23:20:00,1.7906250000000001,0.0033333333333334103,1.7925222417579465,0.0003973603392391973
2026-06-02 23:22:00,1.7922083333333336,0.001583333333333492,1.7932384347698707,0.00071619301192419
2026-06-02 23:24:00,1.7993478260869562,0.007139492753622578,1.7936581667481668,0.0004197319782959574
2026-06-02 23:26:00,1.7907499999999994,-0.008597826086956806,1.7938059435350329,0.00014777678686623744
2026-06-02 23:28:00,1.7907499999999998,4.440892098500626e-16,1.793953305212244,0.000147361677211116
2026-06-02 23:30:00,1.7769583333333332,-0.013791666666666647,1.7941447431952475,0.00019143798300337778
2026-06-02 23:32:00,1.7725833333333327,-0.004375000000000462,1.7942966272220786,0.00015188402683119148
2026-06-02 23:34:00,1.7772916666666667,0.0047083333333339805,1.7943820586640802,8.5431442001574e-05
2026-06-02 23:36:00,1.782958333333333,0.005666666666666265,1.7944161071135476,3.4048449467364826e-05
2026-06-02 23:38:00,1.774708333333333,-0.008249999999999869,1.7943977821741108,-1.832493943674252e-05
2026-06-02 23:40:00,1.7792500000000004,0.004541666666667332,1.7943134317220601,-8.435045205075243e-05
2026-06-02 23:42:00,1.77525,-0.004000000000000448,1.7941572942439674,-0.0001561374780926796
2026-06-02 23:44:00,1.7785416666666667,0.0032916666666666927,1.7939355200177767,-0.00022177422619078065
2026-06-02 23:46:00,1.7659999999999998,-0.012541666666666895,1.793673177393687,-0.0002623426240897748
2026-06-02 23:48:00,1.7658749999999996,-0.00012500000000015277,1.7801286088632615,0.0141286088632618
2026-06-02 23:50:00,1.76575,-0.00012499999999970868,1.779082964146971,-0.001045644716290696
2026-06-02 23:52:00,1.762583333333333,-0.003166666666666984,1.7777747054567792,-0.0013082586901917298
2026-06-02 23:54:00,1.7694583333333334,0.0068750000000004086,1.7789071926016358,0.0011324871448564885
2026-06-02 23:56:00,1.7712500000000002,0.001791666666666858,1.7797076693305305,0.000800476728894881
2026-06-02 23:58:00,1.7698333333333334,-0.0014166666666668437,1.779034186893742,-0.0006734824367884529
2026-06-03 00:00:00,1.7719166666666666,0.002083333333333215,1.7783854616718882,-0.0006487252218539075
2026-06-03 00:02:00,1.7690833333333336,-0.0028333333333330213,1.778304291908813,-8.116976307527397e-05
2026-06-03 00:04:00,1.7695833333333333,0.0004999999999997229,1.7782472140244197,-5.707788439314972e-05
2026-06-03 00:06:00,1.7715416666666666,0.001958333333333284,1.778023911977041,-0.00022330204737885947
2026-06-03 00:08:00,1.7693333333333332,-0.0022083333333333677,1.7778423955215967,-0.00018151645544410152
2026-06-03 00:10:00,1.773208333333333,0.003874999999999851,1.7777839059148395,-5.848960675737347e-05
2026-06-03 00:12:00,1.7741739130434782,0.0009655797101451036,1.7777773545232372,-6.551391602286147e-06
2026-06-03 00:14:00,1.7711666666666668,-0.003007246376811379,1.7777931157537976,1.5761230560430747e-05
2026-06-03 00:16:00,1.7764166666666668,0.005249999999999977,1.7778614734732323,6.835771943483092e-05
2026-06-03 00:18:00,1.775125,-0.001291666666666691,1.7759411474923783,-0.000475519174288354
2026-06-03 00:20:00,1.7701250000000002,-0.004999999999999893,1.7759439359248326,2.788432454273361e-06
2026-06-03 00:22:00,1.768416666666667,-0.0017083333333332007,1.776649164714607,0.0007052287897743593
2026-06-03 00:24:00,1.7713750000000001,0.002958333333333174,1.7771321558286302,0.0004829911140231066
2026-06-03 00:26:00,1.7701666666666667,-0.0012083333333334778,1.7772416624254423,0.00010950659681231039
2026-06-03 00:28:00,1.77175,0.00158333333333327,1.7773296006489534,8.79382235110243e-05
2026-06-03 00:30:00,1.7653333333333332,-0.006416666666666737,1.7775016080777564,0.0001720074288028906
2026-06-03 00:32:00,1.766791666666667,0.0014583333333337833,1.7776492417299643,0.00014763365220795882
2026-06-03 00:34:00,1.759625,-0.007166666666666988,1.7777194115552573,7.016982529289854e-05
2026-06-03 00:36:00,1.7549166666666667,-0.004708333333333314,1.7777335887638912,1.4177208634051899e-05
2026-06-03 00:38:00,1.758,0.003083333333333327,1.7777008324033974,-3.27563604939435e-05
2026-06-03 00:40:00,1.7560416666666665,-0.0019583333333335062,1.7776053359536308,-9.549644976652826e-05
2026-06-03 00:42:00,1.7521250000000002,-0.003916666666666346,1.777435929392411,-0.00016940656121982654
2026-06-03 00:44:00,1.7461250000000001,-0.006000000000000005,1.7771965855497847,-0.0002393438426262276
2026-06-03 00:46:00,1.7430416666666664,-0.003083333333333771,1.7769114608610344,-0.0002851246887504926
2026-06-03 00:48:00,1.7428333333333335,-0.0002083333333329218,1.756150634999655,0.01310896833298851
2026-06-03 00:50:00,1.7453478260869562,0.002514492753622699,1.754565063802284,-0.0015855711973707827
2026-06-03 00:52:00,1.7439583333333333,-0.0013894927536228785,1.7535918045778114,-0.0009732592244726669
2026-06-03 00:54:00,1.742916666666667,-0.0010416666666663854,1.7549589713925757,0.0013671668147643278
2026-06-03 00:56:00,1.7362916666666663,-0.006625000000000547,1.755541480413034,0.0005825090204581851
2026-06-03 00:58:00,1.7305416666666664,-0.005749999999999922,1.7546458396856273,-0.000895640727406684
2026-06-03 01:00:00,1.7277083333333332,-0.0028333333333332433,1.7540021652550652,-0.0006436744305620308
2026-06-03 01:02:00,1.7248750000000002,-0.0028333333333330213,1.7539341767825571,-6.798847250816904e-05
2026-06-03 01:04:00,1.7253333333333332,0.0004583333333330053,1.7538145267211709,-0.00011965006138609047
2026-06-03 01:06:00,1.7353750000000001,0.010041666666666949,1.7535277446470516,-0.0002867820741193289
2026-06-03 01:08:00,1.7439583333333333,0.008583333333333165,1.7533210360075384,-0.00020670863951333956
2026-06-03 01:10:00,1.7413750000000003,-0.002583333333332938,1.753247390005813,-7.364600172543164e-05
2026-06-03 01:12:00,1.7457083333333336,0.0043333333333333,1.753218646208112,-2.8743797700892963e-05
2026-06-03 01:14:00,1.7337916666666662,-0.011916666666667464,1.7532144041684696,-4.242039642311187e-06
2026-06-03 01:16:00,1.7133333333333338,-0.020458333333332357,1.7532714853019777,5.708113350813527e-05
2026-06-03 01:18:00,1.7045833333333336,-0.008750000000000258,1.7317261187282864,0.018392785394952513
2026-06-03 01:20:00,1.7080434782608698,0.003460144927536213,1.7319732144865898,0.0002470957583035077
2026-06-03 01:22:00,1.7007500000000002,-0.007293478260869568,1.7300763897430098,-0.001896824743580082
2026-06-03 01:24:00,1.689166666666667,-0.011583333333333279,1.731338886469369,0.0012624967263593567
2026-06-03 01:26:00,1.6792499999999997,-0.00991666666666724,1.7330636914565194,0.001724804987150241
2026-06-03 01:28:00,1.6603333333333332,-0.01891666666666647,1.7327931980937719,-0.0002704933627475114
2026-06-03 01:30:00,1.6532916666666664,-0.007041666666666835,1.7321857404805843,-0.0006074576131875161
2026-06-03 01:32:00,1.646958333333334,-0.006333333333332414,1.732301021720344,0.0001152812397598357
2026-06-03 01:34:00,1.6370833333333337,-0.0098750000000003,1.7325263557866901,0.00022533406634604432
2026-06-03 01:36:00,1.6206666666666667,-0.016416666666666968,1.7324333777321965,-9.297805449370571e-05
2026-06-03 01:38:00,1.5842083333333334,-0.03645833333333326,1.7322423562536937,-0.00019102147850280323
2026-06-03 01:40:00,1.5799999999999998,-0.0042083333333335915,1.7321089611239693,-0.00013339512972445385
2026-06-03 01:42:00,1.5700833333333335,-0.009916666666666352,1.7319439784727713,-0.00016498265119793936
2026-06-03 01:44:00,1.654625,0.08454166666666652,1.7316789479119106,-0.00026503056086066854
2026-06-03 01:46:00,1.7246666666666666,0.07004166666666656,1.7313576260840562,-0.0003213218278543551
2026-06-03 01:48:00,1.7254166666666666,0.0007500000000000284,1.6599494901583653,-0.06471717650830125
2026-06-03 01:50:00,1.7192083333333328,-0.006208333333333815,1.65162032232083,-0.008329167837535368
2026-06-03 01:52:00,1.7222916666666663,0.003083333333333549,1.6720267141213674,0.020406391800537466
2026-06-03 01:54:00,1.7197826086956522,-0.0025090579710140837,1.6653961468637117,-0.00663056725765568
2026-06-03 01:56:00,1.7176250000000006,-0.002157608695651625,1.6516512553745195,-0.013744891489192178
2026-06-03 01:58:00,1.7151250000000005,-0.0025000000000001688,1.6548536430656893,0.0032023876911696594
2026-06-03 02:00:00,1.718125,0.0029999999999994476,1.6613722938021063,0.006518650736417053
2026-06-03 02:02:00,1.7259166666666665,0.007791666666666641,1.6556361659403402,-0.005736127861766094
2026-06-03 02:04:00,1.7226249999999999,-0.0032916666666666927,1.6515865786482455,-0.004049587292094716
2026-06-03 02:06:00,1.717666666666667,-0.004958333333332954,1.6539384633228542,0.002351884674608793
2026-06-03 02:08:00,1.7231250000000005,0.005458333333333565,1.6552789163998451,0.001340453076990969
2026-06-03 02:10:00,1.719541666666667,-0.003583333333333494,1.6525608047624971,-0.002718111637348096
2026-06-03 02:12:00,1.7169166666666664,-0.0026250000000005436,1.6514774430920212,-0.0010833616704758922
2026-06-03 02:14:00,1.7185416666666669,0.0016250000000004317,1.6524592198117276,0.0009817767197064652
2026-06-03 02:16:00,1.7164166666666665,-0.0021250000000003766,1.6525929224114475,0.0001337025997199187
2026-06-03 02:18:00,1.7146666666666668,-0.0017499999999996962,1.7204217748420207,0.004005108175354195
2026-06-03 02:20:00,1.7172916666666669,0.0026250000000000995,1.7205286289992612,0.0001068541572404759
2026-06-03 02:22:00,1.715416666666667,-0.001874999999999849,1.7209906792076461,0.0004620502083849835
2026-06-03 02:24:00,1.7179130434782608,0.002496376811593759,1.7218940667910116,0.0009033875833655431
2026-06-03 02:26:00,1.7194583333333338,0.0015452898550729621,1.722328670327392,0.000434603536380164
2026-06-03 02:28:00,1.7178750000000003,-0.001583333333333492,1.7223331323189586,4.461991566791305e-06
2026-06-03 02:30:00,1.7217916666666662,0.003916666666665902,1.722371154884428,3.802256546945008e-05
2026-06-03 02:32:00,1.7130833333333335,-0.008708333333332652,1.7225033887489793,0.00013223386455126705
2026-06-03 02:34:00,1.7177500000000003,0.004666666666666819,1.7225805136774501,7.712492847067898e-05
2026-06-03 02:36:00,1.7155416666666665,-0.0022083333333338118,1.722565522542323,-1.4991135126923749e-05
2026-06-03 02:38:00,1.7158749999999998,0.0003333333333332966,1.7225034202398728,-6.210230245028535e-05
2026-06-03 02:40:00,1.7130833333333335,-0.0027916666666663037,1.7224011859629629,-0.00010223427690997684
2026-06-03 02:42:00,1.7143333333333335,0.0012499999999999734,1.7222319099834194,-0.0001692759795435606
2026-06-03 02:44:00,1.7096666666666671,-0.004666666666666375,1.721984741987232,-0.0002471679961872366
2026-06-03 02:46:00,1.7071250000000002,-0.0025416666666668863,1.7216841587574618,-0.0003005832297702422
2026-06-03 02:48:00,1.690458333333333,-0.016666666666667274,1.713086485742825,0.005961485742824827
2026-06-03 02:50:00,1.6937916666666666,0.0033333333333336324,1.7126340730679703,-0.00045241267485475695
2026-06-03 02:52:00,1.694652173913044,0.0008605072463774288,1.712401645983038,-0.00023242708493226156
2026-06-03 02:54:00,1.6781666666666666,-0.01648550724637743,1.7129168279849496,0.0005151820019116053
2026-06-03 02:56:00,1.6650416666666665,-0.013125000000000053,1.7130233405617121,0.0001065125767623928
2026-06-03 02:58:00,1.6647083333333332,-0.0003333333333332966,1.7126190849429082,-0.0004042556188039705
2026-06-03 03:00:00,1.6667499999999997,0.0020416666666664973,1.712225185589141,-0.00039389935376708634
2026-06-03 03:02:00,1.6624999999999999,-0.004249999999999865,1.712022391085326,-0.00020279450381496835
2026-06-03 03:04:00,1.6633750000000003,0.0008750000000004032,1.711838208946322,-0.0001841821390040474
2026-06-03 03:06:00,1.6687083333333332,0.005333333333332968,1.7116241151166796,-0.0002140938296423067
2026-06-03 03:08:00,1.6669166666666666,-0.0017916666666666359,1.7114455150065377,-0.0001786001101418667
2026-06-03 03:10:00,1.66425,-0.002666666666666595,1.7113298734150537,-0.0001156415914839871
2026-06-03 03:12:00,1.6691666666666665,0.004916666666666458,1.7112618891721711,-6.798424288265558e-05
2026-06-03 03:14:00,1.6689583333333333,-0.00020833333333314386,1.7112384110458452,-2.3478126325944396e-05
2026-06-03 03:16:00,1.6564583333333331,-0.012500000000000178,1.7112726768224606,3.426577661545951e-05
2026-06-03 03:18:00,1.6521666666666668,-0.0042916666666663605,1.6681849364357644,0.01172660310243118
2026-06-03 03:20:00,1.6540833333333333,0.0019166666666665666,1.6684218266839235,0.0002368902481592248
2026-06-03 03:22:00,1.6538333333333328,-0.0002500000000005276,1.6675458740269387,-0.0008759526569849724
2026-06-03 03:24:00,1.641916666666667,-0.01191666666666591,1.6684723486770647,0.0009264746501261564
2026-06-03 03:26:00,1.6477500000000003,0.005833333333333357,1.6694585246917104,0.000986176014645743
2026-06-03 03:28:00,1.6337391304347824,-0.01401086956521791,1.6693567506245865,-0.00010177406712398552
2026-06-03 03:30:00,1.6267916666666666,-0.006947463768115725,1.6690626297115199,-0.00029412091306668187
2026-06-03 03:32:00,1.6227083333333334,-0.004083333333333217,1.669104582829085,4.19531175651953e-05
2026-06-03 03:34:00,1.619791666666667,-0.0029166666666664565,1.6691973201118573,9.273728277231114e-05
2026-06-03 03:36:00,1.6260833333333335,0.006291666666666584,1.6691253045336554,-7.201557820191555e-05
2026-06-03 03:38:00,1.6226666666666665,-0.0034166666666670675,1.6689751685188479,-0.00015013601480749514
2026-06-03 03:40:00,1.6159583333333334,-0.006708333333333094,1.6688198488573216,-0.00015531966152619996
2026-06-03 03:42:00,1.596541666666667,-0.019416666666666416,1.6686176498471534,-0.00020219901016826965
2026-06-03 03:44:00,1.5795416666666668,-0.017000000000000126,1.6683296844729008,-0.0002879653742526789
2026-06-03 03:46:00,1.5811666666666666,0.0016249999999997655,1.6679819738893278,-0.00034771058357303353
2026-06-03 03:48:00,1.5849166666666672,0.003750000000000586,1.6086499693691254,0.027483302702458717
2026-06-03 03:50:00,1.57875,-0.006166666666667098,1.6080138494676801,-0.000636119901445254
2026-06-03 03:52:00,1.582291666666667,0.0035416666666669983,1.6020746959501742,-0.005939153517506026
2026-06-03 03:54:00,1.5765416666666667,-0.005750000000000366,1.6049230740404927,0.002848378090318673
2026-06-03 03:56:00,1.5697083333333337,-0.006833333333333025,1.6085665076025117,0.003643433562019098
2026-06-03 03:58:00,1.575666666666667,0.005958333333333288,1.6049917151310082,-0.0035747924715035175
2026-06-03 04:00:00,1.5781250000000002,0.002458333333333229,1.6024835012517968,-0.002508213879211465
2026-06-03 04:02:00,1.5718333333333339,-0.006291666666666362,1.6032801472398364,0.0007966459880394436
2026-06-03 04:04:00,1.5726250000000002,0.0007916666666663019,1.6035047521043344,0.00022460486449810425
2026-06-03 04:06:00,1.5737083333333333,0.001083333333333103,1.6022234298635774,-0.0012813222407569952
2026-06-03 04:08:00,1.5607391304347826,-0.012969202898550636,1.6014916276131133,-0.0007318022504641864
2026-06-03 04:10:00,1.6053750000000002,0.04463586956521759,1.6014889104968513,-2.717116261955346e-06
2026-06-03 04:12:00,1.6274999999999997,0.022124999999999506,1.6013748157781755,-0.00011409471867573681
2026-06-03 04:14:00,1.6019583333333334,-0.02554166666666635,1.6010647158551137,-0.00031009992306173446
2026-06-03 04:16:00,1.58525,-0.016708333333333325,1.6009066050728078,-0.00015811078230596145
2026-06-03 04:18:00,1.6992083333333337,0.1139583333333336,1.5998313990678918,0.014581399067891838
2026-06-03 04:20:00,1.702,0.0027916666666663037,1.5985806621557728,-0.0012507369121190436
2026-06-03 04:22:00,1.6830416666666663,-0.018958333333333632,1.5942252708732496,-0.004355391282523261
2026-06-03 04:24:00,1.6824166666666667,-0.0006249999999996536,1.5953472281537924,0.0011219572805427891
2026-06-03 04:26:00,1.6774583333333337,-0.004958333333332954,1.5975288727211108,0.002181644567318512
2026-06-03 04:28:00,1.6720833333333331,-0.005375000000000574,1.5968321627780382,-0.0006967099430727478
2026-06-03 04:30:00,1.6755000000000002,0.0034166666666670675,1.5957405536408165,-0.001091609137221579
2026-06-03 04:32:00,1.6674999999999998,-0.008000000000000451,1.5957945714186563,5.401777783975927e-05
2026-06-03 04:34:00,1.6688260869565215,0.0013260869565216993,1.595998567327732,0.00020399590907566671
2026-06-03 04:36:00,1.6685416666666664,-0.0002844202898550918,1.5957083015648115,-0.0002902657629205022
2026-06-03 04:38:00,1.6649583333333335,-0.0035833333333328277,1.595316276898062,-0.00039202466674939933
2026-06-03 04:40:00,1.664208333333333,-0.0007500000000004725,1.5950634252084543,-0.00025285168960775817
2026-06-03 04:42:00,1.6742083333333329,0.009999999999999787,1.5947897265588562,-0.0002736986495981442
2026-06-03 04:44:00,1.6702499999999996,-0.003958333333333286,1.5943862099394017,-0.00040351661945440794
2026-06-03 04:46:00,1.670375,0.0001250000000003748,1.5939195560886665,-0.0004666538507352797
2026-06-03 04:48:00,1.664208333333333,-0.006166666666666876,1.6730823988186576,0.002707398818657585
2026-06-03 04:50:00,1.6642916666666663,8.333333333321313e-05,1.6728746539459913,-0.00020774487266621297
2026-06-03 04:52:00,1.6591666666666665,-0.005124999999999824,1.6727109576009216,-0.00016369634506972481
2026-06-03 04:54:00,1.6544166666666664,-0.004750000000000032,1.672713034467875,2.076866953215426e-06
2026-06-03 04:56:00,1.6592083333333332,0.0047916666666667496,1.672402141341575,-0.0003108931262997938
2026-06-03 04:58:00,1.659791666666667,0.0005833333333338242,1.671911645270803,-0.0004904960707720215
2026-06-03 05:00:00,1.6479999999999995,-0.011791666666667533,1.6714370248211372,-0.0004746204496657821
2026-06-03 05:02:00,1.6443333333333332,-0.003666666666666263,1.6710633490878921,-0.00037367573324510674
2026-06-03 05:04:00,1.6428333333333336,-0.0014999999999996128,1.670691441207588,-0.000371907880304126
2026-06-03 05:06:00,1.6443333333333332,0.0014999999999996128,1.6703161520184735,-0.0003752891891144088
2026-06-03 05:08:00,1.6419166666666662,-0.0024166666666669556,1.6699729476207472,-0.0003432043977264331
2026-06-03 05:10:00,1.6354166666666667,-0.006499999999999506,1.6696679320597034,-0.0003050155610437872
2026-06-03 05:12:00,1.6367391304347827,0.0013224637681159557,1.6693967298121253,-0.00027120224757804564
2026-06-03 05:14:00,1.6351666666666669,-0.0015724637681158171,1.6691685809307557,-0.0002281488813696062
2026-06-03 05:16:00,1.63275,-0.0024166666666669556,1.6689974188190353,-0.00017116211172031246
2026-06-03 05:18:00,1.6299999999999997,-0.0027500000000002522,1.6422517574396445,0.009501757439644463
2026-06-03 05:20:00,1.628916666666667,-0.001083333333332659,1.6414173078320102,-0.0008344496076342135
2026-06-03 05:22:00,1.6256666666666666,-0.0032500000000004192,1.6411357004440899,-0.0002816073879202385
2026-06-03 05:24:00,1.63025,0.004583333333333384,1.6423897902639004,0.0012540898198104271
2026-06-03 05:26:00,1.6254999999999997,-0.004750000000000254,1.6428090381030547,0.0004192478391543663
2026-06-03 05:28:00,1.621791666666666,-0.0037083333333336466,1.6421379321262446,-0.0006711059768101455
2026-06-03 05:30:00,1.6189166666666663,-0.002874999999999739,1.6416721486008565,-0.00046578352538802605
2026-06-03 05:32:00,1.6163749999999995,-0.0025416666666668863,1.6415714793031024,-0.00010066929775411231
2026-06-03 05:34:00,1.614208333333333,-0.002166666666666428,1.6413801298417066,-0.000191349461395803
2026-06-03 05:36:00,1.6105833333333335,-0.0036249999999995453,1.6410156878261057,-0.00036444201560095345
2026-06-03 05:38:00,1.6052499999999998,-0.005333333333333634,1.6406418651617294,-0.0003738226643762248
2026-06-03 05:40:00,1.6043749999999999,-0.0008749999999999591,1.640283097207735,-0.00035876795399457416
2026-06-03 05:42:00,1.598375,-0.005999999999999783,1.6398636063803906,-0.00041949082734434853
2026-06-03 05:44:00,1.6000000000000003,0.0016250000000002096,1.639356892190691,-0.0005067141896995886
2026-06-03 05:46:00,1.6019583333333332,0.00195833333333284,1.6388003443400891,-0.0005565478506018769
2026-06-03 05:48:00,1.6009583333333335,-0.0009999999999996678,1.6092781637725215,0.007319830439188295
2026-06-03 05:50:00,1.5989166666666668,-0.0020416666666667194,1.6078909539280288,-0.0013872098444926513
2026-06-03 05:52:00,1.5972916666666668,-0.0016249999999999876,1.607463486435297,-0.0004274674927317169
2026-06-03 05:54:00,1.600083333333333,0.0027916666666663037,1.6081885599733299,0.0007250735380327591
2026-06-03 05:56:00,1.6037083333333333,0.0036250000000002114,1.608015654939295,-0.00017290503403493137
2026-06-03 05:58:00,1.6039999999999999,0.00029166666666657903,1.6071050569686687,-0.0009105979706261689
2026-06-03 06:00:00,1.6035416666666664,-0.0004583333333334494,1.6064170284228718,-0.0006880285457968744
2026-06-03 06:02:00,1.5982173913043483,-0.005324275362318165,1.6060366681835287,-0.0003803602393430646
2026-06-03 06:04:00,1.596916666666667,-0.001300724637681272,1.6055895084071716,-0.00044715977635714993
2026-06-03 06:06:00,1.6025833333333332,0.005666666666666265,1.6050542233856697,-0.0005352850215018221
2026-06-03 06:08:00,1.6029166666666665,0.0003333333333332966,1.6045681583028415,-0.00048606508282824333
2026-06-03 06:10:00,1.60875,0.005833333333333357,1.6041447940568934,-0.0004233642459481865
2026-06-03 06:12:00,1.6005833333333335,-0.008166666666666433,1.6037403048394245,-0.0004044892174687667
2026-06-03 06:14:00,1.5944166666666666,-0.006166666666666876,1.6033609106171574,-0.00037939422226718525
2026-06-03 06:16:00,1.6064583333333333,0.012041666666666728,1.6030379034254756,-0.0003230071916818832
2026-06-03 06:18:00,1.6027083333333334,-0.00374999999999992,1.6052907808880765,-0.0011675524452568603
2026-06-03 06:20:00,1.6021250000000002,-0.0005833333333331581,1.6043932609986735,-0.0008975198894028813
2026-06-03 06:22:00,1.6043750000000003,0.0022500000000000853,1.6050848602148293,0.0006915992161556729
2026-06-03 06:24:00,1.609125,0.004749999999999588,1.6054520734645503,0.0003672132497211416
2026-06-03 06:26:00,1.6096249999999996,0.0004999999999997229,1.6049507562645333,-0.0005013172000169907
2026-06-03 06:28:00,1.6097083333333329,8.333333333321313e-05,1.6044185401241045,-0.0005322161404288642
2026-06-03 06:30:00,1.6145833333333328,0.004874999999999963,1.6041431748946673,-0.0002753652294372205
2026-06-03 06:32:00,1.60525,-0.00933333333333275,1.6038638098811,-0.0002793650135673086
2026-06-03 06:34:00,1.6090416666666665,0.0037916666666664156,1.6034562214404477,-0.0004075884406523312
2026-06-03 06:36:00,1.6043750000000003,-0.004666666666666153,1.6030012370894526,-0.0004549843509951283
2026-06-03 06:38:00,1.6074583333333334,0.0030833333333331048,1.602541439524019,-0.0004597975654336457
2026-06-03 06:40:00,1.6053750000000004,-0.002083333333332993,1.6020408400673873,-0.0005005994566316628
2026-06-03 06:42:00,1.606791666666667,0.0014166666666666217,1.6014686554207738,-0.000572184646613409
2026-06-03 06:44:00,1.6062500000000004,-0.0005416666666666625,1.60082430791945,-0.0006443475013238064
2026-06-03 06:46:00,1.6076250000000003,0.001374999999999904,1.600132022070202,-0.0006922858492480722
2026-06-03 06:48:00,1.6077083333333333,8.333333333299109e-05,1.6083171826887759,0.0006921826887754981
2026-06-03 06:50:00,1.606625,-0.001083333333333325,1.6075313146345913,-0.0007858680541844316
2026-06-03 06:52:00,1.6113043478260873,0.0046793478260873655,1.6074320961388606,-9.921849573078242e-05
2026-06-03 06:54:00,1.6157083333333333,0.004403985507245967,1.607336513995043,-9.558214381751132e-05
2026-06-03 06:56:00,1.6140416666666668,-0.0016666666666664831,1.6067865431171822,-0.000549970877860926
2026-06-03 06:58:00,1.618458333333333,0.004416666666666291,1.6061295710346544,-0.0006569720825277836
2026-06-03 07:00:00,1.6098333333333332,-0.008624999999999883,1.6055759698888348,-0.0005536011458194824
2026-06-03 07:02:00,1.6155000000000002,0.005666666666666931,1.605084864445094,-0.0004911054437408827
2026-06-03 07:04:00,1.6208750000000005,0.005375000000000352,1.6045548740875188,-0.0005299903575750779
2026-06-03 07:06:00,1.6183333333333334,-0.0025416666666671084,1.6040020235203467,-0.00055285056717214
2026-06-03 07:08:00,1.6215833333333334,0.003249999999999975,1.6034605933272534,-0.0005414301930934394
2026-06-03 07:10:00,1.6132083333333334,-0.008375000000000021,1.6029277801812032,-0.0005328131460501226
2026-06-03 07:12:00,1.6145833333333333,0.001374999999999904,1.6024007903133062,-0.0005269898678969854
2026-06-03 07:14:00,1.613041666666667,-0.0015416666666663303,1.6018999949434058,-0.0005007953699003622
2026-06-03 07:16:00,1.6152083333333334,0.002166666666666428,1.6014464911752493,-0.00045350376815650136
2026-06-03 07:18:00,1.6191250000000001,0.00391666666666679,1.6168142004343773,0.00160586710104388
2026-06-03 07:20:00,1.6162916666666665,-0.0028333333333336874,1.6162221032671669,-0.0005920971672102863
2026-06-03 07:22:00,1.6117083333333333,-0.004583333333333162,1.6163704389798206,0.00014833571265356936
2026-06-03 07:24:00,1.6214166666666667,0.00970833333333343,1.6166541790764624,0.00028374009664182995
2026-06-03 07:26:00,1.6188333333333336,-0.00258333333333316,1.6163357978015682,-0.00031838127489418116
2026-06-03 07:28:00,1.617208333333333,-0.0016250000000006537,1.615737424198268,-0.0005983736033001852
2026-06-03 07:30:00,1.5434999999999999,-0.07370833333333304,1.615246641987863,-0.0004907822104050111
2026-06-03 07:32:00,2.6488750000000003,1.1053750000000004,1.6148093582509486,-0.0004372837369142407
2026-06-03 07:34:00,2.7855217391304343,0.13664673913043401,1.6142931237354765,-0.0005162345154722096
2026-06-03 07:36:00,2.335083333333333,-0.45043840579710137,1.613707783957516,-0.0005853397779606075
2026-06-03 07:38:00,2.650625,0.31554166666666683,1.6130989378396783,-0.0006088461178376651
2026-06-03 07:40:00,2.6582500000000002,0.007625000000000437,1.6124586564259957,-0.0006402814136824579
2026-06-03 07:42:00,2.648875,-0.009375000000000355,1.6117572385969483,-0.0007014178290475357
2026-06-03 07:44:00,2.6789166666666664,0.030041666666666522,1.6109839182044232,-0.000773320392525101
2026-06-03 07:46:00,2.5160416666666667,-0.16287499999999966,1.6101627689850666,-0.0008211492193565145
2026-06-03 07:48:00,2.6817083333333334,0.16566666666666663,2.5413182647392705,0.02527659807260362
2026-06-03 07:50:00,2.6777083333333334,-0.0040000000000000036,2.5610871203441263,0.019768855604855834
2026-06-03 07:52:00,1.3960833333333331,-1.2816250000000002,2.5517825930621623,-0.0093045272819641
2026-06-03 07:54:00,0.7772083333333333,-0.6188749999999998,2.543529221135983,-0.008253371926179318
2026-06-03 07:56:00,0.8445217391304347,0.06731340579710143,2.5490912168794893,0.005561995743506519
2026-06-03 07:58:00,1.5647916666666666,0.7202699275362319,2.5525305147919797,0.003439297912490531
2026-06-03 08:00:00,2.6973749999999996,1.132583333333333,2.54525848056773,-0.007272034224249876
2026-06-03 08:02:00,2.684125,-0.013249999999999762,2.5427949412246362,-0.002463539343093814
2026-06-03 08:04:00,2.6976250000000004,0.013500000000000512,2.544907014290245,0.0021120730656086105
2026-06-03 08:06:00,2.6737083333333334,-0.02391666666666703,2.5444398899515277,-0.00046712433871698986
2026-06-03 08:08:00,2.677166666666667,0.003458333333333563,2.5417751712552135,-0.0026647186963141122
2026-06-03 08:10:00,2.67675,-0.0004166666666667318,2.540844430461861,-0.0009307407933525472
2026-06-03 08:12:00,2.6837500000000003,0.007000000000000117,2.5408822716985835,3.7841236722333256e-05
2026-06-03 08:14:00,2.68225,-0.001500000000000501,2.5402212980654033,-0.0006609736331800506
2026-06-03 08:16:00,2.690041666666666,0.007791666666666419,2.539251472253418,-0.0009698258119856541
2026-06-03 08:18:00,2.685833333333333,-0.004208333333333147,2.692615927896717,0.0025742612300511188
2026-06-03 08:20:00,2.685,-0.0008333333333330195,2.6826700733653484,-0.009945854531369109
2026-06-03 08:22:00,2.6880833333333336,0.003083333333333549,2.685174255786574,0.0025041824212258847
2026-06-03 08:24:00,2.6962499999999996,0.00816666666666599,2.693411402606522,0.008237146819948185
2026-06-03 08:26:00,2.693208333333333,-0.003041666666666387,2.6854456245122305,-0.00796577809429176
2026-06-03 08:28:00,2.694875,0.0016666666666669272,2.6782120866624908,-0.00723353784973986
2026-06-03 08:30:00,2.6867916666666662,-0.008083333333333886,2.6820484350686025,0.003836348406111834
2026-06-03 08:32:00,2.687208333333333,0.0004166666666667318,2.6838116404201693,0.0017632053515666511
2026-06-03 08:34:00,2.6907916666666662,0.0035833333333332718,2.6775521571023013,-0.006259483317867851
2026-06-03 08:36:00,2.691166666666667,0.0003750000000009024,2.675247511946001,-0.002304645156300568
2026-06-03 08:38:00,2.6907916666666662,-0.0003750000000009024,2.676717451229457,0.0014699392834559843
2026-06-03 08:40:00,2.692,0.001208333333333922,2.675824620151599,-0.0008928310778577932
2026-06-03 08:42:00,2.6954583333333333,0.003458333333333119,2.6732309096985234,-0.002593710453075715
2026-06-03 08:44:00,2.694782608695652,-0.0006757246376811743,2.67211525750668,-0.0011156521918428291
2026-06-03 08:46:00,2.686291666666666,-0.008490942028986037,2.671685975717222,-0.0004292817894580702
2026-06-03 08:48:00,2.6835833333333334,-0.0027083333333326465,2.6947549542362217,0.008463287569555536
2026-06-03 08:50:00,2.6781666666666673,-0.005416666666666181,2.6940046180452497,-0.0007503361909717338
2026-06-03 08:52:00,2.6782500000000002,8.333333333299109e-05,2.692401702018685,-0.0016029160265652765
2026-06-03 08:54:00,2.681374999999999,0.003124999999998934,2.6925125880414345,0.00011088602274978991
2026-06-03 08:56:00,2.683083333333333,0.0017083333333336448,2.6925327377587482,2.0149717314010564e-05
2026-06-03 08:58:00,2.6797916666666666,-0.0032916666666662486,2.6916103852416717,-0.0009223525170768371
2026-06-03 09:00:00,2.6805833333333333,0.000791666666666746,2.69075810754035,-0.0008522777013214645
2026-06-03 09:02:00,2.6814583333333335,0.0008750000000001812,2.6902729241024916,-0.00048518343785856964
2026-06-03 09:04:00,2.6841250000000003,0.002666666666666817,2.6898144383524474,-0.0004584857500443696
2026-06-03 09:06:00,2.6835,-0.0006250000000003197,2.6892146714643084,-0.0005997668881387946
2026-06-03 09:08:00,2.6895833333333337,0.0060833333333336626,2.6885988965409435,-0.0006157749233650486
2026-06-03 09:10:00,2.690375000000001,0.0007916666666671901,2.6880360191924404,-0.0005628773485029309
2026-06-03 09:12:00,2.687791666666667,-0.002583333333333826,2.687483275977078,-0.00055274321536226
2026-06-03 09:14:00,2.7432916666666665,0.05549999999999944,2.68692856847138,-0.0005547075056977752
2026-06-03 09:16:00,2.7235833333333335,-0.019708333333332995,2.686410811154283,-0.0005177573170974116
2026-06-03 09:18:00,2.7251250000000002,0.0015416666666667744,2.709075185799348,-0.014508147533985556
2026-06-03 09:20:00,2.7211250000000002,-0.0040000000000000036,2.7098481025781394,0.0007729167787912821
2026-06-03 09:22:00,2.7223333333333333,0.0012083333333330337,2.711974283832375,0.002126181254235908
2026-06-03 09:24:00,2.7271249999999996,0.0047916666666663055,2.708713971604897,-0.0032603122274781258
2026-06-03 09:26:00,2.7261666666666664,-0.0009583333333331723,2.7064327376056996,-0.0022812339991973474
2026-06-03 09:28:00,2.7160434782608696,-0.010123188405796846,2.7066524835126273,0.00021974590692752728
2026-06-03 09:30:00,2.716125,8.152173913034133e-05,2.7066806162238053,2.813271117816583e-05
2026-06-03 09:32:00,2.716625,0.000500000000000167,2.7056181094708376,-0.0010625067529679252
2026-06-03 09:34:00,2.718166666666667,0.0015416666666667744,2.7046802021019296,-0.0009379073689079926
2026-06-03 09:36:00,2.7209583333333325,0.0027916666666656376,2.7041742857059936,-0.0005059163959357832
2026-06-03 09:38:00,2.7179583333333333,-0.0029999999999992255,2.7035814104527702,-0.0005928752532235087
2026-06-03 09:40:00,2.714958333333333,-0.0030000000000001137,2.7027618920404133,-0.0008195184123566144
2026-06-03 09:42:00,2.7122083333333333,-0.002749999999999808,2.701920512783291,-0.0008413792571226322
2026-06-03 09:44:00,2.716583333333333,0.004374999999999574,2.7010982650649717,-0.0008222477183192107
2026-06-03 09:46:00,2.7157083333333336,-0.000874999999999293,2.700227928656601,-0.0008703364083707389
2026-06-03 09:48:00,2.71625,0.0005416666666664405,2.7167222629142507,0.0010139295809168524
2026-06-03 09:50:00,2.712375,-0.003874999999999851,2.7159482781533444,-0.0007739847609061172
2026-06-03 09:52:00,2.7154583333333338,0.003083333333333549,2.7159952845698943,4.700641655000118e-05
2026-06-03 09:54:00,2.7152500000000006,-0.00020833333333314386,2.715975824003888,-1.9460566006518544e-05
2026-06-03 09:56:00,2.7142083333333336,-0.0010416666666670515,2.715371486348956,-0.0006043376549316938
2026-06-03 09:58:00,2.7119166666666668,-0.002291666666666803,2.714655977949426,-0.000715508399530365
2026-06-03 10:00:00,2.7101666666666673,-0.0017499999999994742,2.714206962002561,-0.00044901594686492467
2026-06-03 10:02:00,2.7125416666666666,0.00237499999999935,2.713803954895739,-0.0004030071068220469
2026-06-03 10:04:00,2.715375,0.0028333333333332433,2.713337366739896,-0.0004665881558430005
2026-06-03 10:06:00,2.710791666666667,-0.0045833333333327175,2.71283923564804,-0.0004981310918559505
2026-06-03 10:08:00,2.7148333333333334,0.004041666666666277,2.712349024536242,-0.0004902111117977375
2026-06-03 10:10:00,2.7125000000000004,-0.0023333333333330764,2.7118547760898934,-0.0004942484463486128
2026-06-03 10:12:00,2.708869565217392,-0.0036304347826083827,2.71134543630803,-0.0005093397818635321
2026-06-03 10:14:00,2.707333333333333,-0.0015362318840588252,2.7108405467431456,-0.0005048895648844858
2026-06-03 10:16:00,2.7082083333333333,0.0008750000000001812,2.7103676727866635,-0.0004728739564818906
2026-06-03 10:18:00,2.711166666666667,0.00295833333333384,2.7104970210522485,0.0022886877189154118
2026-06-03 10:20:00,2.708166666666667,-0.0030000000000001137,2.709934438712769,-0.0005625823394796803
2026-06-03 10:22:00,2.7009166666666666,-0.007250000000000423,2.7101931547555895,0.0002587160428205006
2026-06-03 10:24:00,2.6952083333333334,-0.005708333333333204,2.7106536703068413,0.000460515551251915
2026-06-03 10:26:00,2.6959999999999997,0.0007916666666663019,2.710388139583298,-0.00026553072354381236
2026-06-03 10:28:00,2.7074166666666666,0.011416666666666853,2.7097651984167253,-0.0006229411665724486
2026-06-03 10:30:00,2.705666666666667,-0.0017499999999994742,2.7092767357524083,-0.0004884626643166868
2026-06-03 10:32:00,2.7050416666666663,-0.0006250000000007638,2.708857951430236,-0.000418784322172648
2026-06-03 10:34:00,2.704083333333333,-0.0009583333333331723,2.7083384420121392,-0.0005195094180967548
2026-06-03 10:36:00,2.705375,0.001291666666666913,2.7077353120496244,-0.0006031299625146932
2026-06-03 10:38:00,2.700666666666668,-0.004708333333331982,2.707112531177412,-0.0006227808722127539
2026-06-03 10:40:00,2.7002916666666668,-0.0003750000000013465,2.706461385418688,-0.0006511457587237192
2026-06-03 10:42:00,2.700416666666667,0.00012500000000015277,2.705747648521658,-0.0007137368970301928
2026-06-03 10:44:00,2.6993333333333336,-0.001083333333333325,2.704965175164246,-0.0007824733574120495
2026-06-03 10:46:00,2.696875,-0.002458333333333673,2.7041457587421944,-0.0008194164220511477
2026-06-03 10:48:00,2.6942083333333335,-0.002666666666666373,2.7005349268153322,0.0036599268153321373
2026-06-03 10:50:00,2.7002916666666663,0.006083333333332774,2.699643712212088,-0.0008912146032438608
2026-06-03 10:52:00,2.693,-0.007291666666666252,2.699375851965337,-0.00026786024675145973
2026-06-03 10:54:00,2.700875,0.007874999999999854,2.699598876880479,0.00022302491514224822
2026-06-03 10:56:00,2.70325,0.002375000000000238,2.6992814857500576,-0.000317391130421593
2026-06-03 10:58:00,2.705217391304348,0.001967391304347643,2.6985893747172462,-0.0006921110328112477
2026-06-03 11:00:00,2.6985833333333336,-0.00663405797101424,2.698116554650539,-0.0004728200667072439
2026-06-03 11:02:00,2.6954583333333333,-0.0031250000000002665,2.697769320060715,-0.0003472345898238526
2026-06-03 11:04:00,2.692500000000001,-0.002958333333332508,2.697378058239336,-0.0003912618213790974
2026-06-03 11:06:00,2.692666666666667,0.00016666666666642627,2.696926041891429,-0.0004520163479069129
2026-06-03 11:08:00,2.700041666666667,0.007374999999999687,2.696474226479271,-0.00045181541215786355
2026-06-03 11:10:00,2.699,-0.0010416666666670515,2.6960297911262576,-0.00044443535301339344
2026-06-03 11:12:00,2.6967916666666665,-0.0022083333333333677,2.695571433536521,-0.000458357589736614
2026-06-03 11:14:00,2.6945416666666664,-0.0022500000000000853,2.695105811773413,-0.0004656217631085818
2026-06-03 11:16:00,2.6972916666666666,0.0027500000000002522,2.6946612828236547,-0.0004445289497576647
2026-06-03 11:18:00,2.6931666666666665,-0.004125000000000156,2.6980294932804494,0.0007378266137827175
2026-06-03 11:20:00,2.6960416666666664,0.002874999999999961,2.6975382588277697,-0.0004912344526796802
2026-06-03 11:22:00,2.697041666666667,0.001000000000000334,2.697956345701903,0.00041808687413354064
2026-06-03 11:24:00,2.6951666666666667,-0.001875000000000071,2.698273683720106,0.000317338018202565
2026-06-03 11:26:00,2.6947083333333333,-0.0004583333333334494,2.697898208518175,-0.00037547520193062
2026-06-03 11:28:00,2.6914166666666666,-0.0032916666666666927,2.6973301597489328,-0.0005680487692422047
2026-06-03 11:30:00,2.6979583333333337,0.006541666666667112,2.696903891666446,-0.00042626808248719
2026-06-03 11:32:00,2.6928333333333327,-0.005125000000000934,2.696489692026538,-0.0004141996399077163
2026-06-03 11:34:00,2.6940833333333334,0.0012500000000006395,2.6959661741514984,-0.0005235178750397469
2026-06-03 11:36:00,2.6949583333333336,0.0008750000000001812,2.6953755621412623,-0.0005906120102361001
2026-06-03 11:38:00,2.6886666666666668,-0.006291666666666806,2.694763526399763,-0.0006120357414993343
2026-06-03 11:40:00,2.6917916666666666,0.0031249999999998224,2.694112588138227,-0.0006509382615355854
2026-06-03 11:42:00,2.698826086956522,0.007034420289855348,2.693399282183642,-0.0007133059545852582
2026-06-03 11:44:00,2.6958749999999996,-0.002951086956522353,2.692626936432153,-0.0007723457514889759
2026-06-03 11:46:00,2.692500000000001,-0.0033749999999987956,2.691827403200028,-0.0007995332321251524
2026-06-03 11:48:00,2.7010416666666672,0.008541666666666448,2.693947000692956,0.0014470006929554215
2026-06-03 11:50:00,2.695625,-0.005416666666667069,2.693394646606588,-0.0005523540863681125
2026-06-03 11:52:00,2.68825,-0.0073750000000001315,2.6931716798086955,-0.00022296679789268365
2026-06-03 11:54:00,2.686833333333333,-0.0014166666666670658,2.6931034384158323,-6.824139286313924e-05
2026-06-03 11:56:00,2.6865000000000006,-0.00033333333333240844,2.6927469981503083,-0.0003564402655240628
2026-06-03 11:58:00,2.6874583333333333,0.0009583333333327282,2.692229119067375,-0.0005178790829333971
2026-06-03 12:00:00,2.686458333333333,-0.001000000000000334,2.691871739824253,-0.0003573792431219862
2026-06-03 12:02:00,2.6846666666666668,-0.0017916666666661918,2.6915640481313248,-0.0003076916929281524
2026-06-03 12:04:00,2.692041666666667,0.0073750000000001315,2.6912301561129195,-0.00033389201840530454
2026-06-03 12:06:00,2.6893749999999996,-0.002666666666667261,2.690862652905462,-0.00036750320745763205
2026-06-03 12:08:00,2.6875416666666667,-0.0018333333333329094,2.6904856550267313,-0.0003769978787302305
2026-06-03 12:10:00,2.686166666666667,-0.001374999999999904,2.6900998451790676,-0.00038580984766400353
2026-06-03 12:12:00,2.692375,0.006208333333333371,2.689696396345604,-0.00040344883346353933
2026-06-03 12:14:00,2.685,-0.0073750000000001315,2.689282064617282,-0.0004143317283218552
2026-06-03 12:16:00,2.6855833333333337,0.0005833333333336022,2.688876505396516,-0.00040555922076619547
2026-06-03 12:18:00,2.688166666666666,0.0025833333333324937,2.6884085298540814,0.0028251965207479056
2026-06-03 12:20:00,2.6836250000000006,-0.004541666666665556,2.687939698481887,-0.00046883137219433987
2026-06-03 12:22:00,2.6843750000000006,0.0007500000000000284,2.688058516006578,0.00011881752469094107
2026-06-03 12:24:00,2.680958333333333,-0.0034166666666677337,2.688521775096432,0.00046325908985391624
2026-06-03 12:26:00,2.68625,0.0052916666666669165,2.6883980463346933,-0.00012372876173862642
2026-06-03 12:28:00,2.687826086956522,0.0015760869565220048,2.6878739645441807,-0.000524081790512961
2026-06-03 12:30:00,2.6875416666666667,-0.0002844202898550918,2.6874281362275227,-0.00044582831665783635
2026-06-03 12:32:00,2.6864166666666662,-0.0011250000000004867,2.687060125400394,-0.00036801082712861635
2026-06-03 12:34:00,2.6865833333333335,0.00016666666666731444,2.6866070597495364,-0.00045306565085749236
2026-06-03 12:36:00,2.6856250000000004,-0.0009583333333331723,2.6860606144199113,-0.0005464453296250407
2026-06-03 12:38:00,2.68775,0.0021249999999994884,2.6854810552388724,-0.0005795591810391413
2026-06-03 12:40:00,2.6883749999999993,0.0006249999999994316,2.6848718228640513,-0.0006092323748210203
2026-06-03 12:42:00,2.6845833333333338,-0.0037916666666655274,2.6842072317839505,-0.0006645910801006737
2026-06-03 12:44:00,2.683083333333333,-0.001500000000000945,2.683486861084878,-0.0007203706990727546
2026-06-03 12:46:00,2.682208333333333,-0.0008749999999997371,2.682746940050289,-0.0007399210345887434
2026-06-03 12:48:00,2.684416666666666,0.0022083333333329236,2.6845917695216084,0.002383436188275168
2026-06-03 12:50:00,2.681708333333333,-0.0027083333333330906,2.683870906028175,-0.0007208634934332462
2026-06-03 12:52:00,2.6806666666666668,-0.0010416666666661634,2.6837433866662197,-0.00012751936195512945
2026-06-03 12:54:00,2.6820833333333334,0.0014166666666666217,2.683961069099673,0.00021768243345306765
2026-06-03 12:56:00,2.6948333333333334,0.012750000000000039,2.6837368124497063,-0.00022425664996653861
2026-06-03 12:58:00,2.690583333333334,-0.004249999999999421,2.683232685986288,-0.0005041264634181892
2026-06-03 13:00:00,2.6907083333333337,0.00012499999999970868,2.6829426670733465,-0.0002900189129416043
2026-06-03 13:02:00,2.685916666666667,-0.0047916666666667496,2.682746017558244,-0.00019664951510242392
2026-06-03 13:04:00,2.688916666666667,0.0030000000000001137,2.6825110799528264,-0.00023493760541779075
2026-06-03 13:06:00,2.6839166666666667,-0.0050000000000003375,2.682227495932216,-0.000283584020610702
2026-06-03 13:08:00,2.687958333333333,0.004041666666666277,2.681939751652027,-0.0002877442801885649
2026-06-03 13:10:00,2.6946666666666665,0.006708333333333538,2.6816484384507944,-0.0002913132012329063
2026-06-03 13:12:00,2.6962083333333333,0.0015416666666667744,2.6813335761177823,-0.000314862333012048
2026-06-03 13:14:00,2.6958695652173916,-0.00033876811594169,2.680997967401657,-0.0003356087161250068
2026-06-03 13:16:00,2.6854583333333335,-0.010411231884058125,2.680662186869225,-0.0003357805324321817
2026-06-03 13:18:00,2.686291666666667,0.0008333333333334636,2.6915877993358155,0.006129466002482149
2026-06-03 13:20:00,2.6840000000000006,-0.0022916666666663588,2.691279627719426,-0.0003081716163895263
2026-06-03 13:22:00,2.6874583333333333,0.003458333333332675,2.6906333457977816,-0.0006462819216444691
2026-06-03 13:24:00,2.685708333333334,-0.0017499999999994742,2.69110104903329,0.0004677032355086246
2026-06-03 13:26:00,2.6838333333333337,-0.001875000000000071,2.691407699160297,0.0003066501270069319
2026-06-03 13:28:00,2.6904583333333325,0.006624999999998771,2.691004328210187,-0.0004033709501100292
2026-06-03 13:30:00,2.6847083333333335,-0.005749999999999034,2.6904915582858284,-0.000512769924358663
2026-06-03 13:32:00,2.687958333333333,0.003249999999999531,2.690158299529981,-0.00033325875584740887
2026-06-03 13:34:00,2.687416666666667,-0.0005416666666659964,2.6898132239829717,-0.00034507554700921724
2026-06-03 13:36:00,2.689375,0.001958333333333062,2.689336830757928,-0.0004763932250438571
2026-06-03 13:38:00,2.684125,-0.005250000000000199,2.688796802868919,-0.0005400278890090796
2026-06-03 13:40:00,2.6854999999999998,0.001374999999999904,2.6882408266258664,-0.0005559762430523824
2026-06-03 13:42:00,2.6899999999999995,0.0044999999999997264,2.6876442213558223,-0.0005966052700441184
2026-06-03 13:44:00,2.690541666666667,0.0005416666666673287,2.686994085868734,-0.0006501354870886826
2026-06-03 13:46:00,2.6915416666666663,0.0009999999999994458,2.686330133744094,-0.0006639521246400161
2026-06-03 13:48:00,2.6946666666666665,0.0031250000000002665,2.6913195752107923,-0.0002220914558737564
2026-06-03 13:50:00,2.6944166666666667,-0.00024999999999986144,2.690967441078834,-0.0003521341319585919
2026-06-03 13:52:00,2.689458333333334,-0.004958333333332732,2.6911174934850286,0.0001500524061947275
2026-06-03 13:54:00,2.689666666666667,0.00020833333333314386,2.6911139581462074,-3.5353388213975735e-06
2026-06-03 13:56:00,2.6879166666666663,-0.0017500000000008065,2.6908203885883983,-0.0002935695578087544
2026-06-03 13:58:00,2.691416666666667,0.0035000000000007248,2.6905122618225867,-0.0003081267658116654
2026-06-03 14:00:00,2.6896086956521743,-0.0018079710144927041,2.690412524896154,-9.973692643275761e-05
2026-06-03 14:02:00,2.6885,-0.0011086956521744185,2.6903224852550043,-9.003964114966684e-05
2026-06-03 14:04:00,2.6867499999999995,-0.0017500000000003624,2.690194257003723,-0.000128228251281335
2026-06-03 14:06:00,2.690416666666667,0.003666666666667595,2.6900463305035767,-0.0001479265001462552
2026-06-03 14:08:00,2.687583333333334,-0.0028333333333332433,2.6898895431523067,-0.00015678735127021845
2026-06-03 14:10:00,2.688833333333333,0.0012499999999993072,2.689709045133955,-0.00018049801835162376
2026-06-03 14:12:00,2.6934166666666663,0.004583333333333162,2.689494937075341,-0.00021410805861375273
2026-06-03 14:14:00,2.6916666666666664,-0.0017499999999999183,2.6892544929113997,-0.00024044416394162872
2026-06-03 14:16:00,2.6937499999999996,0.002083333333333215,2.6890025394777095,-0.0002519534336902385
2026-06-03 14:18:00,2.6901250000000005,-0.003624999999999101,2.6934883776762284,-0.000261622323771143
2026-06-03 14:20:00,2.692291666666666,0.002166666666665318,2.6933608817962065,-0.00012749588002211655
2026-06-03 14:22:00,2.6937916666666673,0.0015000000000013891,2.693851739618993,0.0004908578227867932
2026-06-03 14:24:00,2.6929999999999996,-0.0007916666666676342,2.6940484501230144,0.00019671050402115964
2026-06-03 14:26:00,2.6920833333333327,-0.0009166666666668988,2.693793948043592,-0.0002545020794223272
2026-06-03 14:28:00,2.6919583333333335,-0.0001249999999992646,2.6934929009627924,-0.0003010470807995912
2026-06-03 14:30:00,2.690125,-0.0018333333333333535,2.693274186921782,-0.00021871404101012518
2026-06-03 14:32:00,2.6856250000000004,-0.0044999999999997264,2.6930169705656386,-0.0002572163561438478
2026-06-03 14:34:00,2.6885833333333333,0.002958333333332952,2.6926710706973784,-0.0003458998682602342
2026-06-03 14:36:00,2.689625,0.0010416666666666075,2.692275259432642,-0.00039581126473618397
2026-06-03 14:38:00,2.6863333333333332,-0.0032916666666666927,2.691845768553432,-0.00042949087921006037
2026-06-03 14:40:00,2.6932916666666666,0.0069583333333334,2.691367258438607,-0.0004785101148248057
2026-06-03 14:42:00,2.6944347826086954,0.0011431159420287607,2.6908356576832113,-0.0005316007553959814
2026-06-03 14:44:00,2.6811666666666656,-0.013268115942029812,2.6902675866720975,-0.0005680710111138023
2026-06-03 14:46:00,2.684333333333333,0.003166666666667428,2.6897006772412198,-0.0005669094308776856
2026-06-03 14:48:00,2.696,0.011666666666667158,2.6899002707659174,0.005566937432584229
2026-06-03 14:50:00,2.6988750000000006,0.002875000000000405,2.6888967797544576,-0.001003491011459632
2026-06-03 14:52:00,2.69275,-0.00612500000000038,2.6885954891861963,-0.00030129056826144144
2026-06-03 14:54:00,2.6930833333333335,0.0003333333333332966,2.6892952593213417,0.0006997701351456559
2026-06-03 14:56:00,2.69675,0.003666666666666707,2.6894688514574807,0.00017359213613876723
2026-06-03 14:58:00,2.6947500000000004,-0.0019999999999997797,2.68905551437526,-0.00041333708222085486
2026-06-03 15:00:00,2.7007499999999998,0.005999999999999339,2.688878383187991,-0.00017713118726860052
2026-06-03 15:02:00,2.685916666666667,-0.01483333333333281,2.688916410700503,3.8027512511624415e-05
2026-06-03 15:04:00,2.683125,-0.00279166666666697,2.68891455381852,-1.8568819826304136e-06
2026-06-03 15:06:00,2.6842916666666667,0.0011666666666667602,2.6888223988738953,-9.215494462466346e-05
2026-06-03 15:08:00,2.6944999999999997,0.01020833333333293,2.688724286594866,-9.811227902927622e-05
2026-06-03 15:10:00,2.692291666666667,-0.0022083333333324795,2.6886310499372987,-9.323665756729314e-05
2026-06-03 15:12:00,2.6967499999999998,0.004458333333332565,2.6885014203303,-0.0001296296069990518
2026-06-03 15:14:00,2.698416666666667,0.0016666666666673713,2.6883272151478006,-0.0001742051824992227
2026-06-03 15:16:00,2.6977916666666673,-0.0006249999999998757,2.6881327155307564,-0.00019449961704419945
2026-06-03 15:18:00,2.6936249999999995,-0.004166666666667762,2.697414361134986,-0.00037730553168126876
2026-06-03 15:20:00,2.690291666666667,-0.003333333333332522,2.6974312973477392,1.6936212753070744e-05
2026-06-03 15:22:00,2.6906250000000003,0.0003333333333332966,2.6979378277581287,0.0005065304103896306
2026-06-03 15:24:00,2.6950000000000003,0.004375000000000018,2.698096162432594,0.00015833467446533937
2026-06-03 15:26:00,2.690166666666667,-0.004833333333333467,2.6978785425528753,-0.0002176198797188064
2026-06-03 15:28:00,2.687913043478261,-0.002253623188405829,2.6976498759194056,-0.00022866663346942596
2026-06-03 15:30:00,2.6953333333333336,0.007420289855072593,2.697486146897212,-0.00016372902219405615
2026-06-03 15:32:00,2.3565,-0.33883333333333354,2.7106054542502185,0.013119307353006725
2026-06-03 15:34:00,2.1131249999999997,-0.24337500000000034,2.707153297870035,-0.0034521563801836437
2026-06-03 15:36:00,2.1167083333333334,0.003583333333333716,2.706775858252816,-0.000377439617218789
2026-06-03 15:38:00,2.1088333333333336,-0.007874999999999854,2.7062849647956955,-0.0004908934571205786
2026-06-03 15:40:00,2.1162916666666662,0.0074583333333326784,2.705880168121267,-0.00040479667442824537
2026-06-03 15:42:00,2.1169583333333333,0.0006666666666670373,2.7054335494354387,-0.00044661868582872267
2026-06-03 15:44:00,2.1154583333333337,-0.0014999999999996128,2.704895115153175,-0.0005384342822632235
2026-06-03 15:46:00,2.1141249999999996,-0.0013333333333340747,2.704363595795798,-0.0005315193573773389
2026-06-03 15:48:00,2.1123333333333334,-0.0017916666666661918,2.1341782429189795,0.02005324291897982
2026-06-03 15:50:00,2.1178333333333326,0.005499999999999172,2.129491241812112,-0.0046870011068675214
2026-06-03 15:52:00,2.1141666666666663,-0.003666666666666263,2.126850266676552,-0.0026409751355599012
2026-06-03 15:54:00,2.11225,-0.0019166666666663446,2.1306459307528343,0.003795664076282309
2026-06-03 15:56:00,2.114125,0.001875000000000071,2.132178379439544,0.0015324486867095914
2026-06-03 15:58:00,2.1165,0.002374999999999794,2.1290982537268244,-0.003080125712719341
2026-06-03 16:00:00,2.117375,0.0008750000000001812,2.1282322249839307,-0.0008660287428938083
2026-06-03 16:02:00,2.113291666666666,-0.004083333333333883,2.129245879674318,0.001013654690387253
2026-06-03 16:04:00,2.119291666666667,0.0060000000000006715,2.1292431344300033,-2.745244314757737e-06
2026-06-03 16:06:00,2.1168750000000003,-0.0024166666666665115,2.12846077649561,-0.0007823579343930854
2026-06-03 16:08:00,2.114208333333333,-0.002666666666667261,2.128236269318613,-0.00022450717699722749
2026-06-03 16:10:00,2.12,0.0057916666666670835,2.1283455858633067,0.00010931654469394465
2026-06-03 16:12:00,2.1199130434782605,-8.695652173962287e-05,2.128217061903707,-0.00012852395960009466
2026-06-03 16:14:00,2.123041666666667,0.003128623188406454,2.127926925977013,-0.0002901359266937462
2026-06-03 16:16:00,2.1166666666666667,-0.006375000000000242,2.127715950115039,-0.0002109758619742991
2026-06-03 16:18:00,2.119083333333333,0.0024166666666665115,2.1200715091465465,0.003404842479879904
2026-06-03 16:20:00,2.123,0.0039166666666670125,2.1200367988383806,-3.471030816593931e-05
2026-06-03 16:22:00,2.111875,-0.011125000000000274,2.119981973567398,-5.482527098283085e-05
2026-06-03 16:24:00,2.1143750000000003,0.002500000000000391,2.1203938490258842,0.0004118754584865154
2026-06-03 16:26:00,2.1237083333333335,0.009333333333333194,2.120556800906961,0.00016295188107637323
2026-06-03 16:28:00,2.1211249999999997,-0.002583333333333826,2.1203405451091686,-0.00021625579779199107
2026-06-03 16:30:00,2.1164166666666664,-0.004708333333333314,2.1200890731299973,-0.0002514719791715513
2026-06-03 16:32:00,2.115041666666667,-0.00137499999999946,2.119911833796402,-0.00017723933359518654
2026-06-03 16:34:00,2.1113333333333335,-0.0037083333333334245,2.1197042872974308,-0.00020754649897132665
2026-06-03 16:36:00,2.126,0.014666666666666384,2.119415638817194,-0.00028864848023699044
2026-06-03 16:38:00,2.1209999999999996,-0.0050000000000003375,2.1190772250794465,-0.0003384137377473518
2026-06-03 16:40:00,2.122,0.001000000000000334,2.118708346029657,-0.00036887904978911794
2026-06-03 16:42:00,2.1327916666666664,0.010791666666666533,2.1183027957056564,-0.00040555032400080553
2026-06-03 16:44:00,2.1313333333333335,-0.0014583333333328952,2.1178692036231372,-0.00043359208251924275
2026-06-03 16:46:00,2.1245416666666674,-0.006791666666666085,2.1174520378168324,-0.0004171658063047071
2026-06-03 16:48:00,2.129791666666667,0.005249999999999755,2.1272550044070453,0.0027133377403776478
2026-06-03 16:50:00,2.1303749999999995,0.0005833333333322699,2.1271758696968073,-7.913471023764852e-05
2026-06-03 16:52:00,2.1282500000000004,-0.0021249999999990443,2.126927257111875,-0.0002486125849324079
2026-06-03 16:54:00,2.1261249999999996,-0.0021250000000008207,2.1271951138573773,0.0002678567455021333
2026-06-03 16:56:00,2.121166666666667,-0.004958333333332732,2.1274910385451515,0.0002959246877744481
2026-06-03 16:58:00,2.1284347826086956,0.007268115942028697,2.1275804043668205,8.936582166874449e-05
2026-06-03 17:00:00,2.1281250000000003,-0.00030978260869529706,2.1276806257882104,0.00010022142139004645
2026-06-03 17:02:00,2.1250833333333334,-0.0030416666666668313,2.1278483730191233,0.0001677472309128801
2026-06-03 17:04:00,2.1281666666666674,0.003083333333333993,2.128027601005072,0.00017922798594867937
2026-06-03 17:06:00,2.12025,-0.00791666666666746,2.128165533837337,0.00013793283226492831
2026-06-03 17:08:00,2.123708333333333,0.003458333333333119,2.128263934766531,9.84009291938255e-05
2026-06-03 17:10:00,2.1301666666666663,0.006458333333333233,2.128328582907005,6.464814047439458e-05
2026-06-03 17:12:00,2.128458333333334,-0.0017083333333323125,2.1283502670333694,2.1684126364427444e-05
2026-06-03 17:14:00,2.1239166666666667,-0.004541666666667332,2.1283254324332046,-2.4834600164913277e-05
2026-06-03 17:16:00,2.128625,0.004708333333333314,2.1282674802389145,-5.795219429028943e-05
2026-06-03 17:18:00,2.1270000000000002,-0.0016249999999997655,2.129329646292173,0.0007046462921727573
2026-06-03 17:20:00,2.124625,-0.002375000000000238,2.1290858317775334,-0.0002438145146391465
2026-06-03 17:22:00,2.1281666666666665,0.003541666666666554,2.129731396947722,0.0006455651701881972
2026-06-03 17:24:00,2.127625,-0.0005416666666664405,2.1302523528541877,0.0005209559064658163
2026-06-03 17:26:00,2.1261666666666668,-0.0014583333333333393,2.130138949750818,-0.00011340310336931564
2026-06-03 17:28:00,2.12775,0.001583333333333048,2.1298780553937178,-0.0002608943571007136
2026-06-03 17:30:00,2.1285833333333337,0.0008333333333339077,2.1297617180958484,-0.00011633729786923052
2026-06-03 17:32:00,2.1229166666666663,-0.005666666666667375,2.129664280713129,-9.743738271910071e-05
2026-06-03 17:34:00,2.127958333333333,0.005041666666666611,2.129478064167494,-0.0001862165456349195
2026-06-03 17:36:00,2.126625,-0.0013333333333327424,2.1292361558030066,-0.00024190836448787382
2026-06-03 17:38:00,2.12825,0.0016249999999997655,2.1289724640463334,-0.0002636917566728052
2026-06-03 17:40:00,2.128958333333333,0.0007083333333328667,2.1286733029772837,-0.0002991610690499559
2026-06-03 17:42:00,2.126782608695652,-0.002175724637680787,2.128329396154454,-0.00034390682282952896
2026-06-03 17:44:00,2.128,0.0012173913043480589,2.1279613309908507,-0.0003680651636036557
2026-06-03 17:46:00,2.1282083333333333,0.00020833333333314386,2.1276150956748974,-0.0003462353159529751
2026-06-03 17:48:00,2.1280416666666673,-0.00016666666666598218,2.129574113371465,0.0013657800381318467
2026-06-03 17:50:00,2.130916666666667,0.002874999999999517,2.1293983897967697,-0.00017572357469549816
2026-06-03 17:52:00,2.1235000000000004,-0.007416666666666405,2.1297644903811683,0.0003661005843989114
2026-06-03 17:54:00,2.120875,-0.0026250000000005436,2.1302568474922614,0.0004923571110927047
2026-06-03 17:56:00,2.125208333333333,0.0043333333333333,2.130424973580433,0.00016812608817154154
2026-06-03 17:58:00,2.1298750000000006,0.004666666666667485,2.13046779219146,4.2818611027249416e-05
2026-06-03 18:00:00,2.1256666666666666,-0.004208333333334036,2.130629309943003,0.00016151775154301976
2026-06-03 18:02:00,2.1311666666666667,0.00550000000000006,2.1308460003207967,0.00021669037779388137
2026-06-03 18:04:00,2.1256250000000003,-0.005541666666666334,2.131034020177668,0.00018801985687109992
2026-06-03 18:06:00,2.1233750000000002,-0.0022500000000000853,2.131190373187435,0.0001563530097667597
2026-06-03 18:08:00,2.123541666666667,0.00016666666666687036,2.1313322425154366,0.00014186932800179297
2026-06-03 18:10:00,2.12575,0.0022083333333329236,2.1314495181294157,0.00011727561397936896
2026-06-03 18:12:00,2.126,0.00024999999999986144,2.131527798094743,7.82799653267776e-05
2026-06-03 18:14:00,2.1218333333333335,-0.00416666666666643,2.1315707420973418,4.2944002599099566e-05
2026-06-03 18:16:00,2.124166666666666,0.0023333333333326323,2.1315954417490928,2.4699651751043954e-05
2026-06-03 18:18:00,2.12625,0.002083333333334103,2.125994268127914,0.0018276014612478113
2026-06-03 18:20:00,2.1260416666666666,-0.00020833333333358794,2.1259614783832688,-3.2789744644946616e-05
2026-06-03 18:22:00,2.1250416666666663,-0.001000000000000334,2.1266255524278455,0.0006640740445766387
2026-06-03 18:24:00,2.123869565217391,-0.0011721014492751536,2.127299275894355,0.0006737234665096586
2026-06-03 18:26:00,2.1222500000000006,-0.001619565217390484,2.127359779911396,6.050401704105582e-05
2026-06-03 18:28:00,2.1195,-0.0027500000000006963,2.127195417367096,-0.00016436254430014723
2026-06-03 18:30:00,2.125375,0.005875000000000075,2.127155003149294,-4.041421780216855e-05
2026-06-03 18:32:00,2.12625,0.0008750000000001812,2.1271572178136555,2.214664361687628e-06
2026-06-03 18:34:00,2.119416666666667,-0.006833333333333247,2.127080195787066,-7.702202658978855e-05
2026-06-03 18:36:00,2.119458333333333,4.16666666662735e-05,2.1269396933108884,-0.00014050247617761568
2026-06-03 18:38:00,2.1285,0.009041666666666615,2.1267728976242113,-0.00016679568667682845
2026-06-03 18:40:00,2.121583333333334,-0.006916666666665794,2.126571435695498,-0.0002014619287131759
2026-06-03 18:42:00,2.1210833333333334,-0.0005000000000006111,2.1263235437032164,-0.00024789199228196555
2026-06-03 18:44:00,2.1212916666666666,0.00020833333333314386,2.12604591006069,-0.0002776336425262578
2026-06-03 18:46:00,2.1223750000000003,0.0010833333333337691,2.125782954214368,-0.0002629558463219863
2026-06-03 18:48:00,2.1268749999999996,0.004499999999999282,2.123685863402994,0.0013108634029934984
2026-06-03 18:50:00,2.1169999999999995,-0.009875000000000078,2.123478488638734,-0.0002073747642598911
2026-06-03 18:52:00,2.1242083333333337,0.007208333333334149,2.124021719425624,0.0005432307868900137
2026-06-03 18:54:00,2.125541666666667,0.0013333333333331865,2.124628179674328,0.0006064602487037507
2026-06-03 18:56:00,2.126833333333334,0.001291666666666913,2.1247896852200605,0.00016150554573263323
2026-06-03 18:58:00,2.123583333333333,-0.0032500000000008633,2.1248322839312896,4.259871122934179e-05
2026-06-03 19:00:00,2.125625,0.0020416666666669414,2.1250020920447215,0.00016980811343167367
2026-06-03 19:02:00,2.1254166666666667,-0.00020833333333314386,2.125230491257419,0.00022839921269751344
2026-06-03 19:04:00,2.118666666666667,-0.006749999999999812,2.125420782422529,0.0001902911651103146
2026-06-03 19:06:00,2.1194347826086957,0.0007681159420287464,2.1255849101746347,0.0001641277521052843
2026-06-03 19:08:00,2.122833333333333,0.0033985507246372393,2.125748351113584,0.00016344093894988057
2026-06-03 19:10:00,2.1243333333333334,0.001500000000000501,2.1258992993379078,0.00015094822432347107
2026-06-03 19:12:00,2.12525,0.0009166666666664547,2.1260233957555656,0.00012409641765803576
2026-06-03 19:14:00,2.12175,-0.0034999999999998366,2.1261272439089702,0.00010384815340434806
2026-06-03 19:16:00,2.1145833333333335,-0.0071666666666665435,2.126229629924125,0.00010238601515445735
2026-06-03 19:18:00,2.1242916666666667,0.009708333333333208,2.1211630960191465,0.006579762685813094
2026-06-03 19:20:00,2.125625,0.0013333333333331865,2.121108365933847,-5.473008529930184e-05
2026-06-03 19:22:00,2.1222499999999997,-0.003375000000000128,2.121114422741054,6.0568072066108635e-06
2026-06-03 19:24:00,2.120916666666667,-0.0013333333333327424,2.1220859344171132,0.0009715116760594784
2026-06-03 19:26:00,2.126875,0.005958333333333066,2.1226680565572287,0.0005821221401153508
2026-06-03 19:28:00,2.123666666666667,-0.0032083333333332575,2.1225731567108865,-9.489984634197205e-05
2026-06-03 19:30:00,2.121541666666667,-0.0021249999999999325,2.1224769515405417,-9.620517034503469e-05
2026-06-03 19:32:00,2.121958333333333,0.0004166666666662877,2.12256993792744,9.2986386898161e-05
2026-06-03 19:34:00,2.119041666666667,-0.0029166666666662344,2.122634779446603,6.484151916294676e-05
2026-06-03 19:36:00,2.12325,0.004208333333333147,2.1225830094518416,-5.1769994760950694e-05
2026-06-03 19:38:00,2.1192499999999996,-0.004000000000000448,2.1224820086140928,-0.00010100083774916424
2026-06-03 19:40:00,2.119375,0.00012500000000015277,2.122361630176682,-0.00012037843741036726
2026-06-03 19:42:00,2.122124999999999,0.002749999999999364,2.122198710352387,-0.00016291982429495969
2026-06-03 19:44:00,2.1242083333333337,0.002083333333334547,2.1219926613039837,-0.0002060490484038345
2026-06-03 19:46:00,2.124416666666667,0.00020833333333314386,2.1217874276781252,-0.00020523362585815686
2026-06-03 19:48:00,2.1281250000000003,0.0037083333333334245,2.124464248817466,4.758215079891801e-05
2026-06-03 19:50:00,2.129375,0.0012499999999997513,2.124508723333386,4.4474515920587374e-05
2026-06-03 19:52:00,2.1250434782608694,-0.00433152173913065,2.125118819471477,0.0006100961380906857
2026-06-03 19:54:00,2.1207500000000006,-0.004293478260868788,2.1255258359047566,0.0004070164332794216
2026-06-03 19:56:00,2.125,0.004249999999999421,2.125625454043201,9.961813844478707e-05
2026-06-03 19:58:00,2.1302499999999998,0.005249999999999755,2.1257437348626373,0.00011828081943601728
2026-06-03 20:00:00,2.130666666666667,0.0004166666666671759,2.125920184946209,0.00017645008357162792
2026-06-03 20:02:00,2.1279999999999997,-0.002666666666667261,2.1261103037038973,0.0001901187576886342
2026-06-03 20:04:00,2.1235416666666667,-0.004458333333333009,2.1262715328421464,0.00016122913824903135
2026-06-03 20:06:00,2.1283333333333334,0.0047916666666667496,2.1264269362658257,0.0001554034236790959
2026-06-03 20:08:00,2.1225,-0.005833333333333357,2.1265865228544714,0.00015958658864572643
2026-06-03 20:10:00,2.131166666666666,0.008666666666666156,2.126737740918563,0.00015121806409138433
2026-06-03 20:12:00,2.1257916666666667,-0.0053749999999994635,2.126875907800941,0.00013816688237826876
2026-06-03 20:14:00,2.1312083333333334,0.005416666666666625,2.127011245210814,0.0001353374098728322
2026-06-03 20:16:00,2.1300833333333338,-0.0011249999999995985,2.1271605425139475,0.00014929730313347514
2026-06-03 20:18:00,2.1229999999999998,-0.0070833333333339965,2.131294300042309,0.0012109667089748304
2026-06-03 20:20:00,2.1269166666666663,0.003916666666666568,2.131567133497955,0.00027283345564611225
2026-06-03 20:22:00,2.1280416666666664,0.0011250000000000426,2.132308271610123,0.0007411381121680559
2026-06-03 20:24:00,2.132708333333333,0.004666666666666597,2.1329541110711907,0.000645839461067831
2026-06-03 20:26:00,2.1316666666666664,-0.0010416666666666075,2.1331796241420147,0.00022551307082405758
2026-06-03 20:28:00,2.1337499999999996,0.002083333333333215,2.13327298380266,9.335966064560113e-05
2026-06-03 20:30:00,2.137833333333334,0.004083333333334327,2.133434465401702,0.00016148159904166447
2026-06-03 20:32:00,2.1348749999999996,-0.0029583333333342843,2.1336016148028882,0.00016714940118640073
2026-06-03 20:34:00,2.1287083333333334,-0.0061666666666662096,2.1337016750364235,0.00010006023353506942
2026-06-03 20:36:00,2.1336521739130436,0.004943840579710201,2.1337413778090935,3.970277267025444e-05
2026-06-03 20:38:00,2.132875,-0.0007771739130437716,2.133736543699547,-4.834109546483946e-06
2026-06-03 20:40:00,2.1361666666666665,0.0032916666666666927,2.1336791551765746,-5.738852297272242e-05
2026-06-03 20:42:00,2.1375833333333336,0.0014166666666670658,2.13356224352372,-0.00011691165285462115
2026-06-03 20:44:00,2.133041666666667,-0.004541666666666444,2.1333979527840907,-0.00016429073962908615
2026-06-03 20:46:00,2.1369583333333333,0.003916666666666124,2.133222371696773,-0.0001755810873176612
2026-06-03 20:48:00,2.129166666666667,-0.007791666666666419,2.1377123450008124,0.0007540116674791898
2026-06-03 20:50:00,2.1325416666666666,0.003374999999999684,2.137516127673722,-0.00019621732709053187
2026-06-03 20:52:00,2.126791666666667,-0.005749999999999478,2.1379580478467077,0.00044192017298585063
2026-06-03 20:54:00,2.1313333333333335,0.004541666666666444,2.138435347477416,0.00047729963070836524
2026-06-03 20:56:00,2.1311666666666667,-0.00016666666666687036,2.1385753425959133,0.00013999511849701994
2026-06-03 20:58:00,2.1298333333333335,-0.0013333333333331865,2.1386317349170283,5.639232111515438e-05
2026-06-03 21:00:00,2.129125,-0.0007083333333333108,2.138705031042799,7.329612577054544e-05
2026-06-03 21:02:00,2.133375,0.004249999999999865,2.1388241039214084,0.00011907287860949241
2026-06-03 21:04:00,2.130875,-0.0024999999999999467,2.138921738342319,9.763442091079537e-05
2026-06-03 21:06:00,2.1882916666666667,0.05741666666666667,2.139008955775611,8.721743329175401e-05
2026-06-03 21:08:00,2.142791666666667,-0.04549999999999965,2.1391077213140495,9.87655384383692e-05
2026-06-03 21:10:00,2.1154166666666665,-0.027375000000000593,2.139214631941355,0.00010691062730587171
2026-06-03 21:12:00,2.111333333333333,-0.004083333333333439,2.1393243887528057,0.00010975681145057546
2026-06-03 21:14:00,2.120791666666667,0.00945833333333379,2.139445689269183,0.0001213005163769674
2026-06-03 21:16:00,2.118166666666667,-0.0026249999999996554,2.1395947146480965,0.00014902537891366607
2026-06-03 21:18:00,2.134208333333333,0.016041666666665844,2.1408816538902817,0.022714987223614654
2026-06-03 21:20:00,2.130434782608695,-0.0037735507246381417,2.1374185701088235,-0.0034630837814584054
2026-06-03 21:22:00,2.1339166666666665,0.0034818840579715626,2.134434925600097,-0.0029836445087264084
2026-06-03 21:24:00,2.136999999999999,0.0030833333333326607,2.1380992630852154,0.0036643374851181108
2026-06-03 21:26:00,2.1417916666666668,0.004791666666667638,2.1406425863094687,0.002543323224253669
2026-06-03 21:28:00,2.1276666666666664,-0.014125000000000387,2.137952207970979,-0.002690378338489899
2026-06-03 21:30:00,2.13875,0.011083333333333556,2.1367304311441595,-0.0012217768268194523
2026-06-03 21:32:00,2.1331666666666673,-0.005583333333332607,2.1376920823526313,0.0009616512084717174
2026-06-03 21:34:00,2.1286666666666663,-0.004500000000001059,2.1379402404149497,0.0002481580623185013
2026-06-03 21:36:00,2.13125,0.002583333333333826,2.1372168213063203,-0.0007234191086295394
2026-06-03 21:38:00,2.132166666666667,0.0009166666666668988,2.1368726670892513,-0.00034415421706880385
2026-06-03 21:40:00,2.131291666666667,-0.0008750000000001812,2.136898183439038,2.551634978675482e-05
2026-06-03 21:42:00,2.132083333333333,0.0007916666666663019,2.1367536239035685,-0.0001445595354696671
2026-06-03 21:44:00,2.131249999999999,-0.0008333333333339077,2.136432971333575,-0.0003206525699934132
2026-06-03 21:46:00,2.1335,0.0022500000000009734,2.1361600863261407,-0.0002728850074341819
2026-06-03 21:48:00,2.1352916666666664,0.0017916666666661918,2.1340718975731003,0.0005718975731003516
2026-06-03 21:50:00,2.1339166666666665,-0.001374999999999904,2.1338911829152107,-0.0001807146578895927
2026-06-03 21:52:00,2.14225,0.008333333333333748,2.13457348915541,0.0006823062401991213
2026-06-03 21:54:00,2.1412083333333336,-0.0010416666666666075,2.1350682323722547,0.0004947432168448512
2026-06-03 21:56:00,2.1317500000000003,-0.009458333333333346,2.1350368230025922,-3.140936966264175e-05
2026-06-03 21:58:00,2.1315416666666667,-0.00020833333333358794,2.1349648568164312,-7.196618616094695e-05
2026-06-03 22:00:00,2.1376250000000003,0.0060833333333336626,2.1349573126600245,-7.54415640683805e-06
2026-06-03 22:02:00,2.1440869565217393,0.006461956521738976,2.134990800415906,3.348775588169128e-05
2026-06-03 22:04:00,2.1464166666666666,0.0023297101449273327,2.1349880635461833,-2.7368697228978626e-06
2026-06-03 22:06:00,2.1418333333333335,-0.004583333333333162,2.1349867020947486,-1.3614514346312227e-06
2026-06-03 22:08:00,2.1376250000000003,-0.004208333333333147,2.135016804349796,3.0102255047078896e-05
2026-06-03 22:10:00,2.138208333333333,0.000583333333332714,2.135068194101129,5.1389751333295654e-05
2026-06-03 22:12:00,2.1334166666666667,-0.0047916666666663055,2.135133714399508,6.552029837923105e-05
2026-06-03 22:14:00,2.1324166666666673,-0.0009999999999994458,2.135225265899258,9.155149974959185e-05
2026-06-03 22:16:00,2.1348749999999996,0.002458333333332341,2.135357269186251,0.00013200328699330854
2026-06-03 22:18:00,2.1351250000000004,0.0002500000000007496,2.1371032176343268,0.002228217634327033
2026-06-03 22:20:00,2.133833333333334,-0.001291666666666469,2.137164912785421,6.169515109439607e-05
2026-06-03 22:22:00,2.134125,0.00029166666666613494,2.138018652557522,0.0008537397721009709
2026-06-03 22:24:00,2.13725,0.0031249999999998224,2.1389506638025337,0.0009320112450116042
2026-06-03 22:26:00,2.1333333333333333,-0.003916666666666568,2.1392212207634045,0.00027055696087073945
2026-06-03 22:28:00,2.1333333333333333,0.0,2.1392267547051125,5.533941707908894e-06
2026-06-03 22:30:00,2.1337916666666668,0.0004583333333334494,2.139363929564835,0.00013717485972255462
2026-06-03 22:32:00,2.1442916666666663,0.01049999999999951,2.1395526000196448,0.0001886704548099145
2026-06-03 22:34:00,2.1320416666666664,-0.012249999999999872,2.139651710734109,9.911071446411522e-05
2026-06-03 22:36:00,2.12675,-0.0052916666666664725,2.139671299152561,1.95884184519194e-05
2026-06-03 22:38:00,2.1388333333333343,0.012083333333334334,2.13965222137285,-1.9077779710571682e-05
2026-06-03 22:40:00,2.1376666666666666,-0.0011666666666676484,2.1395845672301728,-6.765414267732079e-05
2026-06-03 22:42:00,2.1357916666666665,-0.001875000000000071,2.1394480336790354,-0.00013653355113733582
2026-06-03 22:44:00,2.134521739130435,-0.0012699275362315632,2.1392483255384738,-0.00019970814056176944
2026-06-03 22:46:00,2.13425,-0.00027173913043476716,2.139018013235783,-0.0002303123026911147
2026-06-03 22:48:00,2.1443333333333334,0.010083333333333222,2.136174566018037,0.0019245660180367485
2026-06-03 22:50:00,2.1355,-0.00883333333333347,2.135780220445237,-0.0003943455727996903
2026-06-03 22:52:00,2.140916666666667,0.005416666666667069,2.136048103709945,0.0002678832647073514
2026-06-03 22:54:00,2.130208333333334,-0.010708333333333098,2.1365261889460787,0.00047808523613401333
2026-06-03 22:56:00,2.134958333333334,0.004750000000000032,2.1365818241098378,5.5635163759089044e-05
2026-06-03 22:58:00,2.134333333333333,-0.0006250000000007638,2.136438060978183,-0.00014376313165476626
2026-06-03 23:00:00,2.1374583333333335,0.0031250000000002665,2.1363022865764156,-0.00013577440176715168
2026-06-03 23:02:00,2.14125,0.0037916666666664156,2.1362512918425858,-5.0994733830167144e-05
2026-06-03 23:04:00,2.1355416666666662,-0.005708333333333648,2.1361889550633157,-6.233677926990481e-05
2026-06-03 23:06:00,2.143291666666667,0.00775000000000059,2.136118522468134,-7.043259518167732e-05
2026-06-03 23:08:00,2.1305416666666663,-0.012750000000000483,2.1360779596290302,-4.056283910389819e-05
2026-06-03 23:10:00,2.1400833333333336,0.009541666666667226,2.136073119241542,-4.8403874879107776e-06
2026-06-03 23:12:00,2.1325833333333337,-0.00749999999999984,2.1360969512444403,2.383200289811627e-05
2026-06-03 23:14:00,2.1354166666666665,0.0028333333333327992,2.13615573372282,5.878247837953749e-05
2026-06-03 23:16:00,2.1397083333333335,0.004291666666667027,2.1362611198099746,0.0001053860871546029
2026-06-03 23:18:00,2.1376666666666666,-0.0020416666666669414,2.1404355548166336,0.0007272214833002523
2026-06-03 23:20:00,2.1376666666666666,0.0,2.140471550011418,3.5995194784310436e-05
2026-06-03 23:22:00,2.134958333333334,-0.0027083333333326465,2.141521546716138,0.001049996704719993
2026-06-03 23:24:00,2.137791666666667,0.0028333333333332433,2.1423346247969657,0.0008130780808274671
2026-06-03 23:26:00,2.1363333333333334,-0.0014583333333337833,2.142436961373104,0.00010233657613817795
2026-06-03 23:28:00,2.1393913043478263,0.0030579710144928995,2.142430401621086,-6.559752017923027e-06
2026-06-03 23:30:00,2.135666666666667,-0.003724637681159493,2.142596867649394,0.00016646602830821714
2026-06-03 23:32:00,2.139333333333334,0.003666666666667151,2.1427707870754307,0.00017391942603675842
2026-06-03 23:34:00,2.1441250000000003,0.0047916666666663055,2.142839763861927,6.897678649626045e-05
2026-06-03 23:36:00,2.1377083333333338,-0.006416666666666515,2.1428444259081156,4.6620461886915675e-06
2026-06-03 23:38:00,2.133625,-0.004083333333333883,2.142816082456305,-2.8343451810619377e-05
2026-06-03 23:40:00,2.134750000000001,0.0011250000000009308,2.142732537757218,-8.354469908731279e-05
2026-06-03 23:42:00,2.1345,-0.0002500000000007496,2.142574557704259,-0.0001579800529587473
2026-06-03 23:44:00,2.1382499999999998,0.003749999999999698,2.1423495461226123,-0.00022501158164656878
2026-06-03 23:46:00,2.1390833333333337,0.0008333333333339077,2.142086634823898,-0.00026291129871469144
2026-06-03 23:48:00,2.1339166666666665,-0.005166666666667208,2.1390656792409444,-1.76540923891641e-05
2026-06-03 23:50:00,2.1349166666666664,0.0009999999999998899,2.1388902073668534,-0.00017547187409129502
2026-06-03 23:52:00,2.1380000000000003,0.003083333333333993,2.1393582244772773,0.0004680171104241988
2026-06-03 23:54:00,2.1391666666666667,0.0011666666666663161,2.139565015587791,0.00020679111051361042
2026-06-03 23:56:00,2.1390833333333332,-8.333333333343518e-05,2.1393582234780557,-0.00020679210973537123
2026-06-03 23:58:00,2.1375000000000006,-0.0015833333333326038,2.139149946080243,-0.00020827739781291413
2026-06-04 00:00:00,2.1411666666666673,0.003666666666666707,2.1389995114016545,-0.0001504346785881892
2026-06-04 00:02:00,2.138875,-0.002291666666667247,2.138878916871772,-0.00012059452988245621
2026-06-04 00:04:00,2.134833333333334,-0.004041666666666277,2.1387385684989706,-0.00014034837280161173
2026-06-04 00:06:00,2.1370000000000005,0.00216666666666665,2.1386162438903678,-0.0001223246086028715
2026-06-04 00:08:00,2.1318750000000004,-0.005125000000000046,2.1385368720101283,-7.937188023918469e-05
2026-06-04 00:10:00,2.138416666666667,0.006541666666666668,2.138493642123556,-4.322988657237125e-05
2026-06-04 00:12:00,2.1413478260869567,0.002931159420289653,2.138484040848764,-9.601274792135923e-06
2026-06-04 00:14:00,2.133375,-0.007972826086956708,2.138518773472165,3.473262340096589e-05
2026-06-04 00:16:00,2.1398750000000004,0.006500000000000394,2.138606640932775,8.786746061041167e-05
2026-06-04 00:18:00,2.1395000000000004,-0.0003750000000000142,2.1401619253711672,0.0002869253711668241
2026-06-04 00:20:00,2.140833333333333,0.0013333333333327424,2.140149563518934,-1.2361852233285542e-05
2026-06-04 00:22:00,2.139,-0.0018333333333333535,2.14101470628019,0.0008651427612560596
2026-06-04 00:24:00,2.136916666666667,-0.002083333333332771,2.141694991983503,0.0006802857033129271
2026-06-04 00:26:00,2.140875,0.003958333333332842,2.141814955335844,0.00011996335234078056
2026-06-04 00:28:00,2.1366666666666667,-0.004208333333333147,2.141840731293909,2.577595806540593e-05
2026-06-04 00:30:00,2.133083333333333,-0.003583333333333716,2.141993151828279,0.0001524205343698367
2026-06-04 00:32:00,2.13775,0.004666666666667041,2.1421444883437686,0.0001513365154898353
2026-06-04 00:34:00,2.138875,0.0011250000000000426,2.1422047382680725,6.0249924303761823e-05
2026-06-04 00:36:00,2.1413333333333333,0.002458333333333229,2.1422019342379666,-2.8040301061739174e-06
2026-06-04 00:38:00,2.138875,-0.002458333333333229,2.14215934406301,-4.25901749564722e-05
2026-06-04 00:40:00,2.1407083333333334,0.0018333333333333535,2.142059356121202,-9.998794180792885e-05
2026-06-04 00:42:00,2.137375,-0.0033333333333334103,2.141885126238902,-0.00017422988230003428
2026-06-04 00:44:00,2.141125,0.003750000000000142,2.141640547613956,-0.0002445786249458868
2026-06-04 00:46:00,2.139416666666667,-0.0017083333333332007,2.141351436387255,-0.00028911122670103706
2026-06-04 00:48:00,2.1437499999999994,0.004333333333332412,2.140414583566351,0.000997916899684245
2026-06-04 00:50:00,2.1372916666666666,-0.006458333333332789,2.1401234736027477,-0.0002911099636036152
2026-06-04 00:52:00,2.138791666666666,0.0014999999999996128,2.1402736378452096,0.00015016424246192428
2026-06-04 00:54:00,2.1479166666666667,0.009125000000000494,2.1404546839077363,0.00018104606252692442
2026-06-04 00:56:00,2.1348333333333334,-0.013083333333333336,2.140313093818105,-0.00014159008963127647
2026-06-04 00:58:00,2.14,0.005166666666666764,2.1400601103290757,-0.00025298348902941844
2026-06-04 01:00:00,2.1436666666666664,0.003666666666666263,2.1398385498211314,-0.00022156050794413251
2026-06-04 01:02:00,2.1402916666666667,-0.003374999999999684,2.1396776151755903,-0.0001609346455414366
2026-06-04 01:04:00,2.1374166666666663,-0.002875000000000405,2.1395160443572157,-0.00016157081837467837
2026-06-04 01:06:00,2.1412500000000003,0.0038333333333340214,2.139364935186872,-0.0001511091703436643
2026-06-04 01:08:00,2.141875,0.0006249999999998757,2.1392527514165973,-0.00011218377027442033
2026-06-04 01:10:00,2.1418333333333335,-4.166666666671759e-05,2.1391837043695068,-6.904704709055938e-05
2026-06-04 01:12:00,2.140708333333333,-0.0011250000000004867,2.139155226231812,-2.8478137694618153e-05
2026-06-04 01:14:00,2.1389583333333335,-0.0017499999999994742,2.1391735498089246,1.8323577112340163e-05
2026-06-04 01:16:00,2.1350416666666674,-0.003916666666666124,2.1392468747001465,7.332489122194957e-05
2026-06-04 01:18:00,2.139208333333334,0.00416666666666643,2.1389169353854265,0.003875268718758914
2026-06-04 01:20:00,2.1405833333333333,0.00137499999999946,2.1390731920697745,0.0001562566843484434
2026-06-04 01:22:00,2.1414166666666663,0.0008333333333330195,2.1395204750297516,0.0004472829599770319
2026-06-04 01:24:00,2.142708333333333,0.001291666666666913,2.1403584328035463,0.0008379577737946043
2026-06-04 01:26:00,2.1485,0.005791666666666639,2.1407736390320564,0.000415206228510008
2026-06-04 01:28:00,2.1407083333333334,-0.007791666666666419,2.1408010817996903,2.7442767633846996e-05
2026-06-04 01:30:00,2.140125,-0.0005833333333336022,2.1408497704382583,4.868863856796773e-05
2026-06-04 01:32:00,2.142666666666666,0.00254166666666622,2.1409771149181163,0.00012734447985815283
2026-06-04 01:34:00,2.1387083333333337,-0.003958333333332398,2.1410533098678597,7.619494974327123e-05
2026-06-04 01:36:00,2.1413750000000005,0.002666666666666817,2.1410410867468124,-1.222312104727471e-05
2026-06-04 01:38:00,2.142875,0.0014999999999996128,2.140976269668897,-6.481707791500674e-05
2026-06-04 01:40:00,2.143416666666666,0.0005416666666659964,2.140866018202638,-0.0001102514662595697
2026-06-04 01:42:00,2.13795652173913,-0.0054601449275359926,2.1406888958848866,-0.00017712231775117665
2026-06-04 01:44:00,2.1428750000000005,0.00491847826087044,2.140436956280905,-0.0002519396039815043
2026-06-04 01:46:00,2.140541666666666,-0.0023333333333344086,2.140134627567638,-0.00030232871326689816
2026-06-04 01:48:00,2.137625,-0.0029166666666662344,2.1420355272422094,0.0014938605755430955
2026-06-04 01:50:00,2.145,0.0073750000000001315,2.141726645010487,-0.00030888223172216567
2026-06-04 01:52:00,2.138458333333334,-0.006541666666666224,2.141840975580074,0.0001143305695866116
2026-06-04 01:54:00,2.1393750000000007,0.0009166666666668988,2.142037843159797,0.00019686757972335974
2026-06-04 01:56:00,2.1405,0.0011249999999991545,2.141879217932144,-0.0001586252276528259
2026-06-04 01:58:00,2.137,-0.0034999999999998366,2.1415701522059596,-0.0003090657261846602
2026-06-04 02:00:00,2.1415833333333336,0.004583333333333606,2.1413057138176166,-0.00026443838834284495
2026-06-04 02:02:00,2.146083333333333,0.004499999999999282,2.1411167683344767,-0.00018894548313991768
2026-06-04 02:04:00,2.1461249999999996,4.166666666671759e-05,2.140928674533284,-0.00018809380119292504
2026-06-04 02:06:00,2.141875,-0.004249999999999421,2.1407485848599177,-0.00018008967336632833
2026-06-04 02:08:00,2.142041666666667,0.00016666666666687036,2.140609375654228,-0.00013920920568918544
2026-06-04 02:10:00,2.1442916666666667,0.002249999999999641,2.1405167327975625,-9.264285666573256e-05
2026-06-04 02:12:00,2.1475833333333334,0.0032916666666666927,2.1404664374063453,-5.02953912173748e-05
2026-06-04 02:14:00,2.1496250000000003,0.0020416666666669414,2.140464049876807,-2.387529538610087e-06
2026-06-04 02:16:00,2.1505833333333326,0.0009583333333322841,2.140518566186554,5.4516309747262186e-05
2026-06-04 02:18:00,2.1488333333333336,-0.0017499999999990301,2.150550984125446,-3.234920788659516e-05
2026-06-04 02:20:00,2.1494583333333326,0.0006249999999989875,2.150676841332113,0.00012585720666727018
2026-06-04 02:22:00,2.1493333333333333,-0.0001249999999992646,2.1512305517783794,0.000553710446266283
2026-06-04 02:24:00,2.1528333333333336,0.0035000000000002807,2.1516098987137995,0.0003793469354200678
2026-06-04 02:26:00,2.153260869565217,0.0004275362318835185,2.1517115405527796,0.0001016418389800685
2026-06-04 02:28:00,2.1485416666666666,-0.004719202898550545,2.1517805070692337,6.896651645404543e-05
2026-06-04 02:30:00,2.1414999999999997,-0.007041666666666835,2.151898477232576,0.00011797016334266899
2026-06-04 02:32:00,2.14675,0.005250000000000199,2.1519926155582096,9.413832563318197e-05
2026-06-04 02:34:00,2.142041666666667,-0.00470833333333287,2.152024080327036,3.14647688263116e-05
2026-06-04 02:36:00,2.144625,0.002583333333332938,2.1520048764344306,-1.9203892605188045e-05
2026-06-04 02:38:00,2.145583333333333,0.0009583333333331723,2.151939455608468,-6.542082596265863e-05
2026-06-04 02:40:00,2.145583333333333,0.0,2.1518148195143287,-0.0001246360941391324
2026-06-04 02:42:00,2.1482916666666667,0.0027083333333335347,2.151619071238859,-0.00019574827547010247
2026-06-04 02:44:00,2.1525000000000003,0.0042083333333335915,2.15135076553556,-0.00026830570329861513
2026-06-04 02:46:00,2.1521250000000003,-0.0003750000000000142,2.1510302580399676,-0.00032050749559274527
2026-06-04 02:48:00,2.1497083333333338,-0.0024166666666665115,2.1515745434219986,-0.0005504565780016528
2026-06-04 02:50:00,2.1493333333333333,-0.0003750000000004583,2.1513293886773304,-0.0002451547446683318
2026-06-04 02:52:00,2.1519166666666663,0.002583333333332938,2.1514914082223364,0.0001620195450062
2026-06-04 02:54:00,2.1543333333333323,0.0024166666666660674,2.151397196329511,-9.421189282525429e-05
2026-06-04 02:56:00,2.150041666666666,-0.0042916666666661385,2.1510534472285907,-0.0003437491009205877
2026-06-04 02:58:00,2.1503749999999995,0.0003333333333332966,2.150749313687184,-0.00030413354140658
2026-06-04 03:00:00,2.1539999999999995,0.0036249999999999893,2.1504931016346727,-0.0002562120525114118
2026-06-04 03:02:00,2.150208333333334,-0.0037916666666655274,2.1502613069746954,-0.00023179465997711743
2026-06-04 03:04:00,2.14975,-0.0004583333333338935,2.15002578732912,-0.00023551964557545684
2026-06-04 03:06:00,2.1525833333333333,0.0028333333333332433,2.149815496759686,-0.00021029056943407037
2026-06-04 03:08:00,2.152666666666667,8.333333333387927e-05,2.149646123899519,-0.00016937286016704815
2026-06-04 03:10:00,2.15204347826087,-0.0006231884057972259,2.14951334134823,-0.00013278255128903327
2026-06-04 03:12:00,2.1553749999999994,0.0033315217391294283,2.1494191305804797,-9.421076775004321e-05
2026-06-04 03:14:00,2.144958333333333,-0.010416666666666519,2.149374268974419,-4.486160606066654e-05
2026-06-04 03:16:00,2.1522916666666667,0.007333333333333858,2.149386943577321,1.2674602901902557e-05
2026-06-04 03:18:00,2.1494166666666668,-0.002874999999999961,2.1536220654901705,0.0013303988235037689
2026-06-04 03:20:00,2.150041666666666,0.0006249999999994316,2.153479828683063,-0.00014223680710748795
2026-06-04 03:22:00,2.151791666666666,0.0017499999999999183,2.1540948040204704,0.0006149753374071946
2026-06-04 03:24:00,2.1502083333333335,-0.0015833333333326038,2.1547681159026277,0.0006733118821577404
2026-06-04 03:26:00,2.149125,-0.001083333333333325,2.1549010223865337,0.00013290648390577587
2026-06-04 03:28:00,2.153291666666666,0.004166666666665986,2.154824554925329,-7.646746120461417e-05
2026-06-04 03:30:00,2.149291666666666,-0.0040000000000000036,2.154849693244343,2.513831901352356e-05
2026-06-04 03:32:00,2.1547083333333332,0.005416666666667069,2.1549089996482644,5.9306403921950626e-05
2026-06-04 03:34:00,2.1502499999999998,-0.004458333333333453,2.1548910354886233,-1.7964159641413417e-05
2026-06-04 03:36:00,2.1513750000000003,0.0011250000000004867,2.1548043552873706,-8.668020125244435e-05
2026-06-04 03:38:00,2.1523333333333325,0.0009583333333322841,2.1546812623216787,-0.00012309296569221117
2026-06-04 03:40:00,2.1506666666666665,-0.001666666666666039,2.1545116795490267,-0.00016958277265204547
2026-06-04 03:42:00,2.1505833333333335,-8.333333333299109e-05,2.154272418691621,-0.00023926085740551465
2026-06-04 03:44:00,2.1434166666666665,-0.007166666666666988,2.1539582032009505,-0.0003142154906703253
2026-06-04 03:46:00,2.144833333333333,0.0014166666666666217,2.1535917405850187,-0.0003664626159319941
2026-06-04 03:48:00,2.1520416666666664,0.007208333333333261,2.148427741456916,0.003594408123583217
2026-06-04 03:50:00,2.1492083333333336,-0.0028333333333327992,2.1478577384816426,-0.0005700029752736979
2026-06-04 03:52:00,2.1528260869565217,0.003617753623188058,2.147738728931237,-0.00011900955040573089
2026-06-04 03:54:00,2.15075,-0.0020760869565217277,2.14807192412568,0.0003331951944429513
2026-06-04 03:56:00,2.1506250000000002,-0.00012499999999970868,2.1479727378042566,-9.918632142338378e-05
2026-06-04 03:58:00,2.152875,0.002249999999999641,2.147530541959018,-0.0004421958452385978
2026-06-04 04:00:00,2.152583333333333,-0.0002916666666670231,2.1471150095138376,-0.0004155324451801042
2026-06-04 04:02:00,2.1497083333333333,-0.002874999999999517,2.14683958676984,-0.0002754227439975942
2026-06-04 04:04:00,2.1504999999999996,0.0007916666666663019,2.1465667125027914,-0.00027287426704875766
2026-06-04 04:06:00,2.15025,-0.00024999999999941735,2.146275682691865,-0.00029102981092631085
2026-06-04 04:08:00,2.1494166666666668,-0.0008333333333334636,2.1460182916055,-0.000257391086365276
2026-06-04 04:10:00,2.1476666666666673,-0.0017499999999994742,2.145810087158303,-0.00020820444719707158
2026-06-04 04:12:00,2.150541666666667,0.002874999999999517,2.14564104624105,-0.00016904091725277064
2026-06-04 04:14:00,2.1497499999999996,-0.0007916666666671901,2.145514525076963,-0.00012652116408688277
2026-06-04 04:16:00,2.148708333333333,-0.0010416666666666075,2.1454440144101175,-7.051066684553086e-05
2026-06-04 04:18:00,2.146124999999999,-0.002583333333333826,2.1502531843884127,0.001544851055079697
2026-06-04 04:20:00,2.1490000000000005,0.002875000000001293,2.150289071647497,3.5887259084559244e-05
2026-06-04 04:22:00,2.1527499999999997,0.003749999999999254,2.15074338831419,0.00045431666669285833
2026-06-04 04:24:00,2.1500000000000004,-0.002749999999999364,2.15122804566344,0.00048465734924970836
2026-06-04 04:26:00,2.1501500000000004,0.0001500000000000945,2.1513027306053174,7.468494187750046e-05
2026-06-04 04:28:00,2.149291666666667,-0.0008583333333334053,2.151184602569678,-0.0001181280356393992
2026-06-04 04:30:00,2.149291666666666,-8.881784197001252e-16,2.1511173958498633,-6.720671981463141e-05
2026-06-04 04:32:00,2.148625,-0.0006666666666661492,2.151070917410288,-4.6478439575104436e-05
2026-06-04 04:34:00,2.15004347826087,0.0014184782608701596,2.150962882229599,-0.00010803518068924344
2026-06-04 04:36:00,2.1510833333333332,0.0010398550724630695,2.1507922401688027,-0.0001706420607963054
2026-06-04 04:38:00,2.148166666666666,-0.0029166666666671226,2.150581461637085,-0.00021077853171762152
2026-06-04 04:40:00,2.150125,0.0019583333333339503,2.150324268917163,-0.00025719271992202504
2026-06-04 04:42:00,2.1535,0.003375000000000128,2.150001071492137,-0.0003231974250259349
2026-06-04 04:44:00,2.1490416666666667,-0.004458333333333453,2.149604310577976,-0.0003967609141611834
2026-06-04 04:46:00,2.147208333333333,-0.0018333333333337976,2.149154712906117,-0.0004495976718587936
2026-06-04 04:48:00,2.1470000000000002,-0.00020833333333269977,2.1496182704565134,0.002409937123180647
2026-06-04 04:50:00,2.1490416666666667,0.0020416666666664973,2.1491023739025636,-0.0005158965539500378
2026-06-04 04:52:00,2.1464736842105263,-0.0025679824561404274,2.1488327413812494,-0.0002696325213141647
2026-06-04 04:54:00,2.1478333333333337,0.0013596491228073937,2.148894926048223,6.218466697361725e-05
2026-06-04 04:56:00,2.1497500000000005,0.0019166666666667886,2.148694294491176,-0.00020063155704666484
2026-06-04 04:58:00,2.1514583333333337,0.0017083333333332007,2.148261135816725,-0.00043315867445123813
2026-06-04 05:00:00,2.1522083333333333,0.0007499999999995843,2.147799232265859,-0.00046190355086598645
2026-06-04 05:02:00,2.151041666666667,-0.0011666666666663161,2.147436440792655,-0.0003627914732039903
2026-06-04 05:04:00,2.1483333333333334,-0.0027083333333335347,2.1470813782184246,-0.00035506257423031766
2026-06-04 05:06:00,2.149833333333333,0.0014999999999996128,2.146712962449535,-0.0003684157688897253
2026-06-04 05:08:00,2.155583333333333,0.005749999999999922,2.146363849535824,-0.00034911291371133614
2026-06-04 05:10:00,2.146083333333333,-0.009500000000000064,2.1460480995821967,-0.0003157499536270783
2026-06-04 05:12:00,2.153695652173913,0.007612318840580112,2.145764430807324,-0.0002836687748728
2026-06-04 05:14:00,2.1507199999999993,-0.002975652173913712,2.1455200627596995,-0.00024436804762416786
2026-06-04 05:16:00,2.1499565217391305,-0.0007634782608687551,2.145328247801768,-0.00019181495793174784
2026-06-04 05:18:00,2.152666666666667,0.0027101449275366285,2.151997304304528,0.002040782565397473
2026-06-04 05:20:00,2.1492500000000003,-0.0034166666666668455,2.1518524096337863,-0.00014489467074157628
2026-06-04 05:22:00,2.149,-0.00025000000000030553,2.152079220278642,0.00022681064485563336
2026-06-04 05:24:00,2.154333333333333,0.00533333333333319,2.1524754439809852,0.00039622370234312183
2026-06-04 05:26:00,2.1488333333333336,-0.005499999999999616,2.15247864931057,3.205329585046457e-06
2026-06-04 05:28:00,2.15275,0.003916666666666568,2.1522258499604403,-0.000252799350130028
2026-06-04 05:30:00,2.147208333333333,-0.005541666666667222,2.152006795347599,-0.00021905461284138394
2026-06-04 05:32:00,2.15475,0.007541666666667002,2.1518263999498473,-0.00018039539775171337
2026-06-04 05:34:00,2.156333333333333,0.001583333333333048,2.1515912761608127,-0.00023512378903451175
2026-06-04 05:36:00,2.153375,-0.002958333333332952,2.151288578739309,-0.00030269742150337354
2026-06-04 05:38:00,2.155958333333333,0.002583333333332938,2.1509456003090603,-0.0003429784302486781
2026-06-04 05:40:00,2.1488749999999994,-0.007083333333333552,2.1505615259135666,-0.00038407439549397685
2026-06-04 05:42:00,2.1565,0.007625000000000437,2.1501151306158275,-0.000446395297738934
2026-06-04 05:44:00,2.153625,-0.002874999999999961,2.149595754735532,-0.000519375880295674
2026-06-04 05:46:00,2.160958333333333,0.00733333333333297,2.1490242399368515,-0.0005715147986805705
2026-06-04 05:48:00,2.1503333333333337,-0.010624999999999218,2.1588521218191254,-0.0021062115142072638
2026-06-04 05:50:00,2.1530416666666667,0.0027083333333330906,2.158060869319828,-0.0007912524992975632
2026-06-04 05:52:00,2.1470000000000002,-0.006041666666666501,2.1582814224342117,0.00022055311438348713
2026-06-04 05:54:00,2.150375,0.003374999999999684,2.15803917049107,-0.00024225194314127433
2026-06-04 05:56:00,2.1521304347826082,0.0017554347826083117,2.157344877320094,-0.0006942931709761107
2026-06-04 05:58:00,2.15175,-0.0003804347826084076,2.1567811471123655,-0.0005637302077287486
2026-06-04 06:00:00,2.1551666666666667,0.0034166666666668455,2.1563350051929793,-0.0004461419193861857
2026-06-04 06:02:00,2.1537894736842103,-0.001377192982456421,2.155894386386607,-0.00044061880637200936
2026-06-04 06:04:00,2.153708333333333,-8.114035087736227e-05,2.155405455729753,-0.0004889306568540054
2026-06-04 06:06:00,2.1553333333333335,0.0016250000000006537,2.1549268127043444,-0.0004786430254088293
2026-06-04 06:08:00,2.1512499999999997,-0.004083333333333883,2.154478466946867,-0.00044834575747725394
2026-06-04 06:10:00,2.152708333333333,0.0014583333333333393,2.1540413137594707,-0.0004371531873965342
2026-06-04 06:12:00,2.153166666666667,0.0004583333333338935,2.153616918972538,-0.0004243947869323778
2026-06-04 06:14:00,2.153291666666667,0.00012500000000015277,2.1532284427989907,-0.00038847617354741733
2026-06-04 06:16:00,2.158958333333333,0.005666666666666043,2.152892053406244,-0.00033638939274704483
2026-06-04 06:18:00,2.152083333333333,-0.0068749999999999645,2.1573787827536908,-0.0015795505796423453
2026-06-04 06:20:00,2.1516666666666673,-0.0004166666666658436,2.156961507757263,-0.00041727499642791644
2026-06-04 06:22:00,2.15225,0.000583333333332714,2.1574807514126264,0.0005192436553633614
2026-06-04 06:24:00,2.1553333333333335,0.003083333333333549,2.157512295924911,3.154451228476673e-05
2026-06-04 06:26:00,2.1574999999999993,0.002166666666665762,2.157023716004968,-0.000488579919942942
2026-06-04 06:28:00,2.1617916666666663,0.004291666666667027,2.1565965856985456,-0.0004271303064222995
2026-06-04 06:30:00,2.162333333333333,0.0005416666666668846,2.1563131710622754,-0.0002834146362701999
2026-06-04 06:32:00,2.1618749999999998,-0.0004583333333334494,2.155983014959701,-0.00033015610257449346
2026-06-04 06:34:00,2.1612916666666666,-0.0005833333333331581,2.1555590552389337,-0.00042395972076742004
2026-06-04 06:36:00,2.159368421052632,-0.0019232456140345633,2.155100405835028,-0.0004586494039058841
2026-06-04 06:38:00,2.16021052631579,0.0008421052631577552,2.154621045305832,-0.0004793605291955377
2026-06-04 06:40:00,2.1625416666666673,0.0023311403508774475,2.154092779025823,-0.0005282662800094431
2026-06-04 06:42:00,2.162625,8.3333333332547e-05,2.15349735293769,-0.0005954260881327302
2026-06-04 06:44:00,2.1601666666666666,-0.002458333333333229,2.152833490479244,-0.0006638624584460219
2026-06-04 06:46:00,2.1567499999999997,-0.0034166666666668455,2.152121621506154,-0.0007118689730899382
2026-06-04 06:48:00,2.157166666666667,0.0004166666666671759,2.1596424713030506,0.002892471303050987
2026-06-04 06:50:00,2.155583333333333,-0.0015833333333339361,2.158870228085289,-0.0007722432177614975
2026-06-04 06:52:00,2.154083333333333,-0.0015000000000000568,2.1583075557036966,-0.0005626723815926471
2026-06-04 06:54:00,2.158958333333333,0.004875000000000185,2.1582173576297476,-9.019807394889377e-05
2026-06-04 06:56:00,2.161583333333333,0.0026250000000000995,2.157882279894747,-0.0003350777350010904
2026-06-04 06:58:00,2.159125,-0.002458333333333229,2.157261696034869,-0.000620583859877714
2026-06-04 07:00:00,2.1565833333333324,-0.0025416666666675525,2.1566443712741545,-0.0006173247607141892
2026-06-04 07:02:00,2.158458333333333,0.0018750000000005151,2.156133532686852,-0.0005108385873028229
2026-06-04 07:04:00,2.1598333333333333,0.0013750000000003482,2.1556187354129146,-0.0005147972739372576
2026-06-04 07:06:00,2.161000000000001,0.0011666666666676484,2.1550638839870646,-0.0005548514258499024
2026-06-04 07:08:00,2.16075,-0.0002500000000007496,2.1545042800260865,-0.0005596039609781885
2026-06-04 07:10:00,2.1616666666666666,0.0009166666666664547,2.153957664133787,-0.0005466158922991366
2026-06-04 07:12:00,2.160333333333333,-0.0013333333333336306,2.1534224014183865,-0.0005352627154008408
2026-06-04 07:14:00,2.1633333333333336,0.0030000000000005578,2.152910873765109,-0.0005115276532773942
2026-06-04 07:16:00,2.1630416666666665,-0.0002916666666670231,2.1524431400321618,-0.00046773373294728383
2026-06-04 07:18:00,2.1666086956521737,0.0035670289855072035,2.16334517732034,0.0003035106536732412
2026-06-04 07:20:00,2.165666666666666,-0.0009420289855075481,2.1629226611198415,-0.0004225162004982425
2026-06-04 07:22:00,2.1645833333333337,-0.0010833333333324369,2.1629845639250247,6.190280518320885e-05
2026-06-04 07:24:00,2.1625833333333326,-0.002000000000001112,2.1629784848854134,-6.079039611343882e-06
2026-06-04 07:26:00,2.1606666666666663,-0.0019166666666663446,2.162586414147514,-0.00039207073789912755
2026-06-04 07:28:00,2.161666666666666,0.0009999999999998899,2.162065805713816,-0.0005206084336985676
2026-06-04 07:30:00,2.167333333333333,0.005666666666666931,2.161601808132928,-0.00046399758088774867
2026-06-04 07:32:00,2.1664583333333325,-0.0008750000000006253,2.161137289074935,-0.0004645190579929115
2026-06-04 07:34:00,2.1628333333333325,-0.0036249999999999893,2.1606072839986203,-0.0005300050763145105
2026-06-04 07:36:00,2.1662916666666665,0.003458333333334007,2.160025020228193,-0.000582263770427464
2026-06-04 07:38:00,2.167708333333333,0.0014166666666666217,2.159410973551325,-0.0006140466768680709
2026-06-04 07:40:00,2.1676249999999997,-8.333333333343518e-05,2.158755649527744,-0.0006553240235811053
2026-06-04 07:42:00,2.169375,0.0017500000000003624,2.1580398437779693,-0.0007158057497744571
2026-06-04 07:44:00,2.1692499999999995,-0.00012500000000059686,2.157255056374308,-0.0007847874036615182
2026-06-04 07:46:00,2.1686249999999996,-0.0006249999999998757,2.156422348970928,-0.0008327074033797013
2026-06-04 07:48:00,2.1676666666666664,-0.0009583333333331723,2.1689594939330332,0.00033449393303354306
2026-06-04 07:50:00,2.1678749999999996,0.00020833333333314386,2.16805641017807,-0.0009030837549629514
2026-06-04 07:52:00,2.168249999999999,0.0003749999999995701,2.167593159654665,-0.00046325052340518054
2026-06-04 07:54:00,2.1642500000000005,-0.003999999999998671,2.1672569658912186,-0.00033619376344626577
2026-06-04 07:56:00,2.1674782608695655,0.0032282608695650694,2.16667925946711,-0.0005777064241088711
2026-06-04 07:58:00,2.1690416666666663,0.001563405797100792,2.1660073321687054,-0.0006719272984044061
2026-06-04 08:00:00,2.166208333333332,-0.0028333333333341315,2.165441626680473,-0.0005657054882325612
2026-06-04 08:02:00,2.169375,0.0031666666666678722,2.1649204766076884,-0.0005211500727847026
2026-06-04 08:04:00,2.1677499999999994,-0.0016250000000006537,2.1643729960624434,-0.0005474805452447202
2026-06-04 08:06:00,2.1654166666666668,-0.0023333333333326323,2.1637970143631704,-0.000575981699273012
2026-06-04 08:08:00,2.1646249999999996,-0.0007916666666671901,2.163214350385422,-0.0005826639777486612
2026-06-04 08:10:00,2.161958333333333,-0.002666666666666373,2.1626281380247896,-0.0005862123606322071
2026-06-04 08:12:00,2.1629166666666673,0.0009583333333340605,2.162039861004031,-0.0005882770207585962
2026-06-04 08:14:00,2.163833333333333,0.0009166666666655665,2.161469674659684,-0.0005701863443471828
2026-06-04 08:16:00,2.1715416666666663,0.007708333333333428,2.1609394514889932,-0.0005302231706906216
2026-06-04 08:18:00,2.1642916666666667,-0.007249999999999535,2.169245156005282,-0.0022965106613843274
2026-06-04 08:20:00,2.1727916666666665,0.00849999999999973,2.1687104337456664,-0.0005347222596154076
2026-06-04 08:22:00,2.1675833333333334,-0.005208333333333037,2.1694229308374138,0.0007124970917470582
2026-06-04 08:24:00,2.164541666666667,-0.003041666666666387,2.1693216499982726,-0.00010128083914079836
2026-06-04 08:26:00,2.1590416666666665,-0.0055000000000005045,2.1684968874089026,-0.0008247625893702618
2026-06-04 08:28:00,2.1646666666666667,0.005625000000000213,2.167846150134799,-0.000650737274103447
2026-06-04 08:30:00,2.1636249999999997,-0.0010416666666670515,2.1674178024935706,-0.00042834764122833447
2026-06-04 08:32:00,2.1672499999999997,0.0036249999999999893,2.1669016366994063,-0.0005161657941644061
2026-06-04 08:34:00,2.1627499999999995,-0.0045000000000001705,2.1662592954610225,-0.0006423412383838081
2026-06-04 08:36:00,2.1675416666666667,0.004791666666667194,2.1656005539026504,-0.0006587415583722574
2026-06-04 08:38:00,2.1617391304347824,-0.005802536231884314,2.164939046325519,-0.00066150757713115
2026-06-04 08:40:00,2.166625,0.0048858695652174156,2.164227342447047,-0.0007117038784720733
2026-06-04 08:42:00,2.174708333333333,0.008083333333332998,2.163446553639153,-0.0007807888078940901
2026-06-04 08:44:00,2.159208333333333,-0.015499999999999847,2.1626022293738174,-0.0008443242653355675
2026-06-04 08:46:00,2.1612083333333336,0.002000000000000668,2.16171667166344,-0.0008855577103771844
2026-06-04 08:48:00,2.1629166666666664,0.0017083333333327566,2.1662597148124636,0.005051381479129936
2026-06-04 08:50:00,2.1573333333333333,-0.0055833333333330515,2.164876422575676,-0.0013832922367877924
2026-06-04 08:52:00,2.1590000000000003,0.0016666666666669272,2.163986058604556,-0.0008903639711199245
2026-06-04 08:54:00,2.1556666666666664,-0.0033333333333338544,2.1640564068502286,7.034824567296327e-05
2026-06-04 08:56:00,2.1538333333333326,-0.0018333333333337976,2.163769821938857,-0.0002865849113718238
2026-06-04 08:58:00,2.1609166666666666,0.0070833333333339965,2.162969671754525,-0.0008001501843321768
2026-06-04 09:00:00,2.1591249999999995,-0.00179166666666708,2.162313437742817,-0.0006562340117081884
2026-06-04 09:02:00,2.1596249999999997,0.000500000000000167,2.1618371085927164,-0.00047632915010037034
2026-06-04 09:04:00,2.157083333333333,-0.0025416666666666643,2.1613467927512335,-0.000490315841482589
2026-06-04 09:06:00,2.156125,-0.0009583333333331723,2.160778300395381,-0.0005684923558525905
2026-06-04 09:08:00,2.1573333333333333,0.0012083333333334778,2.1601969420209457,-0.0005813583744354986
2026-06-04 09:10:00,2.1595,0.00216666666666665,2.159630919823908,-0.0005660221970374097
2026-06-04 09:12:00,2.1543749999999995,-0.00512500000000049,2.1590632310425755,-0.0005676887813325604
2026-06-04 09:14:00,2.1616249999999995,0.007249999999999979,2.1585000866425617,-0.0005631444000140497
2026-06-04 09:16:00,2.1567916666666664,-0.004833333333333023,2.157970406651325,-0.0005296799912366744
2026-06-04 09:18:00,2.159043478260869,0.002251811594202735,2.1586334436403796,0.0018417769737129727
2026-06-04 09:20:00,2.1587083333333332,-0.0003351449275359464,2.1583397228786834,-0.0002937207616962119
2026-06-04 09:22:00,2.1597500000000003,0.0010416666666670515,2.158313214411448,-2.650846723537223e-05
2026-06-04 09:24:00,2.1592083333333334,-0.0005416666666668846,2.158390719907126,7.750549567822179e-05
2026-06-04 09:26:00,2.159958333333333,0.0007499999999995843,2.158070845334606,-0.0003198745725202626
2026-06-04 09:28:00,2.1599999999999997,4.166666666671759e-05,2.1575034205935686,-0.0005674247410373742
2026-06-04 09:30:00,2.154083333333333,-0.005916666666666792,2.1569658765296587,-0.0005375440639097104
2026-06-04 09:32:00,2.1554999999999995,0.0014166666666666217,2.156457490551241,-0.0005083859784178025
2026-06-04 09:34:00,2.1600416666666664,0.004541666666666888,2.155889241793525,-0.0005682487577160262
2026-06-04 09:36:00,2.1585,-0.0015416666666663303,2.1552549523892512,-0.0006342894042734909
2026-06-04 09:38:00,2.1612916666666666,0.0027916666666665257,2.1545848354374315,-0.000670116951819923
2026-06-04 09:40:00,2.153958333333333,-0.007333333333333414,2.153878053190533,-0.0007067822468984418
2026-06-04 09:42:00,2.1589999999999994,0.005041666666666167,2.153113279644931,-0.0007647735456019752
2026-06-04 09:44:00,2.154666666666666,-0.0043333333333333,2.152280443103752,-0.0008328365411790532
2026-06-04 09:46:00,2.1597500000000003,0.005083333333334217,2.1514043340639533,-0.0008761090397989027
2026-06-04 09:48:00,2.1575416666666665,-0.0022083333333338118,2.159838638808299,8.863880829835136e-05
2026-06-04 09:50:00,2.156875,-0.0006666666666665932,2.1588690580570806,-0.0009695807512179892
2026-06-04 09:52:00,2.159333333333333,0.002458333333333229,2.1587876703493833,-8.138770769749762e-05
2026-06-04 09:54:00,2.1555416666666667,-0.0037916666666664156,2.1586660067139523,-0.0001216636354308137
2026-06-04 09:56:00,2.154916666666667,-0.0006249999999998757,2.1580363089639456,-0.0006296977500068119
2026-06-04 09:58:00,2.157652173913043,0.0027355072463763896,2.157319276247723,-0.0007170327162225663
2026-06-04 10:00:00,2.15625,-0.0014021739130432032,2.1568483067888824,-0.00047096945884036524
2026-06-04 10:02:00,2.154125,-0.0021249999999999325,2.156415729595375,-0.00043257719350716956
2026-06-04 10:04:00,2.1556666666666664,0.0015416666666663303,2.1559249903639857,-0.0004907392313896908
2026-06-04 10:06:00,2.1548333333333334,-0.0008333333333330195,2.1554042827796973,-0.0005207075842885776
2026-06-04 10:08:00,2.1551249999999995,0.00029166666666613494,2.1548882988402873,-0.0005159839394098979
2026-06-04 10:10:00,2.156333333333333,0.0012083333333334778,2.1543668203169757,-0.0005214785233113997
2026-06-04 10:12:00,2.1550416666666665,-0.001291666666666469,2.153830872122037,-0.0005359481949390794
2026-06-04 10:14:00,2.15375,-0.001291666666666469,2.1532989910616975,-0.0005318810603394172
2026-06-04 10:16:00,2.1554166666666665,0.0016666666666664831,2.1527971399852803,-0.0005018510764170757
2026-06-04 10:18:00,2.155583333333333,0.00016666666666642627,2.1560717301804213,0.0006550635137548326
2026-06-04 10:20:00,2.156041666666667,0.0004583333333338935,2.1556106191970623,-0.00046111098335890064
2026-06-04 10:22:00,2.1522916666666663,-0.003750000000000586,2.1558908477757868,0.000280228578724096
2026-06-04 10:24:00,2.152416666666667,0.00012500000000059686,2.156082684233454,0.00019183645766736697
2026-06-04 10:26:00,2.156041666666667,0.0036249999999999893,2.1556842014234254,-0.00039848281002835345
2026-06-04 10:28:00,2.1523750000000006,-0.003666666666666263,2.1551056152899073,-0.0005785861335185023
2026-06-04 10:30:00,2.154875,0.0024999999999995026,2.15463569409921,-0.00046992119069710144
2026-06-04 10:32:00,2.155625,0.0007500000000000284,2.154173815445527,-0.0004618786536828443
2026-06-04 10:34:00,2.158083333333333,0.002458333333332785,2.1536172649099328,-0.00055655053559417
2026-06-04 10:36:00,2.1614999999999998,0.0034166666666668455,2.152997867656842,-0.000619397253090848
2026-06-04 10:38:00,2.159260869565217,-0.0022391304347828545,2.1523536717474347,-0.0006441959094074404
2026-06-04 10:40:00,2.156166666666667,-0.0030942028985498915,2.151670366449924,-0.0006833052975106055
2026-06-04 10:42:00,2.1527500000000006,-0.0034166666666664014,2.150925209761705,-0.0007451566882189887
2026-06-04 10:44:00,2.1515833333333334,-0.0011666666666672043,2.150116489700066,-0.0008087200616390274
2026-06-04 10:46:00,2.1590416666666665,0.0074583333333331225,2.1492724534965526,-0.0008440362035134233
2026-06-04 10:48:00,2.15425,-0.0047916666666663055,2.158246870782188,-0.0007947958844785946
2026-06-04 10:50:00,2.153708333333334,-0.0005416666666664405,2.1572880208834118,-0.0009588498987760005
2026-06-04 10:52:00,2.1568750000000003,0.00316666666666654,2.157418504717677,0.00013048383426472938
2026-06-04 10:54:00,2.150666666666667,-0.006208333333333371,2.157334303199421,-8.420151825544762e-05
2026-06-04 10:56:00,2.1577499999999996,0.007083333333332664,2.1566710658409125,-0.0006632373585085582
2026-06-04 10:58:00,2.154833333333333,-0.0029166666666666785,2.1559937751479583,-0.000677290692954184
2026-06-04 11:00:00,2.1519166666666663,-0.0029166666666666785,2.1555993575969503,-0.00039441755100793534
2026-06-04 11:02:00,2.1509166666666664,-0.0009999999999998899,2.15522145948836,-0.0003778981085907411
2026-06-04 11:04:00,2.1583333333333337,0.007416666666667293,2.154771403500431,-0.0004500559879287141
2026-06-04 11:06:00,2.1570416666666667,-0.001291666666666913,2.1543010451440288,-0.0004703583564022992
2026-06-04 11:08:00,2.1512499999999997,-0.0057916666666670835,2.153843162087296,-0.00045788305673236064
2026-06-04 11:10:00,2.156625,0.005375000000000352,2.1533763703866784,-0.0004667917006178371
2026-06-04 11:12:00,2.154833333333334,-0.0017916666666661918,2.152889147561352,-0.0004872228253266003
2026-06-04 11:14:00,2.15375,-0.0010833333333337691,2.1524004306460176,-0.0004887169153343223
2026-06-04 11:16:00,2.153208333333333,-0.0005416666666668846,2.151934738579176,-0.0004656920668419637
2026-06-04 11:18:00,2.1507083333333328,-0.002500000000000391,2.1547762904991297,0.0015679571657965109
2026-06-04 11:20:00,2.156217391304348,0.0055090579710150855,2.1543171529644907,-0.0004591375346388062
2026-06-04 11:22:00,2.1530833333333326,-0.0031340579710152916,2.1545436419931376,0.00022648902864668463
2026-06-04 11:24:00,2.1452500000000003,-0.007833333333332249,2.1548659145428126,0.00032227254967526653
2026-06-04 11:26:00,2.1471666666666667,0.0019166666666663446,2.154592130763937,-0.0002737837788758294
2026-06-04 11:28:00,2.1567916666666664,0.009624999999999773,2.154041383101615,-0.0005507476623219783
2026-06-04 11:30:00,2.149749999999999,-0.007041666666667279,2.1535850783997175,-0.00045630470189769083
2026-06-04 11:32:00,2.156541666666667,0.0067916666666678616,2.1531652302940376,-0.0004198481056797268
2026-06-04 11:34:00,2.1511250000000004,-0.005416666666666625,2.152653480457471,-0.0005117498365666972
2026-06-04 11:36:00,2.151041666666666,-8.333333333432336e-05,2.1520648834118306,-0.0005885970456402492
2026-06-04 11:38:00,2.156333333333333,0.0052916666666669165,2.1514472332351655,-0.0006176501766650372
2026-06-04 11:40:00,2.151541666666667,-0.004791666666665861,2.1507939757633676,-0.0006532574717979809
2026-06-04 11:42:00,2.15525,0.0037083333333329804,2.1500814588135158,-0.00071251694985174
2026-06-04 11:44:00,2.150958333333333,-0.004291666666667027,2.149308967891453,-0.0007724909220625324
2026-06-04 11:46:00,2.15525,0.004291666666667027,2.1485083254440944,-0.0008006424473587571
2026-06-04 11:48:00,2.153166666666667,-0.002083333333333215,2.155327720742245,7.772074224500954e-05
2026-06-04 11:50:00,2.1568750000000003,0.0037083333333334245,2.154489502175674,-0.0008382185665712612
2026-06-04 11:52:00,2.1559166666666667,-0.0009583333333336164,2.1545396765962104,5.017442053631019e-05
2026-06-04 11:54:00,2.1557083333333327,-0.00020833333333403203,2.1545508379589533,1.1161362743271588e-05
2026-06-04 11:56:00,2.148458333333333,-0.007249999999999535,2.1540663022972195,-0.0004845356617339987
2026-06-04 11:58:00,2.156,0.007541666666667002,2.1534862689816525,-0.0005800333155667898
2026-06-04 12:00:00,2.154208333333333,-0.00179166666666708,2.15315106500071,-0.00033520398094275244
2026-06-04 12:02:00,2.1497391304347824,-0.004469202898550684,2.152853585005424,-0.00029747999528590904
2026-06-04 12:04:00,2.1517500000000003,0.0020108695652178987,2.15250025860266,-0.0003533264027640886
2026-06-04 12:06:00,2.1532499999999994,0.0014999999999991687,2.152117787498041,-0.00038247110461879193
2026-06-04 12:08:00,2.1519166666666667,-0.0013333333333327424,2.1517389519832286,-0.0003788355148126695
2026-06-04 12:10:00,2.1510000000000002,-0.0009166666666664547,2.151351250563125,-0.0003877014201036879
2026-06-04 12:12:00,2.1465,-0.0045000000000001705,2.150941315011761,-0.00040993555136364804
2026-06-04 12:14:00,2.1483749999999997,0.001874999999999627,2.1505208897082717,-0.00042042530348928295
2026-06-04 12:16:00,2.1490416666666667,0.0006666666666670373,2.1501115927601724,-0.00040929694809957657
2026-06-04 12:18:00,2.1483333333333334,-0.0007083333333333108,2.1504178439192394,0.0013761772525728061
2026-06-04 12:20:00,2.1510416666666665,0.0027083333333330906,2.1500173904684967,-0.00040045345074286355
2026-06-04 12:22:00,2.1425,-0.008541666666666448,2.1505178776690768,0.0005004872005801291
2026-06-04 12:24:00,2.1420416666666666,-0.0004583333333334494,2.15095758779285,0.0004397101237731552
2026-06-04 12:26:00,2.1447083333333334,0.002666666666666817,2.150633984436299,-0.00032360335655085004
2026-06-04 12:28:00,2.143125,-0.001583333333333492,2.150078115646761,-0.0005558687895381048
2026-06-04 12:30:00,2.14025,-0.002874999999999961,2.149684917178875,-0.0003931984678858776
2026-06-04 12:32:00,2.1435,0.003249999999999975,2.1493165540217443,-0.0003683631571308057
2026-06-04 12:34:00,2.147583333333334,0.004083333333333883,2.1488304553822153,-0.0004860986395289448
2026-06-04 12:36:00,2.1380416666666675,-0.009541666666666337,2.148272748663759,-0.0005577067184564653
2026-06-04 12:38:00,2.1450833333333335,0.007041666666665947,2.1476973754646553,-0.0005753731991034278
2026-06-04 12:40:00,2.1447916666666664,-0.0002916666666670231,2.1470857814810023,-0.0006115939836530749
2026-06-04 12:42:00,2.146583333333334,0.001791666666667524,2.1464136728734475,-0.0006721086075548253
2026-06-04 12:44:00,2.141666666666666,-0.0049166666666677905,2.14568900347888,-0.0007246693945678828
2026-06-04 12:46:00,2.14604347826087,0.004376811594204,2.1449475283567683,-0.000741475122111491
2026-06-04 12:48:00,2.142166666666667,-0.0038768115942029446,2.1457849253652195,-0.00025855289565083583
2026-06-04 12:50:00,2.1461249999999996,0.003958333333332398,2.1450857122965035,-0.0006992130687158778
2026-06-04 12:52:00,2.139416666666667,-0.00670833333333265,2.145258087158101,0.00017237486159733838
2026-06-04 12:54:00,2.143208333333334,0.0037916666666668597,2.14530525932792,4.7172169819426684e-05
2026-06-04 12:56:00,2.140375,-0.0028333333333336874,2.1448808431058244,-0.0004244162220959039
2026-06-04 12:58:00,2.1452499999999994,0.0048749999999992966,2.1444030319294924,-0.0004778111763318677
2026-06-04 13:00:00,2.1395000000000004,-0.005749999999999034,2.144182383684959,-0.00022064824453308943
2026-06-04 13:02:00,2.141,0.0014999999999996128,2.143987078386709,-0.0001953052982503011
2026-06-04 13:04:00,2.1434999999999995,0.0024999999999995026,2.14373572393559,-0.00025135445111888104
2026-06-04 13:06:00,2.1420416666666675,-0.001458333333332007,2.143459846332836,-0.00027587760275453455
2026-06-04 13:08:00,2.134791666666666,-0.007250000000001311,2.1431861201053732,-0.00027372622746244803
2026-06-04 13:10:00,2.1402916666666667,0.0055000000000005045,2.142897864892012,-0.0002882552133611912
2026-06-04 13:12:00,2.138666666666667,-0.0016249999999997655,2.1425813116091623,-0.0003165532828498369
2026-06-04 13:14:00,2.140708333333333,0.0020416666666660532,2.142246824595218,-0.0003344870139440299
2026-06-04 13:16:00,2.1410000000000005,0.0002916666666674672,2.1419130307265597,-0.00033379386865835486
2026-06-04 13:18:00,2.1387500000000004,-0.0022500000000000853,2.141911313177154,0.0009113131771534936
2026-06-04 13:20:00,2.1419166666666665,0.003166666666666096,2.1417145301696885,-0.000196783007465531
2026-06-04 13:22:00,2.1451250000000006,0.0032083333333341457,2.1423000446749905,0.0005855145053020341
2026-06-04 13:24:00,2.143416666666667,-0.0017083333333336448,2.142678197766181,0.00037815309119043584
2026-06-04 13:26:00,2.1399166666666667,-0.0035000000000002807,2.142377915532822,-0.00030028223335883174
2026-06-04 13:28:00,2.138782608695652,-0.0011340579710146237,2.1419264948772185,-0.0004514206556036547
2026-06-04 13:30:00,2.1410000000000005,0.002217391304348393,2.141615403962672,-0.0003110909145462965
2026-06-04 13:32:00,2.1386666666666665,-0.0023333333333339645,2.141300513218785,-0.0003148907438869159
2026-06-04 13:34:00,2.1414166666666667,0.0027500000000002522,2.1408757590689604,-0.0004247541498248996
2026-06-04 13:36:00,2.1396250000000006,-0.0017916666666661918,2.1403896509254983,-0.00048610814346197934
2026-06-04 13:38:00,2.1357500000000003,-0.003875000000000295,2.1398811698473366,-0.0005084810781615783
2026-06-04 13:40:00,2.1381666666666668,0.0024166666666665115,2.1393310020016645,-0.0005501678456724712
2026-06-04 13:42:00,2.1374583333333335,-0.0007083333333333108,2.1387233146754476,-0.0006076873262166025
2026-06-04 13:44:00,2.1385416666666663,0.001083333333332881,2.138071167944793,-0.0006521467306549954
2026-06-04 13:46:00,2.138666666666666,0.00012499999999970868,2.1374115793935373,-0.0006595885512555625
2026-06-04 13:48:00,2.137166666666667,-0.0014999999999991687,2.1391777751395806,0.0005111084729144584
2026-06-04 13:50:00,2.13625,-0.0009166666666668988,2.138752533670789,-0.00042524146879147854
2026-06-04 13:52:00,2.1359583333333334,-0.00029166666666657903,2.1389896127723116,0.0002370791015224697
2026-06-04 13:54:00,2.1357916666666674,-0.00016666666666598218,2.1391406316053647,0.0001510188330532417
2026-06-04 13:56:00,2.135791666666667,-4.440892098500626e-16,2.1388568936885246,-0.0002837379168403461
2026-06-04 13:58:00,2.135916666666667,0.00012500000000015277,2.138494075028112,-0.0003628186604125749
2026-06-04 14:00:00,2.1357916666666665,-0.00012500000000059686,2.138376150007646,-0.00011792502046582557
2026-06-04 14:02:00,2.1362916666666663,0.0004999999999997229,2.138290476941148,-8.567306649809073e-05
2026-06-04 14:04:00,2.1323333333333334,-0.003958333333332842,2.138155454403547,-0.00013502253760088522
2026-06-04 14:06:00,2.1315833333333334,-0.0007500000000000284,2.13799416648494,-0.00016128791860682163
2026-06-04 14:08:00,2.130875,-0.0007083333333333108,2.1378306301010093,-0.0001635363839307456
2026-06-04 14:10:00,2.1340833333333338,0.0032083333333337016,2.1376486377845074,-0.00018199231650195782
2026-06-04 14:12:00,2.134217391304348,0.00013405797101428973,2.137432667206214,-0.0002159705782937589
2026-06-04 14:14:00,2.132875,-0.0013423913043482116,2.137189894823074,-0.00024277238313950467
2026-06-04 14:16:00,2.136708333333334,0.0038333333333340214,2.1369371409286675,-0.0002527538944068602
2026-06-04 14:18:00,2.140041666666667,0.0033333333333329662,2.1365848566103494,-0.00012347672298443328
2026-06-04 14:20:00,2.134333333333333,-0.005708333333333648,2.13643168638476,-0.00015317022558928412
2026-06-04 14:22:00,2.1357500000000003,0.0014166666666670658,2.137083213171937,0.0006515267871769538
2026-06-04 14:24:00,2.133583333333333,-0.002166666666667094,2.1373839455788937,0.0003007324069566168
2026-06-04 14:26:00,2.134208333333333,0.0006249999999998757,2.137088298784926,-0.00029564679396749667
2026-06-04 14:28:00,2.134916666666667,0.0007083333333337549,2.136740134861693,-0.00034816392323313596
2026-06-04 14:30:00,2.1335,-0.0014166666666666217,2.1365217526431675,-0.00021838221852545398
2026-06-04 14:32:00,2.1351666666666667,0.0016666666666664831,2.1362689453065538,-0.00025280733661378694
2026-06-04 14:34:00,2.1327499999999997,-0.0024166666666669556,2.1359111959479713,-0.00035774935858276936
2026-06-04 14:36:00,2.1329583333333333,0.00020833333333358794,2.1355042232534,-0.00040697269457130945
2026-06-04 14:38:00,2.129625,-0.0033333333333334103,2.135072605616169,-0.0004316176372309503
2026-06-04 14:40:00,2.132125,0.0024999999999999467,2.134594254452097,-0.00047835116407186874
2026-06-04 14:42:00,2.132625,0.000500000000000167,2.13406121827182,-0.0005330361802766424
2026-06-04 14:44:00,2.131958333333333,-0.0006666666666670373,2.1334921852967677,-0.0005690329750524583
2026-06-04 14:46:00,2.13475,0.00279166666666697,2.132925943063269,-0.0005662422334989642
2026-06-04 14:48:00,2.13025,-0.0044999999999997264,2.1346017475167818,-0.00014825248321829253
2026-06-04 14:50:00,2.132166666666667,0.0019166666666667886,2.134264594800769,-0.0003371527160127868
2026-06-04 14:52:00,2.1340833333333333,0.0019166666666663446,2.134699419112274,0.00043482431150529107
2026-06-04 14:54:00,2.131478260869565,-0.0026050724637682876,2.1349175379393874,0.00021811882711315686
2026-06-04 14:56:00,2.1311249999999995,-0.0003532608695655526,2.134690522030784,-0.00022701590860357788
2026-06-04 14:58:00,2.131666666666667,0.0005416666666673287,2.1344521547928923,-0.00023836723789156782
2026-06-04 15:00:00,2.12675,-0.004916666666666902,2.1344591072019075,6.952409015355829e-06
2026-06-04 15:02:00,2.1307500000000004,0.004000000000000448,2.1344816278284466,2.2520626539004646e-05
2026-06-04 15:04:00,2.1317916666666665,0.0010416666666661634,2.1344490242646863,-3.260356376005806e-05
2026-06-04 15:06:00,2.1273333333333335,-0.004458333333333009,2.134395584504307,-5.343976037919163e-05
2026-06-04 15:08:00,2.1198333333333332,-0.007500000000000284,2.1343384641975933,-5.712030671405687e-05
2026-06-04 15:10:00,2.127625,0.007791666666666863,2.13425383004031,-8.463415728304685e-05
2026-06-04 15:12:00,2.1292916666666666,0.0016666666666664831,2.1341256389964016,-0.00012819104390868782
2026-06-04 15:14:00,2.126625,-0.002666666666666373,2.133961764476188,-0.00016387452021343388
2026-06-04 15:16:00,2.1221666666666663,-0.004458333333333897,2.1337779917675053,-0.0001837727086829343
2026-06-04 15:18:00,2.1257499999999996,0.0035833333333332718,2.1272748256714444,0.005108159004778122
2026-06-04 15:20:00,2.128791666666667,0.0030416666666672754,2.1269538726092496,-0.00032095306219491145
2026-06-04 15:22:00,2.1277083333333335,-0.001083333333333325,2.1269630132635067,9.14065425709892e-06
2026-06-04 15:24:00,2.125875,-0.0018333333333333535,2.127704476940894,0.0007414636773872275
2026-06-04 15:26:00,2.1262083333333335,0.0003333333333332966,2.1278698382176215,0.00016536127672775626
2026-06-04 15:28:00,2.1272083333333334,0.0009999999999998899,2.127428488036628,-0.0004413501809936802
2026-06-04 15:30:00,2.126041666666667,-0.0011666666666663161,2.1270624664863806,-0.00036602155024716804
2026-06-04 15:32:00,2.127666666666667,0.0016249999999997655,2.1268613727495387,-0.00020109373684223733
2026-06-04 15:34:00,2.128541666666667,0.0008750000000001812,2.126591595788135,-0.0002697769614035089
2026-06-04 15:36:00,2.128086956521739,-0.0004547101449281499,2.126207680183633,-0.00038391560450199574
2026-06-04 15:38:00,2.124,-0.004086956521738738,2.1257941693063573,-0.00041351087727568544
2026-06-04 15:40:00,2.12175,-0.0022500000000000853,2.12536861321562,-0.000425556090737199
2026-06-04 15:42:00,2.1259166666666665,0.00416666666666643,2.1249015999467793,-0.000467013268840824
2026-06-04 15:44:00,2.1206250000000004,-0.005291666666666028,2.1243982385837494,-0.0005033613630296704
2026-06-04 15:46:00,2.129125,0.00849999999999973,2.1239078535478786,-0.0004903850358711787
2026-06-04 15:48:00,2.1262916666666665,-0.0028333333333336874,2.128383032380006,-0.0007419676199938129
2026-06-04 15:50:00,2.1297083333333338,0.0034166666666672896,2.1279245685367423,-0.0004584638432642076
2026-06-04 15:52:00,2.13175,0.0020416666666660532,2.1286291164517204,0.0007045479149784237
2026-06-04 15:54:00,2.129416666666667,-0.0023333333333326323,2.1289986920374266,0.00036957558570610343
2026-06-04 15:56:00,2.1282083333333333,-0.001208333333333922,2.1287729487622045,-0.00022574327522226014
2026-06-04 15:58:00,2.1274583333333337,-0.0007499999999995843,2.128593398630544,-0.00017955013166030638
2026-06-04 16:00:00,2.1257083333333338,-0.0017499999999999183,2.128698329780054,0.00010493114950992118
2026-06-04 16:02:00,2.128041666666667,0.0023333333333330764,2.1288117062412253,0.00011337646117144258
2026-06-04 16:04:00,2.1297083333333333,0.0016666666666664831,2.1288497742123607,3.806797113508904e-05
2026-06-04 16:06:00,2.131833333333334,0.0021250000000008207,2.128870898405532,2.1124193171352933e-05
2026-06-04 16:08:00,2.126583333333333,-0.005250000000001087,2.1288946774967292,2.377909119718545e-05
2026-06-04 16:10:00,2.1209166666666666,-0.005666666666666487,2.128885377518499,-9.299978230200626e-06
2026-06-04 16:12:00,2.127375,0.006458333333333233,2.1288229264062335,-6.24511122653491e-05
2026-06-04 16:14:00,2.1290833333333334,0.0017083333333336448,2.1287179672956515,-0.00010495911058217979
2026-06-04 16:16:00,2.135913043478261,0.006829710144927503,2.12858757473562,-0.00013039256003141296
2026-06-04 16:18:00,2.127,-0.008913043478261162,2.133729366875435,-0.002183676602825944
2026-06-04 16:20:00,2.12525,-0.0017499999999999183,2.13375499676778,2.562989234502258e-05
2026-06-04 16:22:00,2.128083333333333,0.0028333333333332433,2.134744802007556,0.0009898052397759114
2026-06-04 16:24:00,2.128875,0.000791666666666746,2.1348329600581204,8.815805056448996e-05
2026-06-04 16:26:00,2.1356250000000006,0.0067500000000007,2.1343650071019895,-0.0004679529561308754
2026-06-04 16:28:00,2.139208333333334,0.0035833333333332718,2.134122603066644,-0.00024240403534567053
2026-06-04 16:30:00,2.137083333333334,-0.0021249999999999325,2.134051371084003,-7.123198264102874e-05
2026-06-04 16:32:00,2.1303750000000004,-0.006708333333333538,2.133872280091196,-0.00017909099280695014
2026-06-04 16:34:00,2.1314999999999995,0.0011249999999991545,2.133586052166332,-0.00028622792486417104
2026-06-04 16:36:00,2.123583333333334,-0.007916666666665684,2.133288964632878,-0.0002970875334537376
2026-06-04 16:38:00,2.115291666666667,-0.00829166666666703,2.1329768274608454,-0.0003121371720324101
2026-06-04 16:40:00,2.1206666666666663,0.0053749999999994635,2.1326104168415965,-0.0003664106192491632
2026-06-04 16:42:00,2.121208333333333,0.0005416666666668846,2.132193966773489,-0.0004164500681075045
2026-06-04 16:44:00,2.124541666666667,0.0033333333333338544,2.1317581409542568,-0.00043582581923230974
2026-06-04 16:46:00,2.122583333333333,-0.0019583333333339503,2.131344247618632,-0.0004138933356243649
2026-06-04 16:48:00,2.1277916666666665,0.005208333333333481,2.1254239107513655,0.002840577418032495
2026-06-04 16:50:00,2.1254583333333334,-0.0023333333333330764,2.1253221238803506,-0.00010178687101484812
2026-06-04 16:52:00,2.1350416666666665,0.009583333333333055,2.1257165859876404,0.000394462107289708
2026-06-04 16:54:00,2.1338,-0.0012416666666665854,2.126276467650891,0.0005598816632508802
2026-06-04 16:56:00,2.1486666666666667,0.014866666666666806,2.126360870679567,8.440302867586352e-05
2026-06-04 16:58:00,2.1482,-0.00046666666666661527,2.126250989524183,-0.00010988115538414597
2026-06-04 17:00:00,2.142916666666667,-0.005283333333333307,2.1263308007330237,7.981120884056401e-05
2026-06-04 17:02:00,2.143666666666667,0.0007500000000000284,2.126495142793482,0.0001643420604587541
2026-06-04 17:04:00,2.1428750000000005,-0.0007916666666663019,2.126617196626673,0.00012205383319080338
2026-06-04 17:06:00,2.1450833333333335,0.0022083333333329236,2.126699574161058,8.237753438512028e-05
2026-06-04 17:08:00,2.151375,0.006291666666666362,2.1267737420866797,7.416792562161956e-05
2026-06-04 17:10:00,2.140125,-0.011249999999999982,2.126824717311506,5.0975224825830315e-05
2026-06-04 17:12:00,2.1415833333333336,0.0014583333333337833,2.126828847992343,4.130680837586053e-06
2026-06-04 17:14:00,2.1533999999999995,0.01181666666666592,2.126788315167577,-4.053282476647599e-05
2026-06-04 17:16:00,2.1533999999999995,0.0,2.126721486214521,-6.682895305594035e-05
2026-06-04 17:18:00,2.1533999999999995,0.0,2.1524866778177896,-0.0009133221822099429
2026-06-04 17:20:00,2.157666666666666,0.004266666666666641,2.1526689713406792,0.00018229352288948086
2026-06-04 17:22:00,2.147333333333333,-0.010333333333333083,2.1532328849308535,0.0005639135901743626
2026-06-04 17:24:00,2.1447083333333334,-0.0026249999999996554,2.1533164789311074,8.359400025407588e-05
2026-06-04 17:26:00,2.1465833333333326,0.0018749999999991829,2.1531158707146485,-0.00020060821645879716
2026-06-04 17:28:00,2.1480833333333327,0.0015000000000000568,2.1529966798246676,-0.00011919088998128341
2026-06-04 17:30:00,2.149166666666667,0.0010833333333342132,2.152940904315324,-5.57755093435929e-05
2026-06-04 17:32:00,2.143125,-0.006041666666666945,2.1528235227829664,-0.00011738153235750138
2026-06-04 17:34:00,2.138130434782609,-0.004994565217391056,2.15264130899946,-0.00018221378350637572
2026-06-04 17:36:00,2.1495,0.011369565217391298,2.1524303186125993,-0.00021099038686058275
2026-06-04 17:38:00,2.142333333333333,-0.007166666666666988,2.1521850596596637,-0.00024525895293552545
2026-06-04 17:40:00,2.1484166666666664,0.0060833333333332185,2.1518891148316714,-0.00029594482799247257
2026-06-04 17:42:00,2.144083333333333,-0.0043333333333333,2.1515483203640695,-0.00034079446760201446
2026-06-04 17:44:00,2.1506666666666665,0.0065833333333333854,2.1511857021702623,-0.000362618193807297
2026-06-04 17:46:00,2.149791666666667,-0.000874999999999293,2.150842647026811,-0.00034305514345108466
2026-06-04 17:48:00,2.1446666666666663,-0.005125000000000934,2.150192374368256,0.0004007077015890034
2026-06-04 17:50:00,2.1479166666666667,0.0032500000000004192,2.150284008485755,9.163411749869277e-05
2026-06-04 17:52:00,2.1461250000000005,-0.0017916666666661918,2.150803831764465,0.000519823278710378
2026-06-04 17:54:00,2.1497916666666668,0.003666666666666263,2.1511476196079338,0.0003437878434683385
2026-06-04 17:56:00,2.1450416666666667,-0.004750000000000032,2.151218611750066,7.099214213217193e-05
2026-06-04 17:58:00,2.144125,-0.0009166666666668988,2.151295505263675,7.689351360944657e-05
2026-06-04 18:00:00,2.1502083333333335,0.0060833333333336626,2.151492214039543,0.00019670877586775738
2026-06-04 18:02:00,2.1492083333333336,-0.0009999999999998899,2.1517036641493403,0.00021145010979754206
2026-06-04 18:04:00,2.1497083333333333,0.0004999999999997229,2.151884696204832,0.0001810320554913368
2026-06-04 18:06:00,2.150708333333333,0.0009999999999998899,2.1520484048966457,0.00016370869181365794
2026-06-04 18:08:00,2.143583333333333,-0.00712500000000027,2.1521982411791587,0.00014983628251320205
2026-06-04 18:10:00,2.148958333333333,0.005374999999999908,2.1523170775269747,0.00011883634781578701
2026-06-04 18:12:00,2.14775,-0.0012083333333330337,2.15239511697621,7.803944923535858e-05
2026-06-04 18:14:00,2.145608695652174,-0.0021413043478260008,2.1524390014617087,4.388448549876764e-05
2026-06-04 18:16:00,2.1448750000000003,-0.0007336956521735161,2.1524643328975857,2.5331435876815254e-05
2026-06-04 18:18:00,2.1499166666666665,0.005041666666666167,2.1484057774998186,0.0035307774998181523
2026-06-04 18:20:00,2.1560833333333336,0.006166666666667098,2.148334050288067,-7.172721175181031e-05
2026-06-04 18:22:00,2.159333333333333,0.003249999999999531,2.148709166381194,0.0003751160931271941
2026-06-04 18:24:00,2.1457083333333338,-0.013624999999999332,2.1494566103417467,0.000747443960552878
2026-06-04 18:26:00,2.1586666666666674,0.012958333333333627,2.1496781518772137,0.0002215415354668482
2026-06-04 18:28:00,2.153791666666667,-0.004875000000000185,2.1495077403968788,-0.000170411480334732
2026-06-04 18:30:00,2.1512083333333334,-0.002583333333333826,2.1494088377567677,-9.890264011097982e-05
2026-06-04 18:32:00,2.1595,0.008291666666666586,2.1494042351511906,-4.602605577133687e-06
2026-06-04 18:34:00,2.1454166666666667,-0.014083333333333226,2.14934147869529,-6.275645590074242e-05
2026-06-04 18:36:00,2.1724583333333336,0.027041666666666853,2.1491968996002857,-0.00014457909500410014
2026-06-04 18:38:00,2.1735416666666674,0.0010833333333337691,2.1490173795237038,-0.0001795200765823148
2026-06-04 18:40:00,2.181958333333333,0.00841666666666585,2.1488096908868157,-0.00020768863688801472
2026-06-04 18:42:00,2.1712916666666664,-0.010666666666666824,2.148559317055918,-0.00025037383089754827
2026-06-04 18:44:00,2.1754166666666666,0.004125000000000156,2.148277341099952,-0.0002819759559659692
2026-06-04 18:46:00,2.153041666666667,-0.022374999999999368,2.148008912881877,-0.0002684282180747744
2026-06-04 18:48:00,2.1490416666666663,-0.004000000000000892,2.165443880157226,0.012402213490559012
2026-06-04 18:50:00,2.1490833333333335,4.166666666716168e-05,2.1655976308133673,0.00015375065614092054
2026-06-04 18:52:00,2.1558333333333333,0.006749999999999812,2.1642315793362,-0.0013660514771673398
2026-06-04 18:54:00,2.1842916666666663,0.02845833333333303,2.1649860104752783,0.0007544311390787058
2026-06-04 18:56:00,2.2006521739130434,0.016360507246377054,2.166086726719943,0.0011007162446644001
2026-06-04 18:58:00,2.19225,-0.00840217391304332,2.1661432307122928,5.6503992349843734e-05
2026-06-04 19:00:00,2.21375,0.021500000000000075,2.1659667906246747,-0.00017644008761791435
2026-06-04 19:02:00,2.1951250000000004,-0.01862499999999967,2.16615650786605,0.00018971724137513242
2026-06-04 19:04:00,2.192,-0.0031250000000002665,2.1664480030085147,0.0002914951424645377
2026-06-04 19:06:00,2.1727916666666665,-0.019208333333333716,2.166607978126343,0.00015997511782845497
2026-06-04 19:08:00,2.1845,0.011708333333333432,2.1667143905560384,0.00010641242969545168
2026-06-04 19:10:00,2.1715,-0.0129999999999999,2.1668488964795865,0.00013450592354818117
2026-06-04 19:12:00,2.1739166666666665,0.0024166666666665115,2.1669819550470795,0.0001330585674927224
2026-06-04 19:14:00,2.1767083333333335,0.00279166666666697,2.1670832012678956,0.00010124622081627164
2026-06-04 19:16:00,2.17125,-0.005458333333333343,2.1671741101261133,9.090885821780886e-05
2026-06-04 19:18:00,2.1613333333333333,-0.009916666666666796,2.188833870779143,0.017583870779142665
2026-06-04 19:20:00,2.167958333333334,0.006625000000000547,2.186412761994518,-0.0024211087846247137
2026-06-04 19:22:00,2.1934166666666663,0.025458333333332472,2.184832637977142,-0.0015801240173760926
2026-06-04 19:24:00,2.2056666666666667,0.012250000000000316,2.187475949343144,0.0026433113660022205
2026-06-04 19:26:00,2.220708333333333,0.015041666666666398,2.1889421591864386,0.0014662098432942972
2026-06-04 19:28:00,2.2376666666666667,0.01695833333333363,2.187404804754409,-0.0015373544320295912
2026-06-04 19:30:00,2.2299166666666665,-0.007750000000000146,2.1866179064289195,-0.0007868983254893736
2026-06-04 19:32:00,2.27575,0.04583333333333339,2.1870135056198525,0.000395599190933145
2026-06-04 19:34:00,2.3281249999999996,0.052374999999999616,2.1870899156577535,7.641003790055564e-05
2026-06-04 19:36:00,2.343434782608696,0.01530978260869631,2.1866665653610298,-0.0004233502967235722
2026-06-04 19:38:00,2.3100416666666668,-0.033393115942029095,2.186372360047199,-0.0002942053138305585
2026-06-04 19:40:00,2.30375,-0.006291666666666806,2.186249315694039,-0.00012304435315990683
2026-06-04 19:42:00,2.2444583333333328,-0.05929166666666719,2.186051256028069,-0.00019805966597047557
2026-06-04 19:44:00,2.234875,-0.009583333333332611,2.185762070671728,-0.00028918535634086357
2026-06-04 19:46:00,2.2069583333333336,-0.02791666666666659,2.185502713347812,-0.00025935732391569525
2026-06-04 19:48:00,2.1883333333333335,-0.018625000000000114,2.236099966665318,0.029141633331984107
2026-06-04 19:50:00,2.2198333333333333,0.03149999999999986,2.241466373327329,0.005366406662011158
2026-06-04 19:52:00,2.187625,-0.03220833333333317,2.235947758512763,-0.005518614814565674
2026-06-04 19:54:00,2.2045833333333333,0.016958333333333186,2.2374248432531756,0.0014770847404122595
2026-06-04 19:56:00,2.1806249999999996,-0.023958333333333748,2.241795956178737,0.004371112925561487
2026-06-04 19:58:00,2.181458333333333,0.0008333333333334636,2.239897044429354,-0.0018989117493830308
2026-06-04 20:00:00,2.180958333333333,-0.000500000000000167,2.237232513298625,-0.0026645311307286366
2026-06-04 20:02:00,2.1966250000000005,0.015666666666667606,2.237991694222121,0.0007591809234957248
2026-06-04 20:04:00,2.2146250000000003,0.017999999999999794,2.238869728256675,0.0008780340345542889
2026-06-04 20:06:00,2.176416666666667,-0.0382083333333334,2.238057525589478,-0.0008122026671970447
2026-06-04 20:08:00,2.1830416666666665,0.006624999999999659,2.2374912372965525,-0.0005662882929255605
2026-06-04 20:10:00,2.1797083333333336,-0.0033333333333329662,2.237717813867314,0.0002265765707614486
2026-06-04 20:12:00,2.1774166666666672,-0.0022916666666663588,2.237900805794397,0.0001829919270830713
2026-06-04 20:14:00,2.1687499999999997,-0.008666666666667489,2.237803225360586,-9.758043381108276e-05
2026-06-04 20:16:00,2.223391304347826,0.054641304347826214,2.2377771620105817,-2.6063350004450713e-05
2026-06-04 20:18:00,2.1774583333333335,-0.04593297101449245,2.2122258037185403,-0.011165500629285657
2026-06-04 20:20:00,2.1638333333333333,-0.01362500000000022,2.2103451258869855,-0.0018806778315548498
2026-06-04 20:22:00,2.1805416666666666,0.016708333333333325,2.2160162117096767,0.005671085822691207
2026-06-04 20:24:00,2.16975,-0.010791666666666533,2.2162423276724836,0.00022611596280680847
2026-06-04 20:26:00,2.168583333333333,-0.0011666666666672043,2.2125273991210377,-0.0037149285514455543
2026-06-04 20:28:00,2.194,0.025416666666667087,2.2122671867829773,-0.000260212338060472
2026-06-04 20:30:00,2.1986250000000003,0.004625000000000323,2.2135566219021467,0.0012894351191693472
2026-06-04 20:32:00,2.244291666666667,0.04566666666666652,2.2134760661182358,-8.055578391119098e-05
2026-06-04 20:34:00,2.2597083333333337,0.015416666666666856,2.212799550441896,-0.0006765156763397516
2026-06-04 20:36:00,2.2688333333333337,0.00912500000000005,2.2127063958775683,-9.31545643276943e-05
2026-06-04 20:38:00,2.2712916666666665,0.002458333333332785,2.212837340236769,0.000130944359200611
2026-06-04 20:40:00,2.282583333333334,0.011291666666667588,2.212715635879233,-0.00012170435753588915
2026-06-04 20:42:00,2.2929999999999997,0.01041666666666563,2.2124564547802734,-0.00025918109895946143
2026-06-04 20:44:00,2.2903749999999996,-0.0026250000000000995,2.212243328264476,-0.00021312651579731608
2026-06-04 20:46:00,2.2664999999999997,-0.02387499999999987,2.212067020478694,-0.00017630778578192217
2026-06-04 20:48:00,2.2410000000000005,-0.02549999999999919,2.2676978155958953,0.001197815595895638
2026-06-04 20:50:00,2.2615416666666666,0.020541666666666014,2.2679467145599292,0.0002488989640339846
2026-06-04 20:52:00,2.2576666666666663,-0.003875000000000295,2.2673730214237984,-0.0005736931361310519
2026-06-04 20:54:00,2.277782608695652,0.02011594202898559,2.2674180392005505,4.5017776752099665e-05
2026-06-04 20:56:00,2.2996250000000007,0.02184239130434884,2.267873542638777,0.00045550343822650674
2026-06-04 20:58:00,2.2376666666666667,-0.061958333333334004,2.2682394354918802,0.00036589285310347614
2026-06-04 21:00:00,2.2482083333333334,0.010541666666666671,2.268382607662009,0.00014317217012879262
2026-06-04 21:02:00,2.2423333333333333,-0.005875000000000075,2.2685315801886876,0.00014897252667820914
2026-06-04 21:04:00,2.2636250000000007,0.021291666666667375,2.268715444802507,0.00018386461381985722
2026-06-04 21:06:00,2.2620416666666663,-0.0015833333333343802,2.268886960148691,0.0001715153461837631
2026-06-04 21:08:00,2.25325,-0.008791666666666309,2.2690312988820196,0.00014433873332878288
2026-06-04 21:10:00,2.278583333333333,0.025333333333333208,2.2691664957467688,0.00013519686474911698
2026-06-04 21:12:00,2.258458333333333,-0.02012500000000017,2.2693058664692627,0.00013937072249387998
2026-06-04 21:14:00,2.270708333333333,0.012249999999999872,2.26945426282492,0.00014839635565723762
2026-06-04 21:16:00,2.2824166666666668,0.011708333333333876,2.2696226170251115,0.00016835420019151268
2026-06-04 21:18:00,2.296208333333333,0.013791666666666202,2.2751195135286393,-0.007297153138027694
2026-06-04 21:20:00,2.1870833333333333,-0.1091249999999997,2.274635841888379,-0.0004836716402601825
2026-06-04 21:22:00,2.19225,0.005166666666666764,2.2765054950410493,0.0018696531526705075
2026-06-04 21:24:00,2.186625,-0.005625000000000213,2.276640699272023,0.00013520423097349382
2026-06-04 21:26:00,2.2158749999999996,0.029249999999999776,2.2760360315783235,-0.0006046676936992783
2026-06-04 21:28:00,2.20175,-0.014124999999999499,2.2761085667069083,7.253512858448648e-05
2026-06-04 21:30:00,2.19625,-0.00550000000000006,2.276523662141073,0.0004150954341650765
2026-06-04 21:32:00,2.177416666666667,-0.018833333333333258,2.276729510506823,0.0002058483657497676
2026-06-04 21:34:00,2.198695652173913,0.021278985507246162,2.276767815009824,3.830450300120846e-05
2026-06-04 21:36:00,2.2022083333333335,0.0035126811594206053,2.2768191310480628,5.1316038238764966e-05
2026-06-04 21:38:00,2.2007499999999998,-0.0014583333333337833,2.2768640757205354,4.4944672472523185e-05
2026-06-04 21:40:00,2.2227083333333333,0.021958333333333524,2.2768271427823734,-3.693293816196557e-05
2026-06-04 21:42:00,2.1992499999999997,-0.02345833333333358,2.276707238167555,-0.00011990461481834749
2026-06-04 21:44:00,2.2359999999999998,0.03675000000000006,2.2765380530903627,-0.0001691850771923135
2026-06-04 21:46:00,2.2049583333333334,-0.031041666666666412,2.276351303324612,-0.00018674976575065643
2026-06-04 21:48:00,2.192958333333334,-0.011999999999999567,2.210065968476307,0.005107635142973453
2026-06-04 21:50:00,2.2380416666666663,0.045083333333332476,2.213888237271449,0.0038222687951423406
2026-06-04 21:52:00,2.224291666666667,-0.013749999999999485,2.213197911408711,-0.0006903258627382891
2026-06-04 21:54:00,2.2101250000000006,-0.014166666666666217,2.2126632031745066,-0.0005347082342044386
2026-06-04 21:56:00,2.1875416666666667,-0.022583333333333844,2.213218024887658,0.0005548217131516705
2026-06-04 21:58:00,2.19525,0.007708333333333428,2.213724002108309,0.0005059772206508819
2026-06-04 22:00:00,2.2282916666666663,0.03304166666666619,2.2136712121773563,-5.278993095257364e-05
2026-06-04 22:02:00,2.223708333333333,-0.004583333333333162,2.2135855234436623,-8.568873369401832e-05
2026-06-04 22:04:00,2.2345,0.010791666666666977,2.2136523878795984,6.686443593615113e-05
2026-06-04 22:06:00,2.21925,-0.015249999999999986,2.213745920474611,9.35325950123708e-05
2026-06-04 22:08:00,2.2300833333333334,0.01083333333333325,2.213794759539121,4.88390645099789e-05
2026-06-04 22:10:00,2.2372083333333332,0.007124999999999826,2.2138438200103385,4.906047121753613e-05
2026-06-04 22:12:00,2.236217391304348,-0.0009909420289853088,2.2139294883673046,8.566835696615342e-05
2026-06-04 22:14:00,2.2792083333333335,0.04299094202898557,2.214047982586438,0.00011849421913345709
2026-06-04 22:16:00,2.2668333333333335,-0.012375000000000025,2.21419721581985,0.00014923323341190132
2026-06-04 22:18:00,2.2691666666666674,0.0023333333333339645,2.2560221910876126,-0.010811142245721059
2026-06-04 22:20:00,2.279458333333333,0.010291666666665478,2.256701547669235,0.0006793565816223058
2026-06-04 22:22:00,2.2550416666666666,-0.02441666666666631,2.2584525095530803,0.0017509618838456775
2026-06-04 22:24:00,2.2356666666666674,-0.019374999999999254,2.257134001970078,-0.0013185075830024686
2026-06-04 22:26:00,2.2411250000000003,0.005458333333332899,2.256249868692062,-0.0008841332780162394
2026-06-04 22:28:00,2.2269583333333336,-0.01416666666666666,2.2566924532800146,0.0004425845879529218
2026-06-04 22:30:00,2.233916666666667,0.0069583333333334,2.257205856386755,0.0005134031067405113
2026-06-04 22:32:00,2.2447500000000002,0.01083333333333325,2.257246536057454,4.0679670698620904e-05
2026-06-04 22:34:00,2.2535833333333337,0.00883333333333347,2.2572171509676653,-2.9385089788638958e-05
2026-06-04 22:36:00,2.238166666666667,-0.015416666666666856,2.257308781370247,9.163040258178325e-05
2026-06-04 22:38:00,2.246875,0.008708333333333318,2.2573644959961303,5.571462588329695e-05
2026-06-04 22:40:00,2.2279166666666668,-0.01895833333333341,2.257292841157477,-7.165483865309729e-05
2026-06-04 22:42:00,2.2084166666666665,-0.019500000000000295,2.2571425744782583,-0.00015026667921862064
2026-06-04 22:44:00,2.2271666666666667,0.018750000000000266,2.2569534635095536,-0.00018911096870474523
2026-06-04 22:46:00,2.2285833333333334,0.0014166666666666217,2.2567355945633487,-0.00021786894620518858
2026-06-04 22:48:00,2.1984583333333334,-0.030124999999999957,2.241980505720754,0.013397172387420863
2026-06-04 22:50:00,2.2268695652173913,0.02841123188405792,2.2391444690784317,-0.002836036642322659
2026-06-04 22:52:00,2.2299166666666665,0.0030471014492752246,2.2380682543538706,-0.0010762147245607955
2026-06-04 22:54:00,2.2326666666666664,0.002749999999999808,2.2401872250046484,0.0021189706507776557
2026-06-04 22:56:00,2.2293333333333334,-0.0033333333333329662,2.2408398375889473,0.0006526125842990315
2026-06-04 22:58:00,2.2370000000000005,0.007666666666667155,2.239570207331274,-0.0012696302576733448
2026-06-04 23:00:00,2.249791666666667,0.012791666666666313,2.238971981549302,-0.0005982257819718565
2026-06-04 23:02:00,2.227875,-0.021916666666666806,2.2391392771127303,0.00016729556342816177
2026-06-04 23:04:00,2.216208333333333,-0.011666666666667158,2.2390860080327055,-5.3269080024783384e-05
2026-06-04 23:06:00,2.2191250000000005,0.0029166666666675667,2.238791017456868,-0.0002949905758377546
2026-06-04 23:08:00,2.221458333333334,0.0023333333333335204,2.2386432440264157,-0.0001477734304522933
2026-06-04 23:10:00,2.1969583333333333,-0.024500000000000632,2.238653871355898,1.0627329482114659e-05
2026-06-04 23:12:00,2.214416666666667,0.017458333333333798,2.238677095069689,2.3223713791335088e-05
2026-06-04 23:14:00,2.212416666666667,-0.002000000000000224,2.2387046701244406,2.7575054751717824e-05
2026-06-04 23:16:00,2.2202083333333333,0.007791666666666419,2.2387962509883494,9.158086390883543e-05
2026-06-04 23:18:00,2.2063333333333337,-0.013874999999999638,2.22134400583691,0.0011356725035764448
2026-06-04 23:20:00,2.2651250000000003,0.058791666666666575,2.220867634869166,-0.0004763709677437464
2026-06-04 23:22:00,2.2327083333333335,-0.03241666666666676,2.2225216074310534,0.0016539725618872562
2026-06-04 23:24:00,2.208666666666667,-0.02404166666666674,2.2236255172895416,0.001103909858488323
2026-06-04 23:26:00,2.2557500000000004,0.04708333333333359,2.2232497749886484,-0.0003757423008931473
2026-06-04 23:28:00,2.2271304347826084,-0.02861956521739195,2.222961191025533,-0.00028858396311576956
2026-06-04 23:30:00,2.238083333333333,0.010952898550724566,2.223181750775391,0.0002205597498583279
2026-06-04 23:32:00,2.247333333333333,0.009250000000000203,2.2233776685076796,0.0001959177322885895
2026-06-04 23:34:00,2.232791666666667,-0.01454166666666623,2.223361624312878,-1.604419480184833e-05
2026-06-04 23:36:00,2.207333333333333,-0.025458333333333805,2.22331078094356,-5.0843369317513286e-05
2026-06-04 23:38:00,2.1978333333333335,-0.00949999999999962,2.2232841007495954,-2.6680193965021774e-05
2026-06-04 23:40:00,2.202666666666667,0.004833333333333467,2.2232059521060923,-7.81486435028363e-05
2026-06-04 23:42:00,2.199791666666667,-0.002874999999999961,2.2230407290104486,-0.00016522309564370212
2026-06-04 23:44:00,2.1953750000000003,-0.004416666666666735,2.222811720260643,-0.00022900874980534897
2026-06-04 23:46:00,2.2034166666666666,0.00804166666666628,2.222552784553926,-0.00025893570671701104
2026-06-04 23:48:00,2.1915,-0.011916666666666575,2.223915211015581,0.02049854434891429
2026-06-04 23:50:00,2.2008750000000004,0.009375000000000355,2.218139569825827,-0.00577564118975407
2026-06-04 23:52:00,2.1992499999999997,-0.0016250000000006537,2.215412800465634,-0.002726769360192935
2026-06-04 23:54:00,2.1830833333333337,-0.016166666666665996,2.219331339498686,0.003918539033051996
2026-06-04 23:56:00,2.186916666666667,0.003833333333333133,2.220747031067382,0.001415691568695973
2026-06-04 23:58:00,2.2067916666666663,0.01987499999999942,2.217539789090706,-0.003207241976675947
2026-06-05 00:00:00,2.2282500000000005,0.021458333333334245,2.216478479747569,-0.0010613093431365913
2026-06-05 00:02:00,2.19625,-0.03200000000000047,2.2172627093554405,0.0007842296078713489
2026-06-05 00:04:00,2.2151666666666663,0.01891666666666625,2.2171119854184327,-0.00015072393700797562
2026-06-05 00:06:00,2.202913043478261,-0.012253623188405172,2.2162611779586308,-0.0008508074598017266
2026-06-05 00:08:00,2.212166666666666,0.009253623188405058,2.215965966215167,-0.0002952117434637388
2026-06-05 00:10:00,2.2239583333333335,0.011791666666667311,2.216054117616418,8.815140125081325e-05
2026-06-05 00:12:00,2.189,-0.034958333333333425,2.216023187515604,-3.093010081439426e-05
2026-06-05 00:14:00,2.1852499999999995,-0.003750000000000586,2.2159302899420483,-9.289757355547377e-05
2026-06-05 00:16:00,2.201708333333334,0.016458333333334352,2.215976687298902,4.6397356854160835e-05
2026-06-05 00:18:00,2.201208333333333,-0.0005000000000006111,2.2097219848153933,0.008013651482059615
2026-06-05 00:20:00,2.178083333333333,-0.023125000000000284,2.2063963430288247,-0.0033256417865688078
2026-06-05 00:22:00,2.209125,0.031041666666666856,2.2061635396860853,-0.00023280334273939436
2026-06-05 00:24:00,2.2207500000000002,0.01162500000000044,2.208393418101906,0.002229878415820815
2026-06-05 00:26:00,2.225333333333334,0.004583333333333606,2.208930819166164,0.0005374010642576898
2026-06-05 00:28:00,2.1830416666666665,-0.04229166666666728,2.208068765187898,-0.0008620539782660527
2026-06-05 00:30:00,2.183375,0.0003333333333332966,2.2079026511792663,-0.00016611400863126625
2026-06-05 00:32:00,2.1825416666666664,-0.0008333333333334636,2.2082592645154935,0.0003566133362270347
2026-06-05 00:34:00,2.1950833333333333,0.012541666666666895,2.2083563095015752,9.704498608182081e-05
2026-06-05 00:36:00,2.1856666666666666,-0.009416666666666629,2.2082129997003275,-0.00014330980124789618
2026-06-05 00:38:00,2.216208333333333,0.030541666666666245,2.2081157199316244,-9.727976870299416e-05
2026-06-05 00:40:00,2.240458333333333,0.024250000000000327,2.2080501476820373,-6.557224958707723e-05
2026-06-05 00:42:00,2.1941249999999997,-0.04633333333333356,2.2078976753735255,-0.00015247230851178222
2026-06-05 00:44:00,2.1912173913043476,-0.0029076086956520975,2.207651812100189,-0.0002458632733363809
2026-06-05 00:46:00,2.1901250000000005,-0.001092391304347018,2.207371354055401,-0.00028045804478799355
2026-06-05 00:48:00,2.200708333333333,0.0105833333333325,2.2092173926623895,0.01909239266238911
2026-06-05 00:50:00,2.1776250000000004,-0.02308333333333268,2.205814006953617,-0.0034033857087726366
2026-06-05 00:52:00,2.2063333333333337,0.028708333333333336,2.2031092954745533,-0.0027047114790638717
2026-06-05 00:54:00,2.19525,-0.011083333333333556,2.2048572994916795,0.0017480040171262625
2026-06-05 00:56:00,2.1860416666666667,-0.009208333333333485,2.2062739684791577,0.0014166689874781583
2026-06-05 00:58:00,2.1902500000000003,0.0042083333333335915,2.2050232728936736,-0.0012506955854840493
2026-06-05 01:00:00,2.2066666666666666,0.016416666666666302,2.2040228664161607,-0.0010004064775127322
2026-06-05 01:02:00,2.2185416666666664,0.011874999999999858,2.2040732584967486,5.0392080587891125e-05
2026-06-05 01:04:00,2.1740833333333334,-0.044458333333333044,2.2040848759044738,1.161740772492331e-05
2026-06-05 01:06:00,2.16575,-0.008333333333333304,2.2037380450172344,-0.0003468308872391462
2026-06-05 01:08:00,2.191125,0.025374999999999925,2.203476077326973,-0.0002619676902614125
2026-06-05 01:10:00,2.1809583333333333,-0.010166666666666657,2.2034279961296583,-4.8081197314753243e-05
2026-06-05 01:12:00,2.1564583333333336,-0.024499999999999744,2.2034324244362367,4.428306578334536e-06
2026-06-05 01:14:00,2.163625,0.0071666666666665435,2.203435522186441,3.0977502042280454e-06
2026-06-05 01:16:00,2.1647083333333335,0.001083333333333325,2.203500118100313,6.459591387227477e-05
2026-06-05 01:18:00,2.164708333333334,4.440892098500626e-16,2.1839634665892413,0.019255133255908007
2026-06-05 01:20:00,2.1534999999999997,-0.011208333333334153,2.1811478573819416,-0.002815609207299784
2026-06-05 01:22:00,2.1520416666666664,-0.0014583333333333393,2.1792347640597436,-0.0019130933221981022
2026-06-05 01:24:00,2.1858750000000002,0.033833333333333826,2.1821007013771165,0.002865937317372805
2026-06-05 01:26:00,2.1798260869565214,-0.006048913043478876,2.1839101752052197,0.0018094738281031596
2026-06-05 01:28:00,2.1744166666666667,-0.005409420289854694,2.1823033269310734,-0.001606848274146178
2026-06-05 01:30:00,2.16375,-0.010666666666666824,2.181490301188776,-0.0008130257422975354
2026-06-05 01:32:00,2.186,0.022250000000000103,2.1820239814734546,0.0005336802846789005
2026-06-05 01:34:00,2.1887083333333335,0.0027083333333335347,2.182224217500392,0.0002002360269373025
2026-06-05 01:36:00,2.188083333333333,-0.0006250000000003197,2.1818451884683454,-0.0003790290320464678
2026-06-05 01:38:00,2.1515416666666662,-0.03654166666666692,2.181593004449676,-0.00025218401866931297
2026-06-05 01:40:00,2.176041666666667,0.024500000000000632,2.1815296840072533,-6.332044242309128e-05
2026-06-05 01:42:00,2.151583333333333,-0.024458333333333915,2.1813702984724626,-0.00015938553479042457
2026-06-05 01:44:00,2.1327083333333334,-0.01887499999999953,2.1810702183964477,-0.00030008007601514306
2026-06-05 01:46:00,2.2178749999999994,0.08516666666666595,2.180744699616665,-0.00032551877978280344
2026-06-05 01:48:00,2.452375,0.2345000000000006,2.2171360397221243,-0.0007389602778749776
2026-06-05 01:50:00,2.419625,-0.03275000000000006,2.2132121463232206,-0.0039238933989036665
2026-06-05 01:52:00,2.3794166666666663,-0.040208333333333623,2.2147160230939638,0.001503876770743123
2026-06-05 01:54:00,2.38725,0.00783333333333358,2.2163437611102275,0.0016277380162636839
2026-06-05 01:56:00,2.3997083333333333,0.01245833333333346,2.2149911060117633,-0.0013526550984641703
2026-06-05 01:58:00,2.347333333333333,-0.052375000000000504,2.213836972971948,-0.001154133039815516
2026-06-05 02:00:00,2.2994583333333334,-0.047874999999999446,2.2137861213274044,-5.085164454341726e-05
2026-06-05 02:02:00,2.293041666666667,-0.006416666666666515,2.2138080888230856,2.1967495681051612e-05
2026-06-05 02:04:00,2.286391304347826,-0.006650362318840752,2.2134803517931663,-0.00032773702991927
2026-06-05 02:06:00,2.258083333333333,-0.028307971014493116,2.2131838556854464,-0.00029649610771961723
2026-06-05 02:08:00,2.2552083333333335,-0.002874999999999517,2.2130823708395138,-0.00010148484593277003
2026-06-05 02:10:00,2.2144999999999997,-0.04070833333333379,2.213047625958111,-3.4744881402927984e-05
2026-06-05 02:12:00,2.2140416666666667,-0.0004583333333330053,2.213012719224815,-3.490673329600601e-05
2026-06-05 02:14:00,2.1840833333333336,-0.029958333333333087,2.21302489676962,1.2177544805410551e-05
2026-06-05 02:16:00,2.198916666666667,0.014833333333333254,2.213116468034839,9.157126521908786e-05
2026-06-05 02:18:00,2.198208333333333,-0.0007083333333337549,2.2298650533375906,0.030948386670923776
2026-06-05 02:20:00,2.1946666666666665,-0.003541666666666554,2.230172249932517,0.0003071965949264675
2026-06-05 02:22:00,2.187208333333333,-0.007458333333333567,2.21844007769646,-0.011732172236057114
2026-06-05 02:24:00,2.197833333333333,0.010625000000000107,2.2236654360230634,0.0052253583266035075
2026-06-05 02:26:00,2.1814999999999998,-0.01633333333333331,2.2322721239388694,0.0086066879158061
2026-06-05 02:28:00,2.1670000000000003,-0.014499999999999513,2.224801046966184,-0.007471076972685457
2026-06-05 02:30:00,2.135125,-0.03187500000000032,2.2204060082722226,-0.00439503869396139
2026-06-05 02:32:00,2.1617083333333333,0.026583333333333403,2.223780214466981,0.0033742061947584765
2026-06-05 02:34:00,2.1751666666666662,0.013458333333332906,2.225208309772528,0.0014280953055469232
2026-06-05 02:36:00,2.1780416666666667,0.002875000000000405,2.22206046787051,-0.003147841902018273
2026-06-05 02:38:00,2.1705000000000005,-0.007541666666666114,2.2209995736661203,-0.0010608942043894866
2026-06-05 02:40:00,2.1482499999999995,-0.02225000000000099,2.221803574362286,0.000804000696165813
2026-06-05 02:42:00,2.1359565217391308,-0.012293478260868795,2.221677487231695,-0.00012608713059107407
2026-06-05 02:44:00,2.134708333333333,-0.0012481884057975456,2.2207490424398535,-0.0009284447918415257
2026-06-05 02:46:00,2.163583333333333,0.028874999999999762,2.22023525936528,-0.0005137830745733801
2026-06-05 02:48:00,2.175625,0.012041666666667172,2.1699319353613893,0.006348602028056233
2026-06-05 02:50:00,2.1626666666666665,-0.012958333333333627,2.1631331833536525,-0.006798752007736644
2026-06-05 02:52:00,2.1560833333333336,-0.006583333333332941,2.1635837129924416,0.00045052963878921626
2026-06-05 02:54:00,2.134333333333333,-0.02175000000000038,2.1668976201031267,0.0033139071106850775
2026-06-05 02:56:00,2.120666666666667,-0.01366666666666605,2.165540031509496,-0.0013575885936307778
2026-06-05 02:58:00,2.1290416666666667,0.008374999999999577,2.1632281612560833,-0.002311870253412897
2026-06-05 03:00:00,2.1278333333333337,-0.0012083333333330337,2.1630793171160145,-0.00014884414006873298
2026-06-05 03:02:00,2.145333333333333,0.017499999999999183,2.1633929322349665,0.00031361511895213075
2026-06-05 03:04:00,2.146875,0.0015416666666672185,2.162881440680602,-0.0005114915543647965
2026-06-05 03:06:00,2.1454583333333335,-0.0014166666666666217,2.1622983337399417,-0.0005831069406599149
2026-06-05 03:08:00,2.1481666666666666,0.0027083333333330906,2.16213133908027,-0.00016699465967155827
2026-06-05 03:10:00,2.141666666666667,-0.006499999999999506,2.1620915787107795,-3.976036949069326e-05
2026-06-05 03:12:00,2.14675,0.0050833333333328845,2.1619779290704937,-0.00011364964028608273
2026-06-05 03:14:00,2.14425,-0.0024999999999999467,2.161897077953474,-8.085111701936789e-05
2026-06-05 03:16:00,2.1428333333333334,-0.0014166666666666217,2.1619334690230048,3.639106953055066e-05
2026-06-05 03:18:00,2.1473333333333335,0.0045000000000001705,2.1470314142751423,0.004198080941808812
2026-06-05 03:20:00,2.1405217391304348,-0.006811594202898785,2.1471605984033313,0.00012918412818895317
2026-06-05 03:22:00,2.1436250000000006,0.003103260869565805,2.1474294381712618,0.0002688397679304118
2026-06-05 03:24:00,2.141083333333334,-0.0025416666666666643,2.1481467722666827,0.000717334095421353
2026-06-05 03:26:00,2.136833333333333,-0.004250000000000753,2.148545356675831,0.0003985844091481376
2026-06-05 03:28:00,2.1367083333333334,-0.00012499999999970868,2.1485627722807825,1.7415604951510173e-05
2026-06-05 03:30:00,2.1322916666666667,-0.004416666666666735,2.1485677621799684,4.989899185890408e-06
2026-06-05 03:32:00,2.1337083333333333,0.0014166666666666217,2.1486507458153303,8.298363536189732e-05
2026-06-05 03:34:00,2.1270833333333337,-0.006624999999999659,2.1487010324431863,5.028662785584781e-05
2026-06-05 03:36:00,2.129208333333334,0.0021250000000003766,2.1486706008896963,-3.0431553489819848e-05
2026-06-05 03:38:00,2.1283333333333334,-0.0008750000000006253,2.148587123553465,-8.347733623148069e-05
2026-06-05 03:40:00,2.128083333333333,-0.00025000000000030553,2.148460457336777,-0.0001266662166881401
2026-06-05 03:42:00,2.128041666666667,-4.16666666662735e-05,2.1482693353527997,-0.00019112198397706664
2026-06-05 03:44:00,2.1295416666666664,0.0014999999999996128,2.1480001586907704,-0.0002691766620291072
2026-06-05 03:46:00,2.124916666666667,-0.004624999999999435,2.1476737878458323,-0.0003263708449381483
2026-06-05 03:48:00,2.130125,0.005208333333333037,2.1287575451728302,0.003840878506163095
2026-06-05 03:50:00,2.1267916666666666,-0.0033333333333334103,2.1285475150112934,-0.0002100301615369028
2026-06-05 03:52:00,2.126041666666667,-0.0007499999999995843,2.12846286157706,-8.465343423284255e-05
2026-06-05 03:54:00,2.1279583333333334,0.0019166666666663446,2.128713328861743,0.0002504672846827536
2026-06-05 03:56:00,2.2913333333333337,0.16337500000000027,2.128617677411217,-9.565145052578978e-05
2026-06-05 03:58:00,2.2840434782608696,-0.0072898550724640465,2.128232383790992,-0.00038529362022511604
2026-06-05 04:00:00,2.1778333333333335,-0.10621014492753611,2.1278486560846686,-0.0003837277063237465
2026-06-05 04:02:00,2.1419166666666665,-0.03591666666666704,2.1275868547617236,-0.0002618013229449482
2026-06-05 04:04:00,2.1463749999999995,0.004458333333333009,2.1273374402978544,-0.0002494144638692604
2026-06-05 04:06:00,2.147208333333334,0.0008333333333343518,2.1270790079589528,-0.0002584323389013684
2026-06-05 04:08:00,2.1435416666666667,-0.003666666666667151,2.126852424358644,-0.0002265836003085063
2026-06-05 04:10:00,2.1609166666666666,0.01737499999999992,2.126672802659797,-0.00017962169884723074
2026-06-05 04:12:00,2.1598333333333337,-0.001083333333332881,2.1265342646722587,-0.00013853798753835756
2026-06-05 04:14:00,2.1530416666666663,-0.0067916666666674175,2.1264406192552294,-9.36454170294276e-05
2026-06-05 04:16:00,2.150291666666667,-0.002749999999999364,2.1264038447102567,-3.677454497263157e-05
2026-06-05 04:18:00,2.1494999999999997,-0.0007916666666671901,2.1682535742467888,0.01796190758012182
2026-06-05 04:20:00,2.1537916666666668,0.004291666666667027,2.165948213592508,-0.002305360654280866
2026-06-05 04:22:00,2.153541666666667,-0.00024999999999986144,2.1641649767987956,-0.001783236793712091
2026-06-05 04:24:00,2.151333333333334,-0.0022083333333329236,2.166656422115088,0.0024914453162920543
2026-06-05 04:26:00,2.154833333333334,0.0034999999999998366,2.168158372857257,0.0015019507421692242
2026-06-05 04:28:00,2.153333333333333,-0.001500000000000945,2.166633818088066,-0.0015245547691910722
2026-06-05 04:30:00,2.1605,0.007166666666666988,2.165753008261297,-0.0008808098267688092
2026-06-05 04:32:00,2.1510416666666674,-0.009458333333332458,2.166055650727488,0.00030264246619093947
2026-06-05 04:34:00,2.1475416666666667,-0.0035000000000007248,2.166093571471695,3.7920744206840714e-05
2026-06-05 04:36:00,2.1534999999999997,0.005958333333333066,2.165630446633487,-0.00046312483820812745
2026-06-05 04:38:00,2.154782608695652,0.001282608695652332,2.165265911632715,-0.0003645350007718697
2026-06-05 04:40:00,2.152166666666666,-0.0026159420289859625,2.165065704519288,-0.00020020711342704203
2026-06-05 04:42:00,2.153375,0.001208333333333922,2.164782560806751,-0.00028314371253676074
2026-06-05 04:44:00,2.1540416666666666,0.0006666666666665932,2.164366374731167,-0.00041618607558375283
2026-06-05 04:46:00,2.1475833333333334,-0.006458333333333233,2.1639153829610063,-0.0004509917701610537
2026-06-05 04:48:00,2.149458333333333,0.001874999999999627,2.1520318515380072,0.004448518204673831
2026-06-05 04:50:00,2.144125,-0.00533333333333319,2.151623178147027,-0.00040867339098013165
2026-06-05 04:52:00,2.150125,0.006000000000000227,2.1512453815828927,-0.0003777965641344696
2026-06-05 04:54:00,2.1495416666666665,-0.0005833333333336022,2.1514190937434887,0.0001737121605960392
2026-06-05 04:56:00,2.151166666666667,0.0016250000000006537,2.15135336360123,-6.573014225870928e-05
2026-06-05 04:58:00,2.146916666666667,-0.004250000000000309,2.1509352618469566,-0.00041810175427315016
2026-06-05 05:00:00,2.1433750000000003,-0.003541666666666554,2.1504566703977233,-0.0004785914492334378
2026-06-05 05:02:00,2.144625,0.0012499999999997513,2.1501125105680527,-0.0003441598296706108
2026-06-05 05:04:00,2.1480833333333336,0.003458333333333563,2.1497907458416754,-0.00032176472637743844
2026-06-05 05:06:00,2.1458749999999998,-0.0022083333333338118,2.1494461538386505,-0.0003445920030248654
2026-06-05 05:08:00,2.1460416666666666,0.00016666666666687036,2.1491171059200527,-0.00032904791859776855
2026-06-05 05:10:00,2.146875,0.0008333333333334636,2.1488269572113943,-0.00029014870865842854
2026-06-05 05:12:00,2.1447083333333334,-0.00216666666666665,2.148572826296955,-0.0002541309144392885
2026-06-05 05:14:00,2.1485416666666666,0.003833333333333133,2.148358204759571,-0.0002146215373839448
2026-06-05 05:16:00,2.145166666666667,-0.003374999999999684,2.148196684941527,-0.00016151981804387455
2026-06-05 05:18:00,2.1483913043478267,0.00322463768115977,2.1467367082791804,0.0015700416125135643
2026-06-05 05:20:00,2.1484166666666664,2.5362318839761144e-05,2.1467321261963432,-4.582082837218148e-06
2026-06-05 05:22:00,2.148083333333333,-0.0003333333333332966,2.1470790029791806,0.00034687678283728055
2026-06-05 05:24:00,2.1514166666666665,0.0033333333333334103,2.1474386423681517,0.0003596393889714136
2026-06-05 05:26:00,2.1489583333333333,-0.002458333333333229,2.1474058199301997,-3.282243795213211e-05
2026-06-05 05:28:00,2.1463750000000004,-0.002583333333332938,2.1471848030647362,-0.00022101686546343054
2026-06-05 05:30:00,2.147958333333334,0.001583333333333492,2.1470067552558776,-0.00017804780885863664
2026-06-05 05:32:00,2.14575,-0.0022083333333338118,2.146846730527696,-0.00016002472818143335
2026-06-05 05:34:00,2.1465416666666672,0.0007916666666671901,2.1466287399974537,-0.00021799053024258445
2026-06-05 05:36:00,2.1455,-0.0010416666666670515,2.1463514506619403,-0.0002772893355134687
2026-06-05 05:38:00,2.1472083333333334,0.0017083333333332007,2.1460360430020144,-0.00031540765992588886
2026-06-05 05:40:00,2.1465416666666672,-0.0006666666666661492,2.14567667630758,-0.00035936669443418774
2026-06-05 05:42:00,2.145625,-0.0009166666666673429,2.1452533690616518,-0.0004233072459284069
2026-06-05 05:44:00,2.147,0.001374999999999904,2.1447565802182416,-0.0004967888434104031
2026-06-05 05:46:00,2.14725,0.00025000000000030553,2.1442063339261175,-0.0005502462921239937
2026-06-05 05:48:00,2.141625,-0.005625000000000213,2.1477056703066166,0.0004556703066166942
2026-06-05 05:50:00,2.1422916666666674,0.0006666666666674814,2.1470954410735326,-0.0006102292330841407
2026-06-05 05:52:00,2.1503333333333337,0.00804166666666628,2.1469974640904335,-9.797698309925592e-05
2026-06-05 05:54:00,2.1574999999999998,0.007166666666666099,2.146892573756582,-0.00010489033385151976
2026-06-05 05:56:00,2.1573043478260874,-0.0001956521739123751,2.14644806477201,-0.000444508984571911
2026-06-05 05:58:00,2.154125,-0.0031793478260873087,2.1459236027716835,-0.0005244620003263458
2026-06-05 06:00:00,2.14875,-0.005374999999999908,2.1454309086835814,-0.0004926940881021764
2026-06-05 06:02:00,2.141916666666667,-0.006833333333333247,2.1449945742413834,-0.00043633444219819974
2026-06-05 06:04:00,2.148,0.0060833333333332185,2.1445382751901962,-0.0004562990511871451
2026-06-05 06:06:00,2.145541666666667,-0.002458333333333229,2.14407310788352,-0.00046516730667627124
2026-06-05 06:08:00,2.1504583333333334,0.004916666666666458,2.143625612183863,-0.00044749569965700075
2026-06-05 06:10:00,2.152166666666667,0.0017083333333336448,2.143195823183461,-0.0004297890004018931
2026-06-05 06:12:00,2.1527083333333334,0.0005416666666664405,2.1427846027816364,-0.00041122040182440145
2026-06-05 06:14:00,2.148083333333334,-0.004624999999999435,2.142407985111242,-0.0003766176703946776
2026-06-05 06:16:00,2.153166666666667,0.0050833333333328845,2.142082207971849,-0.00032577713939307984
2026-06-05 06:18:00,2.1447083333333334,-0.008458333333333456,2.152988593418027,-0.00017807324864015586
2026-06-05 06:20:00,2.146708333333333,0.0019999999999997797,2.1525436438709855,-0.0004449495470411427
2026-06-05 06:22:00,2.149791666666667,0.003083333333333993,2.152951527587758,0.0004078837167728114
2026-06-05 06:24:00,2.1532083333333336,0.0034166666666664014,2.153162303190032,0.00021077560227369648
2026-06-05 06:26:00,2.152541666666667,-0.0006666666666665932,2.1528223345638544,-0.0003399686261776428
2026-06-05 06:28:00,2.1523333333333334,-0.00020833333333358794,2.152390298491581,-0.00043203607227364194
2026-06-05 06:30:00,2.151958333333334,-0.0003749999999995701,2.152080318600935,-0.000309979890645805
2026-06-05 06:32:00,2.1517916666666665,-0.00016666666666731444,2.1517681420486263,-0.0003121765523085814
2026-06-05 06:34:00,2.149869565217391,-0.001922101449275626,2.151370951910045,-0.00039719013858159364
2026-06-05 06:36:00,2.1497500000000005,-0.00011956521739042714,2.1509229048839384,-0.00044804702610649373
2026-06-05 06:38:00,2.1516666666666664,0.0019166666666659005,2.1504504705046408,-0.00047243437929743155
2026-06-05 06:40:00,2.1507500000000004,-0.0009166666666660106,2.1499355016678248,-0.0005149688368160767
2026-06-05 06:42:00,2.152125,0.00137499999999946,2.149355282167255,-0.000580219500570179
2026-06-05 06:44:00,2.1529999999999996,0.0008749999999997371,2.148703973522086,-0.0006513086451688342
2026-06-05 06:46:00,2.153125,0.00012500000000059686,2.148003003830921,-0.0007009696911647819
2026-06-05 06:48:00,2.1546250000000007,0.001500000000000501,2.1526433095951885,-0.0004816904048115753
2026-06-05 06:50:00,2.1534166666666668,-0.001208333333333922,2.1518627401708814,-0.0007805694243072736
2026-06-05 06:52:00,2.155208333333333,0.0017916666666661918,2.1517010888306394,-0.00016165134024174067
2026-06-05 06:54:00,2.151958333333334,-0.003249999999999087,2.1514238809993227,-0.000277207831316953
2026-06-05 06:56:00,2.154583333333333,0.0026249999999992113,2.150815236728631,-0.0006086442706914163
2026-06-05 06:58:00,2.1566666666666667,0.002083333333333659,2.1501952450266186,-0.0006199917020125813
2026-06-05 07:00:00,2.1551666666666667,-0.0015000000000000568,2.149661281465895,-0.0005339635607233832
2026-06-05 07:02:00,2.1525833333333337,-0.002583333333332938,2.149159510964297,-0.0005017705015982045
2026-06-05 07:04:00,2.1542083333333326,0.0016249999999988773,2.1486234737907015,-0.0005360371735957572
2026-06-05 07:06:00,2.1532083333333336,-0.0009999999999990017,2.1480743089336354,-0.0005491648570658475
2026-06-05 07:08:00,2.1534999999999997,0.00029166666666613494,2.147533462940446,-0.0005408459931895305
2026-06-05 07:10:00,2.1554583333333333,0.0019583333333335062,2.1469955266152723,-0.0005379363251737149
2026-06-05 07:12:00,2.1549166666666664,-0.0005416666666668846,2.1464626711841412,-0.0005328554311307653
2026-06-05 07:14:00,2.157782608695652,0.002865942028985824,2.145956698256668,-0.0005059729274732037
2026-06-05 07:16:00,2.1624583333333334,0.004675724637681178,2.1454968947799964,-0.00045980347667198406
2026-06-05 07:18:00,2.160583333333333,-0.0018750000000005151,2.1608382091297447,-0.001620124203588878
2026-06-05 07:20:00,2.1572499999999994,-0.0033333333333334103,2.1603995899365267,-0.00043861919321791076
2026-06-05 07:22:00,2.158041666666666,0.000791666666666746,2.1607291385566776,0.0003295486201510136
2026-06-05 07:24:00,2.1586666666666665,0.0006250000000003197,2.160564165940728,-0.0001649726159493275
2026-06-05 07:26:00,2.1610416666666667,0.002375000000000238,2.1599578144179152,-0.0006063515228131256
2026-06-05 07:28:00,2.1592916666666664,-0.0017500000000003624,2.159428466839038,-0.0005293475788769908
2026-06-05 07:30:00,2.1602916666666663,0.0009999999999998899,2.1590178717367743,-0.0004105951022639388
2026-06-05 07:32:00,2.1611249999999997,0.0008333333333334636,2.1585496865285454,-0.00046818520822877166
2026-06-05 07:34:00,2.1599999999999997,-0.0011250000000000426,2.157994490055644,-0.0005551964729015597
2026-06-05 07:36:00,2.1638749999999995,0.003874999999999851,2.157409568648213,-0.0005849214074309027
2026-06-05 07:38:00,2.1610833333333335,-0.0027916666666660817,2.156803242581176,-0.0006063260670367075
2026-06-05 07:40:00,2.1610416666666663,-4.166666666716168e-05,2.156148251305009,-0.0006549912761671864
2026-06-05 07:42:00,2.1630833333333332,0.0020416666666669414,2.1554287716860197,-0.0007194796189893686
2026-06-05 07:44:00,2.1618333333333326,-0.0012500000000006395,2.154642990204286,-0.0007857814817337995
2026-06-05 07:46:00,2.1622916666666665,0.0004583333333338935,2.153810986843512,-0.0008320033607740547
2026-06-05 07:48:00,2.162166666666667,-0.00012499999999970868,2.163011107143125,0.00071944047645854
2026-06-05 07:50:00,2.16225,8.333333333299109e-05,2.162106622019557,-0.0009044851235680148
2026-06-05 07:52:00,2.1663043478260873,0.00405434782608749,2.1616964398638845,-0.00041018215567267867
2026-06-05 07:54:00,2.164416666666666,-0.001887681159421284,2.1614375400612675,-0.0002588998026168969
2026-06-05 07:56:00,2.1610833333333335,-0.003333333333332522,2.1608734104055345,-0.0005641296557330643
2026-06-05 07:58:00,2.1621666666666663,0.001083333333332881,2.1601808764406396,-0.0006925339648948063
2026-06-05 08:00:00,2.15975,-0.0024166666666665115,2.159607422701062,-0.0005734537395777253
2026-06-05 08:02:00,2.161208333333333,0.0014583333333333393,2.1590896268934423,-0.0005177958076195113
2026-06-05 08:04:00,2.1607500000000006,-0.0004583333333325612,2.1585415586665135,-0.0005480682269288053
2026-06-05 08:06:00,2.1615833333333336,0.0008333333333330195,2.1579613101192088,-0.0005802485473048995
2026-06-05 08:08:00,2.160541666666667,-0.0010416666666666075,2.157376552404791,-0.0005847577144175043
2026-06-05 08:10:00,2.1590416666666665,-0.001500000000000501,2.1567905777516443,-0.0005859746531469809
2026-06-05 08:12:00,2.1584999999999996,-0.0005416666666668846,2.1562024315618444,-0.0005881461897999117
2026-06-05 08:14:00,2.1686666666666667,0.010166666666667101,2.1556319292022974,-0.0005705023595468785
2026-06-05 08:16:00,2.1621249999999996,-0.006541666666667112,2.1551017765423124,-0.0005301526599851664
2026-06-05 08:18:00,2.156791666666666,-0.005333333333333634,2.163287990601967,0.0011629906019676125
2026-06-05 08:20:00,2.158333333333333,0.0015416666666672185,2.1631288348848954,-0.00015915571707197346
2026-06-05 08:22:00,2.1628333333333334,0.0045000000000001705,2.1630935208074433,-3.531407745204766e-05
2026-06-05 08:24:00,2.1609583333333333,-0.001875000000000071,2.1630090734006435,-8.444740679958423e-05
2026-06-05 08:26:00,2.162,0.0010416666666666075,2.1626147566638987,-0.0003943167367450129
2026-06-05 08:28:00,2.1632916666666664,0.001291666666666469,2.162065924542508,-0.0005488321213905848
2026-06-05 08:30:00,2.162625,-0.0006666666666665932,2.161533985847913,-0.0005319386945948811
2026-06-05 08:32:00,2.1625416666666664,-8.333333333343518e-05,2.1610026609428283,-0.0005313249050847572
2026-06-05 08:34:00,2.1637391304347826,0.001197463768116247,2.160418344031546,-0.0005843169112826966
2026-06-05 08:36:00,2.1628749999999997,-0.0008641304347829504,2.1597817710455427,-0.0006365729860031171
2026-06-05 08:38:00,2.1586666666666665,-0.004208333333333147,2.159109331295011,-0.0006724397505315305
2026-06-05 08:40:00,2.1623750000000004,0.0037083333333338686,2.15839633818765,-0.0007129931073608762
2026-06-05 08:42:00,2.1603333333333334,-0.0020416666666669414,2.157625492032487,-0.000770846155163137
2026-06-05 08:44:00,2.16,-0.0003333333333332966,2.1567867174410487,-0.0008387745914384553
2026-06-05 08:46:00,2.1613333333333338,0.0013333333333336306,2.1559014116721804,-0.0008853057688682076
2026-06-05 08:48:00,2.1606666666666667,-0.0006666666666670373,2.1618745679818328,0.0005412346484991483
2026-06-05 08:50:00,2.1584583333333334,-0.0022083333333333677,2.160944841460337,-0.000929726521495567
2026-06-05 08:52:00,2.158583333333333,0.00012499999999970868,2.1607274036149695,-0.00021743784536799684
2026-06-05 08:54:00,2.1538749999999998,-0.004708333333333314,2.160545693041975,-0.00018171057299469178
2026-06-05 08:56:00,2.1587500000000004,0.004875000000000629,2.159918966717474,-0.0006267263245008227
2026-06-05 08:58:00,2.1621666666666672,0.0034166666666668455,2.159178875151965,-0.0007400915655088423
2026-06-05 09:00:00,2.1566250000000005,-0.005541666666666778,2.15864936956187,-0.0005295055900948948
2026-06-05 09:02:00,2.1627916666666667,0.0061666666666662096,2.1581677362074014,-0.00048163335446884835
2026-06-05 09:04:00,2.1569583333333333,-0.005833333333333357,2.1576373097706383,-0.000530426436763195
2026-06-05 09:06:00,2.1567083333333334,-0.00024999999999986144,2.15707392643762,-0.000563383333018132
2026-06-05 09:08:00,2.157458333333333,0.0007499999999995843,2.1565110541380927,-0.0005628722995273932
2026-06-05 09:10:00,2.1504999999999996,-0.0069583333333334,2.1559443732104917,-0.0005666809276007287
2026-06-05 09:12:00,2.1579583333333336,0.007458333333334011,2.155367974424149,-0.0005763987863429118
2026-06-05 09:14:00,2.153130434782608,-0.004827898550725518,2.154802299952956,-0.0005656744711928731
2026-06-05 09:16:00,2.1575833333333327,0.0044528985507246155,2.1542728756542555,-0.0005294242987003888
2026-06-05 09:18:00,2.154375,-0.0032083333333328135,2.158690884485496,0.0011075511521630558
2026-06-05 09:20:00,2.156916666666666,0.00254166666666622,2.1580159916782855,-0.0006748928072104282
2026-06-05 09:22:00,2.143166666666667,-0.01374999999999904,2.158371627001707,0.0003556353234213061
2026-06-05 09:24:00,2.1475000000000004,0.0043333333333333,2.1586685511989665,0.0002969241972598986
2026-06-05 09:26:00,2.1496666666666666,0.002166666666666206,2.1581712543909415,-0.0004972968080251215
2026-06-05 09:28:00,2.144833333333333,-0.004833333333333467,2.157459646586285,-0.0007116078046563723
2026-06-05 09:30:00,2.1414583333333335,-0.003374999999999684,2.156937482433171,-0.0005221641531142552
2026-06-05 09:32:00,2.1423333333333328,0.000874999999999293,2.156450105025968,-0.0004873774072030198
2026-06-05 09:34:00,2.1435833333333334,0.0012500000000006395,2.155849362261702,-0.0006007427642657356
2026-06-05 09:36:00,2.1449583333333337,0.0013750000000003482,2.155184532259991,-0.0006648300017112663
2026-06-05 09:38:00,2.143291666666667,-0.0016666666666669272,2.154509901523203,-0.0006746307367876252
2026-06-05 09:40:00,2.1437500000000003,0.0004583333333334494,2.153802942625253,-0.0007069588979499965
2026-06-05 09:42:00,2.1410000000000005,-0.002749999999999808,2.1530312411227994,-0.0007717015024536986
2026-06-05 09:44:00,2.1421666666666663,0.001166666666665872,2.1521918515480416,-0.0008393895747578501
2026-06-05 09:46:00,2.1422083333333335,4.166666666716168e-05,2.1513134359063852,-0.0008784156416562711
2026-06-05 09:48:00,2.1428333333333334,0.0006249999999998757,2.143061047705324,0.0008527143719904883
2026-06-05 09:50:00,2.1458333333333335,0.0030000000000001137,2.1422426044427474,-0.0008184432625765548
2026-06-05 09:52:00,2.1448260869565217,-0.0010072463768118212,2.142121682946615,-0.00012092149613216811
2026-06-05 09:54:00,2.1441666666666666,-0.000659420289855106,2.1420077406254316,-0.00011394232118382543
2026-06-05 09:56:00,2.1445833333333333,0.0004166666666667318,2.141423435959597,-0.0005843046658344025
2026-06-05 09:58:00,2.1441666666666666,-0.0004166666666667318,2.1407202478189706,-0.0007031881406263052
2026-06-05 10:00:00,2.145916666666667,0.0017500000000003624,2.1402413096041992,-0.00047893821477170404
2026-06-05 10:02:00,2.1438333333333337,-0.002083333333333215,2.139808205623997,-0.000433103980202125
2026-06-05 10:04:00,2.14625,0.0024166666666665115,2.1393255141904373,-0.0004826914335594267
2026-06-05 10:06:00,2.1439166666666676,-0.0023333333333326323,2.1388105695307016,-0.0005149446597357491
2026-06-05 10:08:00,2.1424583333333334,-0.0014583333333342274,2.138296829496988,-0.0005137400337137179
2026-06-05 10:10:00,2.1421666666666668,-0.00029166666666657903,2.13777831657416,-0.0005185129228278101
2026-06-05 10:12:00,2.1415,-0.0006666666666665932,2.1372467743454115,-0.0005315422287485898
2026-06-05 10:14:00,2.143708333333333,0.0022083333333329236,2.1367189315861395,-0.000527842759272329
2026-06-05 10:16:00,2.1437500000000003,4.166666666716168e-05,2.136220309627324,-0.0004986219588151212
2026-06-05 10:18:00,2.141083333333334,-0.002666666666666373,2.1441664107917107,0.0004164107917102927
2026-06-05 10:20:00,2.142875,0.0017916666666661918,2.1438102361359554,-0.00035617465575497897
2026-06-05 10:22:00,2.147791666666666,0.004916666666666014,2.1441261730940244,0.00031593695806868033
2026-06-05 10:24:00,2.1430000000000002,-0.004791666666665861,2.1442576478698125,0.00013147477578839503
2026-06-05 10:26:00,2.1473333333333335,0.0043333333333333,2.143825938764044,-0.00043170910576882367
2026-06-05 10:28:00,2.1433333333333335,-0.0040000000000000036,2.143260496796835,-0.0005654419672089563
2026-06-05 10:30:00,2.149333333333333,0.005999999999999339,2.142800323001868,-0.00046017379496665677
2026-06-05 10:32:00,2.145347826086957,-0.003985507246375697,2.142332034763197,-0.00046828823867143773
2026-06-05 10:34:00,2.14775,0.002402173913042649,2.1417699188708528,-0.0005621158923439824
2026-06-05 10:36:00,2.141416666666667,-0.006333333333332636,2.141151690431292,-0.0006182284395609685
2026-06-05 10:38:00,2.1405833333333333,-0.0008333333333339077,2.1405089836303546,-0.0006427068009374331
2026-06-05 10:40:00,2.14,-0.0005833333333331581,2.1398248420790833,-0.0006841415512709321
2026-06-05 10:42:00,2.14525,0.005249999999999755,2.1390788534406626,-0.000745988638420718
2026-06-05 10:44:00,2.146791666666666,0.0015416666666663303,2.1382703800125547,-0.0008084734281079346
2026-06-05 10:46:00,2.141166666666667,-0.005624999999999325,2.137426782969297,-0.0008435970432576703
2026-06-05 10:48:00,2.143125,0.001958333333333062,2.143710061070961,0.0025433944042941663
2026-06-05 10:50:00,2.1487083333333334,0.005583333333333496,2.1430708957445437,-0.0006391653264175893
2026-06-05 10:52:00,2.143375,-0.005333333333333634,2.1427233052394374,-0.00034759050510617753
2026-06-05 10:54:00,2.1448333333333336,0.0014583333333337833,2.142683746757292,-3.9558482145322774e-05
2026-06-05 10:56:00,2.1449166666666666,8.333333333299109e-05,2.142307836751785,-0.0003759100055068723
2026-06-05 10:58:00,2.1472916666666664,0.002374999999999794,2.141682854820962,-0.0006249819308229958
2026-06-05 11:00:00,2.1485833333333333,0.001291666666666913,2.14121543045931,-0.0004674243616520912
2026-06-05 11:02:00,2.1470416666666665,-0.0015416666666667744,2.140827479156429,-0.0003879513028811726
2026-06-05 11:04:00,2.144875,-0.00216666666666665,2.1404142106272213,-0.000413268529207368
2026-06-05 11:06:00,2.147708333333333,0.0028333333333332433,2.139957428047356,-0.00045678257986517723
2026-06-05 11:08:00,2.147375,-0.0003333333333332966,2.139492763114393,-0.00046466493296295813
2026-06-05 11:10:00,2.1498260869565216,0.002451086956521742,2.139027191606355,-0.00046557150803865955
2026-06-05 11:12:00,2.142833333333333,-0.00699275362318863,2.1385499141564446,-0.00047727744990994927
2026-06-05 11:14:00,2.14375,0.0009166666666668988,2.138068163178479,-0.00048175097796610195
2026-06-05 11:16:00,2.1449166666666666,0.0011666666666667602,2.1376055481067895,-0.0004626150716893183
2026-06-05 11:18:00,2.1456249999999994,0.0007083333333328667,2.146418551348945,0.001501884682278448
2026-06-05 11:20:00,2.1449166666666666,-0.0007083333333328667,2.1459174345720937,-0.0005011167768514505
2026-06-05 11:22:00,2.1430833333333332,-0.0018333333333333535,2.1461735906065793,0.00025615603448557336
2026-06-05 11:24:00,2.1450416666666663,0.001958333333333062,2.1465238555188004,0.0003502649122214033
2026-06-05 11:26:00,2.141666666666667,-0.0033749999999992397,2.1462349535409677,-0.0002889019778329274
2026-06-05 11:28:00,2.140416666666667,-0.0012500000000001954,2.1456645727825028,-0.0005703807584649724
2026-06-05 11:30:00,2.1459583333333336,0.005541666666666778,2.145206021192376,-0.00045855159012696907
2026-06-05 11:32:00,2.1480833333333336,0.0021249999999999325,2.1447867367229327,-0.0004192844694428417
2026-06-05 11:34:00,2.1433750000000003,-0.004708333333333314,2.1442690604540275,-0.0005176762689051419
2026-06-05 11:36:00,2.1482916666666663,0.004916666666666014,2.1436740428816456,-0.0005950175723821853
2026-06-05 11:38:00,2.146458333333333,-0.0018333333333333535,2.1430535721220996,-0.0006204707595458984
2026-06-05 11:40:00,2.147875,0.0014166666666670658,2.1423986999332363,-0.0006548721888631762
2026-06-05 11:42:00,2.1462916666666665,-0.001583333333333492,2.1416839764528905,-0.0007147234803460973
2026-06-05 11:44:00,2.147875,0.001583333333333492,2.1409094993939433,-0.0007744770589472529
2026-06-05 11:46:00,2.148791666666667,0.0009166666666668988,2.140107710519723,-0.0008017888742200706
2026-06-05 11:48:00,2.1479583333333334,-0.0008333333333334636,2.1488390326082634,4.736594159646043e-05
2026-06-05 11:50:00,2.148086956521739,0.00012862318840545228,2.148170892917796,-0.0006681396904671859
2026-06-05 11:52:00,2.14575,-0.00233695652173882,2.1480769194328175,-9.397348497858712e-05
2026-06-05 11:54:00,2.1421666666666668,-0.0035833333333332718,2.1479549221674485,-0.00012199726536912182
2026-06-05 11:56:00,2.1476666666666664,0.005499999999999616,2.147499925492986,-0.00045499667446215913
2026-06-05 11:58:00,2.1450416666666667,-0.0026249999999996554,2.1469714072421824,-0.00052851825080378
2026-06-05 12:00:00,2.143375,-0.0016666666666669272,2.14663565525261,-0.0003357519895728321
2026-06-05 12:02:00,2.145666666666667,0.002291666666667247,2.1463250261024607,-0.00031062915014918343
2026-06-05 12:04:00,2.1489583333333333,0.0032916666666662486,2.145975089676634,-0.0003499364258263008
2026-06-05 12:06:00,2.1485833333333337,-0.0003749999999995701,2.1455999881529397,-0.0003751015236945055
2026-06-05 12:08:00,2.1422083333333335,-0.006375000000000242,2.1452208718799297,-0.0003791162730101173
2026-06-05 12:10:00,2.1443749999999997,0.002166666666666206,2.1448298017034264,-0.0003910701765031311
2026-06-05 12:12:00,2.1455,0.0011250000000004867,2.144418679430166,-0.0004111222732606938
2026-06-05 12:14:00,2.1489999999999996,0.0034999999999993925,2.143997962597444,-0.0004207168327213978
2026-06-05 12:16:00,2.1450416666666667,-0.003958333333332842,2.1435872241143636,-0.0004107384830805723
2026-06-05 12:18:00,2.1467083333333328,0.001666666666666039,2.146564384330593,0.001522717663926029
2026-06-05 12:20:00,2.1459999999999995,-0.0007083333333333108,2.146370289822035,-0.0001940945085577964
2026-06-05 12:22:00,2.150166666666667,0.004166666666667318,2.1466121368567315,0.0002418470346966417
2026-06-05 12:24:00,2.1476666666666664,-0.002500000000000391,2.1468731117875057,0.0002609749307739149
2026-06-05 12:26:00,2.1469583333333335,-0.0007083333333328667,2.146644996729146,-0.00022811505835935284
2026-06-05 12:28:00,2.1477083333333336,0.0007500000000000284,2.1461858069352173,-0.0004591897939287497
2026-06-05 12:30:00,2.147791666666666,8.3333333332547e-05,2.145785866073029,-0.00039994086218849594
2026-06-05 12:32:00,2.1490434782608694,0.0012518115942032892,2.1454020877386366,-0.00038377833439236426
2026-06-05 12:34:00,2.1439166666666662,-0.00512681159420314,2.144936383843962,-0.00046570389467484987
2026-06-05 12:36:00,2.1471666666666667,0.0032500000000004192,2.1443995346115234,-0.0005368492324382007
2026-06-05 12:38:00,2.1445833333333337,-0.002583333333332938,2.1438273094916314,-0.0005722251198923254
2026-06-05 12:40:00,2.134,-0.010583333333333833,2.143215187812885,-0.000612121678746241
2026-06-05 12:42:00,2.1362083333333337,0.0022083333333338118,2.1425470560059514,-0.0006681318069333398
2026-06-05 12:44:00,2.122458333333333,-0.013750000000000817,2.1418262048353367,-0.0007208511706149622
2026-06-05 12:46:00,2.1231250000000004,0.0006666666666674814,2.1410855832327083,-0.0007406216026282482
2026-06-05 12:48:00,2.1246666666666667,0.0015416666666663303,2.1380560793962737,0.014931079396273268
2026-06-05 12:50:00,2.1285416666666666,0.003874999999999851,2.135225623975744,-0.002830455420529572
2026-06-05 12:52:00,2.122541666666667,-0.005999999999999339,2.133559231937734,-0.0016663920380102757
2026-06-05 12:54:00,2.1223333333333327,-0.00020833333333447612,2.1352418510279008,0.0016826190901669316
2026-06-05 12:56:00,2.121875,-0.0004583333333325612,2.135820000921325,0.0005781498934245471
2026-06-05 12:58:00,2.1229999999999998,0.0011249999999995985,2.1342814824334484,-0.001538518487876713
2026-06-05 13:00:00,2.12275,-0.00024999999999986144,2.1334749906298387,-0.000806491803609771
2026-06-05 13:02:00,2.122916666666667,0.00016666666666687036,2.1335072616066784,3.22709768396766e-05
2026-06-05 13:04:00,2.1222083333333335,-0.0007083333333333108,2.1333100232387103,-0.00019723836796796865
2026-06-05 13:06:00,2.1249999999999996,0.0027916666666660817,2.1327779198445525,-0.0005321033941580481
2026-06-05 13:08:00,2.1263333333333327,0.0013333333333331865,2.1323601393437936,-0.00041778050075871724
2026-06-05 13:10:00,2.1248260869565216,-0.0015072463768111,2.132085672666425,-0.00027446667736875105
2026-06-05 13:12:00,2.1406666666666667,0.015840579710145075,2.1317642696009136,-0.0003214030655115681
2026-06-05 13:14:00,2.1519583333333334,0.0112916666666667,2.1313770132022674,-0.0003872563986462499
2026-06-05 13:16:00,2.142958333333333,-0.009000000000000341,2.131011838855966,-0.0003651743463011876
2026-06-05 13:18:00,2.1440000000000006,0.0010416666666674956,2.1398276436026964,-0.0031306897306366396
2026-06-05 13:20:00,2.1437916666666665,-0.00020833333333403203,2.140150015698116,0.00032237209541931256
2026-06-05 13:22:00,2.1482083333333337,0.0044166666666671794,2.1401464022216836,-3.6134764321161446e-06
2026-06-05 13:24:00,2.1406249999999996,-0.0075833333333341635,2.1394499674947745,-0.0006964347269090782
2026-06-05 13:26:00,2.142708333333334,0.002083333333334547,2.1390072209777675,-0.00044274651700690207
2026-06-05 13:28:00,2.145541666666667,0.0028333333333327992,2.1388644311001284,-0.00014278987763949641
2026-06-05 13:30:00,2.1406666666666667,-0.004875000000000185,2.13864788263981,-0.00021654846031825858
2026-06-05 13:32:00,2.1449166666666666,0.004249999999999865,2.1382751688425095,-0.0003727137973003401
2026-06-05 13:34:00,2.1435000000000004,-0.0014166666666661776,2.137867096504816,-0.0004080723376933625
2026-06-05 13:36:00,2.1428333333333334,-0.0006666666666670373,2.137451271420809,-0.0004158250840073104
2026-06-05 13:38:00,2.1457916666666663,0.002958333333332952,2.1369769754287593,-0.00047429599204939295
2026-06-05 13:40:00,2.145083333333334,-0.0007083333333324227,2.136429632989088,-0.0005473424396717349
2026-06-05 13:42:00,2.1437083333333335,-0.0013750000000003482,2.135829438944458,-0.0006001940446298944
2026-06-05 13:44:00,2.1436666666666673,-4.16666666662735e-05,2.1351903010722157,-0.0006391378722419738
2026-06-05 13:46:00,2.1441250000000007,0.0004583333333334494,2.13453710544048,-0.0006531956317362734
2026-06-05 13:48:00,2.140083333333333,-0.004041666666667609,2.1451690680270117,0.0010440680270111507
2026-06-05 13:50:00,2.1412173913043473,0.0011340579710141796,2.1446534379810624,-0.0005156300459495255
2026-06-05 13:52:00,2.145291666666667,0.004074275362319746,2.144793905524993,0.00014046754393081615
2026-06-05 13:54:00,2.1477083333333336,0.0024166666666665115,2.1449977348843956,0.0002038293594024562
2026-06-05 13:56:00,2.1478333333333333,0.00012499999999970868,2.1447690323709048,-0.00022870251349085144
2026-06-05 13:58:00,2.147791666666666,-4.166666666716168e-05,2.1443963887514217,-0.0003726436194831426
2026-06-05 14:00:00,2.148125,0.0003333333333337407,2.1442588545265484,-0.00013753422487325514
2026-06-05 14:02:00,2.1471250000000004,-0.0009999999999994458,2.1441738913637103,-8.496316283822491e-05
2026-06-05 14:04:00,2.1460416666666666,-0.0010833333333337691,2.1440437145715716,-0.00013017679213847682
2026-06-05 14:06:00,2.144416666666667,-0.0016249999999997655,2.1438794507072094,-0.0001642638643622839
2026-06-05 14:08:00,2.141541666666667,-0.002874999999999961,2.143710772170377,-0.00016867853683229096
2026-06-05 14:10:00,2.1462083333333335,0.004666666666666597,2.1435264959941995,-0.0001842761761774324
2026-06-05 14:12:00,2.143583333333333,-0.0026250000000005436,2.1433091913042985,-0.00021730468990109578
2026-06-05 14:14:00,2.142708333333333,-0.0008749999999997371,2.143063889180623,-0.0002453021236753797
2026-06-05 14:16:00,2.142958333333334,0.0002500000000007496,2.142808052868788,-0.00025583631183520973
2026-06-05 14:18:00,2.1465416666666672,0.0035833333333332718,2.144840599622368,0.0018822662890342276
2026-06-05 14:20:00,2.1454583333333335,-0.0010833333333337691,2.1446360719697264,-0.00020452765264192764
2026-06-05 14:22:00,2.1484166666666664,0.002958333333332952,2.1450570339050548,0.0004209619353283421
2026-06-05 14:24:00,2.131166666666667,-0.01724999999999932,2.1455487713936585,0.000491737488604126
2026-06-05 14:26:00,2.135875,0.00470833333333287,2.1454276278107285,-0.00012114358293010511
2026-06-05 14:28:00,2.1332608695652175,-0.0026141304347824246,2.145032432654501,-0.0003951951562276506
2026-06-05 14:30:00,2.14,0.006739130434782581,2.1447417614883744,-0.00029067116612662314
2026-06-05 14:32:00,2.133375,-0.006625000000000103,2.144488925910152,-0.00025283557822238954
2026-06-05 14:34:00,2.135083333333333,0.0017083333333332007,2.144142412309747,-0.0003465136004053381
2026-06-05 14:36:00,2.1385833333333335,0.0035000000000002807,2.1437204634099634,-0.00042194889978333053
2026-06-05 14:38:00,2.131875,-0.006708333333333538,2.1432708386450283,-0.00044962476493497477
2026-06-05 14:40:00,2.1335416666666664,0.0016666666666664831,2.1427866260275823,-0.00048421261744611196
2026-06-05 14:42:00,2.1312500000000005,-0.0022916666666659147,2.1422511953348926,-0.0005354306926894704
2026-06-05 14:44:00,2.129958333333333,-0.001291666666667357,2.1416769078710116,-0.0005742874638812235
2026-06-05 14:46:00,2.137375,0.007416666666666849,2.1411053578050425,-0.0005715500659691606
2026-06-05 14:48:00,2.133833333333334,-0.00354166666666611,2.1358639285813767,-0.0015110714186230836
2026-06-05 14:50:00,2.129375,-0.004458333333333897,2.1353484204674262,-0.0005155081139505534
2026-06-05 14:52:00,2.1369583333333337,0.007583333333333719,2.1362397429983466,0.0008913225309200541
2026-06-05 14:54:00,2.1322916666666667,-0.004666666666667041,2.1365030179300613,0.0002632749317149156
2026-06-05 14:56:00,2.130291666666667,-0.0019999999999997797,2.1360337971298953,-0.00046922080016607816
2026-06-05 14:58:00,2.135291666666667,0.004999999999999893,2.1357170190357073,-0.00031677809418804233
2026-06-05 15:00:00,2.137083333333334,0.00179166666666708,2.13576852999766,5.151096195271006e-05
2026-06-05 15:02:00,2.1311249999999995,-0.005958333333334398,2.135794804816036,2.627481837596523e-05
2026-06-05 15:04:00,2.1387499999999995,0.007624999999999993,2.135724085931352,-7.071888468397573e-05
2026-06-05 15:06:00,2.1411666666666664,0.0024166666666669556,2.1356509103129335,-7.317561841848171e-05
2026-06-05 15:08:00,2.1397826086956515,-0.0013840579710149292,2.1355945026507075,-5.640766222599659e-05
2026-06-05 15:10:00,2.135,-0.004782608695651724,2.1355070455506087,-8.745710009894011e-05
2026-06-05 15:12:00,2.132,-0.0029999999999996696,2.1353693800977944,-0.00013766545281408625
2026-06-05 15:14:00,2.1352083333333334,0.0032083333333332575,2.135198135538134,-0.00017124455966026965
2026-06-05 15:16:00,2.137791666666667,0.002583333333333826,2.135010425519483,-0.00018771001865089843
2026-06-05 15:18:00,2.134333333333333,-0.003458333333334007,2.1384019576108035,0.0006102909441364302
2026-06-05 15:20:00,2.136125,0.0017916666666666359,2.138183517605874,-0.00021844000492965982
2026-06-05 15:22:00,2.1352499999999996,-0.0008750000000001812,2.138837680657394,0.0006541630515201017
2026-06-05 15:24:00,2.135083333333333,-0.00016666666666642627,2.139290684144878,0.0004530034874839663
2026-06-05 15:26:00,2.134416666666666,-0.0006666666666670373,2.1390654347479363,-0.00022524939694152803
2026-06-05 15:28:00,2.138208333333334,0.003791666666667748,2.138704740973258,-0.00036069377467849695
2026-06-05 15:30:00,2.1316666666666664,-0.006541666666667556,2.1384965078968317,-0.00020823307642631208
2026-06-05 15:32:00,2.136416666666667,0.004750000000000476,2.138289490033232,-0.00020701786359940576
2026-06-05 15:34:00,2.1282083333333333,-0.008208333333333595,2.1379773245862985,-0.00031216544693370857
2026-06-05 15:36:00,2.112458333333333,-0.015750000000000153,2.1376087832556077,-0.0003685413306911288
2026-06-05 15:38:00,2.1026666666666665,-0.009791666666666643,2.137220928269337,-0.000387854986270556
2026-06-05 15:40:00,2.1088333333333336,0.006166666666667098,2.1367944982598246,-0.000426430009512336
2026-06-05 15:42:00,2.1165000000000003,0.0076666666666667105,2.1363180876404604,-0.00047641061936405573
2026-06-05 15:44:00,2.133583333333333,0.017083333333332895,2.13581219680712,-0.0005058908333407053
2026-06-05 15:46:00,2.1303750000000004,-0.0032083333333328135,2.1353206361143844,-0.0004915606927352005
2026-06-05 15:48:00,2.131347826086956,0.0009728260869557026,2.1275419915966767,-0.0028330084033234993
2026-06-05 15:50:00,2.134291666666667,0.0029438405797108658,2.1290719532747557,0.0015299616780789138
2026-06-05 15:52:00,2.1333333333333333,-0.0009583333333336164,2.1297848286004193,0.0007128753256634085
2026-06-05 15:54:00,2.134625,0.001291666666666913,2.1289166004008138,-0.0008682281996053294
2026-06-05 15:56:00,2.132458333333333,-0.002166666666667094,2.1284704657939155,-0.000446134606898505
2026-06-05 15:58:00,2.130708333333333,-0.0017499999999999183,2.128630549711762,0.00016008391784666894
2026-06-05 16:00:00,2.1315416666666662,0.0008333333333330195,2.128811939919858,0.00018139020809596114
2026-06-05 16:02:00,2.1325833333333333,0.0010416666666670515,2.128801599439176,-1.0340480682187412e-05
2026-06-05 16:04:00,2.133083333333333,0.0004999999999997229,2.128811813983428,1.021454425224453e-05
2026-06-05 16:06:00,2.1277500000000003,-0.005333333333332746,2.1288877445834866,7.593060005862661e-05
2026-06-05 16:08:00,2.1217916666666663,-0.005958333333333954,2.1289370581043814,4.9313520894872544e-05
2026-06-05 16:10:00,2.118416666666666,-0.003375000000000128,2.1289197558376913,-1.7302266690257637e-05
2026-06-05 16:12:00,2.1170416666666667,-0.00137499999999946,2.1288571109644203,-6.264487327110463e-05
2026-06-05 16:14:00,2.121208333333333,0.00416666666666643,2.1287635015974904,-9.360936692960687e-05
2026-06-05 16:16:00,2.1158749999999995,-0.005333333333333634,2.1286399297433647,-0.00012357185412580906
2026-06-05 16:18:00,2.116541666666667,0.0006666666666674814,2.124316063587178,0.008441063587178384
2026-06-05 16:20:00,2.1123333333333334,-0.0042083333333335915,2.123454148004084,-0.0008619155830941541
2026-06-05 16:22:00,2.1205000000000003,0.008166666666666877,2.123241702767497,-0.00021244523658699423
2026-06-05 16:24:00,2.120458333333333,-4.166666666716168e-05,2.1245197130818396,0.0012780103143429503
2026-06-05 16:26:00,2.1238260869565218,0.0033677536231886407,2.1248233633965343,0.00030365031469448296
2026-06-05 16:28:00,2.1249583333333333,0.0011322463768115298,2.1240373027972006,-0.0007860605993336591
2026-06-05 16:30:00,2.123249999999999,-0.0017083333333340889,2.123536383525103,-0.0005009192720976257
2026-06-05 16:32:00,2.125708333333333,0.002458333333333673,2.123411589845509,-0.00012479367959400672
2026-06-05 16:34:00,2.1226249999999998,-0.0030833333333331048,2.123154714623161,-0.0002568752223476784
2026-06-05 16:36:00,2.1102916666666665,-0.012333333333333307,2.1227184615955625,-0.00043625302759887365
2026-06-05 16:38:00,2.1029583333333335,-0.00733333333333297,2.12229838773087,-0.00042007386469263377
2026-06-05 16:40:00,2.1035,0.0005416666666664405,2.1219095966570367,-0.00038879107383278167
2026-06-05 16:42:00,2.0941666666666667,-0.009333333333333194,2.12147820283633,-0.00043139382070674754
2026-06-05 16:44:00,2.0972083333333336,0.0030416666666668313,2.1210094646191626,-0.0004687382171674418
2026-06-05 16:46:00,2.103375,0.006166666666666654,2.1205700576082287,-0.00043940701093409386
2026-06-05 16:48:00,2.1066249999999997,0.003249999999999531,2.1116384066909877,0.008263406690987416
2026-06-05 16:50:00,2.1101666666666667,0.0035416666666669983,2.1090461553622846,-0.0025922513287032797
2026-06-05 16:52:00,2.1114166666666665,0.0012499999999997513,2.1090617976816537,1.5642319369396906e-05
2026-06-05 16:54:00,2.1121250000000003,0.0007083333333337549,2.110991212540195,0.0019294148585415059
2026-06-05 16:56:00,2.1127083333333334,0.0005833333333331581,2.111037571728051,4.635918785588544e-05
2026-06-05 16:58:00,2.112416666666667,-0.00029166666666657903,2.110030218271017,-0.0010073534570341684
2026-06-05 17:00:00,2.11275,0.0003333333333332966,2.109932934945141,-9.728332587575917e-05
2026-06-05 17:02:00,2.113166666666667,0.0004166666666667318,2.110274478572947,0.0003415436278057961
2026-06-05 17:04:00,2.115739130434782,0.002572463768115263,2.110305437988255,3.0959415307799116e-05
2026-06-05 17:06:00,2.1157916666666665,5.253623188439249e-05,2.110180846355413,-0.00012459163284179423
2026-06-05 17:08:00,2.1132916666666666,-0.0024999999999999467,2.110182256651878,1.4102964650576102e-06
2026-06-05 17:10:00,2.1137500000000005,0.0004583333333338935,2.1102309113010436,4.865464916563431e-05
2026-06-05 17:12:00,2.1131666666666664,-0.0005833333333340462,2.1101982966656085,-3.261463543505941e-05
2026-06-05 17:14:00,2.113416666666667,0.0002500000000007496,2.1101045442581405,-9.375240746792676e-05
2026-06-05 17:16:00,2.116083333333333,0.002666666666665929,2.110007880741826,-9.666351631451215e-05
2026-06-05 17:18:00,2.1184166666666666,0.0023333333333335204,2.1169349863936757,0.0008516530603425511
2026-06-05 17:20:00,2.1250833333333334,0.006666666666666821,2.1168603425397143,-7.464385396152451e-05
2026-06-05 17:22:00,2.132,0.006916666666666682,2.1173869946147432,0.0005266520750292732
2026-06-05 17:24:00,2.1289166666666666,-0.003083333333333549,2.117816276489128,0.0004292818743847416
2026-06-05 17:26:00,2.128083333333333,-0.0008333333333334636,2.1177491971282913,-6.707936083667858e-05
2026-06-05 17:28:00,2.1309583333333335,0.002875000000000405,2.117537570223416,-0.00021162690487532815
2026-06-05 17:30:00,2.1287499999999997,-0.0022083333333338118,2.117420284642412,-0.00011728558100412967
2026-06-05 17:32:00,2.136166666666667,0.007416666666667293,2.1173147135806167,-0.00010557106179523765
2026-06-05 17:34:00,2.11825,-0.017916666666666803,2.117135977530044,-0.0001787360505729262
2026-06-05 17:36:00,2.1197083333333335,0.0014583333333333393,2.1169032620653705,-0.00023271546467350108
2026-06-05 17:38:00,2.12475,0.005041666666666611,2.1166417197456227,-0.0002615423197475398
2026-06-05 17:40:00,2.1215416666666664,-0.0032083333333337016,2.116342667128164,-0.0002990526174585426
2026-06-05 17:42:00,2.122478260869565,0.0009365942028987106,2.1160005494839838,-0.0003421176441806644
2026-06-05 17:44:00,2.115458333333333,-0.007019927536231929,2.1156345469427156,-0.00036600254126803325
2026-06-05 17:46:00,2.122583333333333,0.007124999999999826,2.115289464721841,-0.00034508222087449873
